time_s,tx,rx
0.000000000000,0.000000,0.045807
0.000002000000,0.000000,-0.411829
0.000004000000,0.000000,0.550012
0.000006000000,0.000000,-0.115330
0.000008000000,0.000000,0.011753
0.000010000000,0.000000,-0.009980
0.000012000000,0.000000,0.092371
0.000014000000,0.000000,0.162718
0.000016000000,0.000000,-0.378049
0.000018000000,0.000000,-0.285482
0.000020000000,0.000000,-0.268951
0.000022000000,0.000000,0.130426
0.000024000000,0.000000,0.048450
0.000026000000,0.000000,0.197683
0.000028000000,0.000000,-0.237492
0.000030000000,0.000000,-0.349125
0.000032000000,0.000000,-0.411509
0.000034000000,0.000000,0.235244
0.000036000000,0.000000,0.038997
0.000038000000,0.000000,-0.130071
0.000040000000,0.000000,-0.295750
0.000042000000,0.000000,0.019341
0.000044000000,0.000000,0.292867
0.000046000000,0.000000,-0.347159
0.000048000000,0.000000,0.491648
0.000050000000,0.000000,0.024554
0.000052000000,0.000000,0.028400
0.000054000000,0.000000,0.384740
0.000056000000,0.000000,-0.346837
0.000058000000,0.000000,-0.304225
0.000060000000,0.000000,0.240244
0.000062000000,0.000000,-0.241330
0.000064000000,0.000000,0.213789
0.000066000000,0.000000,-0.008693
0.000068000000,0.000000,-0.026603
0.000070000000,0.000000,0.129829
0.000072000000,0.000000,0.123901
0.000074000000,0.000000,0.149863
0.000076000000,0.000000,0.494674
0.000078000000,0.000000,-0.049579
0.000080000000,0.000000,0.043285
0.000082000000,0.000000,-0.103977
0.000084000000,0.000000,0.312037
0.000086000000,0.000000,0.018753
0.000088000000,0.000000,-0.111539
0.000090000000,0.000000,0.253557
0.000092000000,0.000000,0.194642
0.000094000000,0.000000,-0.268481
0.000096000000,0.000000,-0.090893
0.000098000000,0.000000,-0.042461
0.000100000000,0.000000,-0.010473
0.000102000000,0.000000,-0.120320
0.000104000000,0.000000,-0.254553
0.000106000000,0.000000,-0.094456
0.000108000000,0.000000,-0.197636
0.000110000000,0.000000,0.285732
0.000112000000,0.000000,-0.157911
0.000114000000,0.000000,-0.024926
0.000116000000,0.000000,0.162987
0.000118000000,0.000000,0.103079
0.000120000000,0.000000,0.079777
0.000122000000,0.000000,-0.153013
0.000124000000,0.000000,0.018116
0.000126000000,0.000000,0.403123
0.000128000000,0.000000,-0.280143
0.000130000000,0.000000,-0.014925
0.000132000000,0.000000,0.358386
0.000134000000,0.000000,-0.193233
0.000136000000,0.000000,-0.090475
0.000138000000,0.000000,0.162663
0.000140000000,0.000000,-0.138713
0.000142000000,0.000000,0.244781
0.000144000000,0.000000,0.027886
0.000146000000,0.000000,0.062002
0.000148000000,0.000000,0.008001
0.000150000000,0.000000,-0.056983
0.000152000000,0.000000,0.371780
0.000154000000,0.000000,0.070210
0.000156000000,0.000000,0.356348
0.000158000000,0.000000,0.093213
0.000160000000,0.000000,-0.127459
0.000162000000,0.000000,-0.244108
0.000164000000,0.000000,0.025154
0.000166000000,0.000000,0.013596
0.000168000000,0.000000,0.084787
0.000170000000,0.000000,0.041903
0.000172000000,0.000000,0.158493
0.000174000000,0.000000,0.140495
0.000176000000,0.000000,-0.157789
0.000178000000,0.000000,-0.015669
0.000180000000,0.000000,0.151681
0.000182000000,0.000000,-0.023994
0.000184000000,0.000000,0.109783
0.000186000000,0.000000,-0.019351
0.000188000000,0.000000,-0.070729
0.000190000000,0.000000,-0.219272
0.000192000000,0.000000,-0.040971
0.000194000000,0.000000,-0.027002
0.000196000000,0.000000,-0.119862
0.000198000000,0.000000,-0.106796
0.000200000000,0.000000,0.047869
0.000202000000,0.000000,-0.033492
0.000204000000,0.000000,-0.026139
0.000206000000,0.000000,0.069386
0.000208000000,0.000000,-0.050348
0.000210000000,0.000000,0.363415
0.000212000000,0.000000,-0.009401
0.000214000000,0.000000,0.354621
0.000216000000,0.000000,-0.057797
0.000218000000,0.000000,-0.120983
0.000220000000,0.000000,0.183353
0.000222000000,0.000000,-0.000377
0.000224000000,0.000000,0.047201
0.000226000000,0.000000,-0.147796
0.000228000000,0.000000,0.222429
0.000230000000,0.000000,-0.019043
0.000232000000,0.000000,-0.034137
0.000234000000,0.000000,-0.421330
0.000236000000,0.000000,-0.260858
0.000238000000,0.000000,-0.010235
0.000240000000,0.000000,-0.028125
0.000242000000,0.000000,0.095692
0.000244000000,0.000000,-0.119379
0.000246000000,0.000000,0.193638
0.000248000000,0.000000,-0.073077
0.000250000000,0.000000,-0.417733
0.000252000000,0.000000,-0.095768
0.000254000000,0.000000,0.319633
0.000256000000,0.000000,0.122319
0.000258000000,0.000000,-0.400836
0.000260000000,0.000000,-0.101759
0.000262000000,0.000000,-0.058217
0.000264000000,0.000000,0.059877
0.000266000000,0.000000,0.286603
0.000268000000,0.000000,-0.157548
0.000270000000,0.000000,0.069261
0.000272000000,0.000000,0.162396
0.000274000000,0.000000,-0.286627
0.000276000000,0.000000,0.118119
0.000278000000,0.000000,-0.205685
0.000280000000,0.000000,-0.131763
0.000282000000,0.000000,-0.036097
0.000284000000,0.000000,0.259276
0.000286000000,0.000000,0.127529
0.000288000000,0.000000,-0.066808
0.000290000000,0.000000,-0.005506
0.000292000000,0.000000,-0.074369
0.000294000000,0.000000,0.483036
0.000296000000,0.000000,0.117798
0.000298000000,0.000000,-0.031745
0.000300000000,0.000000,0.008698
0.000302000000,0.000000,0.016917
0.000304000000,0.000000,0.088807
0.000306000000,0.000000,-0.148977
0.000308000000,0.000000,-0.090569
0.000310000000,0.000000,0.400190
0.000312000000,0.000000,-0.031821
0.000314000000,0.000000,0.119401
0.000316000000,0.000000,-0.005020
0.000318000000,0.000000,-0.171572
0.000320000000,0.000000,-0.251860
0.000322000000,0.000000,0.100926
0.000324000000,0.000000,-0.248624
0.000326000000,0.000000,0.079851
0.000328000000,0.000000,-0.149725
0.000330000000,0.000000,0.131558
0.000332000000,0.000000,0.189882
0.000334000000,0.000000,0.095845
0.000336000000,0.000000,-0.264068
0.000338000000,0.000000,-0.256995
0.000340000000,0.000000,0.313534
0.000342000000,0.000000,0.144863
0.000344000000,0.000000,-0.002669
0.000346000000,0.000000,0.256004
0.000348000000,0.000000,0.192462
0.000350000000,0.000000,-0.007770
0.000352000000,0.000000,-0.100685
0.000354000000,0.000000,-0.302958
0.000356000000,0.000000,0.005448
0.000358000000,0.000000,-0.177970
0.000360000000,0.000000,0.009237
0.000362000000,0.000000,0.166751
0.000364000000,0.000000,0.263912
0.000366000000,0.000000,-0.218688
0.000368000000,0.000000,-0.252099
0.000370000000,0.000000,0.426854
0.000372000000,0.000000,-0.206098
0.000374000000,0.000000,-0.278496
0.000376000000,0.000000,0.115112
0.000378000000,0.000000,0.054440
0.000380000000,0.000000,-0.149463
0.000382000000,0.000000,-0.280344
0.000384000000,0.000000,0.167802
0.000386000000,0.000000,0.023754
0.000388000000,0.000000,0.121699
0.000390000000,0.000000,-0.204577
0.000392000000,0.000000,0.030570
0.000394000000,0.000000,-0.017911
0.000396000000,0.000000,0.071636
0.000398000000,0.000000,0.149458
0.000400000000,0.000000,-0.258349
0.000402000000,0.000000,0.148194
0.000404000000,0.000000,-0.101037
0.000406000000,0.000000,-0.240910
0.000408000000,0.000000,-0.107409
0.000410000000,0.000000,-0.115350
0.000412000000,0.000000,0.191005
0.000414000000,0.000000,0.144728
0.000416000000,0.000000,0.129844
0.000418000000,0.000000,0.215927
0.000420000000,0.000000,0.082844
0.000422000000,0.000000,0.102105
0.000424000000,0.000000,0.027292
0.000426000000,0.000000,0.104965
0.000428000000,0.000000,0.029529
0.000430000000,0.000000,-0.136363
0.000432000000,0.000000,-0.191454
0.000434000000,0.000000,-0.418815
0.000436000000,0.000000,0.088595
0.000438000000,0.000000,-0.051683
0.000440000000,0.000000,0.384850
0.000442000000,0.000000,0.158096
0.000444000000,0.000000,0.040173
0.000446000000,0.000000,0.057461
0.000448000000,0.000000,0.272785
0.000450000000,0.000000,-0.125321
0.000452000000,0.000000,0.246680
0.000454000000,0.000000,0.276203
0.000456000000,0.000000,0.120319
0.000458000000,0.000000,-0.229890
0.000460000000,0.000000,-0.226053
0.000462000000,0.000000,-0.009357
0.000464000000,0.000000,0.042985
0.000466000000,0.000000,0.104919
0.000468000000,0.000000,0.123974
0.000470000000,0.000000,-0.199663
0.000472000000,0.000000,0.409252
0.000474000000,0.000000,-0.070262
0.000476000000,0.000000,-0.115213
0.000478000000,0.000000,-0.149081
0.000480000000,0.000000,-0.076491
0.000482000000,0.000000,-0.334565
0.000484000000,0.000000,-0.082142
0.000486000000,0.000000,-0.023595
0.000488000000,0.000000,0.051641
0.000490000000,0.000000,0.369241
0.000492000000,0.000000,0.124079
0.000494000000,0.000000,0.293798
0.000496000000,0.000000,0.390821
0.000498000000,0.000000,-0.098226
0.000500000000,0.000000,-0.222419
0.000502000000,0.000000,0.177871
0.000504000000,0.000000,0.287274
0.000506000000,0.000000,0.091215
0.000508000000,0.000000,0.003021
0.000510000000,0.000000,0.190025
0.000512000000,0.000000,0.142223
0.000514000000,0.000000,0.116601
0.000516000000,0.000000,0.157983
0.000518000000,0.000000,-0.148294
0.000520000000,0.000000,-0.017109
0.000522000000,0.000000,0.130969
0.000524000000,0.000000,0.313040
0.000526000000,0.000000,-0.017629
0.000528000000,0.000000,-0.093518
0.000530000000,0.000000,-0.002394
0.000532000000,0.000000,0.255969
0.000534000000,0.000000,0.064251
0.000536000000,0.000000,-0.114545
0.000538000000,0.000000,-0.271279
0.000540000000,0.000000,-0.255834
0.000542000000,0.000000,-0.257519
0.000544000000,0.000000,-0.141764
0.000546000000,0.000000,0.168892
0.000548000000,0.000000,0.059803
0.000550000000,0.000000,-0.060387
0.000552000000,0.000000,-0.010506
0.000554000000,0.000000,-0.183601
0.000556000000,0.000000,-0.292846
0.000558000000,0.000000,-0.088042
0.000560000000,0.000000,-0.163179
0.000562000000,0.000000,0.089258
0.000564000000,0.000000,0.112809
0.000566000000,0.000000,-0.339559
0.000568000000,0.000000,-0.000089
0.000570000000,0.000000,0.317273
0.000572000000,0.000000,-0.174757
0.000574000000,0.000000,-0.306127
0.000576000000,0.000000,-0.048219
0.000578000000,0.000000,0.193263
0.000580000000,0.000000,0.439618
0.000582000000,0.000000,-0.334129
0.000584000000,0.000000,-0.032807
0.000586000000,0.000000,0.171099
0.000588000000,0.000000,-0.113482
0.000590000000,0.000000,-0.034099
0.000592000000,0.000000,0.055347
0.000594000000,0.000000,-0.050568
0.000596000000,0.000000,0.333851
0.000598000000,0.000000,-0.024734
0.000600000000,0.000000,0.118168
0.000602000000,0.000000,-0.144460
0.000604000000,0.000000,-0.052238
0.000606000000,0.000000,0.207681
0.000608000000,0.000000,-0.259102
0.000610000000,0.000000,-0.405696
0.000612000000,0.000000,-0.093852
0.000614000000,0.000000,0.052595
0.000616000000,0.000000,-0.502012
0.000618000000,0.000000,-0.129206
0.000620000000,0.000000,0.140882
0.000622000000,0.000000,0.175567
0.000624000000,0.000000,0.496642
0.000626000000,0.000000,-0.324463
0.000628000000,0.000000,-0.104553
0.000630000000,0.000000,-0.006994
0.000632000000,0.000000,0.390801
0.000634000000,0.000000,0.225330
0.000636000000,0.000000,0.061065
0.000638000000,0.000000,-0.314880
0.000640000000,0.000000,-0.342494
0.000642000000,0.000000,-0.513991
0.000644000000,0.000000,-0.059011
0.000646000000,0.000000,-0.119163
0.000648000000,0.000000,0.056259
0.000650000000,0.000000,-0.235184
0.000652000000,0.000000,-0.107767
0.000654000000,0.000000,0.108831
0.000656000000,0.000000,0.434324
0.000658000000,0.000000,0.035764
0.000660000000,0.000000,-0.308857
0.000662000000,0.000000,-0.274001
0.000664000000,0.000000,0.025892
0.000666000000,0.000000,0.003244
0.000668000000,0.000000,-0.254278
0.000670000000,0.000000,-0.042140
0.000672000000,0.000000,-0.036401
0.000674000000,0.000000,-0.389488
0.000676000000,0.000000,0.189664
0.000678000000,0.000000,-0.148118
0.000680000000,0.000000,0.122250
0.000682000000,0.000000,-0.204377
0.000684000000,0.000000,-0.256646
0.000686000000,0.000000,0.104706
0.000688000000,0.000000,0.163168
0.000690000000,0.000000,-0.226311
0.000692000000,0.000000,0.200849
0.000694000000,0.000000,-0.252440
0.000696000000,0.000000,-0.344467
0.000698000000,0.000000,-0.010253
0.000700000000,0.000000,-0.018579
0.000702000000,0.000000,0.158524
0.000704000000,0.000000,-0.048596
0.000706000000,0.000000,-0.225170
0.000708000000,0.000000,0.057195
0.000710000000,0.000000,-0.085322
0.000712000000,0.000000,0.137236
0.000714000000,0.000000,0.441919
0.000716000000,0.000000,-0.130071
0.000718000000,0.000000,-0.054793
0.000720000000,0.000000,0.025813
0.000722000000,0.000000,-0.106288
0.000724000000,0.000000,-0.263443
0.000726000000,0.000000,-0.117839
0.000728000000,0.000000,-0.094560
0.000730000000,0.000000,0.576370
0.000732000000,0.000000,0.039108
0.000734000000,0.000000,-0.126069
0.000736000000,0.000000,0.014628
0.000738000000,0.000000,0.103438
0.000740000000,0.000000,0.008007
0.000742000000,0.000000,-0.027473
0.000744000000,0.000000,0.351458
0.000746000000,0.000000,0.248838
0.000748000000,0.000000,0.300678
0.000750000000,0.000000,0.250049
0.000752000000,0.000000,-0.083481
0.000754000000,0.000000,-0.157813
0.000756000000,0.000000,-0.278384
0.000758000000,0.000000,-0.291002
0.000760000000,0.000000,0.073342
0.000762000000,0.000000,-0.185708
0.000764000000,0.000000,0.001918
0.000766000000,0.000000,0.051276
0.000768000000,0.000000,-0.271953
0.000770000000,0.000000,0.170915
0.000772000000,0.000000,0.162597
0.000774000000,0.000000,-0.014349
0.000776000000,0.000000,0.152756
0.000778000000,0.000000,-0.153906
0.000780000000,0.000000,-0.104920
0.000782000000,0.000000,-0.078576
0.000784000000,0.000000,0.126582
0.000786000000,0.000000,0.313638
0.000788000000,0.000000,-0.486665
0.000790000000,0.000000,0.068922
0.000792000000,0.000000,0.109879
0.000794000000,0.000000,-0.215837
0.000796000000,0.000000,0.128018
0.000798000000,0.000000,-0.032423
0.000800000000,0.000000,0.284835
0.000802000000,0.000000,-0.065613
0.000804000000,0.000000,0.150953
0.000806000000,0.000000,0.207809
0.000808000000,0.000000,0.034633
0.000810000000,0.000000,-0.130211
0.000812000000,0.000000,-0.041150
0.000814000000,0.000000,-0.026268
0.000816000000,0.000000,0.194683
0.000818000000,0.000000,-0.133970
0.000820000000,0.000000,0.416661
0.000822000000,0.000000,0.043783
0.000824000000,0.000000,0.299184
0.000826000000,0.000000,0.037476
0.000828000000,0.000000,0.207227
0.000830000000,0.000000,-0.104043
0.000832000000,0.000000,0.045358
0.000834000000,0.000000,0.196936
0.000836000000,0.000000,0.094188
0.000838000000,0.000000,-0.244994
0.000840000000,0.000000,-0.247805
0.000842000000,0.000000,0.239903
0.000844000000,0.000000,-0.411431
0.000846000000,0.000000,-0.255185
0.000848000000,0.000000,0.219018
0.000850000000,0.000000,-0.102690
0.000852000000,0.000000,-0.002528
0.000854000000,0.000000,0.086505
0.000856000000,0.000000,0.437121
0.000858000000,0.000000,-0.276165
0.000860000000,0.000000,-0.036673
0.000862000000,0.000000,-0.005300
0.000864000000,0.000000,-0.166628
0.000866000000,0.000000,0.191077
0.000868000000,0.000000,-0.175233
0.000870000000,0.000000,-0.054841
0.000872000000,0.000000,-0.004554
0.000874000000,0.000000,0.004127
0.000876000000,0.000000,0.341705
0.000878000000,0.000000,0.138944
0.000880000000,0.000000,-0.109964
0.000882000000,0.000000,0.119954
0.000884000000,0.000000,-0.104543
0.000886000000,0.000000,0.175277
0.000888000000,0.000000,0.087059
0.000890000000,0.000000,0.107156
0.000892000000,0.000000,-0.369147
0.000894000000,0.000000,-0.331892
0.000896000000,0.000000,-0.183541
0.000898000000,0.000000,0.061415
0.000900000000,0.000000,0.134442
0.000902000000,0.000000,-0.554356
0.000904000000,0.000000,-0.127827
0.000906000000,0.000000,0.039926
0.000908000000,0.000000,0.105024
0.000910000000,0.000000,0.053416
0.000912000000,0.000000,0.205779
0.000914000000,0.000000,-0.195103
0.000916000000,0.000000,-0.057572
0.000918000000,0.000000,0.175046
0.000920000000,0.000000,-0.265736
0.000922000000,0.000000,0.064289
0.000924000000,0.000000,0.021065
0.000926000000,0.000000,-0.072115
0.000928000000,0.000000,-0.023251
0.000930000000,0.000000,0.220348
0.000932000000,0.000000,0.127091
0.000934000000,0.000000,-0.008709
0.000936000000,0.000000,0.272985
0.000938000000,0.000000,0.083529
0.000940000000,0.000000,0.568869
0.000942000000,0.000000,-0.008065
0.000944000000,0.000000,-0.229830
0.000946000000,0.000000,0.085491
0.000948000000,0.000000,0.301160
0.000950000000,0.000000,0.202246
0.000952000000,0.000000,0.012936
0.000954000000,0.000000,-0.145603
0.000956000000,0.000000,-0.245411
0.000958000000,0.000000,-0.528916
0.000960000000,0.000000,0.096504
0.000962000000,0.000000,-0.053679
0.000964000000,0.000000,0.184564
0.000966000000,0.000000,0.232849
0.000968000000,0.000000,-0.046745
0.000970000000,0.000000,0.074982
0.000972000000,0.000000,0.086777
0.000974000000,0.000000,-0.044553
0.000976000000,0.000000,-0.421817
0.000978000000,0.000000,-0.231753
0.000980000000,0.000000,-0.034633
0.000982000000,0.000000,0.134257
0.000984000000,0.000000,0.149773
0.000986000000,0.000000,0.185023
0.000988000000,0.000000,-0.022185
0.000990000000,0.000000,-0.012953
0.000992000000,0.000000,-0.367580
0.000994000000,0.000000,0.155005
0.000996000000,0.000000,0.136454
0.000998000000,0.000000,-0.041100
0.001000000000,0.000000,0.140956
0.001002000000,0.000309,-0.230094
0.001004000000,0.002166,-0.017520
0.001006000000,0.005754,0.008269
0.001008000000,0.009261,-0.344702
0.001010000000,0.009382,0.038757
0.001012000000,0.002874,-0.001536
0.001014000000,-0.011457,0.039927
0.001016000000,-0.031222,0.225618
0.001018000000,-0.050193,-0.093778
0.001020000000,-0.059752,-0.032703
0.001022000000,-0.051805,-0.058530
0.001024000000,-0.022287,0.311656
0.001026000000,0.026016,-0.291088
0.001028000000,0.082571,0.126513
0.001030000000,0.130869,0.348115
0.001032000000,0.152762,-0.270237
0.001034000000,0.134311,-0.256373
0.001036000000,0.071397,-0.127251
0.001038000000,-0.026867,-0.030487
0.001040000000,-0.138434,-0.063418
0.001042000000,-0.232856,0.539403
0.001044000000,-0.279251,-0.304384
0.001046000000,-0.255681,-0.103890
0.001048000000,-0.157219,-0.037776
0.001050000000,0.000000,-0.009932
0.001052000000,0.180500,-0.180980
0.001054000000,0.337183,0.067437
0.001056000000,0.423449,-0.116280
0.001058000000,0.406644,-0.097251
0.001060000000,0.279007,0.009937
0.001062000000,0.062667,0.022378
0.001064000000,-0.193385,0.056113
0.001066000000,-0.424232,0.023481
0.001068000000,-0.565516,0.213702
0.001070000000,-0.571251,0.003502
0.001072000000,-0.428065,-0.023572
0.001074000000,-0.161569,0.316416
0.001076000000,0.167531,-0.062203
0.001078000000,0.477251,-0.272254
0.001080000000,0.684948,-0.140248
0.001082000000,0.729497,0.162888
0.001084000000,0.589044,0.061588
0.001086000000,0.289211,-0.172764
0.001088000000,-0.101025,0.196133
0.001090000000,-0.485326,-0.183818
0.001092000000,-0.764111,0.091473
0.001094000000,-0.860695,-0.029219
0.001096000000,-0.742484,-0.295467
0.001098000000,-0.431356,-0.190584
0.001100000000,0.000000,0.132268
0.001102000000,0.445296,0.331920
0.001104000000,0.791282,0.219892
0.001106000000,0.947030,-0.150560
0.001108000000,0.868162,0.156432
0.001110000000,0.569491,0.249543
0.001112000000,0.122459,0.084931
0.001114000000,-0.362249,-0.056899
0.001116000000,-0.762627,-0.008977
0.001118000000,-0.976624,0.073643
0.001120000000,-0.948617,0.419421
0.001122000000,-0.684108,0.024659
0.001124000000,-0.248690,0.066010
0.001126000000,0.248530,-0.432851
0.001128000000,0.682791,0.304035
0.001130000000,0.945573,0.046607
0.001132000000,0.972234,0.255288
0.001134000000,0.758215,-0.233249
0.001136000000,0.359683,-0.306263
0.001138000000,-0.121432,0.166225
0.001140000000,-0.563968,0.199352
0.001142000000,-0.858592,-0.122393
0.001144000000,-0.935324,0.352776
0.001146000000,-0.780431,-0.069499
0.001148000000,-0.438580,0.006177
0.001150000000,-0.000000,-0.116952
0.001152000000,0.423644,-0.014849
0.001154000000,0.728145,0.053118
0.001156000000,0.842817,-0.036165
0.001158000000,0.747103,0.134094
0.001160000000,0.473786,0.054135
0.001162000000,0.098466,-0.108137
0.001164000000,-0.281425,-0.227700
0.001166000000,-0.572222,0.026395
0.001168000000,-0.707440,-0.040783
0.001170000000,-0.663056,-0.200912
0.001172000000,-0.461147,-0.365660
0.001174000000,-0.161569,0.132682
0.001176000000,0.155512,0.120193
0.001178000000,0.411173,0.160811
0.001180000000,0.547536,0.302480
0.001182000000,0.540832,-0.015737
0.001184000000,0.404770,0.013466
0.001186000000,0.184062,0.444191
0.001188000000,-0.059493,0.168789
0.001190000000,-0.264160,-0.118317
0.001192000000,-0.383906,0.024360
0.001194000000,-0.398563,-0.068551
0.001196000000,-0.316347,-0.254100
0.001198000000,-0.168767,-0.248454
0.001200000000,0.000000,-0.056745
0.001202000000,0.145886,-0.282197
0.001204000000,0.236245,0.173558
0.001206000000,0.256841,-0.074678
0.001208000000,0.213103,-0.090239
0.001210000000,0.126001,0.206471
0.001212000000,0.024308,0.299364
0.001214000000,-0.064169,0.130215
0.001216000000,-0.119828,0.136352
0.001218000000,-0.135166,0.358990
0.001220000000,-0.114717,0.165478
0.001222000000,-0.071612,-0.389079
0.001224000000,-0.022287,0.130453
0.001226000000,0.018820,0.164574
0.001228000000,0.043008,-0.329760
0.001230000000,0.048597,0.092824
0.001232000000,0.039803,0.125280
0.001234000000,0.023981,0.005896
0.001236000000,0.008441,-0.020835
0.001238000000,-0.002000,-0.037898
0.001240000000,-0.006016,0.166191
0.001242000000,-0.005217,0.159463
0.001244000000,-0.002560,-0.070725
0.001246000000,-0.000542,0.090910
0.001248000000,-0.000000,0.039543
0.001250000000,0.000000,0.109200
0.001252000000,0.000000,0.055971
0.001254000000,0.000000,-0.092679
0.001256000000,0.000000,0.099966
0.001258000000,0.000000,-0.179779
0.001260000000,0.000000,-0.378749
0.001262000000,0.000000,0.037565
0.001264000000,0.000000,-0.195808
0.001266000000,0.000000,0.011270
0.001268000000,0.000000,-0.250762
0.001270000000,0.000000,-0.368749
0.001272000000,0.000000,-0.115343
0.001274000000,0.000000,-0.101626
0.001276000000,0.000000,-0.165936
0.001278000000,0.000000,-0.114874
0.001280000000,0.000000,0.127908
0.001282000000,0.000000,-0.098179
0.001284000000,0.000000,-0.208977
0.001286000000,0.000000,-0.189732
0.001288000000,0.000000,0.080788
0.001290000000,0.000000,-0.174361
0.001292000000,0.000000,0.203959
0.001294000000,0.000000,0.200615
0.001296000000,0.000000,-0.116217
0.001298000000,0.000000,0.058194
0.001300000000,0.000000,-0.050646
0.001302000000,0.000000,0.112948
0.001304000000,0.000000,-0.223361
0.001306000000,0.000000,0.048819
0.001308000000,0.000000,-0.306422
0.001310000000,0.000000,-0.226581
0.001312000000,0.000000,-0.050349
0.001314000000,0.000000,-0.186513
0.001316000000,0.000000,-0.275419
0.001318000000,0.000000,-0.241792
0.001320000000,0.000000,-0.034339
0.001322000000,0.000000,0.288375
0.001324000000,0.000000,-0.068596
0.001326000000,0.000000,0.168246
0.001328000000,0.000000,0.246376
0.001330000000,0.000000,0.120101
0.001332000000,0.000000,0.017771
0.001334000000,0.000000,0.202352
0.001336000000,0.000000,0.206500
0.001338000000,0.000000,-0.062168
0.001340000000,0.000000,-0.090583
0.001342000000,0.000000,0.241017
0.001344000000,0.000000,0.075540
0.001346000000,0.000000,-0.003616
0.001348000000,0.000000,-0.115436
0.001350000000,0.000000,-0.348333
0.001352000000,0.000000,-0.246077
0.001354000000,0.000000,-0.125588
0.001356000000,0.000000,0.296153
0.001358000000,0.000000,-0.094160
0.001360000000,0.000000,-0.153271
0.001362000000,0.000000,-0.013626
0.001364000000,0.000000,0.134186
0.001366000000,0.000000,-0.360020
0.001368000000,0.000000,0.236551
0.001370000000,0.000000,-0.132929
0.001372000000,0.000000,-0.275711
0.001374000000,0.000000,0.093624
0.001376000000,0.000000,-0.007874
0.001378000000,0.000000,0.217621
0.001380000000,0.000000,-0.251883
0.001382000000,0.000000,0.063269
0.001384000000,0.000000,0.046976
0.001386000000,0.000000,-0.359078
0.001388000000,0.000000,-0.218878
0.001390000000,0.000000,-0.219621
0.001392000000,0.000000,-0.109393
0.001394000000,0.000000,0.295762
0.001396000000,0.000000,0.049963
0.001398000000,0.000000,-0.171829
0.001400000000,0.000000,0.110221
0.001402000000,0.000000,0.071227
0.001404000000,0.000000,-0.048916
0.001406000000,0.000000,0.191554
0.001408000000,0.000000,0.024218
0.001410000000,0.000000,-0.311866
0.001412000000,0.000000,-0.196481
0.001414000000,0.000000,-0.141188
0.001416000000,0.000000,0.164917
0.001418000000,0.000000,0.761630
0.001420000000,0.000000,0.151055
0.001422000000,0.000000,0.012366
0.001424000000,0.000000,0.038813
0.001426000000,0.000000,0.419477
0.001428000000,0.000000,0.290403
0.001430000000,0.000000,0.384067
0.001432000000,0.000000,-0.199050
0.001434000000,0.000000,-0.305975
0.001436000000,0.000000,0.122329
0.001438000000,0.000000,-0.143395
0.001440000000,0.000000,-0.682144
0.001442000000,0.000000,0.493029
0.001444000000,0.000000,0.040625
0.001446000000,0.000000,-0.216928
0.001448000000,0.000000,-0.224585
0.001450000000,0.000000,-0.099760
0.001452000000,0.000000,-0.234576
0.001454000000,0.000000,-0.126942
0.001456000000,0.000000,0.040409
0.001458000000,0.000000,0.411716
0.001460000000,0.000000,0.123460
0.001462000000,0.000000,-0.304646
0.001464000000,0.000000,0.076073
0.001466000000,0.000000,-0.052426
0.001468000000,0.000000,-0.324372
0.001470000000,0.000000,0.301981
0.001472000000,0.000000,-0.378525
0.001474000000,0.000000,-0.030359
0.001476000000,0.000000,0.149894
0.001478000000,0.000000,-0.099214
0.001480000000,0.000000,0.223310
0.001482000000,0.000000,-0.084932
0.001484000000,0.000000,0.102221
0.001486000000,0.000000,-0.227568
0.001488000000,0.000000,0.057570
0.001490000000,0.000000,0.187966
0.001492000000,0.000000,-0.068939
0.001494000000,0.000000,-0.569582
0.001496000000,0.000000,-0.097730
0.001498000000,0.000000,0.015322
0.001500000000,0.000000,0.016101
0.001502000000,0.000000,0.167831
0.001504000000,0.000000,-0.134250
0.001506000000,0.000000,-0.017968
0.001508000000,0.000000,0.163142
0.001510000000,0.000000,-0.186004
0.001512000000,0.000000,0.076252
0.001514000000,0.000000,-0.186257
0.001516000000,0.000000,-0.265205
0.001518000000,0.000000,0.052161
0.001520000000,0.000000,0.262133
0.001522000000,0.000000,0.313493
0.001524000000,0.000000,-0.048211
0.001526000000,0.000000,-0.129976
0.001528000000,0.000000,0.686190
0.001530000000,0.000000,0.298028
0.001532000000,0.000000,0.118567
0.001534000000,0.000000,0.152500
0.001536000000,0.000000,0.099484
0.001538000000,0.000000,0.303275
0.001540000000,0.000000,-0.002302
0.001542000000,0.000000,-0.035650
0.001544000000,0.000000,0.348149
0.001546000000,0.000000,0.009456
0.001548000000,0.000000,-0.386325
0.001550000000,0.000000,0.211916
0.001552000000,0.000000,0.214698
0.001554000000,0.000000,0.396656
0.001556000000,0.000000,-0.151405
0.001558000000,0.000000,-0.001690
0.001560000000,0.000000,0.029635
0.001562000000,0.000000,-0.332240
0.001564000000,0.000000,-0.067034
0.001566000000,0.000000,-0.249804
0.001568000000,0.000000,0.197549
0.001570000000,0.000000,-0.027632
0.001572000000,0.000000,0.044294
0.001574000000,0.000000,0.216415
0.001576000000,0.000000,-0.201199
0.001578000000,0.000000,0.106365
0.001580000000,0.000000,0.123708
0.001582000000,0.000000,0.134830
0.001584000000,0.000000,0.082856
0.001586000000,0.000000,0.071898
0.001588000000,0.000000,-0.236030
0.001590000000,0.000000,0.188385
0.001592000000,0.000000,-0.036245
0.001594000000,0.000000,0.117147
0.001596000000,0.000000,-0.043471
0.001598000000,0.000000,0.204482
0.001600000000,0.000000,0.104301
0.001602000000,0.000000,0.078567
0.001604000000,0.000000,0.177164
0.001606000000,0.000000,0.100112
0.001608000000,0.000000,-0.428837
0.001610000000,0.000000,0.226641
0.001612000000,0.000000,0.183754
0.001614000000,0.000000,-0.158174
0.001616000000,0.000000,-0.289185
0.001618000000,0.000000,-0.401295
0.001620000000,0.000000,-0.192745
0.001622000000,0.000000,0.095181
0.001624000000,0.000000,0.373788
0.001626000000,0.000000,0.065002
0.001628000000,0.000000,0.512566
0.001630000000,0.000000,-0.034368
0.001632000000,0.000000,0.145506
0.001634000000,0.000000,0.099853
0.001636000000,0.000000,0.429325
0.001638000000,0.000000,-0.115820
0.001640000000,0.000000,0.158377
0.001642000000,0.000000,0.302357
0.001644000000,0.000000,0.091603
0.001646000000,0.000000,0.147643
0.001648000000,0.000000,-0.004658
0.001650000000,0.000000,-0.012384
0.001652000000,0.000000,0.056540
0.001654000000,0.000000,-0.113813
0.001656000000,0.000000,0.251924
0.001658000000,0.000000,-0.143554
0.001660000000,0.000000,-0.039843
0.001662000000,0.000000,-0.015925
0.001664000000,0.000000,0.160967
0.001666000000,0.000000,-0.143869
0.001668000000,0.000000,0.002848
0.001670000000,0.000000,0.460988
0.001672000000,0.000000,-0.273775
0.001674000000,0.000000,-0.220840
0.001676000000,0.000000,0.103445
0.001678000000,0.000000,0.027092
0.001680000000,0.000000,-0.141505
0.001682000000,0.000000,-0.035239
0.001684000000,0.000000,-0.318399
0.001686000000,0.000000,0.168758
0.001688000000,0.000000,-0.130136
0.001690000000,0.000000,0.203003
0.001692000000,0.000000,-0.102036
0.001694000000,0.000000,-0.017882
0.001696000000,0.000000,-0.029136
0.001698000000,0.000000,0.074499
0.001700000000,0.000000,0.005047
0.001702000000,0.000000,0.008499
0.001704000000,0.000000,0.213242
0.001706000000,0.000000,0.134587
0.001708000000,0.000000,0.101316
0.001710000000,0.000000,0.016213
0.001712000000,0.000000,-0.097485
0.001714000000,0.000000,0.099523
0.001716000000,0.000000,-0.044005
0.001718000000,0.000000,0.005968
0.001720000000,0.000000,-0.108078
0.001722000000,0.000000,0.164721
0.001724000000,0.000000,0.010601
0.001726000000,0.000000,0.158400
0.001728000000,0.000000,-0.219846
0.001730000000,0.000000,-0.031615
0.001732000000,0.000000,-0.100132
0.001734000000,0.000000,0.167513
0.001736000000,0.000000,0.040470
0.001738000000,0.000000,0.067856
0.001740000000,0.000000,0.030693
0.001742000000,0.000000,-0.082855
0.001744000000,0.000000,0.157821
0.001746000000,0.000000,-0.023404
0.001748000000,0.000000,0.181935
0.001750000000,0.000000,0.075215
0.001752000000,0.000000,0.141697
0.001754000000,0.000000,-0.126762
0.001756000000,0.000000,0.233399
0.001758000000,0.000000,0.173764
0.001760000000,0.000000,-0.235284
0.001762000000,0.000000,0.162479
0.001764000000,0.000000,0.065647
0.001766000000,0.000000,0.013951
0.001768000000,0.000000,0.090597
0.001770000000,0.000000,0.021072
0.001772000000,0.000000,-0.252234
0.001774000000,0.000000,0.054984
0.001776000000,0.000000,0.095292
0.001778000000,0.000000,0.014649
0.001780000000,0.000000,-0.169399
0.001782000000,0.000000,0.225536
0.001784000000,0.000000,0.072159
0.001786000000,0.000000,0.343985
0.001788000000,0.000000,-0.109711
0.001790000000,0.000000,0.186772
0.001792000000,0.000000,-0.101068
0.001794000000,0.000000,0.332543
0.001796000000,0.000000,0.222862
0.001798000000,0.000000,0.016092
0.001800000000,0.000000,0.078567
0.001802000000,0.000000,0.042380
0.001804000000,0.000000,0.017792
0.001806000000,0.000000,0.290039
0.001808000000,0.000000,-0.108446
0.001810000000,0.000000,-0.290957
0.001812000000,0.000000,0.130396
0.001814000000,0.000000,0.059739
0.001816000000,0.000000,-0.081161
0.001818000000,0.000000,-0.155564
0.001820000000,0.000000,-0.181588
0.001822000000,0.000000,-0.116842
0.001824000000,0.000000,-0.057447
0.001826000000,0.000000,0.003016
0.001828000000,0.000000,0.025137
0.001830000000,0.000000,0.015784
0.001832000000,0.000000,-0.392697
0.001834000000,0.000000,0.111927
0.001836000000,0.000000,0.129606
0.001838000000,0.000000,0.426175
0.001840000000,0.000000,-0.168295
0.001842000000,0.000000,-0.134989
0.001844000000,0.000000,-0.203771
0.001846000000,0.000000,0.159889
0.001848000000,0.000000,-0.174598
0.001850000000,0.000000,0.017661
0.001852000000,0.000000,0.083138
0.001854000000,0.000000,-0.051282
0.001856000000,0.000000,-0.245808
0.001858000000,0.000000,-0.139645
0.001860000000,0.000000,-0.025600
0.001862000000,0.000000,0.265178
0.001864000000,0.000000,-0.178053
0.001866000000,0.000000,0.151548
0.001868000000,0.000000,-0.120444
0.001870000000,0.000000,0.225724
0.001872000000,0.000000,-0.099056
0.001874000000,0.000000,-0.134345
0.001876000000,0.000000,-0.428638
0.001878000000,0.000000,-0.228456
0.001880000000,0.000000,0.022467
0.001882000000,0.000000,0.143334
0.001884000000,0.000000,0.242359
0.001886000000,0.000000,0.321518
0.001888000000,0.000000,-0.439122
0.001890000000,0.000000,0.200275
0.001892000000,0.000000,0.030076
0.001894000000,0.000000,-0.008077
0.001896000000,0.000000,0.004619
0.001898000000,0.000000,0.221248
0.001900000000,0.000000,-0.403676
0.001902000000,0.000000,-0.200158
0.001904000000,0.000000,0.069772
0.001906000000,0.000000,0.193115
0.001908000000,0.000000,0.272002
0.001910000000,0.000000,0.000811
0.001912000000,0.000000,0.095748
0.001914000000,0.000000,-0.245326
0.001916000000,0.000000,0.245435
0.001918000000,0.000000,-0.092211
0.001920000000,0.000000,-0.164164
0.001922000000,0.000000,0.075650
0.001924000000,0.000000,-0.220366
0.001926000000,0.000000,-0.309403
0.001928000000,0.000000,-0.014993
0.001930000000,0.000000,-0.263565
0.001932000000,0.000000,0.055312
0.001934000000,0.000000,-0.319620
0.001936000000,0.000000,-0.012317
0.001938000000,0.000000,0.096064
0.001940000000,0.000000,-0.113879
0.001942000000,0.000000,-0.308805
0.001944000000,0.000000,-0.256070
0.001946000000,0.000000,0.100698
0.001948000000,0.000000,0.131390
0.001950000000,0.000000,0.442186
0.001952000000,0.000000,0.052929
0.001954000000,0.000000,0.036485
0.001956000000,0.000000,-0.129640
0.001958000000,0.000000,-0.105266
0.001960000000,0.000000,0.087907
0.001962000000,0.000000,0.013761
0.001964000000,0.000000,0.182910
0.001966000000,0.000000,0.141336
0.001968000000,0.000000,0.279238
0.001970000000,0.000000,-0.043364
0.001972000000,0.000000,0.332519
0.001974000000,0.000000,-0.082966
0.001976000000,0.000000,-0.098407
0.001978000000,0.000000,0.313533
0.001980000000,0.000000,0.176452
0.001982000000,0.000000,0.197394
0.001984000000,0.000000,0.027956
0.001986000000,0.000000,-0.006730
0.001988000000,0.000000,0.075208
0.001990000000,0.000000,-0.000338
0.001992000000,0.000000,0.024127
0.001994000000,0.000000,-0.053915
0.001996000000,0.000000,-0.323564
0.001998000000,0.000000,-0.205821
0.002000000000,0.000000,0.153201
0.002002000000,0.000000,-0.365882
0.002004000000,0.000000,-0.324559
0.002006000000,0.000000,-0.220014
0.002008000000,0.000000,0.042963
0.002010000000,0.000000,0.129468
0.002012000000,0.000000,-0.046264
0.002014000000,0.000000,0.012962
0.002016000000,0.000000,0.269294
0.002018000000,0.000000,-0.140108
0.002020000000,0.000000,0.127060
0.002022000000,0.000000,0.050718
0.002024000000,0.000000,0.062237
0.002026000000,0.000000,0.203201
0.002028000000,0.000000,-0.186999
0.002030000000,0.000000,-0.090817
0.002032000000,0.000000,0.090781
0.002034000000,0.000000,0.155723
0.002036000000,0.000000,0.016346
0.002038000000,0.000000,0.056623
0.002040000000,0.000000,0.575950
0.002042000000,0.000000,-0.157737
0.002044000000,0.000000,0.053308
0.002046000000,0.000000,0.759190
0.002048000000,0.000000,0.173911
0.002050000000,0.000000,0.378221
0.002052000000,0.000000,-0.088426
0.002054000000,0.000000,0.190369
0.002056000000,0.000000,0.112610
0.002058000000,0.000000,-0.327269
0.002060000000,0.000000,0.005884
0.002062000000,0.000000,-0.187341
0.002064000000,0.000000,0.297815
0.002066000000,0.000000,-0.307296
0.002068000000,0.000000,0.006657
0.002070000000,0.000000,-0.166939
0.002072000000,0.000000,-0.632750
0.002074000000,0.000000,0.124450
0.002076000000,0.000000,-0.057653
0.002078000000,0.000000,-0.113884
0.002080000000,0.000000,0.400293
0.002082000000,0.000000,0.153073
0.002084000000,0.000000,-0.405377
0.002086000000,0.000000,0.081684
0.002088000000,0.000000,0.036837
0.002090000000,0.000000,0.034164
0.002092000000,0.000000,-0.131784
0.002094000000,0.000000,0.345449
0.002096000000,0.000000,-0.096291
0.002098000000,0.000000,-0.109222
0.002100000000,0.000000,0.113554
0.002102000000,0.000000,-0.197435
0.002104000000,0.000000,-0.288880
0.002106000000,0.000000,0.175593
0.002108000000,0.000000,0.183357
0.002110000000,0.000000,0.021833
0.002112000000,0.000000,0.112453
0.002114000000,0.000000,0.151687
0.002116000000,0.000000,-0.134186
0.002118000000,0.000000,-0.051788
0.002120000000,0.000000,-0.356887
0.002122000000,0.000000,0.140024
0.002124000000,0.000000,-0.013520
0.002126000000,0.000000,0.178427
0.002128000000,0.000000,-0.410657
0.002130000000,0.000000,0.227817
0.002132000000,0.000000,-0.205842
0.002134000000,0.000000,0.097783
0.002136000000,0.000000,-0.202060
0.002138000000,0.000000,0.386715
0.002140000000,0.000000,0.150382
0.002142000000,0.000000,-0.109488
0.002144000000,0.000000,0.054054
0.002146000000,0.000000,-0.272061
0.002148000000,0.000000,-0.232073
0.002150000000,0.000000,0.052424
0.002152000000,0.000000,0.295964
0.002154000000,0.000000,0.091431
0.002156000000,0.000000,-0.056664
0.002158000000,0.000000,-0.152119
0.002160000000,0.000000,-0.164778
0.002162000000,0.000000,-0.082868
0.002164000000,0.000000,-0.216506
0.002166000000,0.000000,0.134540
0.002168000000,0.000000,-0.130877
0.002170000000,0.000000,-0.293008
0.002172000000,0.000000,-0.353699
0.002174000000,0.000000,0.298931
0.002176000000,0.000000,-0.128415
0.002178000000,0.000000,-0.002031
0.002180000000,0.000000,0.131734
0.002182000000,0.000000,0.037485
0.002184000000,0.000000,0.124998
0.002186000000,0.000000,-0.136787
0.002188000000,0.000000,0.020501
0.002190000000,0.000000,0.348893
0.002192000000,0.000000,-0.124210
0.002194000000,0.000000,-0.183902
0.002196000000,0.000000,0.011000
0.002198000000,0.000000,-0.037682
0.002200000000,0.000000,0.009068
0.002202000000,0.000000,-0.345523
0.002204000000,0.000000,0.204473
0.002206000000,0.000000,0.120587
0.002208000000,0.000000,-0.322929
0.002210000000,0.000000,-0.128892
0.002212000000,0.000000,0.221261
0.002214000000,0.000000,-0.103169
0.002216000000,0.000000,0.097997
0.002218000000,0.000000,-0.137867
0.002220000000,0.000000,0.031992
0.002222000000,0.000000,0.351590
0.002224000000,0.000000,-0.223284
0.002226000000,0.000000,-0.164824
0.002228000000,0.000000,-0.286117
0.002230000000,0.000000,-0.007429
0.002232000000,0.000000,-0.172588
0.002234000000,0.000000,0.234686
0.002236000000,0.000000,0.164205
0.002238000000,0.000000,0.093670
0.002240000000,0.000000,-0.259600
0.002242000000,0.000000,0.021220
0.002244000000,0.000000,-0.080656
0.002246000000,0.000000,0.062810
0.002248000000,0.000000,-0.141363
0.002250000000,0.000000,0.171480
0.002252000000,0.000000,-0.052035
0.002254000000,0.000000,-0.078539
0.002256000000,0.000000,-0.087285
0.002258000000,0.000000,-0.083792
0.002260000000,0.000000,0.036736
0.002262000000,0.000000,0.046631
0.002264000000,0.000000,0.016959
0.002266000000,0.000000,0.414589
0.002268000000,0.000000,-0.251135
0.002270000000,0.000000,0.135741
0.002272000000,0.000000,0.142644
0.002274000000,0.000000,0.201363
0.002276000000,0.000000,0.089575
0.002278000000,0.000000,0.060218
0.002280000000,0.000000,0.299993
0.002282000000,0.000000,-0.046017
0.002284000000,0.000000,-0.289605
0.002286000000,0.000000,-0.012177
0.002288000000,0.000000,-0.041844
0.002290000000,0.000000,0.015242
0.002292000000,0.000000,0.142136
0.002294000000,0.000000,0.077744
0.002296000000,0.000000,0.051715
0.002298000000,0.000000,-0.019187
0.002300000000,0.000000,-0.107058
0.002302000000,0.000000,-0.155132
0.002304000000,0.000000,-0.124280
0.002306000000,0.000000,-0.064089
0.002308000000,0.000000,-0.044709
0.002310000000,0.000000,0.066972
0.002312000000,0.000000,-0.426176
0.002314000000,0.000000,0.065253
0.002316000000,0.000000,-0.149568
0.002318000000,0.000000,-0.004399
0.002320000000,0.000000,-0.132313
0.002322000000,0.000000,-0.148741
0.002324000000,0.000000,0.236230
0.002326000000,0.000000,-0.313747
0.002328000000,0.000000,-0.159962
0.002330000000,0.000000,-0.277180
0.002332000000,0.000000,0.178287
0.002334000000,0.000000,-0.252828
0.002336000000,0.000000,-0.168786
0.002338000000,0.000000,0.219858
0.002340000000,0.000000,0.096893
0.002342000000,0.000000,-0.024906
0.002344000000,0.000000,0.135964
0.002346000000,0.000000,0.246281
0.002348000000,0.000000,0.029015
0.002350000000,0.000000,-0.142987
0.002352000000,0.000000,-0.363342
0.002354000000,0.000000,-0.101445
0.002356000000,0.000000,0.126005
0.002358000000,0.000000,0.042682
0.002360000000,0.000000,0.091010
0.002362000000,0.000000,0.057289
0.002364000000,0.000000,0.380614
0.002366000000,0.000000,-0.008335
0.002368000000,0.000000,-0.235181
0.002370000000,0.000000,-0.026138
0.002372000000,0.000000,-0.109501
0.002374000000,0.000000,-0.256715
0.002376000000,0.000000,0.016852
0.002378000000,0.000000,-0.298199
0.002380000000,0.000000,-0.055294
0.002382000000,0.000000,0.010171
0.002384000000,0.000000,0.311474
0.002386000000,0.000000,-0.293629
0.002388000000,0.000000,-0.265752
0.002390000000,0.000000,0.209404
0.002392000000,0.000000,0.100235
0.002394000000,0.000000,0.029237
0.002396000000,0.000000,-0.135192
0.002398000000,0.000000,0.013818
0.002400000000,0.000000,0.169413
0.002402000000,0.000000,0.036849
0.002404000000,0.000000,-0.117623
0.002406000000,0.000000,-0.198261
0.002408000000,0.000000,-0.019326
0.002410000000,0.000000,0.028298
0.002412000000,0.000000,0.194441
0.002414000000,0.000000,0.229590
0.002416000000,0.000000,0.062008
0.002418000000,0.000000,-0.119867
0.002420000000,0.000000,0.022728
0.002422000000,0.000000,0.106104
0.002424000000,0.000000,0.080996
0.002426000000,0.000000,0.108297
0.002428000000,0.000000,0.188059
0.002430000000,0.000000,0.363834
0.002432000000,0.000000,-0.322007
0.002434000000,0.000000,0.127461
0.002436000000,0.000000,-0.271435
0.002438000000,0.000000,0.359290
0.002440000000,0.000000,-0.054930
0.002442000000,0.000000,0.093216
0.002444000000,0.000000,-0.030073
0.002446000000,0.000000,-0.052851
0.002448000000,0.000000,0.025348
0.002450000000,0.000000,-0.012265
0.002452000000,0.000000,0.130236
0.002454000000,0.000000,-0.192107
0.002456000000,0.000000,0.112570
0.002458000000,0.000000,-0.064302
0.002460000000,0.000000,-0.124364
0.002462000000,0.000000,-0.225428
0.002464000000,0.000000,0.077975
0.002466000000,0.000000,-0.062706
0.002468000000,0.000000,0.009795
0.002470000000,0.000000,0.064812
0.002472000000,0.000000,0.151300
0.002474000000,0.000000,0.303161
0.002476000000,0.000000,-0.202487
0.002478000000,0.000000,-0.163413
0.002480000000,0.000000,0.328418
0.002482000000,0.000000,0.186043
0.002484000000,0.000000,-0.010778
0.002486000000,0.000000,0.066221
0.002488000000,0.000000,0.193596
0.002490000000,0.000000,0.122925
0.002492000000,0.000000,-0.168641
0.002494000000,0.000000,0.177966
0.002496000000,0.000000,-0.200814
0.002498000000,0.000000,0.109269
0.002500000000,0.000000,0.180826
0.002502000000,0.000000,-0.029933
0.002504000000,0.000000,-0.032898
0.002506000000,0.000000,-0.422999
0.002508000000,0.000000,0.098735
0.002510000000,0.000000,0.005830
0.002512000000,0.000000,0.020839
0.002514000000,0.000000,0.036611
0.002516000000,0.000000,-0.182913
0.002518000000,0.000000,-0.102224
0.002520000000,0.000000,-0.465520
0.002522000000,0.000000,-0.057697
0.002524000000,0.000000,-0.280818
0.002526000000,0.000000,-0.172234
0.002528000000,0.000000,-0.183643
0.002530000000,0.000000,0.110765
0.002532000000,0.000000,-0.084407
0.002534000000,0.000000,0.007281
0.002536000000,0.000000,0.218631
0.002538000000,0.000000,0.345606
0.002540000000,0.000000,0.122313
0.002542000000,0.000000,-0.239731
0.002544000000,0.000000,0.381088
0.002546000000,0.000000,0.064795
0.002548000000,0.000000,0.166324
0.002550000000,0.000000,0.015522
0.002552000000,0.000000,0.106907
0.002554000000,0.000000,0.102942
0.002556000000,0.000000,-0.289418
0.002558000000,0.000000,-0.091951
0.002560000000,0.000000,0.248678
0.002562000000,0.000000,0.110638
0.002564000000,0.000000,0.429384
0.002566000000,0.000000,0.568588
0.002568000000,0.000000,0.236089
0.002570000000,0.000000,0.119053
0.002572000000,0.000000,-0.095501
0.002574000000,0.000000,-0.430750
0.002576000000,0.000000,-0.217371
0.002578000000,0.000000,-0.420236
0.002580000000,0.000000,-0.158996
0.002582000000,0.000000,-0.244541
0.002584000000,0.000000,0.247242
0.002586000000,0.000000,0.271625
0.002588000000,0.000000,0.670448
0.002590000000,0.000000,0.419890
0.002592000000,0.000000,0.457195
0.002594000000,0.000000,0.175677
0.002596000000,0.000000,-0.130533
0.002598000000,0.000000,-0.295144
0.002600000000,0.000000,-0.166135
0.002602000000,0.000000,-0.342507
0.002604000000,0.000000,-0.196308
0.002606000000,0.000000,0.243374
0.002608000000,0.000000,0.025067
0.002610000000,0.000000,-0.091184
0.002612000000,0.000000,0.062468
0.002614000000,0.000000,0.000828
0.002616000000,0.000000,0.359377
0.002618000000,0.000000,0.041521
0.002620000000,0.000000,0.210512
0.002622000000,0.000000,0.259807
0.002624000000,0.000000,-0.423945
0.002626000000,0.000000,-0.139193
0.002628000000,0.000000,-0.022595
0.002630000000,0.000000,-0.059603
0.002632000000,0.000000,0.026794
0.002634000000,0.000000,0.296571
0.002636000000,0.000000,-0.129160
0.002638000000,0.000000,0.257320
0.002640000000,0.000000,0.181170
0.002642000000,0.000000,-0.113830
0.002644000000,0.000000,0.287833
0.002646000000,0.000000,-0.074314
0.002648000000,0.000000,-0.042294
0.002650000000,0.000000,-0.222819
0.002652000000,0.000000,-0.051574
0.002654000000,0.000000,-0.007486
0.002656000000,0.000000,0.260371
0.002658000000,0.000000,0.135329
0.002660000000,0.000000,-0.335868
0.002662000000,0.000000,-0.179961
0.002664000000,0.000000,0.104605
0.002666000000,0.000000,0.096235
0.002668000000,0.000000,-0.108529
0.002670000000,0.000000,-0.268798
0.002672000000,0.000000,-0.295000
0.002674000000,0.000000,0.259578
0.002676000000,0.000000,0.251160
0.002678000000,0.000000,0.012820
0.002680000000,0.000000,-0.119370
0.002682000000,0.000000,-0.018643
0.002684000000,0.000000,-0.019987
0.002686000000,0.000000,0.146795
0.002688000000,0.000000,0.355547
0.002690000000,0.000000,-0.109695
0.002692000000,0.000000,0.513348
0.002694000000,0.000000,-0.216011
0.002696000000,0.000000,0.039328
0.002698000000,0.000000,0.234863
0.002700000000,0.000000,0.022880
0.002702000000,0.000000,-0.190902
0.002704000000,0.000000,-0.006222
0.002706000000,0.000000,-0.505448
0.002708000000,0.000000,-0.112419
0.002710000000,0.000000,0.122347
0.002712000000,0.000000,-0.150018
0.002714000000,0.000000,0.358166
0.002716000000,0.000000,-0.262145
0.002718000000,0.000000,-0.092161
0.002720000000,0.000000,0.043295
0.002722000000,0.000000,-0.064161
0.002724000000,0.000000,-0.068416
0.002726000000,0.000000,0.214062
0.002728000000,0.000000,0.210293
0.002730000000,0.000000,-0.100442
0.002732000000,0.000000,0.275203
0.002734000000,0.000000,-0.260807
0.002736000000,0.000000,-0.164037
0.002738000000,0.000000,-0.190288
0.002740000000,0.000000,-0.299994
0.002742000000,0.000000,0.206754
0.002744000000,0.000000,-0.434942
0.002746000000,0.000000,-0.219619
0.002748000000,0.000000,-0.098351
0.002750000000,0.000000,-0.309573
0.002752000000,0.000000,0.031785
0.002754000000,0.000000,-0.041270
0.002756000000,0.000000,-0.010268
0.002758000000,0.000000,-0.014873
0.002760000000,0.000000,-0.020799
0.002762000000,0.000000,0.202596
0.002764000000,0.000000,-0.069911
0.002766000000,0.000000,-0.032635
0.002768000000,0.000000,0.149296
0.002770000000,0.000000,0.162500
0.002772000000,0.000000,-0.168370
0.002774000000,0.000000,0.113578
0.002776000000,0.000000,-0.085451
0.002778000000,0.000000,0.056256
0.002780000000,0.000000,-0.180704
0.002782000000,0.000000,0.027133
0.002784000000,0.000000,-0.076707
0.002786000000,0.000000,0.079233
0.002788000000,0.000000,-0.068000
0.002790000000,0.000000,-0.217451
0.002792000000,0.000000,0.003849
0.002794000000,0.000000,-0.078472
0.002796000000,0.000000,0.049756
0.002798000000,0.000000,0.026481
0.002800000000,0.000000,-0.033418
0.002802000000,0.000000,0.085553
0.002804000000,0.000000,0.054814
0.002806000000,0.000000,-0.050303
0.002808000000,0.000000,-0.041875
0.002810000000,0.000000,0.430296
0.002812000000,0.000000,0.233000
0.002814000000,0.000000,0.025316
0.002816000000,0.000000,-0.087573
0.002818000000,0.000000,-0.536676
0.002820000000,0.000000,0.208922
0.002822000000,0.000000,-0.021019
0.002824000000,0.000000,0.084722
0.002826000000,0.000000,0.368478
0.002828000000,0.000000,0.014437
0.002830000000,0.000000,0.302458
0.002832000000,0.000000,0.018169
0.002834000000,0.000000,-0.153722
0.002836000000,0.000000,-0.202790
0.002838000000,0.000000,0.244985
0.002840000000,0.000000,0.097175
0.002842000000,0.000000,-0.107641
0.002844000000,0.000000,0.038564
0.002846000000,0.000000,-0.088556
0.002848000000,0.000000,0.003661
0.002850000000,0.000000,-0.309208
0.002852000000,0.000000,-0.375843
0.002854000000,0.000000,-0.136161
0.002856000000,0.000000,-0.156643
0.002858000000,0.000000,0.000148
0.002860000000,0.000000,-0.064982
0.002862000000,0.000000,0.215001
0.002864000000,0.000000,0.225952
0.002866000000,0.000000,0.212081
0.002868000000,0.000000,0.462011
0.002870000000,0.000000,-0.138998
0.002872000000,0.000000,0.036141
0.002874000000,0.000000,0.483063
0.002876000000,0.000000,0.289089
0.002878000000,0.000000,-0.181211
0.002880000000,0.000000,-0.075844
0.002882000000,0.000000,-0.306801
0.002884000000,0.000000,0.209500
0.002886000000,0.000000,-0.171698
0.002888000000,0.000000,-0.236897
0.002890000000,0.000000,-0.077277
0.002892000000,0.000000,0.004569
0.002894000000,0.000000,0.105958
0.002896000000,0.000000,-0.119201
0.002898000000,0.000000,0.011411
0.002900000000,0.000000,-0.436316
0.002902000000,0.000000,-0.276726
0.002904000000,0.000000,-0.014360
0.002906000000,0.000000,0.128073
0.002908000000,0.000000,-0.176918
0.002910000000,0.000000,-0.165448
0.002912000000,0.000000,0.067950
0.002914000000,0.000000,-0.092818
0.002916000000,0.000000,-0.138800
0.002918000000,0.000000,0.169873
0.002920000000,0.000000,-0.169390
0.002922000000,0.000000,0.064686
0.002924000000,0.000000,-0.008486
0.002926000000,0.000000,0.013212
0.002928000000,0.000000,-0.163866
0.002930000000,0.000000,0.202727
0.002932000000,0.000000,0.138808
0.002934000000,0.000000,0.163440
0.002936000000,0.000000,-0.229842
0.002938000000,0.000000,-0.019938
0.002940000000,0.000000,0.057381
0.002942000000,0.000000,0.009563
0.002944000000,0.000000,-0.004061
0.002946000000,0.000000,0.041249
0.002948000000,0.000000,0.090244
0.002950000000,0.000000,0.372125
0.002952000000,0.000000,0.235809
0.002954000000,0.000000,0.115803
0.002956000000,0.000000,0.129011
0.002958000000,0.000000,0.072921
0.002960000000,0.000000,-0.039725
0.002962000000,0.000000,-0.230100
0.002964000000,0.000000,0.097303
0.002966000000,0.000000,0.240655
0.002968000000,0.000000,-0.410513
0.002970000000,0.000000,-0.099742
0.002972000000,0.000000,-0.220481
0.002974000000,0.000000,-0.197500
0.002976000000,0.000000,0.055902
0.002978000000,0.000000,-0.133414
0.002980000000,0.000000,-0.016125
0.002982000000,0.000000,-0.288165
0.002984000000,0.000000,0.122535
0.002986000000,0.000000,0.207595
0.002988000000,0.000000,0.134632
0.002990000000,0.000000,0.150265
0.002992000000,0.000000,0.389955
0.002994000000,0.000000,0.040299
0.002996000000,0.000000,0.030409
0.002998000000,0.000000,0.194881
0.003000000000,0.000000,0.108527
0.003002000000,0.000000,0.217763
0.003004000000,0.000000,-0.105388
0.003006000000,0.000000,0.103915
0.003008000000,0.000000,0.136015
0.003010000000,0.000000,0.006744
0.003012000000,0.000000,-0.010789
0.003014000000,0.000000,0.252881
0.003016000000,0.000000,-0.008616
0.003018000000,0.000000,-0.034053
0.003020000000,0.000000,0.228229
0.003022000000,0.000000,0.352258
0.003024000000,0.000000,-0.135281
0.003026000000,0.000000,-0.047744
0.003028000000,0.000000,-0.175855
0.003030000000,0.000000,0.312929
0.003032000000,0.000000,0.033254
0.003034000000,0.000000,0.126319
0.003036000000,0.000000,-0.075152
0.003038000000,0.000000,0.099699
0.003040000000,0.000000,-0.187427
0.003042000000,0.000000,-0.083179
0.003044000000,0.000000,0.005461
0.003046000000,0.000000,-0.125445
0.003048000000,0.000000,0.106878
0.003050000000,0.000000,0.069860
0.003052000000,0.000000,-0.002506
0.003054000000,0.000000,0.608150
0.003056000000,0.000000,-0.080931
0.003058000000,0.000000,-0.025653
0.003060000000,0.000000,0.040601
0.003062000000,0.000000,0.093050
0.003064000000,0.000000,0.528095
0.003066000000,0.000000,-0.220031
0.003068000000,0.000000,-0.172940
0.003070000000,0.000000,-0.103230
0.003072000000,0.000000,0.102263
0.003074000000,0.000000,0.135326
0.003076000000,0.000000,-0.297016
0.003078000000,0.000000,0.097999
0.003080000000,0.000000,-0.327502
0.003082000000,0.000000,0.016847
0.003084000000,0.000000,-0.047481
0.003086000000,0.000000,0.047228
0.003088000000,0.000000,-0.020509
0.003090000000,0.000000,0.340621
0.003092000000,0.000000,-0.125440
0.003094000000,0.000000,0.201420
0.003096000000,0.000000,0.092996
0.003098000000,0.000000,-0.231790
0.003100000000,0.000000,-0.027714
0.003102000000,0.000000,0.165177
0.003104000000,0.000000,0.150022
0.003106000000,0.000000,-0.184959
0.003108000000,0.000000,0.065946
0.003110000000,0.000000,-0.087902
0.003112000000,0.000000,-0.246007
0.003114000000,0.000000,0.276806
0.003116000000,0.000000,-0.281526
0.003118000000,0.000000,-0.024341
0.003120000000,0.000000,-0.153705
0.003122000000,0.000000,0.160781
0.003124000000,0.000000,0.210276
0.003126000000,0.000000,-0.117126
0.003128000000,0.000000,0.059735
0.003130000000,0.000000,0.163342
0.003132000000,0.000000,0.198566
0.003134000000,0.000000,-0.489110
0.003136000000,0.000000,-0.215822
0.003138000000,0.000000,-0.447583
0.003140000000,0.000000,-0.053829
0.003142000000,0.000000,0.000382
0.003144000000,0.000000,0.040238
0.003146000000,0.000000,0.146579
0.003148000000,0.000000,0.127228
0.003150000000,0.000000,-0.073573
0.003152000000,0.000000,-0.236103
0.003154000000,0.000000,-0.040746
0.003156000000,0.000000,0.030677
0.003158000000,0.000000,0.343395
0.003160000000,0.000000,0.272101
0.003162000000,0.000000,0.431356
0.003164000000,0.000000,0.599441
0.003166000000,0.000000,0.205956
0.003168000000,0.000000,0.099209
0.003170000000,0.000000,0.566439
0.003172000000,0.000000,0.247285
0.003174000000,0.000000,-0.251457
0.003176000000,0.000000,-0.363105
0.003178000000,0.000000,0.369221
0.003180000000,0.000000,-0.045141
0.003182000000,0.000000,-0.054755
0.003184000000,0.000000,-0.103322
0.003186000000,0.000000,0.162572
0.003188000000,0.000000,0.121340
0.003190000000,0.000000,0.022079
0.003192000000,0.000000,-0.065836
0.003194000000,0.000000,-0.054724
0.003196000000,0.000000,-0.004032
0.003198000000,0.000000,-0.042817
0.003200000000,0.000000,0.197994
0.003202000000,0.000000,0.013243
0.003204000000,0.000000,-0.302921
0.003206000000,0.000000,0.082619
0.003208000000,0.000000,-0.071628
0.003210000000,0.000000,0.102073
0.003212000000,0.000000,-0.091415
0.003214000000,0.000000,-0.060177
0.003216000000,0.000000,0.064183
0.003218000000,0.000000,0.062433
0.003220000000,0.000000,0.093531
0.003222000000,0.000000,-0.224953
0.003224000000,0.000000,0.229473
0.003226000000,0.000000,0.047683
0.003228000000,0.000000,-0.039801
0.003230000000,0.000000,-0.139251
0.003232000000,0.000000,-0.403343
0.003234000000,0.000000,0.343166
0.003236000000,0.000000,-0.222613
0.003238000000,0.000000,-0.191051
0.003240000000,0.000000,0.175688
0.003242000000,0.000000,0.198077
0.003244000000,0.000000,0.144945
0.003246000000,0.000000,0.198956
0.003248000000,0.000000,0.210937
0.003250000000,0.000000,-0.297191
0.003252000000,0.000000,0.214999
0.003254000000,0.000000,-0.163465
0.003256000000,0.000000,0.198345
0.003258000000,0.000000,0.340729
0.003260000000,0.000000,0.129042
0.003262000000,0.000000,0.100912
0.003264000000,0.000000,0.170297
0.003266000000,0.000000,-0.186300
0.003268000000,0.000000,0.061849
0.003270000000,0.000000,0.052750
0.003272000000,0.000000,0.058365
0.003274000000,0.000000,0.267251
0.003276000000,0.000000,0.036790
0.003278000000,0.000000,0.046036
0.003280000000,0.000000,-0.087139
0.003282000000,0.000000,-0.118093
0.003284000000,0.000000,0.077891
0.003286000000,0.000000,-0.021553
0.003288000000,0.000000,-0.174764
0.003290000000,0.000000,-0.037450
0.003292000000,0.000000,0.197060
0.003294000000,0.000000,0.047500
0.003296000000,0.000000,-0.155790
0.003298000000,0.000000,-0.286829
0.003300000000,0.000000,-0.170934
0.003302000000,0.000000,-0.077632
0.003304000000,0.000000,-0.070904
0.003306000000,0.000000,-0.211711
0.003308000000,0.000000,0.148270
0.003310000000,0.000000,0.107214
0.003312000000,0.000000,-0.038841
0.003314000000,0.000000,0.027811
0.003316000000,0.000000,0.010007
0.003318000000,0.000000,0.403092
0.003320000000,0.000000,-0.098198
0.003322000000,0.000000,0.076162
0.003324000000,0.000000,0.159896
0.003326000000,0.000000,0.115928
0.003328000000,0.000000,-0.076350
0.003330000000,0.000000,-0.021872
0.003332000000,0.000000,0.168058
0.003334000000,0.000000,0.008155
0.003336000000,0.000000,0.233375
0.003338000000,0.000000,-0.290892
0.003340000000,0.000000,-0.083111
0.003342000000,0.000000,-0.430727
0.003344000000,0.000000,0.091788
0.003346000000,0.000000,0.131840
0.003348000000,0.000000,-0.027845
0.003350000000,0.000000,-0.322001
0.003352000000,0.000000,-0.198120
0.003354000000,0.000000,0.542365
0.003356000000,0.000000,-0.064082
0.003358000000,0.000000,-0.671189
0.003360000000,0.000000,-0.018872
0.003362000000,0.000000,0.068843
0.003364000000,0.000000,-0.035797
0.003366000000,0.000000,-0.095771
0.003368000000,0.000000,-0.027522
0.003370000000,0.000000,0.053943
0.003372000000,0.000000,0.084467
0.003374000000,0.000000,-0.064773
0.003376000000,0.000000,-0.338238
0.003378000000,0.000000,-0.264978
0.003380000000,0.000000,-0.102514
0.003382000000,0.000000,0.037437
0.003384000000,0.000000,0.027373
0.003386000000,0.000000,-0.377811
0.003388000000,0.000000,-0.183674
0.003390000000,0.000000,-0.230150
0.003392000000,0.000000,0.015613
0.003394000000,0.000000,0.165361
0.003396000000,0.000000,0.128366
0.003398000000,0.000000,0.039127
0.003400000000,0.000000,0.001398
0.003402000000,0.000000,0.257965
0.003404000000,0.000000,-0.055620
0.003406000000,0.000000,-0.023943
0.003408000000,0.000000,-0.103686
0.003410000000,0.000000,-0.467307
0.003412000000,0.000000,0.404955
0.003414000000,0.000000,0.027044
0.003416000000,0.000000,0.309372
0.003418000000,0.000000,0.139233
0.003420000000,0.000000,-0.060645
0.003422000000,0.000000,0.364377
0.003424000000,0.000000,0.048941
0.003426000000,0.000000,-0.276166
0.003428000000,0.000000,0.211990
0.003430000000,0.000000,0.008920
0.003432000000,0.000000,0.277481
0.003434000000,0.000000,-0.008074
0.003436000000,0.000000,-0.229775
0.003438000000,0.000000,-0.006404
0.003440000000,0.000000,-0.223445
0.003442000000,0.000000,0.072474
0.003444000000,0.000000,0.413770
0.003446000000,0.000000,-0.061459
0.003448000000,0.000000,0.063695
0.003450000000,0.000000,-0.088457
0.003452000000,0.000000,0.288490
0.003454000000,0.000000,0.138822
0.003456000000,0.000000,-0.269219
0.003458000000,0.000000,-0.091302
0.003460000000,0.000000,0.100224
0.003462000000,0.000000,-0.170487
0.003464000000,0.000000,0.157895
0.003466000000,0.000000,-0.170262
0.003468000000,0.000000,0.050421
0.003470000000,0.000000,-0.005345
0.003472000000,0.000000,-0.088281
0.003474000000,0.000000,0.075723
0.003476000000,0.000000,-0.249938
0.003478000000,0.000000,-0.184781
0.003480000000,0.000000,-0.095433
0.003482000000,0.000000,0.159669
0.003484000000,0.000000,0.313511
0.003486000000,0.000000,-0.049720
0.003488000000,0.000000,0.122021
0.003490000000,0.000000,0.264307
0.003492000000,0.000000,-0.024671
0.003494000000,0.000000,0.085270
0.003496000000,0.000000,-0.065306
0.003498000000,0.000000,0.317952
0.003500000000,0.000000,0.206293
0.003502000000,0.000000,0.226336
0.003504000000,0.000000,-0.016492
0.003506000000,0.000000,-0.005980
0.003508000000,0.000000,-0.099712
0.003510000000,0.000000,-0.314876
0.003512000000,0.000000,-0.207411
0.003514000000,0.000000,0.188852
0.003516000000,0.000000,0.029258
0.003518000000,0.000000,-0.233489
0.003520000000,0.000000,-0.015732
0.003522000000,0.000000,0.270889
0.003524000000,0.000000,0.230482
0.003526000000,0.000000,-0.024719
0.003528000000,0.000000,-0.298173
0.003530000000,0.000000,0.074870
0.003532000000,0.000000,0.183276
0.003534000000,0.000000,0.053193
0.003536000000,0.000000,0.169191
0.003538000000,0.000000,-0.019584
0.003540000000,0.000000,-0.034869
0.003542000000,0.000000,-0.047090
0.003544000000,0.000000,0.039577
0.003546000000,0.000000,-0.054486
0.003548000000,0.000000,0.048111
0.003550000000,0.000000,0.072446
0.003552000000,0.000000,0.170539
0.003554000000,0.000000,-0.042377
0.003556000000,0.000000,-0.068416
0.003558000000,0.000000,0.238094
0.003560000000,0.000000,0.008850
0.003562000000,0.000000,-0.202067
0.003564000000,0.000000,0.172678
0.003566000000,0.000000,0.056140
0.003568000000,0.000000,-0.189423
0.003570000000,0.000000,-0.091244
0.003572000000,0.000000,-0.078508
0.003574000000,0.000000,0.241794
0.003576000000,0.000000,0.402059
0.003578000000,0.000000,0.219771
0.003580000000,0.000000,0.382381
0.003582000000,0.000000,0.267576
0.003584000000,0.000000,0.088099
0.003586000000,0.000000,0.324518
0.003588000000,0.000000,0.205820
0.003590000000,0.000000,-0.158415
0.003592000000,0.000000,-0.210769
0.003594000000,0.000000,0.060396
0.003596000000,0.000000,0.168668
0.003598000000,0.000000,-0.169139
0.003600000000,0.000000,0.204564
0.003602000000,0.000000,0.310379
0.003604000000,0.000000,0.524331
0.003606000000,0.000000,-0.044964
0.003608000000,0.000000,-0.513148
0.003610000000,0.000000,-0.142756
0.003612000000,0.000000,-0.246203
0.003614000000,0.000000,-0.160158
0.003616000000,0.000000,0.236512
0.003618000000,0.000000,0.300701
0.003620000000,0.000000,-0.048944
0.003622000000,0.000000,0.222641
0.003624000000,0.000000,0.120425
0.003626000000,0.000000,0.317562
0.003628000000,0.000000,0.176956
0.003630000000,0.000000,-0.391365
0.003632000000,0.000000,0.085196
0.003634000000,0.000000,0.055794
0.003636000000,0.000000,0.267557
0.003638000000,0.000000,-0.179724
0.003640000000,0.000000,0.017503
0.003642000000,0.000000,0.235890
0.003644000000,0.000000,0.217686
0.003646000000,0.000000,0.161859
0.003648000000,0.000000,-0.097114
0.003650000000,0.000000,-0.294317
0.003652000000,0.000000,0.196308
0.003654000000,0.000000,0.072925
0.003656000000,0.000000,0.075553
0.003658000000,0.000000,0.071519
0.003660000000,0.000000,0.031227
0.003662000000,0.000000,-0.056344
0.003664000000,0.000000,-0.129037
0.003666000000,0.000000,0.089273
0.003668000000,0.000000,0.318450
0.003670000000,0.000000,0.173340
0.003672000000,0.000000,0.131492
0.003674000000,0.000000,-0.012204
0.003676000000,0.000000,-0.000864
0.003678000000,0.000000,0.300464
0.003680000000,0.000000,0.055190
0.003682000000,0.000000,0.252111
0.003684000000,0.000000,0.242636
0.003686000000,0.000000,0.146090
0.003688000000,0.000000,-0.337889
0.003690000000,0.000000,-0.143379
0.003692000000,0.000000,-0.207029
0.003694000000,0.000000,0.175170
0.003696000000,0.000000,0.170134
0.003698000000,0.000000,-0.049485
0.003700000000,0.000000,0.103366
0.003702000000,0.000000,-0.268932
0.003704000000,0.000000,0.145430
0.003706000000,0.000000,0.094247
0.003708000000,0.000000,-0.386429
0.003710000000,0.000000,-0.246336
0.003712000000,0.000000,0.141843
0.003714000000,0.000000,-0.038332
0.003716000000,0.000000,-0.020395
0.003718000000,0.000000,-0.137048
0.003720000000,0.000000,0.082196
0.003722000000,0.000000,-0.059749
0.003724000000,0.000000,-0.041456
0.003726000000,0.000000,0.171063
0.003728000000,0.000000,0.048367
0.003730000000,0.000000,0.116341
0.003732000000,0.000000,0.015823
0.003734000000,0.000000,0.091635
0.003736000000,0.000000,-0.114276
0.003738000000,0.000000,0.127882
0.003740000000,0.000000,-0.317513
0.003742000000,0.000000,-0.210174
0.003744000000,0.000000,0.060635
0.003746000000,0.000000,0.243334
0.003748000000,0.000000,-0.058337
0.003750000000,0.000000,0.446752
0.003752000000,0.000000,0.154109
0.003754000000,0.000000,0.034651
0.003756000000,0.000000,0.120774
0.003758000000,0.000000,-0.002288
0.003760000000,0.000000,-0.166264
0.003762000000,0.000000,0.108249
0.003764000000,0.000000,0.075918
0.003766000000,0.000000,0.045591
0.003768000000,0.000000,0.287256
0.003770000000,0.000000,-0.189876
0.003772000000,0.000000,-0.064674
0.003774000000,0.000000,0.150629
0.003776000000,0.000000,-0.080643
0.003778000000,0.000000,-0.240644
0.003780000000,0.000000,0.069341
0.003782000000,0.000000,-0.155483
0.003784000000,0.000000,0.232792
0.003786000000,0.000000,-0.102209
0.003788000000,0.000000,-0.003984
0.003790000000,0.000000,0.357685
0.003792000000,0.000000,0.033363
0.003794000000,0.000000,0.317375
0.003796000000,0.000000,0.034843
0.003798000000,0.000000,-0.109748
0.003800000000,0.000000,-0.045158
0.003802000000,0.000000,-0.086361
0.003804000000,0.000000,0.083794
0.003806000000,0.000000,0.209542
0.003808000000,0.000000,-0.176369
0.003810000000,0.000000,0.027999
0.003812000000,0.000000,-0.103353
0.003814000000,0.000000,0.084910
0.003816000000,0.000000,0.041160
0.003818000000,0.000000,-0.164325
0.003820000000,0.000000,-0.168133
0.003822000000,0.000000,0.007406
0.003824000000,0.000000,-0.324467
0.003826000000,0.000000,-0.074606
0.003828000000,0.000000,-0.142719
0.003830000000,0.000000,0.019719
0.003832000000,0.000000,0.103895
0.003834000000,0.000000,-0.089350
0.003836000000,0.000000,0.207804
0.003838000000,0.000000,0.217092
0.003840000000,0.000000,0.072510
0.003842000000,0.000000,-0.018427
0.003844000000,0.000000,-0.094311
0.003846000000,0.000000,0.211053
0.003848000000,0.000000,-0.026974
0.003850000000,0.000000,0.125754
0.003852000000,0.000000,-0.220028
0.003854000000,0.000000,0.178738
0.003856000000,0.000000,-0.262045
0.003858000000,0.000000,-0.112002
0.003860000000,0.000000,-0.010978
0.003862000000,0.000000,0.070782
0.003864000000,0.000000,-0.402476
0.003866000000,0.000000,-0.301553
0.003868000000,0.000000,-0.247991
0.003870000000,0.000000,0.204649
0.003872000000,0.000000,0.063942
0.003874000000,0.000000,-0.284987
0.003876000000,0.000000,-0.100513
0.003878000000,0.000000,0.041640
0.003880000000,0.000000,-0.001434
0.003882000000,0.000000,0.166892
0.003884000000,0.000000,0.073876
0.003886000000,0.000000,0.092228
0.003888000000,0.000000,-0.081773
0.003890000000,0.000000,-0.265842
0.003892000000,0.000000,-0.021661
0.003894000000,0.000000,-0.053119
0.003896000000,0.000000,0.066763
0.003898000000,0.000000,-0.035708
0.003900000000,0.000000,-0.149299
0.003902000000,0.000000,-0.129035
0.003904000000,0.000000,-0.060711
0.003906000000,0.000000,-0.116323
0.003908000000,0.000000,0.141700
0.003910000000,0.000000,0.243199
0.003912000000,0.000000,-0.041409
0.003914000000,0.000000,-0.107181
0.003916000000,0.000000,-0.128121
0.003918000000,0.000000,-0.093318
0.003920000000,0.000000,0.036083
0.003922000000,0.000000,0.019306
0.003924000000,0.000000,-0.141954
0.003926000000,0.000000,-0.066493
0.003928000000,0.000000,-0.049015
0.003930000000,0.000000,-0.336277
0.003932000000,0.000000,-0.338172
0.003934000000,0.000000,0.198525
0.003936000000,0.000000,0.131475
0.003938000000,0.000000,0.065901
0.003940000000,0.000000,-0.104378
0.003942000000,0.000000,0.417547
0.003944000000,0.000000,0.093758
0.003946000000,0.000000,-0.072972
0.003948000000,0.000000,0.280072
0.003950000000,0.000000,0.166625
0.003952000000,0.000000,0.243775
0.003954000000,0.000000,0.071370
0.003956000000,0.000000,0.092349
0.003958000000,0.000000,-0.223690
0.003960000000,0.000000,0.008861
0.003962000000,0.000000,-0.053356
0.003964000000,0.000000,-0.057303
0.003966000000,0.000000,-0.141935
0.003968000000,0.000000,0.080034
0.003970000000,0.000000,0.008641
0.003972000000,0.000000,-0.205191
0.003974000000,0.000000,-0.025079
0.003976000000,0.000000,0.161379
0.003978000000,0.000000,0.043685
0.003980000000,0.000000,-0.351022
0.003982000000,0.000000,0.266686
0.003984000000,0.000000,0.008132
0.003986000000,0.000000,-0.020143
0.003988000000,0.000000,0.042733
0.003990000000,0.000000,0.243495
0.003992000000,0.000000,-0.283347
0.003994000000,0.000000,0.222516
0.003996000000,0.000000,-0.214105
0.003998000000,0.000000,0.032484
0.004000000000,0.000000,-0.318802
0.004002000000,0.000000,-0.024118
0.004004000000,0.000000,-0.113838
0.004006000000,0.000000,-0.154263
0.004008000000,0.000000,-0.288360
0.004010000000,0.000000,-0.004299
0.004012000000,0.000000,0.099154
0.004014000000,0.000000,-0.226896
0.004016000000,0.000000,-0.090022
0.004018000000,0.000000,-0.199618
0.004020000000,0.000000,0.029018
0.004022000000,0.000000,-0.007280
0.004024000000,0.000000,0.056429
0.004026000000,0.000000,-0.383577
0.004028000000,0.000000,0.008251
0.004030000000,0.000000,0.392753
0.004032000000,0.000000,-0.003606
0.004034000000,0.000000,0.004992
0.004036000000,0.000000,0.156934
0.004038000000,0.000000,0.136668
0.004040000000,0.000000,0.023892
0.004042000000,0.000000,-0.301214
0.004044000000,0.000000,0.139014
0.004046000000,0.000000,-0.069214
0.004048000000,0.000000,-0.350842
0.004050000000,0.000000,-0.013498
0.004052000000,0.000000,-0.078787
0.004054000000,0.000000,-0.043346
0.004056000000,0.000000,0.167439
0.004058000000,0.000000,-0.398730
0.004060000000,0.000000,-0.313569
0.004062000000,0.000000,0.083605
0.004064000000,0.000000,-0.101827
0.004066000000,0.000000,-0.252878
0.004068000000,0.000000,-0.235286
0.004070000000,0.000000,-0.202192
0.004072000000,0.000000,0.189956
0.004074000000,0.000000,-0.089349
0.004076000000,0.000000,-0.242803
0.004078000000,0.000000,0.119974
0.004080000000,0.000000,-0.113775
0.004082000000,0.000000,-0.195493
0.004084000000,0.000000,0.133185
0.004086000000,0.000000,-0.070878
0.004088000000,0.000000,0.007707
0.004090000000,0.000000,0.127898
0.004092000000,0.000000,0.118175
0.004094000000,0.000000,-0.524007
0.004096000000,0.000000,0.243545
0.004098000000,0.000000,-0.064610
0.004100000000,0.000000,0.127031
0.004102000000,0.000000,-0.019844
0.004104000000,0.000000,0.174109
0.004106000000,0.000000,0.409215
0.004108000000,0.000000,-0.172275
0.004110000000,0.000000,-0.236869
0.004112000000,0.000000,-0.218278
0.004114000000,0.000000,-0.074607
0.004116000000,0.000000,0.163213
0.004118000000,0.000000,0.161461
0.004120000000,0.000000,-0.002206
0.004122000000,0.000000,0.038067
0.004124000000,0.000000,0.205278
0.004126000000,0.000000,-0.260599
0.004128000000,0.000000,0.073576
0.004130000000,0.000000,0.011377
0.004132000000,0.000000,-0.197234
0.004134000000,0.000000,-0.021184
0.004136000000,0.000000,0.427763
0.004138000000,0.000000,-0.116450
0.004140000000,0.000000,-0.160512
0.004142000000,0.000000,0.100563
0.004144000000,0.000000,0.093454
0.004146000000,0.000000,0.067398
0.004148000000,0.000000,0.186706
0.004150000000,0.000000,-0.080036
0.004152000000,0.000000,-0.223896
0.004154000000,0.000000,-0.038555
0.004156000000,0.000000,-0.093608
0.004158000000,0.000000,0.383345
0.004160000000,0.000000,0.030880
0.004162000000,0.000000,0.226680
0.004164000000,0.000000,-0.007093
0.004166000000,0.000000,0.026012
0.004168000000,0.000000,0.032074
0.004170000000,0.000000,0.127223
0.004172000000,0.000000,-0.196329
0.004174000000,0.000000,-0.194969
0.004176000000,0.000000,0.286456
0.004178000000,0.000000,0.371378
0.004180000000,0.000000,-0.037107
0.004182000000,0.000000,0.042571
0.004184000000,0.000000,-0.150742
0.004186000000,0.000000,0.116345
0.004188000000,0.000000,0.163517
0.004190000000,0.000000,0.151424
0.004192000000,0.000000,-0.183283
0.004194000000,0.000000,0.334059
0.004196000000,0.000000,0.188324
0.004198000000,0.000000,0.031475
0.004200000000,0.000000,-0.028615
0.004202000000,0.000000,-0.053748
0.004204000000,0.000000,0.222638
0.004206000000,0.000000,0.049776
0.004208000000,0.000000,-0.231980
0.004210000000,0.000000,-0.179874
0.004212000000,0.000000,-0.213733
0.004214000000,0.000000,-0.095517
0.004216000000,0.000000,0.069313
0.004218000000,0.000000,-0.200156
0.004220000000,0.000000,-0.179541
0.004222000000,0.000000,0.073857
0.004224000000,0.000000,-0.069406
0.004226000000,0.000000,-0.018176
0.004228000000,0.000000,-0.231331
0.004230000000,0.000000,-0.167072
0.004232000000,0.000000,0.254427
0.004234000000,0.000000,-0.278245
0.004236000000,0.000000,-0.007919
0.004238000000,0.000000,0.459526
0.004240000000,0.000000,-0.384711
0.004242000000,0.000000,0.056832
0.004244000000,0.000000,-0.315080
0.004246000000,0.000000,-0.009794
0.004248000000,0.000000,-0.126004
0.004250000000,0.000000,0.087748
0.004252000000,0.000000,0.119849
0.004254000000,0.000000,-0.264301
0.004256000000,0.000000,-0.050490
0.004258000000,0.000000,0.296007
0.004260000000,0.000000,0.052321
0.004262000000,0.000000,-0.007559
0.004264000000,0.000000,0.031906
0.004266000000,0.000000,0.050148
0.004268000000,0.000000,-0.024559
0.004270000000,0.000000,0.232170
0.004272000000,0.000000,-0.275867
0.004274000000,0.000000,0.507405
0.004276000000,0.000000,-0.015441
0.004278000000,0.000000,-0.168663
0.004280000000,0.000000,-0.023844
0.004282000000,0.000000,-0.015338
0.004284000000,0.000000,-0.023433
0.004286000000,0.000000,-0.277668
0.004288000000,0.000000,-0.086462
0.004290000000,0.000000,-0.289883
0.004292000000,0.000000,-0.372037
0.004294000000,0.000000,0.030091
0.004296000000,0.000000,-0.274089
0.004298000000,0.000000,0.070226
0.004300000000,0.000000,0.017382
0.004302000000,0.000000,-0.128490
0.004304000000,0.000000,0.101861
0.004306000000,0.000000,-0.016803
0.004308000000,0.000000,0.165527
0.004310000000,0.000000,0.081319
0.004312000000,0.000000,0.089868
0.004314000000,0.000000,0.423952
0.004316000000,0.000000,-0.184859
0.004318000000,0.000000,-0.411837
0.004320000000,0.000000,-0.266844
0.004322000000,0.000000,-0.319798
0.004324000000,0.000000,0.371886
0.004326000000,0.000000,-0.182120
0.004328000000,0.000000,-0.073720
0.004330000000,0.000000,0.162155
0.004332000000,0.000000,0.035862
0.004334000000,0.000000,-0.200183
0.004336000000,0.000000,0.235733
0.004338000000,0.000000,-0.314221
0.004340000000,0.000000,-0.143485
0.004342000000,0.000000,-0.020317
0.004344000000,0.000000,-0.032590
0.004346000000,0.000000,0.203985
0.004348000000,0.000000,0.115090
0.004350000000,0.000000,0.103439
0.004352000000,0.000000,0.057535
0.004354000000,0.000000,-0.084469
0.004356000000,0.000000,-0.019052
0.004358000000,0.000000,0.152269
0.004360000000,0.000000,0.025143
0.004362000000,0.000000,0.123645
0.004364000000,0.000000,-0.145594
0.004366000000,0.000000,-0.307610
0.004368000000,0.000000,0.174967
0.004370000000,0.000000,0.285007
0.004372000000,0.000000,-0.110702
0.004374000000,0.000000,-0.026968
0.004376000000,0.000000,0.166232
0.004378000000,0.000000,0.152192
0.004380000000,0.000000,0.108425
0.004382000000,0.000000,0.017544
0.004384000000,0.000000,-0.146374
0.004386000000,0.000000,-0.088103
0.004388000000,0.000000,-0.072885
0.004390000000,0.000000,0.005987
0.004392000000,0.000000,0.197050
0.004394000000,0.000000,-0.057136
0.004396000000,0.000000,0.142343
0.004398000000,0.000000,-0.070426
0.004400000000,0.000000,0.289709
0.004402000000,0.000000,-0.158316
0.004404000000,0.000000,0.072181
0.004406000000,0.000000,0.096284
0.004408000000,0.000000,0.135029
0.004410000000,0.000000,-0.060372
0.004412000000,0.000000,0.133841
0.004414000000,0.000000,-0.361860
0.004416000000,0.000000,-0.078952
0.004418000000,0.000000,0.190253
0.004420000000,0.000000,0.200381
0.004422000000,0.000000,0.099444
0.004424000000,0.000000,-0.034555
0.004426000000,0.000000,0.121729
0.004428000000,0.000000,-0.125184
0.004430000000,0.000000,-0.152616
0.004432000000,0.000000,0.077472
0.004434000000,0.000000,0.033603
0.004436000000,0.000000,-0.076396
0.004438000000,0.000000,-0.033742
0.004440000000,0.000000,-0.144651
0.004442000000,0.000000,0.159282
0.004444000000,0.000000,-0.351266
0.004446000000,0.000000,-0.087431
0.004448000000,0.000000,0.199607
0.004450000000,0.000000,0.014653
0.004452000000,0.000000,0.214912
0.004454000000,0.000000,-0.050645
0.004456000000,0.000000,0.518689
0.004458000000,0.000000,-0.057684
0.004460000000,0.000000,0.171144
0.004462000000,0.000000,-0.101670
0.004464000000,0.000000,-0.275181
0.004466000000,0.000000,0.028479
0.004468000000,0.000000,-0.207558
0.004470000000,0.000000,-0.053086
0.004472000000,0.000000,0.438920
0.004474000000,0.000000,-0.253405
0.004476000000,0.000000,0.237823
0.004478000000,0.000000,0.087223
0.004480000000,0.000000,0.173503
0.004482000000,0.000000,-0.052958
0.004484000000,0.000000,-0.195900
0.004486000000,0.000000,-0.326361
0.004488000000,0.000000,-0.485090
0.004490000000,0.000000,0.070606
0.004492000000,0.000000,0.151895
0.004494000000,0.000000,-0.175174
0.004496000000,0.000000,-0.159096
0.004498000000,0.000000,-0.060610
0.004500000000,0.000000,0.103357
0.004502000000,0.000000,0.270985
0.004504000000,0.000000,0.180027
0.004506000000,0.000000,-0.056778
0.004508000000,0.000000,-0.014325
0.004510000000,0.000000,-0.227650
0.004512000000,0.000000,0.348157
0.004514000000,0.000000,-0.246258
0.004516000000,0.000000,0.001759
0.004518000000,0.000000,0.092382
0.004520000000,0.000000,0.426887
0.004522000000,0.000000,0.027277
0.004524000000,0.000000,0.111009
0.004526000000,0.000000,-0.102763
0.004528000000,0.000000,0.048883
0.004530000000,0.000000,0.156393
0.004532000000,0.000000,-0.083539
0.004534000000,0.000000,0.103053
0.004536000000,0.000000,0.027526
0.004538000000,0.000000,-0.192662
0.004540000000,0.000000,0.291997
0.004542000000,0.000000,0.183004
0.004544000000,0.000000,0.210036
0.004546000000,0.000000,-0.036708
0.004548000000,0.000000,-0.026476
0.004550000000,0.000000,0.188439
0.004552000000,0.000000,0.023912
0.004554000000,0.000000,-0.017986
0.004556000000,0.000000,-0.169609
0.004558000000,0.000000,-0.048222
0.004560000000,0.000000,-0.015010
0.004562000000,0.000000,-0.413383
0.004564000000,0.000000,0.126724
0.004566000000,0.000000,0.314502
0.004568000000,0.000000,-0.176905
0.004570000000,0.000000,0.150059
0.004572000000,0.000000,0.128707
0.004574000000,0.000000,0.101438
0.004576000000,0.000000,-0.110344
0.004578000000,0.000000,-0.196549
0.004580000000,0.000000,-0.134289
0.004582000000,0.000000,0.132904
0.004584000000,0.000000,-0.256719
0.004586000000,0.000000,0.077863
0.004588000000,0.000000,-0.075095
0.004590000000,0.000000,-0.107567
0.004592000000,0.000000,0.154284
0.004594000000,0.000000,-0.039907
0.004596000000,0.000000,-0.186228
0.004598000000,0.000000,0.029053
0.004600000000,0.000000,-0.233374
0.004602000000,0.000000,0.027673
0.004604000000,0.000000,0.013532
0.004606000000,0.000000,-0.369849
0.004608000000,0.000000,0.420511
0.004610000000,0.000000,-0.053586
0.004612000000,0.000000,0.328107
0.004614000000,0.000000,-0.170999
0.004616000000,0.000000,-0.380493
0.004618000000,0.000000,-0.148682
0.004620000000,0.000000,0.023289
0.004622000000,0.000000,0.048665
0.004624000000,0.000000,0.201522
0.004626000000,0.000000,0.219849
0.004628000000,0.000000,-0.060378
0.004630000000,0.000000,0.024820
0.004632000000,0.000000,0.255834
0.004634000000,0.000000,-0.129516
0.004636000000,0.000000,-0.004134
0.004638000000,0.000000,-0.148622
0.004640000000,0.000000,0.193722
0.004642000000,0.000000,0.097702
0.004644000000,0.000000,-0.244469
0.004646000000,0.000000,0.256334
0.004648000000,0.000000,0.011302
0.004650000000,0.000000,-0.229098
0.004652000000,0.000000,-0.341275
0.004654000000,0.000000,-0.270562
0.004656000000,0.000000,-0.260729
0.004658000000,0.000000,0.048571
0.004660000000,0.000000,-0.307100
0.004662000000,0.000000,-0.132851
0.004664000000,0.000000,0.139666
0.004666000000,0.000000,0.507768
0.004668000000,0.000000,-0.412531
0.004670000000,0.000000,-0.186156
0.004672000000,0.000000,-0.030680
0.004674000000,0.000000,0.216135
0.004676000000,0.000000,0.075042
0.004678000000,0.000000,-0.051038
0.004680000000,0.000000,-0.102722
0.004682000000,0.000000,0.034604
0.004684000000,0.000000,-0.465150
0.004686000000,0.000000,-0.008859
0.004688000000,0.000000,-0.071113
0.004690000000,0.000000,0.269360
0.004692000000,0.000000,0.099099
0.004694000000,0.000000,0.155146
0.004696000000,0.000000,-0.070584
0.004698000000,0.000000,-0.160120
0.004700000000,0.000000,-0.277439
0.004702000000,0.000000,-0.037511
0.004704000000,0.000000,0.165161
0.004706000000,0.000000,-0.112877
0.004708000000,0.000000,-0.298854
0.004710000000,0.000000,-0.132648
0.004712000000,0.000000,0.045136
0.004714000000,0.000000,0.199703
0.004716000000,0.000000,0.299302
0.004718000000,0.000000,0.337077
0.004720000000,0.000000,-0.122881
0.004722000000,0.000000,0.093799
0.004724000000,0.000000,-0.007074
0.004726000000,0.000000,0.074293
0.004728000000,0.000000,0.001446
0.004730000000,0.000000,-0.033653
0.004732000000,0.000000,0.063189
0.004734000000,0.000000,-0.179019
0.004736000000,0.000000,-0.088195
0.004738000000,0.000000,-0.213729
0.004740000000,0.000000,-0.048952
0.004742000000,0.000000,0.068934
0.004744000000,0.000000,0.114509
0.004746000000,0.000000,0.131866
0.004748000000,0.000000,0.169374
0.004750000000,0.000000,0.048244
0.004752000000,0.000000,-0.519079
0.004754000000,0.000000,0.145201
0.004756000000,0.000000,-0.333879
0.004758000000,0.000000,-0.108454
0.004760000000,0.000000,-0.119586
0.004762000000,0.000000,0.120123
0.004764000000,0.000000,0.151506
0.004766000000,0.000000,-0.095704
0.004768000000,0.000000,-0.235034
0.004770000000,0.000000,0.111085
0.004772000000,0.000000,-0.103890
0.004774000000,0.000000,0.134010
0.004776000000,0.000000,0.413605
0.004778000000,0.000000,0.129085
0.004780000000,0.000000,0.212933
0.004782000000,0.000000,0.340962
0.004784000000,0.000000,-0.092366
0.004786000000,0.000000,-0.049135
0.004788000000,0.000000,0.277628
0.004790000000,0.000000,-0.109608
0.004792000000,0.000000,-0.317410
0.004794000000,0.000000,0.043130
0.004796000000,0.000000,-0.233457
0.004798000000,0.000000,0.190021
0.004800000000,0.000000,-0.237139
0.004802000000,0.000000,0.292805
0.004804000000,0.000000,0.344787
0.004806000000,0.000000,-0.007028
0.004808000000,0.000000,-0.246526
0.004810000000,0.000000,0.211979
0.004812000000,0.000000,0.021887
0.004814000000,0.000000,0.185702
0.004816000000,0.000000,0.374433
0.004818000000,0.000000,-0.079767
0.004820000000,0.000000,0.137842
0.004822000000,0.000000,0.015625
0.004824000000,0.000000,0.286768
0.004826000000,0.000000,-0.025641
0.004828000000,0.000000,-0.347751
0.004830000000,0.000000,0.081255
0.004832000000,0.000000,0.158166
0.004834000000,0.000000,0.237847
0.004836000000,0.000000,0.264299
0.004838000000,0.000000,-0.131757
0.004840000000,0.000000,-0.058729
0.004842000000,0.000000,0.467820
0.004844000000,0.000000,0.278708
0.004846000000,0.000000,-0.180190
0.004848000000,0.000000,0.190803
0.004850000000,0.000000,0.138564
0.004852000000,0.000000,-0.225178
0.004854000000,0.000000,0.031781
0.004856000000,0.000000,0.034159
0.004858000000,0.000000,-0.027330
0.004860000000,0.000000,0.479736
0.004862000000,0.000000,0.150064
0.004864000000,0.000000,0.172157
0.004866000000,0.000000,0.231067
0.004868000000,0.000000,0.117255
0.004870000000,0.000000,-0.183309
0.004872000000,0.000000,-0.155938
0.004874000000,0.000000,0.003167
0.004876000000,0.000000,-0.346049
0.004878000000,0.000000,0.138201
0.004880000000,0.000000,-0.065777
0.004882000000,0.000000,0.051164
0.004884000000,0.000000,-0.031787
0.004886000000,0.000000,-0.079746
0.004888000000,0.000000,-0.181295
0.004890000000,0.000000,-0.067191
0.004892000000,0.000000,-0.034887
0.004894000000,0.000000,-0.314545
0.004896000000,0.000000,-0.041679
0.004898000000,0.000000,0.282529
0.004900000000,0.000000,-0.093509
0.004902000000,0.000000,-0.478435
0.004904000000,0.000000,-0.265413
0.004906000000,0.000000,0.345502
0.004908000000,0.000000,0.192636
0.004910000000,0.000000,0.143756
0.004912000000,0.000000,0.234954
0.004914000000,0.000000,0.220627
0.004916000000,0.000000,0.219044
0.004918000000,0.000000,0.069083
0.004920000000,0.000000,-0.185498
0.004922000000,0.000000,0.107737
0.004924000000,0.000000,0.106747
0.004926000000,0.000000,0.198046
0.004928000000,0.000000,-0.423003
0.004930000000,0.000000,-0.062539
0.004932000000,0.000000,-0.089001
0.004934000000,0.000000,0.275452
0.004936000000,0.000000,0.165179
0.004938000000,0.000000,0.328895
0.004940000000,0.000000,0.076331
0.004942000000,0.000000,-0.205481
0.004944000000,0.000000,-0.171311
0.004946000000,0.000000,-0.192830
0.004948000000,0.000000,-0.196160
0.004950000000,0.000000,-0.179647
0.004952000000,0.000000,0.242824
0.004954000000,0.000000,-0.017237
0.004956000000,0.000000,0.077022
0.004958000000,0.000000,-0.141971
0.004960000000,0.000000,-0.115543
0.004962000000,0.000000,0.331575
0.004964000000,0.000000,0.095697
0.004966000000,0.000000,0.251001
0.004968000000,0.000000,-0.217151
0.004970000000,0.000000,0.296196
0.004972000000,0.000000,-0.092836
0.004974000000,0.000000,-0.017128
0.004976000000,0.000000,0.046173
0.004978000000,0.000000,-0.044498
0.004980000000,0.000000,-0.244431
0.004982000000,0.000000,0.210843
0.004984000000,0.000000,-0.309176
0.004986000000,0.000000,0.031140
0.004988000000,0.000000,-0.256212
0.004990000000,0.000000,-0.250172
0.004992000000,0.000000,-0.087287
0.004994000000,0.000000,-0.189168
0.004996000000,0.000000,0.077740
0.004998000000,0.000000,-0.203705
0.005000000000,0.000000,-0.429578
0.005002000000,0.000000,0.039770
0.005004000000,0.000000,0.197912
0.005006000000,0.000000,0.246614
0.005008000000,0.000000,-0.212781
0.005010000000,0.000000,0.067376
0.005012000000,0.000000,-0.067972
0.005014000000,0.000000,0.654078
0.005016000000,0.000000,0.059085
0.005018000000,0.000000,0.074956
0.005020000000,0.000000,0.028686
0.005022000000,0.000000,-0.258550
0.005024000000,0.000000,0.273866
0.005026000000,0.000000,-0.060938
0.005028000000,0.000000,0.037116
0.005030000000,0.000000,0.067111
0.005032000000,0.000000,0.134256
0.005034000000,0.000000,0.280245
0.005036000000,0.000000,0.068916
0.005038000000,0.000000,0.271759
0.005040000000,0.000000,0.007973
0.005042000000,0.000000,0.270655
0.005044000000,0.000000,-0.460292
0.005046000000,0.000000,-0.205227
0.005048000000,0.000000,0.318040
0.005050000000,0.000000,-0.135602
0.005052000000,0.000000,-0.093846
0.005054000000,0.000000,-0.014231
0.005056000000,0.000000,-0.031165
0.005058000000,0.000000,-0.094528
0.005060000000,0.000000,0.171703
0.005062000000,0.000000,-0.210645
0.005064000000,0.000000,-0.142188
0.005066000000,0.000000,-0.146994
0.005068000000,0.000000,-0.243467
0.005070000000,0.000000,0.213768
0.005072000000,0.000000,-0.263945
0.005074000000,0.000000,-0.087349
0.005076000000,0.000000,-0.057751
0.005078000000,0.000000,0.155060
0.005080000000,0.000000,0.051628
0.005082000000,0.000000,0.386546
0.005084000000,0.000000,0.185048
0.005086000000,0.000000,-0.180499
0.005088000000,0.000000,-0.087731
0.005090000000,0.000000,-0.027884
0.005092000000,0.000000,-0.109843
0.005094000000,0.000000,-0.105684
0.005096000000,0.000000,0.176605
0.005098000000,0.000000,0.173393
0.005100000000,0.000000,-0.208040
0.005102000000,0.000000,-0.287831
0.005104000000,0.000000,-0.066571
0.005106000000,0.000000,0.009865
0.005108000000,0.000000,0.120389
0.005110000000,0.000000,-0.202632
0.005112000000,0.000000,-0.200439
0.005114000000,0.000000,-0.032494
0.005116000000,0.000000,-0.045867
0.005118000000,0.000000,-0.009156
0.005120000000,0.000000,0.030078
0.005122000000,0.000000,-0.004801
0.005124000000,0.000000,0.163493
0.005126000000,0.000000,-0.272585
0.005128000000,0.000000,0.130546
0.005130000000,0.000000,0.284179
0.005132000000,0.000000,-0.477951
0.005134000000,0.000000,-0.167021
0.005136000000,0.000000,0.029054
0.005138000000,0.000000,-0.152654
0.005140000000,0.000000,0.069038
0.005142000000,0.000000,0.208537
0.005144000000,0.000000,-0.113483
0.005146000000,0.000000,-0.311364
0.005148000000,0.000000,0.172854
0.005150000000,0.000000,-0.039913
0.005152000000,0.000000,0.241172
0.005154000000,0.000000,0.254708
0.005156000000,0.000000,-0.154732
0.005158000000,0.000000,0.235392
0.005160000000,0.000000,-0.010546
0.005162000000,0.000000,0.150919
0.005164000000,0.000000,0.023320
0.005166000000,0.000000,0.044572
0.005168000000,0.000000,0.146392
0.005170000000,0.000000,0.316051
0.005172000000,0.000000,0.209331
0.005174000000,0.000000,0.222927
0.005176000000,0.000000,0.147708
0.005178000000,0.000000,0.250829
0.005180000000,0.000000,-0.039394
0.005182000000,0.000000,0.206275
0.005184000000,0.000000,0.025197
0.005186000000,0.000000,-0.176642
0.005188000000,0.000000,-0.049337
0.005190000000,0.000000,0.082554
0.005192000000,0.000000,0.084107
0.005194000000,0.000000,0.004323
0.005196000000,0.000000,0.154081
0.005198000000,0.000000,-0.428154
0.005200000000,0.000000,0.139839
0.005202000000,0.000000,0.162556
0.005204000000,0.000000,0.010018
0.005206000000,0.000000,-0.071042
0.005208000000,0.000000,0.121359
0.005210000000,0.000000,-0.185173
0.005212000000,0.000000,0.165765
0.005214000000,0.000000,0.158154
0.005216000000,0.000000,-0.077225
0.005218000000,0.000000,0.085778
0.005220000000,0.000000,0.330207
0.005222000000,0.000000,0.120641
0.005224000000,0.000000,0.122477
0.005226000000,0.000000,-0.263573
0.005228000000,0.000000,0.047284
0.005230000000,0.000000,-0.081993
0.005232000000,0.000000,-0.376358
0.005234000000,0.000000,0.174532
0.005236000000,0.000000,-0.050689
0.005238000000,0.000000,-0.108234
0.005240000000,0.000000,-0.178358
0.005242000000,0.000000,-0.055797
0.005244000000,0.000000,-0.007046
0.005246000000,0.000000,-0.360526
0.005248000000,0.000000,-0.043791
0.005250000000,0.000000,0.364565
0.005252000000,0.000000,-0.254589
0.005254000000,0.000000,-0.159122
0.005256000000,0.000000,0.282364
0.005258000000,0.000000,0.261268
0.005260000000,0.000000,0.464263
0.005262000000,0.000000,-0.140985
0.005264000000,0.000000,-0.039047
0.005266000000,0.000000,-0.027343
0.005268000000,0.000000,-0.001476
0.005270000000,0.000000,0.268232
0.005272000000,0.000000,0.034455
0.005274000000,0.000000,-0.691398
0.005276000000,0.000000,0.137430
0.005278000000,0.000000,-0.019891
0.005280000000,0.000000,-0.192899
0.005282000000,0.000000,-0.048593
0.005284000000,0.000000,-0.057017
0.005286000000,0.000000,0.133141
0.005288000000,0.000000,0.119682
0.005290000000,0.000000,0.210484
0.005292000000,0.000000,0.155093
0.005294000000,0.000000,-0.120578
0.005296000000,0.000000,0.140567
0.005298000000,0.000000,-0.354512
0.005300000000,0.000000,0.433828
0.005302000000,0.000000,0.084751
0.005304000000,0.000000,-0.042291
0.005306000000,0.000000,-0.220193
0.005308000000,0.000000,0.115600
0.005310000000,0.000000,-0.215052
0.005312000000,0.000000,0.130276
0.005314000000,0.000000,-0.013757
0.005316000000,0.000000,0.041672
0.005318000000,0.000000,-0.242600
0.005320000000,0.000000,-0.173961
0.005322000000,0.000000,0.165104
0.005324000000,0.000000,0.225055
0.005326000000,0.000000,-0.078480
0.005328000000,0.000000,-0.058080
0.005330000000,0.000000,0.324124
0.005332000000,0.000000,-0.086205
0.005334000000,0.000000,0.217527
0.005336000000,0.000000,-0.386358
0.005338000000,0.000000,0.181644
0.005340000000,0.000000,-0.271102
0.005342000000,0.000000,0.048724
0.005344000000,0.000000,0.333060
0.005346000000,0.000000,0.090260
0.005348000000,0.000000,0.111052
0.005350000000,0.000000,-0.042873
0.005352000000,0.000000,0.027734
0.005354000000,0.000000,0.261484
0.005356000000,0.000000,0.052392
0.005358000000,0.000000,0.140727
0.005360000000,0.000000,0.396003
0.005362000000,0.000000,-0.337569
0.005364000000,0.000000,-0.147895
0.005366000000,0.000000,0.063440
0.005368000000,0.000000,0.282666
0.005370000000,0.000000,-0.061361
0.005372000000,0.000000,-0.035363
0.005374000000,0.000000,0.031601
0.005376000000,0.000000,0.237833
0.005378000000,0.000000,0.011606
0.005380000000,0.000000,-0.026583
0.005382000000,0.000000,-0.202399
0.005384000000,0.000000,-0.352939
0.005386000000,0.000000,0.118238
0.005388000000,0.000000,-0.055378
0.005390000000,0.000000,0.063053
0.005392000000,0.000000,0.077648
0.005394000000,0.000000,-0.089012
0.005396000000,0.000000,0.140044
0.005398000000,0.000000,-0.127756
0.005400000000,0.000000,0.155427
0.005402000000,0.000000,0.025339
0.005404000000,0.000000,0.136863
0.005406000000,0.000000,0.244799
0.005408000000,0.000000,-0.036456
0.005410000000,0.000000,-0.252136
0.005412000000,0.000000,-0.243353
0.005414000000,0.000000,-0.022870
0.005416000000,0.000000,-0.089651
0.005418000000,0.000000,0.054756
0.005420000000,0.000000,-0.047008
0.005422000000,0.000000,0.148785
0.005424000000,0.000000,0.029884
0.005426000000,0.000000,-0.093965
0.005428000000,0.000000,-0.036170
0.005430000000,0.000000,-0.171808
0.005432000000,0.000000,-0.256464
0.005434000000,0.000000,0.025335
0.005436000000,0.000000,-0.036400
0.005438000000,0.000000,0.005715
0.005440000000,0.000000,0.054387
0.005442000000,0.000000,-0.314203
0.005444000000,0.000000,-0.176526
0.005446000000,0.000000,-0.096107
0.005448000000,0.000000,-0.087556
0.005450000000,0.000000,-0.483471
0.005452000000,0.000000,-0.248359
0.005454000000,0.000000,0.087055
0.005456000000,0.000000,0.506048
0.005458000000,0.000000,-0.032700
0.005460000000,0.000000,0.020549
0.005462000000,0.000000,0.210712
0.005464000000,0.000000,-0.062027
0.005466000000,0.000000,0.072080
0.005468000000,0.000000,0.157682
0.005470000000,0.000000,-0.101405
0.005472000000,0.000000,-0.080907
0.005474000000,0.000000,0.183201
0.005476000000,0.000000,-0.182865
0.005478000000,0.000000,-0.206237
0.005480000000,0.000000,-0.476306
0.005482000000,0.000000,0.138104
0.005484000000,0.000000,0.387693
0.005486000000,0.000000,0.014658
0.005488000000,0.000000,-0.074505
0.005490000000,0.000000,0.027286
0.005492000000,0.000000,-0.103126
0.005494000000,0.000000,-0.046329
0.005496000000,0.000000,0.112582
0.005498000000,0.000000,-0.221139
0.005500000000,0.000000,0.059110
0.005502000000,0.000000,0.122166
0.005504000000,0.000000,0.312806
0.005506000000,0.000000,-0.109694
0.005508000000,0.000000,-0.032687
0.005510000000,0.000000,0.005343
0.005512000000,0.000000,-0.008843
0.005514000000,0.000000,0.279652
0.005516000000,0.000000,0.146883
0.005518000000,0.000000,-0.480563
0.005520000000,0.000000,-0.153711
0.005522000000,0.000000,0.056251
0.005524000000,0.000000,0.048234
0.005526000000,0.000000,-0.069387
0.005528000000,0.000000,-0.217349
0.005530000000,0.000000,0.027259
0.005532000000,0.000000,-0.101397
0.005534000000,0.000000,0.151635
0.005536000000,0.000000,0.189344
0.005538000000,0.000000,-0.070823
0.005540000000,0.000000,-0.059788
0.005542000000,0.000000,-0.071084
0.005544000000,0.000000,0.548802
0.005546000000,0.000000,0.098887
0.005548000000,0.000000,0.099927
0.005550000000,0.000000,0.184069
0.005552000000,0.000000,0.093879
0.005554000000,0.000000,-0.473322
0.005556000000,0.000000,-0.005556
0.005558000000,0.000000,0.024245
0.005560000000,0.000000,0.114365
0.005562000000,0.000000,0.003757
0.005564000000,0.000000,0.082082
0.005566000000,0.000000,-0.132676
0.005568000000,0.000000,0.128102
0.005570000000,0.000000,-0.091707
0.005572000000,0.000000,0.239392
0.005574000000,0.000000,-0.204079
0.005576000000,0.000000,-0.040877
0.005578000000,0.000000,-0.150320
0.005580000000,0.000000,0.007438
0.005582000000,0.000000,0.418406
0.005584000000,0.000000,-0.141615
0.005586000000,0.000000,0.283837
0.005588000000,0.000000,0.083791
0.005590000000,0.000000,0.118526
0.005592000000,0.000000,0.122107
0.005594000000,0.000000,0.088297
0.005596000000,0.000000,-0.114854
0.005598000000,0.000000,-0.100114
0.005600000000,0.000000,0.236470
0.005602000000,0.000000,0.047812
0.005604000000,0.000000,-0.144345
0.005606000000,0.000000,-0.271107
0.005608000000,0.000000,-0.185099
0.005610000000,0.000000,-0.144079
0.005612000000,0.000000,0.169454
0.005614000000,0.000000,-0.203866
0.005616000000,0.000000,-0.185113
0.005618000000,0.000000,0.165846
0.005620000000,0.000000,0.273152
0.005622000000,0.000000,-0.155452
0.005624000000,0.000000,0.123867
0.005626000000,0.000000,-0.141277
0.005628000000,0.000000,-0.089205
0.005630000000,0.000000,0.002786
0.005632000000,0.000000,-0.308808
0.005634000000,0.000000,-0.082083
0.005636000000,0.000000,-0.214045
0.005638000000,0.000000,0.200132
0.005640000000,0.000000,0.206478
0.005642000000,0.000000,-0.110080
0.005644000000,0.000000,-0.200773
0.005646000000,0.000000,-0.099353
0.005648000000,0.000000,0.081811
0.005650000000,0.000000,-0.379932
0.005652000000,0.000000,-0.006209
0.005654000000,0.000000,0.135768
0.005656000000,0.000000,0.055727
0.005658000000,0.000000,0.558206
0.005660000000,0.000000,-0.029932
0.005662000000,0.000000,0.055437
0.005664000000,0.000000,0.065631
0.005666000000,0.000000,0.132973
0.005668000000,0.000000,0.068852
0.005670000000,0.000000,0.003775
0.005672000000,0.000000,0.141784
0.005674000000,0.000000,0.172358
0.005676000000,0.000000,-0.112359
0.005678000000,0.000000,-0.114167
0.005680000000,0.000000,0.010550
0.005682000000,0.000000,-0.436158
0.005684000000,0.000000,-0.160801
0.005686000000,0.000000,0.050180
0.005688000000,0.000000,0.002694
0.005690000000,0.000000,0.440538
0.005692000000,0.000000,0.032761
0.005694000000,0.000000,-0.184951
0.005696000000,0.000000,0.175766
0.005698000000,0.000000,-0.123311
0.005700000000,0.000000,0.347549
0.005702000000,0.000000,-0.248234
0.005704000000,0.000000,-0.298116
0.005706000000,0.000000,0.060071
0.005708000000,0.000000,-0.066690
0.005710000000,0.000000,-0.232103
0.005712000000,0.000000,0.263051
0.005714000000,0.000000,-0.021046
0.005716000000,0.000000,-0.336528
0.005718000000,0.000000,0.543410
0.005720000000,0.000000,-0.139578
0.005722000000,0.000000,-0.044879
0.005724000000,0.000000,0.309814
0.005726000000,0.000000,-0.003232
0.005728000000,0.000000,0.297034
0.005730000000,0.000000,-0.170333
0.005732000000,0.000000,-0.345700
0.005734000000,0.000000,0.055419
0.005736000000,0.000000,0.088503
0.005738000000,0.000000,0.099059
0.005740000000,0.000000,-0.246887
0.005742000000,0.000000,-0.033426
0.005744000000,0.000000,-0.505700
0.005746000000,0.000000,0.083146
0.005748000000,0.000000,0.144571
0.005750000000,0.000000,0.158984
0.005752000000,0.000000,-0.054528
0.005754000000,0.000000,0.269317
0.005756000000,0.000000,0.325903
0.005758000000,0.000000,0.245833
0.005760000000,0.000000,-0.232246
0.005762000000,0.000000,-0.151763
0.005764000000,0.000000,-0.029197
0.005766000000,0.000000,-0.092972
0.005768000000,0.000000,0.126414
0.005770000000,0.000000,-0.259788
0.005772000000,0.000000,-0.028114
0.005774000000,0.000000,-0.276003
0.005776000000,0.000000,-0.157300
0.005778000000,0.000000,-0.254636
0.005780000000,0.000000,-0.147885
0.005782000000,0.000000,-0.294709
0.005784000000,0.000000,0.066991
0.005786000000,0.000000,-0.255149
0.005788000000,0.000000,-0.157933
0.005790000000,0.000000,0.077526
0.005792000000,0.000000,0.137066
0.005794000000,0.000000,0.117773
0.005796000000,0.000000,-0.159501
0.005798000000,0.000000,-0.238024
0.005800000000,0.000000,0.112853
0.005802000000,0.000000,0.207962
0.005804000000,0.000000,-0.274162
0.005806000000,0.000000,0.045716
0.005808000000,0.000000,-0.075955
0.005810000000,0.000000,-0.095329
0.005812000000,0.000000,0.116837
0.005814000000,0.000000,-0.274313
0.005816000000,0.000000,-0.054716
0.005818000000,0.000000,0.370589
0.005820000000,0.000000,0.372260
0.005822000000,0.000000,0.180475
0.005824000000,0.000000,0.117173
0.005826000000,0.000000,-0.238622
0.005828000000,0.000000,-0.398889
0.005830000000,0.000000,-0.003209
0.005832000000,0.000000,-0.473151
0.005834000000,0.000000,-0.326975
0.005836000000,0.000000,0.023722
0.005838000000,0.000000,-0.338895
0.005840000000,0.000000,0.048559
0.005842000000,0.000000,0.613280
0.005844000000,0.000000,-0.314430
0.005846000000,0.000000,0.147798
0.005848000000,0.000000,-0.286975
0.005850000000,0.000000,-0.397012
0.005852000000,0.000000,0.212096
0.005854000000,0.000000,0.014432
0.005856000000,0.000000,-0.229489
0.005858000000,0.000000,0.010839
0.005860000000,0.000000,-0.056068
0.005862000000,0.000000,-0.236564
0.005864000000,0.000000,-0.335030
0.005866000000,0.000000,-0.119960
0.005868000000,0.000000,0.105890
0.005870000000,0.000000,0.038971
0.005872000000,0.000000,-0.063893
0.005874000000,0.000000,0.225210
0.005876000000,0.000000,-0.057827
0.005878000000,0.000000,0.245373
0.005880000000,0.000000,-0.175280
0.005882000000,0.000000,0.126924
0.005884000000,0.000000,-0.131590
0.005886000000,0.000000,-0.133002
0.005888000000,0.000000,-0.199198
0.005890000000,0.000000,-0.084963
0.005892000000,0.000000,-0.182403
0.005894000000,0.000000,-0.077625
0.005896000000,0.000000,-0.275149
0.005898000000,0.000000,-0.169420
0.005900000000,0.000000,0.218443
0.005902000000,0.000000,-0.172327
0.005904000000,0.000000,-0.117650
0.005906000000,0.000000,-0.119008
0.005908000000,0.000000,-0.030576
0.005910000000,0.000000,-0.004708
0.005912000000,0.000000,-0.051569
0.005914000000,0.000000,-0.356673
0.005916000000,0.000000,-0.048029
0.005918000000,0.000000,-0.039774
0.005920000000,0.000000,0.140518
0.005922000000,0.000000,-0.023183
0.005924000000,0.000000,0.178309
0.005926000000,0.000000,-0.168171
0.005928000000,0.000000,0.121357
0.005930000000,0.000000,-0.269833
0.005932000000,0.000000,-0.109713
0.005934000000,0.000000,0.017854
0.005936000000,0.000000,-0.251884
0.005938000000,0.000000,-0.031234
0.005940000000,0.000000,-0.338957
0.005942000000,0.000000,-0.225100
0.005944000000,0.000000,0.150077
0.005946000000,0.000000,0.010713
0.005948000000,0.000000,-0.031380
0.005950000000,0.000000,0.048853
0.005952000000,0.000000,-0.065297
0.005954000000,0.000000,-0.528575
0.005956000000,0.000000,-0.174258
0.005958000000,0.000000,0.064009
0.005960000000,0.000000,-0.103747
0.005962000000,0.000000,-0.006962
0.005964000000,0.000000,-0.087501
0.005966000000,0.000000,-0.001440
0.005968000000,0.000000,-0.163367
0.005970000000,0.000000,0.059106
0.005972000000,0.000000,0.039358
0.005974000000,0.000000,-0.363896
0.005976000000,0.000000,0.356657
0.005978000000,0.000000,-0.013771
0.005980000000,0.000000,0.054237
0.005982000000,0.000000,-0.299422
0.005984000000,0.000000,0.420401
0.005986000000,0.000000,-0.248303
0.005988000000,0.000000,0.023308
0.005990000000,0.000000,0.320939
0.005992000000,0.000000,0.039942
0.005994000000,0.000000,0.321061
0.005996000000,0.000000,-0.070900
0.005998000000,0.000000,-0.390381
0.006000000000,0.000000,-0.284561
0.006002000000,0.000000,-0.279825
0.006004000000,0.000000,0.572731
0.006006000000,0.000000,0.164068
0.006008000000,0.000000,0.061067
0.006010000000,0.000000,0.141552
0.006012000000,0.000000,0.033087
0.006014000000,0.000000,-0.092846
0.006016000000,0.000000,-0.359616
0.006018000000,0.000000,0.119331
0.006020000000,0.000000,0.139437
0.006022000000,0.000000,0.321254
0.006024000000,0.000000,0.009013
0.006026000000,0.000000,-0.060218
0.006028000000,0.000000,0.092874
0.006030000000,0.000000,0.258550
0.006032000000,0.000000,-0.081401
0.006034000000,0.000000,0.125332
0.006036000000,0.000000,0.073291
0.006038000000,0.000000,-0.062288
0.006040000000,0.000000,-0.397377
0.006042000000,0.000000,0.024483
0.006044000000,0.000000,-0.164242
0.006046000000,0.000000,-0.136181
0.006048000000,0.000000,0.006654
0.006050000000,0.000000,0.176792
0.006052000000,0.000000,-0.388605
0.006054000000,0.000000,0.192953
0.006056000000,0.000000,-0.120200
0.006058000000,0.000000,-0.254917
0.006060000000,0.000000,0.025108
0.006062000000,0.000000,0.354249
0.006064000000,0.000000,-0.388949
0.006066000000,0.000000,-0.057252
0.006068000000,0.000000,0.211963
0.006070000000,0.000000,0.144369
0.006072000000,0.000000,-0.102914
0.006074000000,0.000000,0.314454
0.006076000000,0.000000,0.014200
0.006078000000,0.000000,0.000409
0.006080000000,0.000000,0.129143
0.006082000000,0.000000,0.277999
0.006084000000,0.000000,0.090831
0.006086000000,0.000000,-0.093655
0.006088000000,0.000000,-0.231210
0.006090000000,0.000000,0.259863
0.006092000000,0.000000,-0.147821
0.006094000000,0.000000,-0.257584
0.006096000000,0.000000,0.309791
0.006098000000,0.000000,0.080884
0.006100000000,0.000000,-0.119709
0.006102000000,0.000000,0.169806
0.006104000000,0.000000,0.277736
0.006106000000,0.000000,0.540794
0.006108000000,0.000000,0.378446
0.006110000000,0.000000,-0.185513
0.006112000000,0.000000,0.028391
0.006114000000,0.000000,0.203072
0.006116000000,0.000000,0.055222
0.006118000000,0.000000,-0.141437
0.006120000000,0.000000,-0.242734
0.006122000000,0.000000,-0.156340
0.006124000000,0.000000,-0.090334
0.006126000000,0.000000,0.274964
0.006128000000,0.000000,-0.057387
0.006130000000,0.000000,-0.203945
0.006132000000,0.000000,0.227670
0.006134000000,0.000000,0.019262
0.006136000000,0.000000,-0.102108
0.006138000000,0.000000,-0.036928
0.006140000000,0.000000,-0.119958
0.006142000000,0.000000,-0.231535
0.006144000000,0.000000,0.018370
0.006146000000,0.000000,-0.269117
0.006148000000,0.000000,-0.212658
0.006150000000,0.000000,0.204333
0.006152000000,0.000000,-0.049406
0.006154000000,0.000000,-0.086148
0.006156000000,0.000000,-0.003845
0.006158000000,0.000000,0.179572
0.006160000000,0.000000,0.078454
0.006162000000,0.000000,-0.005351
0.006164000000,0.000000,0.087572
0.006166000000,0.000000,0.016418
0.006168000000,0.000000,-0.106248
0.006170000000,0.000000,0.183410
0.006172000000,0.000000,-0.412744
0.006174000000,0.000000,0.118109
0.006176000000,0.000000,0.272116
0.006178000000,0.000000,-0.571060
0.006180000000,0.000000,0.080980
0.006182000000,0.000000,-0.277438
0.006184000000,0.000000,-0.137971
0.006186000000,0.000000,-0.029701
0.006188000000,0.000000,-0.000197
0.006190000000,0.000000,-0.390560
0.006192000000,0.000000,-0.275127
0.006194000000,0.000000,-0.159843
0.006196000000,0.000000,-0.474032
0.006198000000,0.000000,0.279584
0.006200000000,0.000000,0.132964
0.006202000000,0.000000,-0.631975
0.006204000000,0.000000,0.213398
0.006206000000,0.000000,-0.065395
0.006208000000,0.000000,-0.129101
0.006210000000,0.000000,0.253435
0.006212000000,0.000000,-0.242764
0.006214000000,0.000000,0.056118
0.006216000000,0.000000,0.094746
0.006218000000,0.000000,0.158848
0.006220000000,0.000000,0.408884
0.006222000000,0.000000,-0.115991
0.006224000000,0.000000,-0.041012
0.006226000000,0.000000,-0.079273
0.006228000000,0.000000,0.054883
0.006230000000,0.000000,0.025009
0.006232000000,0.000000,-0.065559
0.006234000000,0.000000,-0.082934
0.006236000000,0.000000,0.205831
0.006238000000,0.000000,-0.148201
0.006240000000,0.000000,0.128926
0.006242000000,0.000000,0.264393
0.006244000000,0.000000,0.080366
0.006246000000,0.000000,0.209503
0.006248000000,0.000000,-0.202881
0.006250000000,0.000000,0.077089
0.006252000000,0.000000,-0.358655
0.006254000000,0.000000,0.161405
0.006256000000,0.000000,-0.012903
0.006258000000,0.000000,-0.035084
0.006260000000,0.000000,-0.156691
0.006262000000,0.000000,0.110363
0.006264000000,0.000000,0.544571
0.006266000000,0.000000,-0.305576
0.006268000000,0.000000,0.068487
0.006270000000,0.000000,0.065967
0.006272000000,0.000000,0.021958
0.006274000000,0.000000,-0.133391
0.006276000000,0.000000,-0.175260
0.006278000000,0.000000,0.134845
0.006280000000,0.000000,-0.218378
0.006282000000,0.000000,0.258523
0.006284000000,0.000000,-0.026000
0.006286000000,0.000000,0.415994
0.006288000000,0.000000,0.109629
0.006290000000,0.000000,0.103954
0.006292000000,0.000000,0.092250
0.006294000000,0.000000,-0.168744
0.006296000000,0.000000,0.164644
0.006298000000,0.000000,0.165517
0.006300000000,0.000000,-0.090358
0.006302000000,0.000000,-0.165770
0.006304000000,0.000000,-0.312573
0.006306000000,0.000000,0.294393
0.006308000000,0.000000,-0.257918
0.006310000000,0.000000,-0.172644
0.006312000000,0.000000,-0.003907
0.006314000000,0.000000,-0.120240
0.006316000000,0.000000,-0.068263
0.006318000000,0.000000,0.023360
0.006320000000,0.000000,0.051229
0.006322000000,0.000000,-0.186536
0.006324000000,0.000000,-0.066469
0.006326000000,0.000000,-0.081491
0.006328000000,0.000000,-0.062706
0.006330000000,0.000000,-0.202407
0.006332000000,0.000000,-0.448610
0.006334000000,0.000000,-0.241344
0.006336000000,0.000000,0.267437
0.006338000000,0.000000,0.340342
0.006340000000,0.000000,-0.175029
0.006342000000,0.000000,-0.285058
0.006344000000,0.000000,-0.176766
0.006346000000,0.000000,0.234346
0.006348000000,0.000000,0.156039
0.006350000000,0.000000,0.154123
0.006352000000,0.000000,-0.263237
0.006354000000,0.000000,-0.395266
0.006356000000,0.000000,-0.049645
0.006358000000,0.000000,-0.318386
0.006360000000,0.000000,0.103085
0.006362000000,0.000000,0.086633
0.006364000000,0.000000,0.137789
0.006366000000,0.000000,0.306277
0.006368000000,0.000000,-0.011819
0.006370000000,0.000000,-0.207495
0.006372000000,0.000000,-0.075186
0.006374000000,0.000000,0.067402
0.006376000000,0.000000,0.171999
0.006378000000,0.000000,-0.003500
0.006380000000,0.000000,-0.119333
0.006382000000,0.000000,0.010379
0.006384000000,0.000000,-0.136487
0.006386000000,0.000000,0.184159
0.006388000000,0.000000,0.103746
0.006390000000,0.000000,0.208651
0.006392000000,0.000000,0.278049
0.006394000000,0.000000,0.196610
0.006396000000,0.000000,-0.050146
0.006398000000,0.000000,0.050823
0.006400000000,0.000000,0.068763
0.006402000000,0.000000,0.256505
0.006404000000,0.000000,0.073134
0.006406000000,0.000000,-0.346986
0.006408000000,0.000000,0.100809
0.006410000000,0.000000,0.247409
0.006412000000,0.000000,0.224464
0.006414000000,0.000000,0.161334
0.006416000000,0.000000,-0.039669
0.006418000000,0.000000,-0.105968
0.006420000000,0.000000,0.015437
0.006422000000,0.000000,0.009604
0.006424000000,0.000000,-0.081172
0.006426000000,0.000000,-0.374760
0.006428000000,0.000000,0.301063
0.006430000000,0.000000,0.173157
0.006432000000,0.000000,0.242078
0.006434000000,0.000000,-0.450583
0.006436000000,0.000000,0.337729
0.006438000000,0.000000,-0.152671
0.006440000000,0.000000,-0.211357
0.006442000000,0.000000,-0.183044
0.006444000000,0.000000,0.050640
0.006446000000,0.000000,-0.477836
0.006448000000,0.000000,-0.134071
0.006450000000,0.000000,-0.030910
0.006452000000,0.000000,-0.159724
0.006454000000,0.000000,0.070773
0.006456000000,0.000000,0.116608
0.006458000000,0.000000,0.130706
0.006460000000,0.000000,-0.147130
0.006462000000,0.000000,0.111686
0.006464000000,0.000000,-0.067444
0.006466000000,0.000000,0.056968
0.006468000000,0.000000,0.610609
0.006470000000,0.000000,0.184667
0.006472000000,0.000000,0.406199
0.006474000000,0.000000,0.319357
0.006476000000,0.000000,-0.234609
0.006478000000,0.000000,0.342297
0.006480000000,0.000000,-0.088062
0.006482000000,0.000000,0.167620
0.006484000000,0.000000,0.042467
0.006486000000,0.000000,0.175370
0.006488000000,0.000000,0.176919
0.006490000000,0.000000,-0.118644
0.006492000000,0.000000,-0.384667
0.006494000000,0.000000,0.022388
0.006496000000,0.000000,0.032015
0.006498000000,0.000000,-0.078038
0.006500000000,0.000000,-0.005558
0.006502000000,0.000000,0.209293
0.006504000000,0.000000,-0.091491
0.006506000000,0.000000,0.007926
0.006508000000,0.000000,-0.011677
0.006510000000,0.000000,-0.088408
0.006512000000,0.000000,0.117601
0.006514000000,0.000000,0.219361
0.006516000000,0.000000,0.457728
0.006518000000,0.000000,-0.047114
0.006520000000,0.000000,-0.442893
0.006522000000,0.000000,0.132229
0.006524000000,0.000000,-0.329772
0.006526000000,0.000000,0.217217
0.006528000000,0.000000,-0.214036
0.006530000000,0.000000,0.048438
0.006532000000,0.000000,0.143341
0.006534000000,0.000000,-0.204687
0.006536000000,0.000000,-0.186367
0.006538000000,0.000000,-0.150860
0.006540000000,0.000000,-0.148952
0.006542000000,0.000000,0.071653
0.006544000000,0.000000,-0.121344
0.006546000000,0.000000,-0.010929
0.006548000000,0.000000,-0.154732
0.006550000000,0.000000,0.170919
0.006552000000,0.000000,0.027488
0.006554000000,0.000000,0.114496
0.006556000000,0.000000,-0.160099
0.006558000000,0.000000,0.209579
0.006560000000,0.000000,-0.466057
0.006562000000,0.000000,0.038248
0.006564000000,0.000000,0.075319
0.006566000000,0.000000,-0.245737
0.006568000000,0.000000,0.072681
0.006570000000,0.000000,-0.040353
0.006572000000,0.000000,0.313893
0.006574000000,0.000000,0.057628
0.006576000000,0.000000,-0.405962
0.006578000000,0.000000,-0.340417
0.006580000000,0.000000,0.070519
0.006582000000,0.000000,-0.108732
0.006584000000,0.000000,-0.264480
0.006586000000,0.000000,-0.103715
0.006588000000,0.000000,-0.283131
0.006590000000,0.000000,0.140817
0.006592000000,0.000000,0.262355
0.006594000000,0.000000,0.057740
0.006596000000,0.000000,0.307596
0.006598000000,0.000000,0.344743
0.006600000000,0.000000,-0.082799
0.006602000000,0.000000,0.485611
0.006604000000,0.000000,-0.112018
0.006606000000,0.000000,-0.057022
0.006608000000,0.000000,-0.382330
0.006610000000,0.000000,0.121789
0.006612000000,0.000000,-0.014796
0.006614000000,0.000000,0.003366
0.006616000000,0.000000,-0.003041
0.006618000000,0.000000,-0.028350
0.006620000000,0.000000,-0.296580
0.006622000000,0.000000,0.090810
0.006624000000,0.000000,0.135888
0.006626000000,0.000000,-0.078576
0.006628000000,0.000000,-0.155132
0.006630000000,0.000000,0.169135
0.006632000000,0.000000,0.327833
0.006634000000,0.000000,-0.166854
0.006636000000,0.000000,-0.117855
0.006638000000,0.000000,-0.136420
0.006640000000,0.000000,0.082096
0.006642000000,0.000000,0.067707
0.006644000000,0.000000,-0.054650
0.006646000000,0.000000,0.145738
0.006648000000,0.000000,0.210082
0.006650000000,0.000000,0.039626
0.006652000000,0.000000,-0.213649
0.006654000000,0.000000,0.194293
0.006656000000,0.000000,0.027981
0.006658000000,0.000000,-0.185488
0.006660000000,0.000000,-0.447977
0.006662000000,0.000000,-0.471913
0.006664000000,0.000000,0.280628
0.006666000000,0.000000,-0.028387
0.006668000000,0.000000,-0.142069
0.006670000000,0.000000,0.200698
0.006672000000,0.000000,0.621804
0.006674000000,0.000000,0.309085
0.006676000000,0.000000,-0.019977
0.006678000000,0.000000,0.253966
0.006680000000,0.000000,0.085048
0.006682000000,0.000000,0.002609
0.006684000000,0.000000,-0.289387
0.006686000000,0.000000,-0.269493
0.006688000000,0.000000,0.341082
0.006690000000,0.000000,0.410399
0.006692000000,0.000000,0.181309
0.006694000000,0.000000,0.072229
0.006696000000,0.000000,-0.170572
0.006698000000,0.000000,-0.022788
0.006700000000,0.000000,-0.050385
0.006702000000,0.000000,-0.126458
0.006704000000,0.000000,-0.152614
0.006706000000,0.000000,-0.019465
0.006708000000,0.000000,-0.132011
0.006710000000,0.000000,0.219302
0.006712000000,0.000000,0.085101
0.006714000000,0.000000,0.143062
0.006716000000,0.000000,0.014644
0.006718000000,0.000000,-0.350089
0.006720000000,0.000000,0.140766
0.006722000000,0.000000,0.498871
0.006724000000,0.000000,-0.003687
0.006726000000,0.000000,0.359569
0.006728000000,0.000000,0.249002
0.006730000000,0.000000,0.178890
0.006732000000,0.000000,0.292120
0.006734000000,0.000000,0.052390
0.006736000000,0.000000,0.171647
0.006738000000,0.000000,0.200291
0.006740000000,0.000000,-0.066197
0.006742000000,0.000000,-0.243437
0.006744000000,0.000000,0.053225
0.006746000000,0.000000,0.297334
0.006748000000,0.000000,-0.248634
0.006750000000,0.000000,-0.112931
0.006752000000,0.000000,0.168166
0.006754000000,0.000000,0.025761
0.006756000000,0.000000,0.335588
0.006758000000,0.000000,0.032734
0.006760000000,0.000000,-0.008824
0.006762000000,0.000000,0.015965
0.006764000000,0.000000,-0.223594
0.006766000000,0.000000,-0.023525
0.006768000000,0.000000,0.024006
0.006770000000,0.000000,0.148443
0.006772000000,0.000000,0.027658
0.006774000000,0.000000,-0.257301
0.006776000000,0.000000,-0.291625
0.006778000000,0.000000,0.134200
0.006780000000,0.000000,0.385755
0.006782000000,0.000000,-0.004430
0.006784000000,0.000000,-0.016350
0.006786000000,0.000000,0.196306
0.006788000000,0.000000,0.286096
0.006790000000,0.000000,0.121982
0.006792000000,0.000000,0.264250
0.006794000000,0.000000,0.069691
0.006796000000,0.000000,0.099412
0.006798000000,0.000000,-0.351302
0.006800000000,0.000000,0.085999
0.006802000000,0.000000,0.707537
0.006804000000,0.000000,0.341869
0.006806000000,0.000000,0.087613
0.006808000000,0.000000,0.158641
0.006810000000,0.000000,-0.045650
0.006812000000,0.000000,0.277613
0.006814000000,0.000000,-0.022882
0.006816000000,0.000000,0.146236
0.006818000000,0.000000,-0.042394
0.006820000000,0.000000,-0.073679
0.006822000000,0.000000,0.016976
0.006824000000,0.000000,-0.112786
0.006826000000,0.000000,-0.271019
0.006828000000,0.000000,0.113302
0.006830000000,0.000000,0.206173
0.006832000000,0.000000,0.069834
0.006834000000,0.000000,0.265558
0.006836000000,0.000000,-0.087619
0.006838000000,0.000000,0.187203
0.006840000000,0.000000,-0.096460
0.006842000000,0.000000,-0.302527
0.006844000000,0.000000,0.280426
0.006846000000,0.000000,-0.263219
0.006848000000,0.000000,-0.201942
0.006850000000,0.000000,0.205032
0.006852000000,0.000000,-0.011239
0.006854000000,0.000000,-0.206770
0.006856000000,0.000000,-0.327175
0.006858000000,0.000000,-0.260798
0.006860000000,0.000000,0.018306
0.006862000000,0.000000,0.168980
0.006864000000,0.000000,0.111457
0.006866000000,0.000000,-0.231238
0.006868000000,0.000000,-0.396377
0.006870000000,0.000000,0.037029
0.006872000000,0.000000,-0.677116
0.006874000000,0.000000,0.179772
0.006876000000,0.000000,-0.156580
0.006878000000,0.000000,0.100519
0.006880000000,0.000000,0.365644
0.006882000000,0.000000,0.021156
0.006884000000,0.000000,-0.132937
0.006886000000,0.000000,0.318578
0.006888000000,0.000000,-0.174691
0.006890000000,0.000000,0.303316
0.006892000000,0.000000,0.026567
0.006894000000,0.000000,0.229415
0.006896000000,0.000000,0.124200
0.006898000000,0.000000,0.199559
0.006900000000,0.000000,-0.084249
0.006902000000,0.000000,-0.229012
0.006904000000,0.000000,-0.166357
0.006906000000,0.000000,0.005106
0.006908000000,0.000000,0.113446
0.006910000000,0.000000,-0.187139
0.006912000000,0.000000,0.000405
0.006914000000,0.000000,0.339855
0.006916000000,0.000000,0.249098
0.006918000000,0.000000,-0.315414
0.006920000000,0.000000,-0.142806
0.006922000000,0.000000,-0.005737
0.006924000000,0.000000,-0.149097
0.006926000000,0.000000,0.350759
0.006928000000,0.000000,-0.090478
0.006930000000,0.000000,0.065326
0.006932000000,0.000000,0.300456
0.006934000000,0.000000,-0.105733
0.006936000000,0.000000,-0.023574
0.006938000000,0.000000,0.129161
0.006940000000,0.000000,-0.360443
0.006942000000,0.000000,0.087933
0.006944000000,0.000000,-0.134519
0.006946000000,0.000000,0.222631
0.006948000000,0.000000,0.253465
0.006950000000,0.000000,0.010196
0.006952000000,0.000000,0.018285
0.006954000000,0.000000,-0.197121
0.006956000000,0.000000,0.132334
0.006958000000,0.000000,0.275444
0.006960000000,0.000000,0.218588
0.006962000000,0.000000,0.059977
0.006964000000,0.000000,-0.156686
0.006966000000,0.000000,0.070035
0.006968000000,0.000000,0.085088
0.006970000000,0.000000,-0.020665
0.006972000000,0.000000,0.056396
0.006974000000,0.000000,-0.462731
0.006976000000,0.000000,0.214219
0.006978000000,0.000000,-0.207073
0.006980000000,0.000000,-0.221641
0.006982000000,0.000000,-0.210095
0.006984000000,0.000000,-0.079878
0.006986000000,0.000000,-0.068599
0.006988000000,0.000000,0.168496
0.006990000000,0.000000,0.175640
0.006992000000,0.000000,0.142014
0.006994000000,0.000000,0.171349
0.006996000000,0.000000,0.416771
0.006998000000,0.000000,0.163963
0.007000000000,0.000000,0.144690
0.007002000000,0.000000,-0.195236
0.007004000000,0.000000,0.283130
0.007006000000,0.000000,0.105079
0.007008000000,0.000000,-0.042622
0.007010000000,0.000000,-0.023430
0.007012000000,0.000000,0.065063
0.007014000000,0.000000,-0.034367
0.007016000000,0.000000,-0.055617
0.007018000000,0.000000,-0.065939
0.007020000000,0.000000,-0.261803
0.007022000000,0.000000,-0.000443
0.007024000000,0.000000,0.331647
0.007026000000,0.000000,0.145433
0.007028000000,0.000000,-0.193428
0.007030000000,0.000000,0.395652
0.007032000000,0.000000,-0.081968
0.007034000000,0.000000,0.044610
0.007036000000,0.000000,0.169173
0.007038000000,0.000000,-0.312096
0.007040000000,0.000000,0.247649
0.007042000000,0.000000,0.034991
0.007044000000,0.000000,-0.135060
0.007046000000,0.000000,0.234622
0.007048000000,0.000000,0.151436
0.007050000000,0.000000,-0.293536
0.007052000000,0.000000,0.156675
0.007054000000,0.000000,-0.056425
0.007056000000,0.000000,0.217596
0.007058000000,0.000000,0.163569
0.007060000000,0.000000,0.396171
0.007062000000,0.000000,0.095606
0.007064000000,0.000000,0.432859
0.007066000000,0.000000,0.055462
0.007068000000,0.000000,-0.244343
0.007070000000,0.000000,-0.295716
0.007072000000,0.000000,-0.304189
0.007074000000,0.000000,-0.342636
0.007076000000,0.000000,0.222305
0.007078000000,0.000000,0.201491
0.007080000000,0.000000,-0.244756
0.007082000000,0.000000,0.056048
0.007084000000,0.000000,-0.139091
0.007086000000,0.000000,0.035462
0.007088000000,0.000000,0.117203
0.007090000000,0.000000,0.157090
0.007092000000,0.000000,0.190030
0.007094000000,0.000000,-0.137910
0.007096000000,0.000000,0.140258
0.007098000000,0.000000,-0.169789
0.007100000000,0.000000,0.062450
0.007102000000,0.000000,0.132789
0.007104000000,0.000000,0.263705
0.007106000000,0.000000,-0.140514
0.007108000000,0.000000,-0.426465
0.007110000000,0.000000,0.182422
0.007112000000,0.000000,-0.414587
0.007114000000,0.000000,0.054615
0.007116000000,0.000000,0.254982
0.007118000000,0.000000,-0.408132
0.007120000000,0.000000,-0.051090
0.007122000000,0.000000,-0.314048
0.007124000000,0.000000,-0.159905
0.007126000000,0.000000,0.107234
0.007128000000,0.000000,-0.085171
0.007130000000,0.000000,0.367572
0.007132000000,0.000000,0.074183
0.007134000000,0.000000,-0.223198
0.007136000000,0.000000,-0.084589
0.007138000000,0.000000,0.207487
0.007140000000,0.000000,0.181302
0.007142000000,0.000000,0.064436
0.007144000000,0.000000,-0.354588
0.007146000000,0.000000,-0.378661
0.007148000000,0.000000,-0.061681
0.007150000000,0.000000,0.110580
0.007152000000,0.000000,0.212066
0.007154000000,0.000000,0.047805
0.007156000000,0.000000,0.020231
0.007158000000,0.000000,-0.340134
0.007160000000,0.000000,-0.156189
0.007162000000,0.000000,-0.298869
0.007164000000,0.000000,-0.128642
0.007166000000,0.000000,0.115210
0.007168000000,0.000000,-0.223591
0.007170000000,0.000000,0.094320
0.007172000000,0.000000,0.210417
0.007174000000,0.000000,-0.304054
0.007176000000,0.000000,0.009276
0.007178000000,0.000000,-0.205593
0.007180000000,0.000000,0.010337
0.007182000000,0.000000,0.108362
0.007184000000,0.000000,-0.132866
0.007186000000,0.000000,-0.105989
0.007188000000,0.000000,-0.091283
0.007190000000,0.000000,-0.038889
0.007192000000,0.000000,0.105038
0.007194000000,0.000000,-0.098912
0.007196000000,0.000000,-0.178633
0.007198000000,0.000000,-0.210685
0.007200000000,0.000000,-0.031505
0.007202000000,0.000000,-0.041381
0.007204000000,0.000000,-0.172160
0.007206000000,0.000000,0.153314
0.007208000000,0.000000,0.035590
0.007210000000,0.000000,-0.255133
0.007212000000,0.000000,0.092495
0.007214000000,0.000000,0.231882
0.007216000000,0.000000,-0.283315
0.007218000000,0.000000,-0.162459
0.007220000000,0.000000,0.048367
0.007222000000,0.000000,0.083281
0.007224000000,0.000000,-0.058242
0.007226000000,0.000000,-0.084150
0.007228000000,0.000000,-0.035372
0.007230000000,0.000000,0.381793
0.007232000000,0.000000,0.349320
0.007234000000,0.000000,0.058565
0.007236000000,0.000000,0.017981
0.007238000000,0.000000,-0.363288
0.007240000000,0.000000,-0.157529
0.007242000000,0.000000,0.339847
0.007244000000,0.000000,-0.080813
0.007246000000,0.000000,-0.359121
0.007248000000,0.000000,0.008866
0.007250000000,0.000000,0.231175
0.007252000000,0.000000,0.056791
0.007254000000,0.000000,0.359404
0.007256000000,0.000000,0.224774
0.007258000000,0.000000,0.296970
0.007260000000,0.000000,0.141608
0.007262000000,0.000000,-0.117659
0.007264000000,0.000000,0.147041
0.007266000000,0.000000,0.052310
0.007268000000,0.000000,-0.109031
0.007270000000,0.000000,-0.233803
0.007272000000,0.000000,-0.289348
0.007274000000,0.000000,0.008929
0.007276000000,0.000000,-0.026984
0.007278000000,0.000000,-0.109116
0.007280000000,0.000000,0.238488
0.007282000000,0.000000,-0.151318
0.007284000000,0.000000,0.207519
0.007286000000,0.000000,-0.040627
0.007288000000,0.000000,-0.132561
0.007290000000,0.000000,0.177481
0.007292000000,0.000000,-0.119676
0.007294000000,0.000000,-0.317623
0.007296000000,0.000000,0.172631
0.007298000000,0.000000,0.090725
0.007300000000,0.000000,-0.055453
0.007302000000,0.000000,-0.028465
0.007304000000,0.000000,0.056504
0.007306000000,0.000000,0.021928
0.007308000000,0.000000,0.117597
0.007310000000,0.000000,-0.325141
0.007312000000,0.000000,-0.399206
0.007314000000,0.000000,0.036489
0.007316000000,0.000000,-0.079912
0.007318000000,0.000000,-0.262841
0.007320000000,0.000000,-0.087431
0.007322000000,0.000000,-0.223097
0.007324000000,0.000000,0.064584
0.007326000000,0.000000,-0.043267
0.007328000000,0.000000,-0.333998
0.007330000000,0.000000,-0.010377
0.007332000000,0.000000,0.157234
0.007334000000,0.000000,-0.103081
0.007336000000,0.000000,-0.230035
0.007338000000,0.000000,-0.090346
0.007340000000,0.000000,0.006179
0.007342000000,0.000000,-0.100558
0.007344000000,0.000000,-0.031126
0.007346000000,0.000000,-0.102351
0.007348000000,0.000000,-0.534743
0.007350000000,0.000000,-0.106751
0.007352000000,0.000000,-0.264036
0.007354000000,0.000000,-0.046365
0.007356000000,0.000000,0.267262
0.007358000000,0.000000,0.035022
0.007360000000,0.000000,0.187723
0.007362000000,0.000000,0.128248
0.007364000000,0.000000,-0.261921
0.007366000000,0.000000,-0.082259
0.007368000000,0.000000,-0.133898
0.007370000000,0.000000,-0.132021
0.007372000000,0.000000,0.308960
0.007374000000,0.000000,0.185878
0.007376000000,0.000000,0.498075
0.007378000000,0.000000,0.110298
0.007380000000,0.000000,0.049929
0.007382000000,0.000000,-0.218648
0.007384000000,0.000000,-0.025057
0.007386000000,0.000000,0.023884
0.007388000000,0.000000,0.227071
0.007390000000,0.000000,0.107651
0.007392000000,0.000000,-0.233660
0.007394000000,0.000000,-0.061840
0.007396000000,0.000000,-0.378048
0.007398000000,0.000000,-0.042375
0.007400000000,0.000000,-0.100806
0.007402000000,0.000000,-0.130623
0.007404000000,0.000000,-0.114291
0.007406000000,0.000000,-0.196152
0.007408000000,0.000000,-0.261566
0.007410000000,0.000000,0.076403
0.007412000000,0.000000,-0.456621
0.007414000000,0.000000,-0.271984
0.007416000000,0.000000,0.074964
0.007418000000,0.000000,0.016045
0.007420000000,0.000000,0.123950
0.007422000000,0.000000,-0.174528
0.007424000000,0.000000,-0.017851
0.007426000000,0.000000,0.199424
0.007428000000,0.000000,-0.142216
0.007430000000,0.000000,-0.119087
0.007432000000,0.000000,0.094109
0.007434000000,0.000000,0.032541
0.007436000000,0.000000,0.081600
0.007438000000,0.000000,-0.021486
0.007440000000,0.000000,-0.080117
0.007442000000,0.000000,-0.022241
0.007444000000,0.000000,0.191910
0.007446000000,0.000000,0.335572
0.007448000000,0.000000,-0.229094
0.007450000000,0.000000,0.197962
0.007452000000,0.000000,-0.248819
0.007454000000,0.000000,-0.064248
0.007456000000,0.000000,-0.313147
0.007458000000,0.000000,0.284902
0.007460000000,0.000000,-0.375409
0.007462000000,0.000000,0.091337
0.007464000000,0.000000,-0.004155
0.007466000000,0.000000,0.017473
0.007468000000,0.000000,-0.083226
0.007470000000,0.000000,0.074642
0.007472000000,0.000000,-0.078421
0.007474000000,0.000000,-0.364181
0.007476000000,0.000000,-0.081036
0.007478000000,0.000000,-0.201337
0.007480000000,0.000000,0.103149
0.007482000000,0.000000,0.030016
0.007484000000,0.000000,0.217864
0.007486000000,0.000000,-0.377853
0.007488000000,0.000000,0.095868
0.007490000000,0.000000,-0.385956
0.007492000000,0.000000,0.298440
0.007494000000,0.000000,0.114647
0.007496000000,0.000000,-0.207536
0.007498000000,0.000000,-0.199832
0.007500000000,0.000000,0.047411
0.007502000000,0.000000,0.041855
0.007504000000,0.000000,0.184300
0.007506000000,0.000000,0.115877
0.007508000000,0.000000,-0.172423
0.007510000000,0.000000,0.099050
0.007512000000,0.000000,0.298399
0.007514000000,0.000000,-0.165352
0.007516000000,0.000000,-0.181818
0.007518000000,0.000000,-0.118462
0.007520000000,0.000000,-0.092836
0.007522000000,0.000000,-0.057967
0.007524000000,0.000000,0.091978
0.007526000000,0.000000,0.067993
0.007528000000,0.000000,-0.057543
0.007530000000,0.000000,-0.058804
0.007532000000,0.000000,-0.317432
0.007534000000,0.000000,0.012713
0.007536000000,0.000000,-0.144658
0.007538000000,0.000000,-0.062524
0.007540000000,0.000000,-0.236169
0.007542000000,0.000000,-0.184184
0.007544000000,0.000000,-0.055759
0.007546000000,0.000000,-0.087414
0.007548000000,0.000000,0.047614
0.007550000000,0.000000,-0.369428
0.007552000000,0.000000,-0.025145
0.007554000000,0.000000,-0.373351
0.007556000000,0.000000,0.181092
0.007558000000,0.000000,-0.128448
0.007560000000,0.000000,-0.019784
0.007562000000,0.000000,0.007265
0.007564000000,0.000000,-0.020784
0.007566000000,0.000000,0.017629
0.007568000000,0.000000,0.108903
0.007570000000,0.000000,0.019370
0.007572000000,0.000000,0.023769
0.007574000000,0.000000,-0.082516
0.007576000000,0.000000,0.004629
0.007578000000,0.000000,0.278883
0.007580000000,0.000000,0.198157
0.007582000000,0.000000,-0.145570
0.007584000000,0.000000,-0.300233
0.007586000000,0.000000,0.031441
0.007588000000,0.000000,-0.093222
0.007590000000,0.000000,0.035937
0.007592000000,0.000000,-0.327964
0.007594000000,0.000000,0.236675
0.007596000000,0.000000,-0.160023
0.007598000000,0.000000,-0.154653
0.007600000000,0.000000,0.392813
0.007602000000,0.000000,-0.291627
0.007604000000,0.000000,0.094203
0.007606000000,0.000000,0.032657
0.007608000000,0.000000,-0.130853
0.007610000000,0.000000,-0.125121
0.007612000000,0.000000,-0.164112
0.007614000000,0.000000,0.093163
0.007616000000,0.000000,0.000882
0.007618000000,0.000000,-0.156876
0.007620000000,0.000000,0.084627
0.007622000000,0.000000,-0.010764
0.007624000000,0.000000,-0.129111
0.007626000000,0.000000,0.121327
0.007628000000,0.000000,-0.106008
0.007630000000,0.000000,-0.076949
0.007632000000,0.000000,0.085891
0.007634000000,0.000000,0.123486
0.007636000000,0.000000,-0.143839
0.007638000000,0.000000,-0.316469
0.007640000000,0.000000,-0.056172
0.007642000000,0.000000,-0.027797
0.007644000000,0.000000,0.198591
0.007646000000,0.000000,-0.192067
0.007648000000,0.000000,-0.094667
0.007650000000,0.000000,0.000290
0.007652000000,0.000000,0.228986
0.007654000000,0.000000,0.266626
0.007656000000,0.000000,0.129558
0.007658000000,0.000000,0.180107
0.007660000000,0.000000,0.036915
0.007662000000,0.000000,0.327753
0.007664000000,0.000000,-0.112699
0.007666000000,0.000000,-0.218090
0.007668000000,0.000000,0.151114
0.007670000000,0.000000,-0.355665
0.007672000000,0.000000,0.212087
0.007674000000,0.000000,-0.341872
0.007676000000,0.000000,-0.056587
0.007678000000,0.000000,0.025265
0.007680000000,0.000000,-0.207174
0.007682000000,0.000000,-0.068518
0.007684000000,0.000000,0.032255
0.007686000000,0.000000,-0.178062
0.007688000000,0.000000,0.079289
0.007690000000,0.000000,0.245452
0.007692000000,0.000000,-0.128590
0.007694000000,0.000000,0.006403
0.007696000000,0.000000,-0.287835
0.007698000000,0.000000,-0.040357
0.007700000000,0.000000,-0.057321
0.007702000000,0.000000,0.265733
0.007704000000,0.000000,-0.229910
0.007706000000,0.000000,0.069599
0.007708000000,0.000000,0.067476
0.007710000000,0.000000,-0.252091
0.007712000000,0.000000,0.054050
0.007714000000,0.000000,0.025478
0.007716000000,0.000000,-0.014519
0.007718000000,0.000000,-0.494727
0.007720000000,0.000000,-0.218248
0.007722000000,0.000000,0.177355
0.007724000000,0.000000,-0.344043
0.007726000000,0.000000,-0.299676
0.007728000000,0.000000,0.132482
0.007730000000,0.000000,-0.059646
0.007732000000,0.000000,0.010060
0.007734000000,0.000000,0.115038
0.007736000000,0.000000,0.103755
0.007738000000,0.000000,-0.182209
0.007740000000,0.000000,-0.269396
0.007742000000,0.000000,-0.081793
0.007744000000,0.000000,-0.026874
0.007746000000,0.000000,0.015921
0.007748000000,0.000000,-0.019025
0.007750000000,0.000000,0.041325
0.007752000000,0.000000,0.254647
0.007754000000,0.000000,0.032001
0.007756000000,0.000000,0.195485
0.007758000000,0.000000,0.453498
0.007760000000,0.000000,0.094646
0.007762000000,0.000000,-0.066724
0.007764000000,0.000000,0.320239
0.007766000000,0.000000,0.109688
0.007768000000,0.000000,-0.047199
0.007770000000,0.000000,0.017102
0.007772000000,0.000000,-0.036186
0.007774000000,0.000000,0.110873
0.007776000000,0.000000,-0.010202
0.007778000000,0.000000,0.223200
0.007780000000,0.000000,0.093441
0.007782000000,0.000000,0.181757
0.007784000000,0.000000,-0.325358
0.007786000000,0.000000,0.031620
0.007788000000,0.000000,-0.379781
0.007790000000,0.000000,-0.188750
0.007792000000,0.000000,-0.193949
0.007794000000,0.000000,0.160675
0.007796000000,0.000000,-0.087678
0.007798000000,0.000000,-0.384603
0.007800000000,0.000000,-0.145949
0.007802000000,0.000000,0.150859
0.007804000000,0.000000,-0.324024
0.007806000000,0.000000,0.198581
0.007808000000,0.000000,-0.106577
0.007810000000,0.000000,0.290207
0.007812000000,0.000000,0.093966
0.007814000000,0.000000,0.037457
0.007816000000,0.000000,0.067611
0.007818000000,0.000000,0.187893
0.007820000000,0.000000,0.391343
0.007822000000,0.000000,-0.048169
0.007824000000,0.000000,0.336066
0.007826000000,0.000000,0.465114
0.007828000000,0.000000,0.176373
0.007830000000,0.000000,0.351643
0.007832000000,0.000000,-0.151560
0.007834000000,0.000000,-0.044306
0.007836000000,0.000000,-0.356584
0.007838000000,0.000000,0.395527
0.007840000000,0.000000,0.144574
0.007842000000,0.000000,0.183092
0.007844000000,0.000000,0.181026
0.007846000000,0.000000,-0.221194
0.007848000000,0.000000,0.320378
0.007850000000,0.000000,0.088096
0.007852000000,0.000000,-0.332752
0.007854000000,0.000000,0.179684
0.007856000000,0.000000,0.157293
0.007858000000,0.000000,-0.159150
0.007860000000,0.000000,0.050209
0.007862000000,0.000000,0.165709
0.007864000000,0.000000,0.138814
0.007866000000,0.000000,0.152476
0.007868000000,0.000000,0.123582
0.007870000000,0.000000,-0.291409
0.007872000000,0.000000,-0.016620
0.007874000000,0.000000,-0.314195
0.007876000000,0.000000,0.105946
0.007878000000,0.000000,-0.148528
0.007880000000,0.000000,-0.246964
0.007882000000,0.000000,0.170075
0.007884000000,0.000000,-0.029960
0.007886000000,0.000000,0.254505
0.007888000000,0.000000,-0.141042
0.007890000000,0.000000,-0.216331
0.007892000000,0.000000,0.100905
0.007894000000,0.000000,0.006652
0.007896000000,0.000000,0.038827
0.007898000000,0.000000,0.062275
0.007900000000,0.000000,0.078894
0.007902000000,0.000000,-0.077909
0.007904000000,0.000000,0.205795
0.007906000000,0.000000,-0.068181
0.007908000000,0.000000,0.268709
0.007910000000,0.000000,-0.177206
0.007912000000,0.000000,0.270239
0.007914000000,0.000000,-0.233833
0.007916000000,0.000000,-0.020566
0.007918000000,0.000000,0.107328
0.007920000000,0.000000,-0.079136
0.007922000000,0.000000,-0.432507
0.007924000000,0.000000,-0.217031
0.007926000000,0.000000,0.140336
0.007928000000,0.000000,-0.118014
0.007930000000,0.000000,-0.119417
0.007932000000,0.000000,0.333956
0.007934000000,0.000000,-0.073608
0.007936000000,0.000000,-0.146751
0.007938000000,0.000000,0.185316
0.007940000000,0.000000,0.163502
0.007942000000,0.000000,-0.077754
0.007944000000,0.000000,-0.298320
0.007946000000,0.000000,-0.137281
0.007948000000,0.000000,0.284030
0.007950000000,0.000000,0.069573
0.007952000000,0.000000,0.053828
0.007954000000,0.000000,-0.110948
0.007956000000,0.000000,0.113106
0.007958000000,0.000000,-0.033945
0.007960000000,0.000000,-0.023896
0.007962000000,0.000000,0.014767
0.007964000000,0.000000,0.101376
0.007966000000,0.000000,0.017847
0.007968000000,0.000000,-0.112765
0.007970000000,0.000000,0.110811
0.007972000000,0.000000,-0.344019
0.007974000000,0.000000,-0.471623
0.007976000000,0.000000,0.046487
0.007978000000,0.000000,0.135566
0.007980000000,0.000000,0.111670
0.007982000000,0.000000,-0.121186
0.007984000000,0.000000,-0.214233
0.007986000000,0.000000,-0.364099
0.007988000000,0.000000,0.162080
0.007990000000,0.000000,0.171181
0.007992000000,0.000000,-0.198287
0.007994000000,0.000000,0.065547
0.007996000000,0.000000,0.313156
0.007998000000,0.000000,-0.074633
0.008000000000,0.000000,-0.058176
0.008002000000,0.000000,0.211262
0.008004000000,0.000000,0.014353
0.008006000000,0.000000,0.200096
0.008008000000,0.000000,0.090090
0.008010000000,0.000000,0.057733
0.008012000000,0.000000,-0.148097
0.008014000000,0.000000,0.250390
0.008016000000,0.000000,0.286832
0.008018000000,0.000000,-0.136497
0.008020000000,0.000000,-0.053004
0.008022000000,0.000000,-0.129966
0.008024000000,0.000000,-0.107570
0.008026000000,0.000000,0.145610
0.008028000000,0.000000,-0.151952
0.008030000000,0.000000,-0.120674
0.008032000000,0.000000,-0.100874
0.008034000000,0.000000,-0.237607
0.008036000000,0.000000,0.179570
0.008038000000,0.000000,0.029498
0.008040000000,0.000000,0.159101
0.008042000000,0.000000,0.375979
0.008044000000,0.000000,0.181658
0.008046000000,0.000000,0.257003
0.008048000000,0.000000,-0.087516
0.008050000000,0.000000,0.162714
0.008052000000,0.000000,-0.196544
0.008054000000,0.000000,0.300911
0.008056000000,0.000000,-0.072851
0.008058000000,0.000000,0.102915
0.008060000000,0.000000,0.129613
0.008062000000,0.000000,0.218864
0.008064000000,0.000000,-0.466929
0.008066000000,0.000000,-0.180797
0.008068000000,0.000000,0.099720
0.008070000000,0.000000,0.451895
0.008072000000,0.000000,0.398395
0.008074000000,0.000000,-0.610573
0.008076000000,0.000000,-0.057289
0.008078000000,0.000000,-0.081015
0.008080000000,0.000000,-0.189936
0.008082000000,0.000000,0.270925
0.008084000000,0.000000,-0.219913
0.008086000000,0.000000,-0.030740
0.008088000000,0.000000,-0.168398
0.008090000000,0.000000,0.130858
0.008092000000,0.000000,0.230066
0.008094000000,0.000000,-0.255865
0.008096000000,0.000000,-0.206642
0.008098000000,0.000000,0.112770
0.008100000000,0.000000,0.123423
0.008102000000,0.000000,0.211660
0.008104000000,0.000000,-0.124724
0.008106000000,0.000000,0.293433
0.008108000000,0.000000,-0.016224
0.008110000000,0.000000,-0.175269
0.008112000000,0.000000,0.085491
0.008114000000,0.000000,-0.096683
0.008116000000,0.000000,0.048352
0.008118000000,0.000000,-0.342002
0.008120000000,0.000000,0.103580
0.008122000000,0.000000,-0.017764
0.008124000000,0.000000,-0.314655
0.008126000000,0.000000,0.245154
0.008128000000,0.000000,0.097755
0.008130000000,0.000000,0.134472
0.008132000000,0.000000,0.228189
0.008134000000,0.000000,-0.080180
0.008136000000,0.000000,-0.184179
0.008138000000,0.000000,0.419315
0.008140000000,0.000000,-0.062770
0.008142000000,0.000000,-0.130315
0.008144000000,0.000000,0.133553
0.008146000000,0.000000,-0.209462
0.008148000000,0.000000,-0.249269
0.008150000000,0.000000,-0.229776
0.008152000000,0.000000,-0.093449
0.008154000000,0.000000,0.097512
0.008156000000,0.000000,-0.452034
0.008158000000,0.000000,0.183447
0.008160000000,0.000000,0.359829
0.008162000000,0.000000,-0.153143
0.008164000000,0.000000,-0.158594
0.008166000000,0.000000,0.035449
0.008168000000,0.000000,0.163249
0.008170000000,0.000000,-0.081833
0.008172000000,0.000000,0.131797
0.008174000000,0.000000,0.172815
0.008176000000,0.000000,-0.074669
0.008178000000,0.000000,-0.043854
0.008180000000,0.000000,-0.081404
0.008182000000,0.000000,0.040408
0.008184000000,0.000000,0.289788
0.008186000000,0.000000,-0.098486
0.008188000000,0.000000,0.137214
0.008190000000,0.000000,0.274695
0.008192000000,0.000000,-0.004449
0.008194000000,0.000000,-0.090417
0.008196000000,0.000000,0.141792
0.008198000000,0.000000,-0.064770
0.008200000000,0.000000,0.477630
0.008202000000,0.000000,-0.127435
0.008204000000,0.000000,0.194358
0.008206000000,0.000000,-0.114059
0.008208000000,0.000000,0.365614
0.008210000000,0.000000,-0.142242
0.008212000000,0.000000,0.298106
0.008214000000,0.000000,0.286792
0.008216000000,0.000000,-0.171335
0.008218000000,0.000000,-0.057962
0.008220000000,0.000000,0.251769
0.008222000000,0.000000,-0.133782
0.008224000000,0.000000,-0.174221
0.008226000000,0.000000,0.214309
0.008228000000,0.000000,-0.001368
0.008230000000,0.000000,-0.050127
0.008232000000,0.000000,0.223380
0.008234000000,0.000000,0.234146
0.008236000000,0.000000,0.094047
0.008238000000,0.000000,-0.199520
0.008240000000,0.000000,0.078269
0.008242000000,0.000000,0.061067
0.008244000000,0.000000,-0.120020
0.008246000000,0.000000,-0.118414
0.008248000000,0.000000,0.142207
0.008250000000,0.000000,0.262801
0.008252000000,0.000000,0.249787
0.008254000000,0.000000,-0.213229
0.008256000000,0.000000,0.280130
0.008258000000,0.000000,-0.125305
0.008260000000,0.000000,0.077046
0.008262000000,0.000000,-0.211410
0.008264000000,0.000000,-0.028109
0.008266000000,0.000000,-0.010570
0.008268000000,0.000000,-0.216783
0.008270000000,0.000000,0.160246
0.008272000000,0.000000,0.165348
0.008274000000,0.000000,0.103793
0.008276000000,0.000000,-0.092518
0.008278000000,0.000000,-0.071444
0.008280000000,0.000000,-0.141069
0.008282000000,0.000000,0.313487
0.008284000000,0.000000,0.070628
0.008286000000,0.000000,0.022617
0.008288000000,0.000000,-0.133811
0.008290000000,0.000000,0.162641
0.008292000000,0.000000,0.419756
0.008294000000,0.000000,0.062821
0.008296000000,0.000000,-0.072257
0.008298000000,0.000000,-0.115852
0.008300000000,0.000000,0.035235
0.008302000000,0.000000,-0.191455
0.008304000000,0.000000,-0.274340
0.008306000000,0.000000,-0.001697
0.008308000000,0.000000,0.110251
0.008310000000,0.000000,-0.018833
0.008312000000,0.000000,0.134472
0.008314000000,0.000000,0.299722
0.008316000000,0.000000,0.511642
0.008318000000,0.000000,0.104993
0.008320000000,0.000000,-0.131947
0.008322000000,0.000000,0.090312
0.008324000000,0.000000,-0.114615
0.008326000000,0.000000,0.332109
0.008328000000,0.000000,0.079340
0.008330000000,0.000000,-0.178269
0.008332000000,0.000000,-0.121654
0.008334000000,0.000000,0.208532
0.008336000000,0.000000,-0.019858
0.008338000000,0.000000,0.044149
0.008340000000,0.000000,0.013378
0.008342000000,0.000000,-0.130492
0.008344000000,0.000000,0.112251
0.008346000000,0.000000,0.063939
0.008348000000,0.000000,-0.237561
0.008350000000,0.000000,-0.103707
0.008352000000,0.000000,-0.097282
0.008354000000,0.000000,0.086608
0.008356000000,0.000000,-0.144832
0.008358000000,0.000000,-0.273481
0.008360000000,0.000000,0.160498
0.008362000000,0.000000,-0.096257
0.008364000000,0.000000,0.181004
0.008366000000,0.000000,-0.027825
0.008368000000,0.000000,0.089933
0.008370000000,0.000000,-0.268532
0.008372000000,0.000000,0.654039
0.008374000000,0.000000,-0.042701
0.008376000000,0.000000,0.184137
0.008378000000,0.000000,0.064867
0.008380000000,0.000000,-0.339069
0.008382000000,0.000000,0.041342
0.008384000000,0.000000,-0.479122
0.008386000000,0.000000,0.222704
0.008388000000,0.000000,-0.032995
0.008390000000,0.000000,-0.051388
0.008392000000,0.000000,0.212499
0.008394000000,0.000000,0.104904
0.008396000000,0.000000,0.072865
0.008398000000,0.000000,0.081015
0.008400000000,0.000000,0.202766
0.008402000000,0.000000,0.144431
0.008404000000,0.000000,-0.457711
0.008406000000,0.000000,0.020193
0.008408000000,0.000000,0.178581
0.008410000000,0.000000,0.443395
0.008412000000,0.000000,0.030168
0.008414000000,0.000000,-0.166244
0.008416000000,0.000000,-0.111741
0.008418000000,0.000000,-0.117640
0.008420000000,0.000000,-0.129102
0.008422000000,0.000000,0.250729
0.008424000000,0.000000,-0.142634
0.008426000000,0.000000,0.111752
0.008428000000,0.000000,0.343040
0.008430000000,0.000000,-0.115425
0.008432000000,0.000000,-0.083613
0.008434000000,0.000000,-0.009297
0.008436000000,0.000000,0.198966
0.008438000000,0.000000,-0.182573
0.008440000000,0.000000,0.068789
0.008442000000,0.000000,0.071668
0.008444000000,0.000000,-0.260038
0.008446000000,0.000000,0.011542
0.008448000000,0.000000,-0.040165
0.008450000000,0.000000,0.081351
0.008452000000,0.000000,0.280371
0.008454000000,0.000000,-0.293677
0.008456000000,0.000000,0.192410
0.008458000000,0.000000,-0.434563
0.008460000000,0.000000,0.043652
0.008462000000,0.000000,-0.268160
0.008464000000,0.000000,-0.217711
0.008466000000,0.000000,-0.143766
0.008468000000,0.000000,-0.082761
0.008470000000,0.000000,-0.419758
0.008472000000,0.000000,-0.012843
0.008474000000,0.000000,-0.391046
0.008476000000,0.000000,-0.006135
0.008478000000,0.000000,-0.069497
0.008480000000,0.000000,0.061022
0.008482000000,0.000000,-0.008937
0.008484000000,0.000000,0.389618
0.008486000000,0.000000,-0.164279
0.008488000000,0.000000,-0.091479
0.008490000000,0.000000,-0.055163
0.008492000000,0.000000,0.279629
0.008494000000,0.000000,0.004228
0.008496000000,0.000000,-0.288099
0.008498000000,0.000000,0.258703
0.008500000000,0.000000,-0.100983
0.008502000000,0.000000,0.257487
0.008504000000,0.000000,-0.263688
0.008506000000,0.000000,0.289929
0.008508000000,0.000000,0.181167
0.008510000000,0.000000,-0.046393
0.008512000000,0.000000,-0.115156
0.008514000000,0.000000,-0.024655
0.008516000000,0.000000,0.302875
0.008518000000,0.000000,-0.055829
0.008520000000,0.000000,-0.417540
0.008522000000,0.000000,-0.007262
0.008524000000,0.000000,-0.320282
0.008526000000,0.000000,0.161672
0.008528000000,0.000000,0.033942
0.008530000000,0.000000,0.101097
0.008532000000,0.000000,-0.084238
0.008534000000,0.000000,0.256861
0.008536000000,0.000000,-0.261946
0.008538000000,0.000000,0.129970
0.008540000000,0.000000,-0.026911
0.008542000000,0.000000,0.191650
0.008544000000,0.000000,-0.192451
0.008546000000,0.000000,-0.006644
0.008548000000,0.000000,-0.006138
0.008550000000,0.000000,0.395548
0.008552000000,0.000000,0.332487
0.008554000000,0.000000,0.001356
0.008556000000,0.000000,0.096100
0.008558000000,0.000000,-0.293487
0.008560000000,0.000000,0.240539
0.008562000000,0.000000,-0.150180
0.008564000000,0.000000,-0.071865
0.008566000000,0.000000,-0.129554
0.008568000000,0.000000,0.000282
0.008570000000,0.000000,-0.214414
0.008572000000,0.000000,-0.189256
0.008574000000,0.000000,-0.186629
0.008576000000,0.000000,0.222677
0.008578000000,0.000000,-0.174474
0.008580000000,0.000000,-0.149613
0.008582000000,0.000000,0.005953
0.008584000000,0.000000,0.000455
0.008586000000,0.000000,0.284716
0.008588000000,0.000000,-0.320094
0.008590000000,0.000000,-0.015197
0.008592000000,0.000000,0.019431
0.008594000000,0.000000,0.425213
0.008596000000,0.000000,-0.114075
0.008598000000,0.000000,0.264544
0.008600000000,0.000000,-0.248540
0.008602000000,0.000000,0.039525
0.008604000000,0.000000,-0.175471
0.008606000000,0.000000,0.021740
0.008608000000,0.000000,-0.182848
0.008610000000,0.000000,0.137488
0.008612000000,0.000000,0.333787
0.008614000000,0.000000,0.076288
0.008616000000,0.000000,0.061781
0.008618000000,0.000000,0.240370
0.008620000000,0.000000,0.125238
0.008622000000,0.000000,0.026876
0.008624000000,0.000000,-0.066963
0.008626000000,0.000000,0.254270
0.008628000000,0.000000,-0.082202
0.008630000000,0.000000,-0.054045
0.008632000000,0.000000,-0.253037
0.008634000000,0.000000,-0.047188
0.008636000000,0.000000,0.405262
0.008638000000,0.000000,0.068818
0.008640000000,0.000000,0.235879
0.008642000000,0.000000,-0.030216
0.008644000000,0.000000,0.228047
0.008646000000,0.000000,-0.178331
0.008648000000,0.000000,-0.261584
0.008650000000,0.000000,0.195950
0.008652000000,0.000000,0.249528
0.008654000000,0.000000,-0.284696
0.008656000000,0.000000,-0.135204
0.008658000000,0.000000,0.103822
0.008660000000,0.000000,-0.136565
0.008662000000,0.000000,0.181653
0.008664000000,0.000000,-0.159358
0.008666000000,0.000000,-0.157465
0.008668000000,0.000000,0.115025
0.008670000000,0.000000,0.183047
0.008672000000,0.000000,0.273384
0.008674000000,0.000000,0.201581
0.008676000000,0.000000,-0.032352
0.008678000000,0.000000,-0.039060
0.008680000000,0.000000,0.603551
0.008682000000,0.000000,-0.416913
0.008684000000,0.000000,-0.092004
0.008686000000,0.000000,0.001844
0.008688000000,0.000000,0.222085
0.008690000000,0.000000,0.060367
0.008692000000,0.000000,-0.046597
0.008694000000,0.000000,-0.265891
0.008696000000,0.000000,-0.066359
0.008698000000,0.000000,0.294795
0.008700000000,0.000000,0.052390
0.008702000000,0.000000,-0.411853
0.008704000000,0.000000,0.357566
0.008706000000,0.000000,-0.207845
0.008708000000,0.000000,0.106660
0.008710000000,0.000000,0.184532
0.008712000000,0.000000,-0.047983
0.008714000000,0.000000,0.065229
0.008716000000,0.000000,0.434071
0.008718000000,0.000000,-0.001677
0.008720000000,0.000000,0.512615
0.008722000000,0.000000,0.142512
0.008724000000,0.000000,0.107583
0.008726000000,0.000000,0.188391
0.008728000000,0.000000,-0.100379
0.008730000000,0.000000,-0.088643
0.008732000000,0.000000,-0.197987
0.008734000000,0.000000,-0.110556
0.008736000000,0.000000,-0.010007
0.008738000000,0.000000,-0.066481
0.008740000000,0.000000,0.136004
0.008742000000,0.000000,-0.399541
0.008744000000,0.000000,-0.023174
0.008746000000,0.000000,0.257874
0.008748000000,0.000000,0.246702
0.008750000000,0.000000,-0.282258
0.008752000000,0.000000,-0.083536
0.008754000000,0.000000,-0.261573
0.008756000000,0.000000,-0.132562
0.008758000000,0.000000,0.223334
0.008760000000,0.000000,-0.069586
0.008762000000,0.000000,0.186161
0.008764000000,0.000000,-0.133613
0.008766000000,0.000000,-0.330949
0.008768000000,0.000000,0.330787
0.008770000000,0.000000,0.076957
0.008772000000,0.000000,-0.080387
0.008774000000,0.000000,0.192736
0.008776000000,0.000000,0.060438
0.008778000000,0.000000,-0.007849
0.008780000000,0.000000,0.182501
0.008782000000,0.000000,-0.017709
0.008784000000,0.000000,-0.285968
0.008786000000,0.000000,0.151570
0.008788000000,0.000000,0.089551
0.008790000000,0.000000,-0.348604
0.008792000000,0.000000,-0.085371
0.008794000000,0.000000,-0.130477
0.008796000000,0.000000,0.157679
0.008798000000,0.000000,0.250147
0.008800000000,0.000000,0.040238
0.008802000000,0.000000,0.009278
0.008804000000,0.000000,0.091836
0.008806000000,0.000000,-0.027285
0.008808000000,0.000000,-0.109004
0.008810000000,0.000000,0.043801
0.008812000000,0.000000,0.164703
0.008814000000,0.000000,-0.010957
0.008816000000,0.000000,0.066816
0.008818000000,0.000000,0.499460
0.008820000000,0.000000,-0.187426
0.008822000000,0.000000,-0.017926
0.008824000000,0.000000,0.298816
0.008826000000,0.000000,0.059523
0.008828000000,0.000000,0.173653
0.008830000000,0.000000,0.120479
0.008832000000,0.000000,0.006135
0.008834000000,0.000000,0.077340
0.008836000000,0.000000,0.116369
0.008838000000,0.000000,0.397018
0.008840000000,0.000000,-0.326926
0.008842000000,0.000000,0.203904
0.008844000000,0.000000,0.090122
0.008846000000,0.000000,0.249225
0.008848000000,0.000000,-0.176792
0.008850000000,0.000000,-0.039947
0.008852000000,0.000000,0.471555
0.008854000000,0.000000,0.216755
0.008856000000,0.000000,0.145414
0.008858000000,0.000000,-0.043015
0.008860000000,0.000000,0.276248
0.008862000000,0.000000,0.010014
0.008864000000,0.000000,0.120442
0.008866000000,0.000000,0.028971
0.008868000000,0.000000,-0.147158
0.008870000000,0.000000,0.153219
0.008872000000,0.000000,0.376932
0.008874000000,0.000000,0.021523
0.008876000000,0.000000,0.207011
0.008878000000,0.000000,-0.052837
0.008880000000,0.000000,-0.112132
0.008882000000,0.000000,0.057134
0.008884000000,0.000000,0.164466
0.008886000000,0.000000,0.110349
0.008888000000,0.000000,-0.072370
0.008890000000,0.000000,-0.179771
0.008892000000,0.000000,0.201449
0.008894000000,0.000000,-0.401198
0.008896000000,0.000000,-0.108439
0.008898000000,0.000000,-0.114921
0.008900000000,0.000000,-0.366917
0.008902000000,0.000000,0.269864
0.008904000000,0.000000,-0.299947
0.008906000000,0.000000,0.029126
0.008908000000,0.000000,0.028327
0.008910000000,0.000000,0.232574
0.008912000000,0.000000,-0.179306
0.008914000000,0.000000,0.010854
0.008916000000,0.000000,-0.121800
0.008918000000,0.000000,-0.132232
0.008920000000,0.000000,-0.056248
0.008922000000,0.000000,0.231823
0.008924000000,0.000000,-0.138436
0.008926000000,0.000000,-0.055779
0.008928000000,0.000000,-0.306926
0.008930000000,0.000000,-0.087327
0.008932000000,0.000000,0.064624
0.008934000000,0.000000,-0.133577
0.008936000000,0.000000,-0.045127
0.008938000000,0.000000,0.371209
0.008940000000,0.000000,0.131474
0.008942000000,0.000000,-0.055094
0.008944000000,0.000000,-0.127675
0.008946000000,0.000000,-0.025607
0.008948000000,0.000000,0.127421
0.008950000000,0.000000,-0.114341
0.008952000000,0.000000,-0.341117
0.008954000000,0.000000,0.108537
0.008956000000,0.000000,-0.192575
0.008958000000,0.000000,-0.167139
0.008960000000,0.000000,0.109856
0.008962000000,0.000000,0.268137
0.008964000000,0.000000,0.076223
0.008966000000,0.000000,0.052229
0.008968000000,0.000000,-0.305639
0.008970000000,0.000000,-0.184060
0.008972000000,0.000000,0.070433
0.008974000000,0.000000,0.033733
0.008976000000,0.000000,-0.257264
0.008978000000,0.000000,0.122749
0.008980000000,0.000000,-0.083700
0.008982000000,0.000000,0.018294
0.008984000000,0.000000,-0.164843
0.008986000000,0.000000,-0.293704
0.008988000000,0.000000,-0.136310
0.008990000000,0.000000,-0.307919
0.008992000000,0.000000,-0.154510
0.008994000000,0.000000,0.354467
0.008996000000,0.000000,-0.467363
0.008998000000,0.000000,0.206327
0.009000000000,0.000000,0.072439
0.009002000000,0.000000,-0.200928
0.009004000000,0.000000,0.263472
0.009006000000,0.000000,-0.032205
0.009008000000,0.000000,-0.465950
0.009010000000,0.000000,0.056881
0.009012000000,0.000000,0.145393
0.009014000000,0.000000,0.050349
0.009016000000,0.000000,0.281113
0.009018000000,0.000000,0.046426
0.009020000000,0.000000,0.054037
0.009022000000,0.000000,0.175847
0.009024000000,0.000000,0.038733
0.009026000000,0.000000,-0.263249
0.009028000000,0.000000,0.313007
0.009030000000,0.000000,-0.143008
0.009032000000,0.000000,0.067169
0.009034000000,0.000000,-0.123165
0.009036000000,0.000000,0.093737
0.009038000000,0.000000,0.302287
0.009040000000,0.000000,-0.066379
0.009042000000,0.000000,-0.177506
0.009044000000,0.000000,-0.160173
0.009046000000,0.000000,-0.135276
0.009048000000,0.000000,-0.069051
0.009050000000,0.000000,-0.005988
0.009052000000,0.000000,-0.283035
0.009054000000,0.000000,-0.182016
0.009056000000,0.000000,-0.069626
0.009058000000,0.000000,-0.077947
0.009060000000,0.000000,-0.007989
0.009062000000,0.000000,-0.197517
0.009064000000,0.000000,-0.117121
0.009066000000,0.000000,-0.082775
0.009068000000,0.000000,0.314099
0.009070000000,0.000000,0.275885
0.009072000000,0.000000,0.124760
0.009074000000,0.000000,-0.106284
0.009076000000,0.000000,-0.242809
0.009078000000,0.000000,-0.101596
0.009080000000,0.000000,-0.276614
0.009082000000,0.000000,0.108467
0.009084000000,0.000000,0.204741
0.009086000000,0.000000,0.042813
0.009088000000,0.000000,0.326245
0.009090000000,0.000000,-0.005239
0.009092000000,0.000000,0.110311
0.009094000000,0.000000,-0.027510
0.009096000000,0.000000,0.397246
0.009098000000,0.000000,-0.023056
0.009100000000,0.000000,0.290780
0.009102000000,0.000000,-0.108950
0.009104000000,0.000000,-0.015271
0.009106000000,0.000000,-0.218253
0.009108000000,0.000000,-0.091347
0.009110000000,0.000000,0.572242
0.009112000000,0.000000,0.217955
0.009114000000,0.000000,-0.433265
0.009116000000,0.000000,0.152203
0.009118000000,0.000000,-0.106346
0.009120000000,0.000000,0.424957
0.009122000000,0.000000,0.268502
0.009124000000,0.000000,-0.038030
0.009126000000,0.000000,0.220391
0.009128000000,0.000000,0.059545
0.009130000000,0.000000,0.058403
0.009132000000,0.000000,0.297800
0.009134000000,0.000000,0.007844
0.009136000000,0.000000,-0.314145
0.009138000000,0.000000,-0.184203
0.009140000000,0.000000,-0.121315
0.009142000000,0.000000,0.272026
0.009144000000,0.000000,-0.352106
0.009146000000,0.000000,-0.244825
0.009148000000,0.000000,0.305746
0.009150000000,0.000000,0.030499
0.009152000000,0.000000,-0.354895
0.009154000000,0.000000,-0.044080
0.009156000000,0.000000,-0.183960
0.009158000000,0.000000,0.360175
0.009160000000,0.000000,-0.246860
0.009162000000,0.000000,0.056442
0.009164000000,0.000000,0.165569
0.009166000000,0.000000,0.012211
0.009168000000,0.000000,-0.108388
0.009170000000,0.000000,-0.132084
0.009172000000,0.000000,-0.099620
0.009174000000,0.000000,0.069542
0.009176000000,0.000000,0.077313
0.009178000000,0.000000,0.341344
0.009180000000,0.000000,0.335575
0.009182000000,0.000000,0.124792
0.009184000000,0.000000,0.082955
0.009186000000,0.000000,0.142595
0.009188000000,0.000000,-0.388001
0.009190000000,0.000000,-0.079408
0.009192000000,0.000000,0.041903
0.009194000000,0.000000,-0.296398
0.009196000000,0.000000,0.378294
0.009198000000,0.000000,0.019154
0.009200000000,0.000000,-0.088343
0.009202000000,0.000000,0.133988
0.009204000000,0.000000,-0.076341
0.009206000000,0.000000,-0.196523
0.009208000000,0.000000,-0.039534
0.009210000000,0.000000,-0.095533
0.009212000000,0.000000,0.020922
0.009214000000,0.000000,-0.004352
0.009216000000,0.000000,-0.188586
0.009218000000,0.000000,0.563580
0.009220000000,0.000000,-0.117432
0.009222000000,0.000000,-0.371169
0.009224000000,0.000000,-0.020438
0.009226000000,0.000000,-0.079952
0.009228000000,0.000000,-0.232847
0.009230000000,0.000000,0.100111
0.009232000000,0.000000,0.028538
0.009234000000,0.000000,-0.244839
0.009236000000,0.000000,-0.196123
0.009238000000,0.000000,0.128637
0.009240000000,0.000000,0.176231
0.009242000000,0.000000,0.040045
0.009244000000,0.000000,-0.084876
0.009246000000,0.000000,-0.130257
0.009248000000,0.000000,-0.006344
0.009250000000,0.000000,0.057749
0.009252000000,0.000000,0.085602
0.009254000000,0.000000,0.224413
0.009256000000,0.000000,0.118876
0.009258000000,0.000000,-0.007528
0.009260000000,0.000000,-0.203475
0.009262000000,0.000000,0.098235
0.009264000000,0.000000,-0.248065
0.009266000000,0.000000,0.037784
0.009268000000,0.000000,0.128161
0.009270000000,0.000000,-0.484611
0.009272000000,0.000000,-0.116236
0.009274000000,0.000000,0.163350
0.009276000000,0.000000,-0.114361
0.009278000000,0.000000,0.055769
0.009280000000,0.000000,0.168780
0.009282000000,0.000000,-0.216707
0.009284000000,0.000000,-0.032207
0.009286000000,0.000000,-0.044894
0.009288000000,0.000000,0.209039
0.009290000000,0.000000,0.093499
0.009292000000,0.000000,0.345241
0.009294000000,0.000000,-0.000456
0.009296000000,0.000000,-0.028961
0.009298000000,0.000000,0.220995
0.009300000000,0.000000,0.298510
0.009302000000,0.000000,-0.141979
0.009304000000,0.000000,0.157212
0.009306000000,0.000000,0.457654
0.009308000000,0.000000,0.013696
0.009310000000,0.000000,-0.231692
0.009312000000,0.000000,-0.250269
0.009314000000,0.000000,-0.314035
0.009316000000,0.000000,-0.131206
0.009318000000,0.000000,0.135337
0.009320000000,0.000000,0.096087
0.009322000000,0.000000,0.073663
0.009324000000,0.000000,-0.171761
0.009326000000,0.000000,-0.075521
0.009328000000,0.000000,0.242347
0.009330000000,0.000000,-0.133637
0.009332000000,0.000000,0.012429
0.009334000000,0.000000,-0.218917
0.009336000000,0.000000,-0.252316
0.009338000000,0.000000,-0.432371
0.009340000000,0.000000,-0.267524
0.009342000000,0.000000,-0.108939
0.009344000000,0.000000,0.168172
0.009346000000,0.000000,0.338326
0.009348000000,0.000000,-0.078336
0.009350000000,0.000000,-0.076536
0.009352000000,0.000000,0.039101
0.009354000000,0.000000,0.090717
0.009356000000,0.000000,-0.135504
0.009358000000,0.000000,0.154645
0.009360000000,0.000000,0.140442
0.009362000000,0.000000,0.066296
0.009364000000,0.000000,0.211594
0.009366000000,0.000000,0.316399
0.009368000000,0.000000,-0.194623
0.009370000000,0.000000,-0.194638
0.009372000000,0.000000,-0.096549
0.009374000000,0.000000,-0.035156
0.009376000000,0.000000,-0.011189
0.009378000000,0.000000,0.191877
0.009380000000,0.000000,0.042027
0.009382000000,0.000000,-0.054878
0.009384000000,0.000000,-0.252973
0.009386000000,0.000000,-0.043911
0.009388000000,0.000000,0.340234
0.009390000000,0.000000,0.065767
0.009392000000,0.000000,-0.104092
0.009394000000,0.000000,-0.153821
0.009396000000,0.000000,-0.246091
0.009398000000,0.000000,0.032223
0.009400000000,0.000000,0.018731
0.009402000000,0.000000,0.373404
0.009404000000,0.000000,-0.189671
0.009406000000,0.000000,-0.125211
0.009408000000,0.000000,0.239499
0.009410000000,0.000000,0.028271
0.009412000000,0.000000,0.129474
0.009414000000,0.000000,-0.122278
0.009416000000,0.000000,-0.001009
0.009418000000,0.000000,-0.357867
0.009420000000,0.000000,-0.313119
0.009422000000,0.000000,-0.031587
0.009424000000,0.000000,-0.047531
0.009426000000,0.000000,-0.493849
0.009428000000,0.000000,-0.205172
0.009430000000,0.000000,-0.481568
0.009432000000,0.000000,-0.150731
0.009434000000,0.000000,0.370118
0.009436000000,0.000000,0.078781
0.009438000000,0.000000,-0.356496
0.009440000000,0.000000,-0.000351
0.009442000000,0.000000,0.030246
0.009444000000,0.000000,-0.035969
0.009446000000,0.000000,-0.214243
0.009448000000,0.000000,-0.087357
0.009450000000,0.000000,-0.203242
0.009452000000,0.000000,0.247890
0.009454000000,0.000000,0.097034
0.009456000000,0.000000,0.012699
0.009458000000,0.000000,-0.133990
0.009460000000,0.000000,0.529166
0.009462000000,0.000000,-0.125170
0.009464000000,0.000000,-0.112492
0.009466000000,0.000000,-0.038267
0.009468000000,0.000000,0.132418
0.009470000000,0.000000,-0.088956
0.009472000000,0.000000,0.194084
0.009474000000,0.000000,-0.025431
0.009476000000,0.000000,0.211144
0.009478000000,0.000000,0.174339
0.009480000000,0.000000,-0.134998
0.009482000000,0.000000,-0.085624
0.009484000000,0.000000,0.316793
0.009486000000,0.000000,-0.140821
0.009488000000,0.000000,0.000414
0.009490000000,0.000000,-0.008091
0.009492000000,0.000000,0.040261
0.009494000000,0.000000,0.168015
0.009496000000,0.000000,0.110677
0.009498000000,0.000000,0.123695
0.009500000000,0.000000,0.175992
0.009502000000,0.000000,-0.428924
0.009504000000,0.000000,-0.211071
0.009506000000,0.000000,0.151001
0.009508000000,0.000000,0.122921
0.009510000000,0.000000,0.161098
0.009512000000,0.000000,-0.017318
0.009514000000,0.000000,-0.158887
0.009516000000,0.000000,0.086387
0.009518000000,0.000000,-0.000997
0.009520000000,0.000000,-0.459655
0.009522000000,0.000000,-0.184171
0.009524000000,0.000000,-0.095144
0.009526000000,0.000000,-0.287041
0.009528000000,0.000000,-0.166045
0.009530000000,0.000000,-0.087798
0.009532000000,0.000000,0.214825
0.009534000000,0.000000,-0.038524
0.009536000000,0.000000,0.228302
0.009538000000,0.000000,-0.043797
0.009540000000,0.000000,0.114518
0.009542000000,0.000000,-0.238153
0.009544000000,0.000000,-0.072457
0.009546000000,0.000000,-0.269431
0.009548000000,0.000000,-0.190640
0.009550000000,0.000000,0.394146
0.009552000000,0.000000,0.280019
0.009554000000,0.000000,0.016157
0.009556000000,0.000000,0.209504
0.009558000000,0.000000,0.058126
0.009560000000,0.000000,-0.192771
0.009562000000,0.000000,-0.363326
0.009564000000,0.000000,-0.111837
0.009566000000,0.000000,-0.123091
0.009568000000,0.000000,0.160786
0.009570000000,0.000000,-0.162967
0.009572000000,0.000000,0.004740
0.009574000000,0.000000,-0.078001
0.009576000000,0.000000,-0.097885
0.009578000000,0.000000,0.120055
0.009580000000,0.000000,0.048313
0.009582000000,0.000000,0.379752
0.009584000000,0.000000,0.102423
0.009586000000,0.000000,0.153231
0.009588000000,0.000000,-0.034344
0.009590000000,0.000000,-0.431615
0.009592000000,0.000000,-0.068039
0.009594000000,0.000000,0.235338
0.009596000000,0.000000,0.293773
0.009598000000,0.000000,0.311284
0.009600000000,0.000000,0.041544
0.009602000000,0.000000,0.144310
0.009604000000,0.000000,0.150001
0.009606000000,0.000000,0.116885
0.009608000000,0.000000,0.240256
0.009610000000,0.000000,-0.363040
0.009612000000,0.000000,-0.227829
0.009614000000,0.000000,-0.054090
0.009616000000,0.000000,-0.003300
0.009618000000,0.000000,-0.023701
0.009620000000,0.000000,0.419910
0.009622000000,0.000000,-0.341774
0.009624000000,0.000000,-0.123747
0.009626000000,0.000000,0.074535
0.009628000000,0.000000,-0.142712
0.009630000000,0.000000,-0.436179
0.009632000000,0.000000,0.492646
0.009634000000,0.000000,0.307520
0.009636000000,0.000000,0.026427
0.009638000000,0.000000,-0.054823
0.009640000000,0.000000,0.128478
0.009642000000,0.000000,-0.491803
0.009644000000,0.000000,-0.297075
0.009646000000,0.000000,0.023748
0.009648000000,0.000000,-0.062612
0.009650000000,0.000000,0.005262
0.009652000000,0.000000,0.151959
0.009654000000,0.000000,0.177504
0.009656000000,0.000000,-0.086519
0.009658000000,0.000000,-0.030824
0.009660000000,0.000000,-0.182612
0.009662000000,0.000000,0.151764
0.009664000000,0.000000,0.252785
0.009666000000,0.000000,-0.492939
0.009668000000,0.000000,-0.015027
0.009670000000,0.000000,-0.153644
0.009672000000,0.000000,-0.143708
0.009674000000,0.000000,-0.289191
0.009676000000,0.000000,-0.000354
0.009678000000,0.000000,-0.061992
0.009680000000,0.000000,0.032357
0.009682000000,0.000000,0.307988
0.009684000000,0.000000,-0.063105
0.009686000000,0.000000,-0.242477
0.009688000000,0.000000,-0.002351
0.009690000000,0.000000,0.146807
0.009692000000,0.000000,-0.000074
0.009694000000,0.000000,0.008535
0.009696000000,0.000000,0.036061
0.009698000000,0.000000,-0.439008
0.009700000000,0.000000,-0.722495
0.009702000000,0.000000,-0.133435
0.009704000000,0.000000,-0.343818
0.009706000000,0.000000,0.184512
0.009708000000,0.000000,-0.087473
0.009710000000,0.000000,0.169723
0.009712000000,0.000000,0.165571
0.009714000000,0.000000,-0.341021
0.009716000000,0.000000,-0.011682
0.009718000000,0.000000,0.092830
0.009720000000,0.000000,0.182031
0.009722000000,0.000000,0.023626
0.009724000000,0.000000,-0.190731
0.009726000000,0.000000,0.269223
0.009728000000,0.000000,-0.271236
0.009730000000,0.000000,0.168968
0.009732000000,0.000000,0.203799
0.009734000000,0.000000,-0.232334
0.009736000000,0.000000,-0.055179
0.009738000000,0.000000,0.098936
0.009740000000,0.000000,0.035738
0.009742000000,0.000000,0.167223
0.009744000000,0.000000,-0.237031
0.009746000000,0.000000,-0.086526
0.009748000000,0.000000,-0.262172
0.009750000000,0.000000,0.376065
0.009752000000,0.000000,-0.179117
0.009754000000,0.000000,0.021718
0.009756000000,0.000000,-0.004190
0.009758000000,0.000000,-0.097815
0.009760000000,0.000000,0.125216
0.009762000000,0.000000,0.379625
0.009764000000,0.000000,0.166627
0.009766000000,0.000000,-0.117868
0.009768000000,0.000000,0.082043
0.009770000000,0.000000,-0.027237
0.009772000000,0.000000,0.128263
0.009774000000,0.000000,0.049624
0.009776000000,0.000000,-0.151227
0.009778000000,0.000000,-0.190740
0.009780000000,0.000000,-0.056288
0.009782000000,0.000000,-0.034080
0.009784000000,0.000000,0.176381
0.009786000000,0.000000,-0.085836
0.009788000000,0.000000,-0.148008
0.009790000000,0.000000,-0.105375
0.009792000000,0.000000,0.129645
0.009794000000,0.000000,0.152693
0.009796000000,0.000000,0.215416
0.009798000000,0.000000,-0.119525
0.009800000000,0.000000,-0.142608
0.009802000000,0.000000,-0.147726
0.009804000000,0.000000,0.459570
0.009806000000,0.000000,0.270176
0.009808000000,0.000000,0.083382
0.009810000000,0.000000,-0.394397
0.009812000000,0.000000,0.133848
0.009814000000,0.000000,0.276620
0.009816000000,0.000000,0.047228
0.009818000000,0.000000,0.236607
0.009820000000,0.000000,-0.483627
0.009822000000,0.000000,0.010407
0.009824000000,0.000000,-0.056840
0.009826000000,0.000000,-0.213048
0.009828000000,0.000000,-0.129717
0.009830000000,0.000000,-0.020285
0.009832000000,0.000000,-0.276327
0.009834000000,0.000000,0.235453
0.009836000000,0.000000,0.129840
0.009838000000,0.000000,0.105260
0.009840000000,0.000000,0.028298
0.009842000000,0.000000,-0.449268
0.009844000000,0.000000,0.291771
0.009846000000,0.000000,-0.417370
0.009848000000,0.000000,0.353930
0.009850000000,0.000000,-0.108094
0.009852000000,0.000000,0.269841
0.009854000000,0.000000,0.227423
0.009856000000,0.000000,-0.316933
0.009858000000,0.000000,0.030694
0.009860000000,0.000000,0.410237
0.009862000000,0.000000,0.155214
0.009864000000,0.000000,0.126315
0.009866000000,0.000000,-0.232811
0.009868000000,0.000000,0.168741
0.009870000000,0.000000,0.103549
0.009872000000,0.000000,-0.051808
0.009874000000,0.000000,-0.106104
0.009876000000,0.000000,-0.196680
0.009878000000,0.000000,-0.263716
0.009880000000,0.000000,-0.014192
0.009882000000,0.000000,0.126286
0.009884000000,0.000000,-0.019473
0.009886000000,0.000000,-0.085473
0.009888000000,0.000000,-0.096322
0.009890000000,0.000000,-0.072060
0.009892000000,0.000000,-0.099465
0.009894000000,0.000000,0.184963
0.009896000000,0.000000,-0.009237
0.009898000000,0.000000,-0.276666
0.009900000000,0.000000,0.204485
0.009902000000,0.000000,-0.234270
0.009904000000,0.000000,0.261450
0.009906000000,0.000000,0.077701
0.009908000000,0.000000,-0.028269
0.009910000000,0.000000,0.097392
0.009912000000,0.000000,0.277809
0.009914000000,0.000000,-0.170796
0.009916000000,0.000000,-0.016604
0.009918000000,0.000000,-0.306355
0.009920000000,0.000000,0.204335
0.009922000000,0.000000,-0.220216
0.009924000000,0.000000,-0.129679
0.009926000000,0.000000,-0.027629
0.009928000000,0.000000,-0.341156
0.009930000000,0.000000,0.208093
0.009932000000,0.000000,-0.016888
0.009934000000,0.000000,0.168149
0.009936000000,0.000000,0.016553
0.009938000000,0.000000,-0.228038
0.009940000000,0.000000,-0.455991
0.009942000000,0.000000,-0.090461
0.009944000000,0.000000,0.004465
0.009946000000,0.000000,0.003904
0.009948000000,0.000000,-0.098781
0.009950000000,0.000000,-0.218328
0.009952000000,0.000000,-0.109061
0.009954000000,0.000000,-0.115152
0.009956000000,0.000000,0.084689
0.009958000000,0.000000,-0.074815
0.009960000000,0.000000,0.300940
0.009962000000,0.000000,0.241446
0.009964000000,0.000000,-0.086790
0.009966000000,0.000000,0.273672
0.009968000000,0.000000,-0.155693
0.009970000000,0.000000,0.048787
0.009972000000,0.000000,-0.574124
0.009974000000,0.000000,-0.004518
0.009976000000,0.000000,-0.265685
0.009978000000,0.000000,0.060322
0.009980000000,0.000000,0.140754
0.009982000000,0.000000,-0.191318
0.009984000000,0.000000,-0.175959
0.009986000000,0.000000,0.023563
0.009988000000,0.000000,0.419924
0.009990000000,0.000000,-0.002829
0.009992000000,0.000000,0.012267
0.009994000000,0.000000,0.118825
0.009996000000,0.000000,0.369905
0.009998000000,0.000000,0.072840
