time_s,tx,rx
0.000000000000,0.000000,0.009435
0.000002000000,0.000000,0.027864
0.000004000000,0.000000,-0.016221
0.000006000000,0.000000,-0.018155
0.000008000000,0.000000,-0.007466
0.000010000000,0.000000,0.017439
0.000012000000,0.000000,-0.001509
0.000014000000,0.000000,0.041439
0.000016000000,0.000000,0.030882
0.000018000000,0.000000,-0.042166
0.000020000000,0.000000,-0.022679
0.000022000000,0.000000,0.022326
0.000024000000,0.000000,0.033808
0.000026000000,0.000000,-0.009188
0.000028000000,0.000000,-0.006730
0.000030000000,0.000000,0.002239
0.000032000000,0.000000,0.009366
0.000034000000,0.000000,-0.016588
0.000036000000,0.000000,-0.033431
0.000038000000,0.000000,0.017324
0.000040000000,0.000000,0.037832
0.000042000000,0.000000,0.001229
0.000044000000,0.000000,0.024539
0.000046000000,0.000000,-0.006130
0.000048000000,0.000000,0.003971
0.000050000000,0.000000,-0.003954
0.000052000000,0.000000,0.010758
0.000054000000,0.000000,-0.011657
0.000056000000,0.000000,-0.002954
0.000058000000,0.000000,0.004646
0.000060000000,0.000000,-0.022155
0.000062000000,0.000000,-0.003771
0.000064000000,0.000000,-0.004383
0.000066000000,0.000000,-0.000131
0.000068000000,0.000000,0.006644
0.000070000000,0.000000,-0.009582
0.000072000000,0.000000,-0.003994
0.000074000000,0.000000,0.000113
0.000076000000,0.000000,-0.002879
0.000078000000,0.000000,0.009353
0.000080000000,0.000000,-0.022652
0.000082000000,0.000000,0.012917
0.000084000000,0.000000,0.009437
0.000086000000,0.000000,0.005579
0.000088000000,0.000000,-0.016548
0.000090000000,0.000000,0.031312
0.000092000000,0.000000,0.027520
0.000094000000,0.000000,0.007469
0.000096000000,0.000000,0.017171
0.000098000000,0.000000,-0.029252
0.000100000000,0.000000,0.037181
0.000102000000,0.000000,-0.013443
0.000104000000,0.000000,0.018729
0.000106000000,0.000000,0.012059
0.000108000000,0.000000,0.010630
0.000110000000,0.000000,0.007385
0.000112000000,0.000000,-0.029015
0.000114000000,0.000000,-0.003686
0.000116000000,0.000000,-0.007486
0.000118000000,0.000000,0.029677
0.000120000000,0.000000,0.020127
0.000122000000,0.000000,0.007834
0.000124000000,0.000000,0.017516
0.000126000000,0.000000,-0.007101
0.000128000000,0.000000,-0.015235
0.000130000000,0.000000,-0.042322
0.000132000000,0.000000,-0.010559
0.000134000000,0.000000,-0.010295
0.000136000000,0.000000,0.007800
0.000138000000,0.000000,-0.001457
0.000140000000,0.000000,-0.007860
0.000142000000,0.000000,0.023716
0.000144000000,0.000000,-0.015556
0.000146000000,0.000000,0.002518
0.000148000000,0.000000,-0.002446
0.000150000000,0.000000,0.003487
0.000152000000,0.000000,-0.006813
0.000154000000,0.000000,-0.027111
0.000156000000,0.000000,-0.009998
0.000158000000,0.000000,0.001270
0.000160000000,0.000000,0.004107
0.000162000000,0.000000,0.018681
0.000164000000,0.000000,-0.013418
0.000166000000,0.000000,0.004241
0.000168000000,0.000000,-0.010175
0.000170000000,0.000000,-0.023128
0.000172000000,0.000000,0.007810
0.000174000000,0.000000,0.046698
0.000176000000,0.000000,0.037698
0.000178000000,0.000000,0.000835
0.000180000000,0.000000,-0.009722
0.000182000000,0.000000,0.015259
0.000184000000,0.000000,-0.004255
0.000186000000,0.000000,0.010304
0.000188000000,0.000000,0.004463
0.000190000000,0.000000,-0.008133
0.000192000000,0.000000,0.012972
0.000194000000,0.000000,-0.018311
0.000196000000,0.000000,0.005865
0.000198000000,0.000000,0.009739
0.000200000000,0.000000,0.016464
0.000202000000,0.000000,0.003616
0.000204000000,0.000000,0.008352
0.000206000000,0.000000,-0.016580
0.000208000000,0.000000,0.001162
0.000210000000,0.000000,-0.014283
0.000212000000,0.000000,0.008627
0.000214000000,0.000000,0.017442
0.000216000000,0.000000,-0.005180
0.000218000000,0.000000,0.013130
0.000220000000,0.000000,-0.012864
0.000222000000,0.000000,0.030285
0.000224000000,0.000000,0.004297
0.000226000000,0.000000,0.006720
0.000228000000,0.000000,-0.017824
0.000230000000,0.000000,0.014631
0.000232000000,0.000000,-0.039470
0.000234000000,0.000000,0.013493
0.000236000000,0.000000,-0.039899
0.000238000000,0.000000,-0.025758
0.000240000000,0.000000,-0.023988
0.000242000000,0.000000,0.000183
0.000244000000,0.000000,-0.007619
0.000246000000,0.000000,-0.027943
0.000248000000,0.000000,0.025375
0.000250000000,0.000000,0.024214
0.000252000000,0.000000,0.038412
0.000254000000,0.000000,0.005553
0.000256000000,0.000000,0.016759
0.000258000000,0.000000,-0.020364
0.000260000000,0.000000,-0.045277
0.000262000000,0.000000,-0.000513
0.000264000000,0.000000,0.031794
0.000266000000,0.000000,0.034087
0.000268000000,0.000000,0.021766
0.000270000000,0.000000,-0.010236
0.000272000000,0.000000,-0.000631
0.000274000000,0.000000,-0.016377
0.000276000000,0.000000,0.023046
0.000278000000,0.000000,0.038190
0.000280000000,0.000000,0.010675
0.000282000000,0.000000,-0.003401
0.000284000000,0.000000,-0.001456
0.000286000000,0.000000,-0.005955
0.000288000000,0.000000,-0.011201
0.000290000000,0.000000,-0.043494
0.000292000000,0.000000,-0.015405
0.000294000000,0.000000,0.020060
0.000296000000,0.000000,-0.006716
0.000298000000,0.000000,0.004495
0.000300000000,0.000000,0.017709
0.000302000000,0.000000,0.030497
0.000304000000,0.000000,-0.030704
0.000306000000,0.000000,-0.014221
0.000308000000,0.000000,0.016901
0.000310000000,0.000000,0.004874
0.000312000000,0.000000,0.030952
0.000314000000,0.000000,0.023524
0.000316000000,0.000000,0.021216
0.000318000000,0.000000,-0.003767
0.000320000000,0.000000,0.006151
0.000322000000,0.000000,-0.023284
0.000324000000,0.000000,-0.007937
0.000326000000,0.000000,0.003981
0.000328000000,0.000000,0.009074
0.000330000000,0.000000,-0.004673
0.000332000000,0.000000,-0.014728
0.000334000000,0.000000,0.032777
0.000336000000,0.000000,0.008843
0.000338000000,0.000000,0.044827
0.000340000000,0.000000,0.018785
0.000342000000,0.000000,0.022728
0.000344000000,0.000000,-0.005494
0.000346000000,0.000000,-0.009953
0.000348000000,0.000000,-0.016913
0.000350000000,0.000000,0.044376
0.000352000000,0.000000,-0.005717
0.000354000000,0.000000,-0.002851
0.000356000000,0.000000,0.016293
0.000358000000,0.000000,-0.015310
0.000360000000,0.000000,0.013441
0.000362000000,0.000000,-0.020505
0.000364000000,0.000000,0.002419
0.000366000000,0.000000,-0.001204
0.000368000000,0.000000,-0.007297
0.000370000000,0.000000,0.011779
0.000372000000,0.000000,-0.005615
0.000374000000,0.000000,0.023435
0.000376000000,0.000000,0.007343
0.000378000000,0.000000,0.017073
0.000380000000,0.000000,0.026950
0.000382000000,0.000000,0.007252
0.000384000000,0.000000,0.028148
0.000386000000,0.000000,0.012471
0.000388000000,0.000000,0.023204
0.000390000000,0.000000,-0.002656
0.000392000000,0.000000,0.001144
0.000394000000,0.000000,-0.000701
0.000396000000,0.000000,0.037922
0.000398000000,0.000000,-0.036142
0.000400000000,0.000000,0.009708
0.000402000000,0.000000,0.043566
0.000404000000,0.000000,-0.013519
0.000406000000,0.000000,-0.002437
0.000408000000,0.000000,-0.014771
0.000410000000,0.000000,-0.014239
0.000412000000,0.000000,-0.021497
0.000414000000,0.000000,-0.031230
0.000416000000,0.000000,0.017026
0.000418000000,0.000000,-0.000115
0.000420000000,0.000000,-0.049304
0.000422000000,0.000000,-0.025905
0.000424000000,0.000000,0.031979
0.000426000000,0.000000,0.010613
0.000428000000,0.000000,-0.036305
0.000430000000,0.000000,0.019593
0.000432000000,0.000000,0.019632
0.000434000000,0.000000,0.032164
0.000436000000,0.000000,0.026615
0.000438000000,0.000000,0.026769
0.000440000000,0.000000,0.016977
0.000442000000,0.000000,-0.013110
0.000444000000,0.000000,0.017918
0.000446000000,0.000000,0.001189
0.000448000000,0.000000,0.008029
0.000450000000,0.000000,-0.022657
0.000452000000,0.000000,-0.006273
0.000454000000,0.000000,0.004224
0.000456000000,0.000000,0.009141
0.000458000000,0.000000,0.014439
0.000460000000,0.000000,0.019375
0.000462000000,0.000000,0.016496
0.000464000000,0.000000,0.018225
0.000466000000,0.000000,-0.025787
0.000468000000,0.000000,0.025900
0.000470000000,0.000000,0.009430
0.000472000000,0.000000,0.009002
0.000474000000,0.000000,0.023059
0.000476000000,0.000000,0.012060
0.000478000000,0.000000,0.041824
0.000480000000,0.000000,-0.016127
0.000482000000,0.000000,-0.002727
0.000484000000,0.000000,0.040446
0.000486000000,0.000000,-0.003283
0.000488000000,0.000000,0.030032
0.000490000000,0.000000,0.045302
0.000492000000,0.000000,0.036524
0.000494000000,0.000000,-0.023462
0.000496000000,0.000000,-0.021189
0.000498000000,0.000000,-0.022927
0.000500000000,0.000000,0.022119
0.000502000000,0.000000,-0.000229
0.000504000000,0.000000,-0.033255
0.000506000000,0.000000,-0.011481
0.000508000000,0.000000,-0.028241
0.000510000000,0.000000,-0.003930
0.000512000000,0.000000,0.008592
0.000514000000,0.000000,0.014746
0.000516000000,0.000000,-0.006915
0.000518000000,0.000000,0.007670
0.000520000000,0.000000,-0.016771
0.000522000000,0.000000,-0.000611
0.000524000000,0.000000,-0.002715
0.000526000000,0.000000,-0.012535
0.000528000000,0.000000,0.033732
0.000530000000,0.000000,0.019817
0.000532000000,0.000000,0.033241
0.000534000000,0.000000,0.009223
0.000536000000,0.000000,-0.007526
0.000538000000,0.000000,0.013724
0.000540000000,0.000000,-0.011141
0.000542000000,0.000000,-0.014225
0.000544000000,0.000000,-0.024622
0.000546000000,0.000000,-0.005861
0.000548000000,0.000000,0.033333
0.000550000000,0.000000,-0.024223
0.000552000000,0.000000,0.039514
0.000554000000,0.000000,0.009199
0.000556000000,0.000000,-0.006062
0.000558000000,0.000000,0.010558
0.000560000000,0.000000,-0.010999
0.000562000000,0.000000,0.003773
0.000564000000,0.000000,0.017790
0.000566000000,0.000000,0.012078
0.000568000000,0.000000,0.032093
0.000570000000,0.000000,-0.026862
0.000572000000,0.000000,-0.045399
0.000574000000,0.000000,-0.019765
0.000576000000,0.000000,-0.000350
0.000578000000,0.000000,0.038451
0.000580000000,0.000000,-0.006926
0.000582000000,0.000000,-0.009374
0.000584000000,0.000000,-0.004628
0.000586000000,0.000000,0.034858
0.000588000000,0.000000,0.006233
0.000590000000,0.000000,-0.003958
0.000592000000,0.000000,0.008840
0.000594000000,0.000000,0.030082
0.000596000000,0.000000,-0.031833
0.000598000000,0.000000,0.007758
0.000600000000,0.000000,0.003361
0.000602000000,0.000000,-0.016070
0.000604000000,0.000000,0.014696
0.000606000000,0.000000,-0.000319
0.000608000000,0.000000,-0.013667
0.000610000000,0.000000,0.026102
0.000612000000,0.000000,0.030887
0.000614000000,0.000000,0.019397
0.000616000000,0.000000,-0.005162
0.000618000000,0.000000,0.007095
0.000620000000,0.000000,-0.008102
0.000622000000,0.000000,-0.035593
0.000624000000,0.000000,-0.029395
0.000626000000,0.000000,-0.022999
0.000628000000,0.000000,-0.017499
0.000630000000,0.000000,-0.011367
0.000632000000,0.000000,0.030007
0.000634000000,0.000000,-0.007579
0.000636000000,0.000000,-0.001864
0.000638000000,0.000000,-0.000215
0.000640000000,0.000000,-0.021708
0.000642000000,0.000000,-0.045777
0.000644000000,0.000000,0.006350
0.000646000000,0.000000,0.029434
0.000648000000,0.000000,0.048600
0.000650000000,0.000000,0.007819
0.000652000000,0.000000,-0.019635
0.000654000000,0.000000,0.024040
0.000656000000,0.000000,-0.005273
0.000658000000,0.000000,0.016860
0.000660000000,0.000000,-0.033858
0.000662000000,0.000000,0.031828
0.000664000000,0.000000,0.002845
0.000666000000,0.000000,-0.047479
0.000668000000,0.000000,-0.018577
0.000670000000,0.000000,0.014973
0.000672000000,0.000000,0.008471
0.000674000000,0.000000,0.005427
0.000676000000,0.000000,-0.004495
0.000678000000,0.000000,-0.009228
0.000680000000,0.000000,0.010030
0.000682000000,0.000000,0.020468
0.000684000000,0.000000,-0.016482
0.000686000000,0.000000,0.031719
0.000688000000,0.000000,0.023511
0.000690000000,0.000000,0.004414
0.000692000000,0.000000,-0.033151
0.000694000000,0.000000,0.003971
0.000696000000,0.000000,0.002788
0.000698000000,0.000000,0.005014
0.000700000000,0.000000,0.001873
0.000702000000,0.000000,-0.016463
0.000704000000,0.000000,0.025983
0.000706000000,0.000000,-0.016895
0.000708000000,0.000000,0.016736
0.000710000000,0.000000,-0.047834
0.000712000000,0.000000,-0.023290
0.000714000000,0.000000,-0.011487
0.000716000000,0.000000,-0.029545
0.000718000000,0.000000,-0.020150
0.000720000000,0.000000,0.059570
0.000722000000,0.000000,-0.038850
0.000724000000,0.000000,-0.002441
0.000726000000,0.000000,-0.005061
0.000728000000,0.000000,0.020731
0.000730000000,0.000000,0.000743
0.000732000000,0.000000,-0.017049
0.000734000000,0.000000,0.026942
0.000736000000,0.000000,-0.030699
0.000738000000,0.000000,0.006615
0.000740000000,0.000000,-0.024297
0.000742000000,0.000000,-0.020431
0.000744000000,0.000000,-0.018159
0.000746000000,0.000000,-0.026942
0.000748000000,0.000000,0.011653
0.000750000000,0.000000,-0.028398
0.000752000000,0.000000,0.007179
0.000754000000,0.000000,0.011575
0.000756000000,0.000000,-0.015725
0.000758000000,0.000000,0.026642
0.000760000000,0.000000,0.050408
0.000762000000,0.000000,-0.025590
0.000764000000,0.000000,0.003891
0.000766000000,0.000000,0.025875
0.000768000000,0.000000,-0.008662
0.000770000000,0.000000,0.009288
0.000772000000,0.000000,-0.012735
0.000774000000,0.000000,0.025091
0.000776000000,0.000000,0.004951
0.000778000000,0.000000,0.026441
0.000780000000,0.000000,-0.007221
0.000782000000,0.000000,0.034930
0.000784000000,0.000000,0.011574
0.000786000000,0.000000,0.014660
0.000788000000,0.000000,0.008841
0.000790000000,0.000000,0.042697
0.000792000000,0.000000,-0.026330
0.000794000000,0.000000,0.022889
0.000796000000,0.000000,-0.043545
0.000798000000,0.000000,0.013970
0.000800000000,0.000000,-0.029954
0.000802000000,0.000000,0.027444
0.000804000000,0.000000,0.020334
0.000806000000,0.000000,-0.009209
0.000808000000,0.000000,-0.005999
0.000810000000,0.000000,0.026646
0.000812000000,0.000000,-0.008363
0.000814000000,0.000000,0.001605
0.000816000000,0.000000,0.003433
0.000818000000,0.000000,-0.007290
0.000820000000,0.000000,-0.008629
0.000822000000,0.000000,-0.010487
0.000824000000,0.000000,0.035896
0.000826000000,0.000000,-0.026818
0.000828000000,0.000000,-0.019960
0.000830000000,0.000000,-0.013103
0.000832000000,0.000000,0.002853
0.000834000000,0.000000,-0.003661
0.000836000000,0.000000,-0.008736
0.000838000000,0.000000,0.005461
0.000840000000,0.000000,0.014966
0.000842000000,0.000000,-0.017124
0.000844000000,0.000000,-0.015093
0.000846000000,0.000000,0.031451
0.000848000000,0.000000,0.029232
0.000850000000,0.000000,0.014117
0.000852000000,0.000000,-0.008993
0.000854000000,0.000000,0.001913
0.000856000000,0.000000,0.007307
0.000858000000,0.000000,-0.016322
0.000860000000,0.000000,0.017827
0.000862000000,0.000000,-0.000422
0.000864000000,0.000000,-0.002953
0.000866000000,0.000000,0.012049
0.000868000000,0.000000,0.011716
0.000870000000,0.000000,-0.032799
0.000872000000,0.000000,0.006241
0.000874000000,0.000000,-0.021447
0.000876000000,0.000000,-0.017513
0.000878000000,0.000000,0.015729
0.000880000000,0.000000,-0.001277
0.000882000000,0.000000,0.018395
0.000884000000,0.000000,0.000672
0.000886000000,0.000000,0.004364
0.000888000000,0.000000,0.029809
0.000890000000,0.000000,-0.013822
0.000892000000,0.000000,0.013749
0.000894000000,0.000000,0.009446
0.000896000000,0.000000,0.007528
0.000898000000,0.000000,-0.001321
0.000900000000,0.000000,0.005771
0.000902000000,0.000000,-0.013472
0.000904000000,0.000000,0.027539
0.000906000000,0.000000,-0.021988
0.000908000000,0.000000,0.014322
0.000910000000,0.000000,0.016317
0.000912000000,0.000000,0.001277
0.000914000000,0.000000,-0.003918
0.000916000000,0.000000,0.007623
0.000918000000,0.000000,-0.012737
0.000920000000,0.000000,-0.016924
0.000922000000,0.000000,0.013804
0.000924000000,0.000000,-0.057366
0.000926000000,0.000000,-0.008170
0.000928000000,0.000000,0.013272
0.000930000000,0.000000,-0.001534
0.000932000000,0.000000,-0.011728
0.000934000000,0.000000,0.032246
0.000936000000,0.000000,-0.009628
0.000938000000,0.000000,0.015236
0.000940000000,0.000000,0.002487
0.000942000000,0.000000,0.024461
0.000944000000,0.000000,0.032680
0.000946000000,0.000000,-0.005339
0.000948000000,0.000000,0.014870
0.000950000000,0.000000,-0.036436
0.000952000000,0.000000,-0.002139
0.000954000000,0.000000,0.026685
0.000956000000,0.000000,0.010972
0.000958000000,0.000000,0.007752
0.000960000000,0.000000,0.015078
0.000962000000,0.000000,-0.020529
0.000964000000,0.000000,-0.005042
0.000966000000,0.000000,-0.005954
0.000968000000,0.000000,-0.013383
0.000970000000,0.000000,0.023801
0.000972000000,0.000000,0.016430
0.000974000000,0.000000,-0.016832
0.000976000000,0.000000,0.027457
0.000978000000,0.000000,-0.004700
0.000980000000,0.000000,0.021214
0.000982000000,0.000000,0.006485
0.000984000000,0.000000,0.021039
0.000986000000,0.000000,-0.011547
0.000988000000,0.000000,-0.039494
0.000990000000,0.000000,0.006811
0.000992000000,0.000000,0.022743
0.000994000000,0.000000,-0.022277
0.000996000000,0.000000,0.021234
0.000998000000,0.000000,0.010267
0.001000000000,0.000000,0.013965
0.001002000000,0.000309,0.009667
0.001004000000,0.002166,-0.013915
0.001006000000,0.005754,-0.019971
0.001008000000,0.009261,0.007588
0.001010000000,0.009382,0.008070
0.001012000000,0.002874,-0.012409
0.001014000000,-0.011457,0.016274
0.001016000000,-0.031222,0.025493
0.001018000000,-0.050193,-0.017877
0.001020000000,-0.059752,-0.029241
0.001022000000,-0.051805,0.027259
0.001024000000,-0.022287,-0.007978
0.001026000000,0.026016,-0.003286
0.001028000000,0.082571,0.012208
0.001030000000,0.130869,-0.003996
0.001032000000,0.152762,-0.035258
0.001034000000,0.134311,-0.046536
0.001036000000,0.071397,0.002229
0.001038000000,-0.026867,0.002756
0.001040000000,-0.138434,0.004197
0.001042000000,-0.232856,0.032033
0.001044000000,-0.279251,0.000367
0.001046000000,-0.255681,0.007425
0.001048000000,-0.157219,0.020896
0.001050000000,0.000000,0.026145
0.001052000000,0.180500,-0.016128
0.001054000000,0.337183,-0.001577
0.001056000000,0.423449,0.009483
0.001058000000,0.406644,0.006983
0.001060000000,0.279007,-0.016104
0.001062000000,0.062667,-0.020186
0.001064000000,-0.193385,0.002667
0.001066000000,-0.424232,-0.021531
0.001068000000,-0.565516,-0.025475
0.001070000000,-0.571251,0.020909
0.001072000000,-0.428065,0.026921
0.001074000000,-0.161569,-0.006692
0.001076000000,0.167531,0.017204
0.001078000000,0.477251,-0.029775
0.001080000000,0.684948,0.018833
0.001082000000,0.729497,0.000023
0.001084000000,0.589044,-0.003494
0.001086000000,0.289211,-0.047183
0.001088000000,-0.101025,0.013356
0.001090000000,-0.485326,0.001393
0.001092000000,-0.764111,-0.031036
0.001094000000,-0.860695,-0.007953
0.001096000000,-0.742484,-0.031562
0.001098000000,-0.431356,0.014905
0.001100000000,0.000000,0.018125
0.001102000000,0.445296,0.019850
0.001104000000,0.791282,0.013417
0.001106000000,0.947030,-0.025309
0.001108000000,0.868162,0.004254
0.001110000000,0.569491,0.021906
0.001112000000,0.122459,-0.037541
0.001114000000,-0.362249,-0.018763
0.001116000000,-0.762627,-0.005232
0.001118000000,-0.976624,-0.031262
0.001120000000,-0.948617,0.004387
0.001122000000,-0.684108,0.013775
0.001124000000,-0.248690,-0.074095
0.001126000000,0.248530,0.018171
0.001128000000,0.682791,-0.017722
0.001130000000,0.945573,-0.010172
0.001132000000,0.972234,0.004235
0.001134000000,0.758215,-0.009675
0.001136000000,0.359683,-0.010833
0.001138000000,-0.121432,-0.025642
0.001140000000,-0.563968,0.010773
0.001142000000,-0.858592,-0.007147
0.001144000000,-0.935324,-0.006859
0.001146000000,-0.780431,0.010747
0.001148000000,-0.438580,0.010572
0.001150000000,-0.000000,-0.019965
0.001152000000,0.423644,-0.029844
0.001154000000,0.728145,0.031352
0.001156000000,0.842817,0.003695
0.001158000000,0.747103,0.003043
0.001160000000,0.473786,0.007405
0.001162000000,0.098466,-0.017032
0.001164000000,-0.281425,-0.001275
0.001166000000,-0.572222,0.021897
0.001168000000,-0.707440,-0.028857
0.001170000000,-0.663056,-0.017538
0.001172000000,-0.461147,-0.017559
0.001174000000,-0.161569,-0.045804
0.001176000000,0.155512,0.004186
0.001178000000,0.411173,-0.001736
0.001180000000,0.547536,-0.014168
0.001182000000,0.540832,0.010945
0.001184000000,0.404770,0.005329
0.001186000000,0.184062,-0.000256
0.001188000000,-0.059493,-0.012414
0.001190000000,-0.264160,-0.004006
0.001192000000,-0.383906,0.061301
0.001194000000,-0.398563,-0.003628
0.001196000000,-0.316347,-0.034020
0.001198000000,-0.168767,-0.030537
0.001200000000,0.000000,-0.004011
0.001202000000,0.145886,-0.035835
0.001204000000,0.236245,-0.020526
0.001206000000,0.256841,0.012501
0.001208000000,0.213103,0.026332
0.001210000000,0.126001,0.002098
0.001212000000,0.024308,0.033905
0.001214000000,-0.064169,-0.011440
0.001216000000,-0.119828,-0.024592
0.001218000000,-0.135166,-0.025121
0.001220000000,-0.114717,0.011030
0.001222000000,-0.071612,-0.050193
0.001224000000,-0.022287,-0.033405
0.001226000000,0.018820,0.004994
0.001228000000,0.043008,-0.020499
0.001230000000,0.048597,-0.014130
0.001232000000,0.039803,0.011355
0.001234000000,0.023981,-0.026305
0.001236000000,0.008441,0.012817
0.001238000000,-0.002000,-0.009161
0.001240000000,-0.006016,-0.006771
0.001242000000,-0.005217,0.017036
0.001244000000,-0.002560,-0.028839
0.001246000000,-0.000542,-0.007621
0.001248000000,-0.000000,0.012811
0.001250000000,0.000000,-0.005943
0.001252000000,0.000000,-0.017046
0.001254000000,0.000000,-0.027040
0.001256000000,0.000000,0.027593
0.001258000000,0.000000,-0.023573
0.001260000000,0.000000,0.026781
0.001262000000,0.000000,0.006491
0.001264000000,0.000000,-0.021888
0.001266000000,0.000000,-0.005185
0.001268000000,0.000000,0.008756
0.001270000000,0.000000,-0.017226
0.001272000000,0.000000,-0.005132
0.001274000000,0.000000,0.019937
0.001276000000,0.000000,0.017598
0.001278000000,0.000000,-0.007401
0.001280000000,0.000000,0.008594
0.001282000000,0.000000,-0.002668
0.001284000000,0.000000,0.012018
0.001286000000,0.000000,-0.018844
0.001288000000,0.000000,0.001296
0.001290000000,0.000000,0.000370
0.001292000000,0.000000,-0.012531
0.001294000000,0.000000,-0.001213
0.001296000000,0.000000,0.003262
0.001298000000,0.000000,0.021872
0.001300000000,0.000000,0.008430
0.001302000000,0.000000,-0.012049
0.001304000000,0.000000,-0.016278
0.001306000000,0.000000,-0.011412
0.001308000000,0.000000,-0.026831
0.001310000000,0.000000,-0.001687
0.001312000000,0.000000,-0.003557
0.001314000000,0.000000,0.012920
0.001316000000,0.000000,-0.011802
0.001318000000,0.000000,-0.026390
0.001320000000,0.000000,0.024498
0.001322000000,0.000000,0.028719
0.001324000000,0.000000,-0.005980
0.001326000000,0.000000,-0.026128
0.001328000000,0.000000,0.025113
0.001330000000,0.000000,-0.018097
0.001332000000,0.000000,-0.001780
0.001334000000,0.000000,0.019282
0.001336000000,0.000000,-0.019616
0.001338000000,0.000000,0.012887
0.001340000000,0.000000,-0.015531
0.001342000000,0.000000,0.001765
0.001344000000,0.000000,-0.032459
0.001346000000,0.000000,-0.025569
0.001348000000,0.000000,0.010434
0.001350000000,0.000000,0.027597
0.001352000000,0.000000,0.003225
0.001354000000,0.000000,0.006767
0.001356000000,0.000000,-0.017932
0.001358000000,0.000000,-0.007771
0.001360000000,0.000000,-0.000104
0.001362000000,0.000000,-0.026386
0.001364000000,0.000000,0.000944
0.001366000000,0.000000,0.015689
0.001368000000,0.000000,0.004556
0.001370000000,0.000000,0.019432
0.001372000000,0.000000,-0.013303
0.001374000000,0.000000,-0.017492
0.001376000000,0.000000,-0.013284
0.001378000000,0.000000,0.037601
0.001380000000,0.000000,-0.004680
0.001382000000,0.000000,-0.009788
0.001384000000,0.000000,0.009848
0.001386000000,0.000000,-0.012930
0.001388000000,0.000000,-0.011765
0.001390000000,0.000000,-0.015334
0.001392000000,0.000000,-0.024395
0.001394000000,0.000000,0.017078
0.001396000000,0.000000,0.012342
0.001398000000,0.000000,-0.014457
0.001400000000,0.000000,0.006750
0.001402000000,0.000000,0.001836
0.001404000000,0.000000,-0.006891
0.001406000000,0.000000,-0.012546
0.001408000000,0.000000,-0.003786
0.001410000000,0.000000,-0.053347
0.001412000000,0.000000,0.008612
0.001414000000,0.000000,0.014802
0.001416000000,0.000000,-0.023683
0.001418000000,0.000000,-0.007688
0.001420000000,0.000000,-0.020128
0.001422000000,0.000000,-0.010039
0.001424000000,0.000000,0.032778
0.001426000000,0.000000,0.002923
0.001428000000,0.000000,-0.015893
0.001430000000,0.000000,-0.013955
0.001432000000,0.000000,0.013556
0.001434000000,0.000000,0.017932
0.001436000000,0.000000,0.015428
0.001438000000,0.000000,0.011422
0.001440000000,0.000000,0.025504
0.001442000000,0.000000,-0.015828
0.001444000000,0.000000,0.004482
0.001446000000,0.000000,0.010664
0.001448000000,0.000000,0.021727
0.001450000000,0.000000,0.005957
0.001452000000,0.000000,-0.002393
0.001454000000,0.000000,-0.013049
0.001456000000,0.000000,-0.004350
0.001458000000,0.000000,-0.004858
0.001460000000,0.000000,-0.011963
0.001462000000,0.000000,-0.020964
0.001464000000,0.000000,0.000199
0.001466000000,0.000000,-0.006261
0.001468000000,0.000000,-0.008998
0.001470000000,0.000000,-0.002028
0.001472000000,0.000000,-0.003819
0.001474000000,0.000000,0.028350
0.001476000000,0.000000,-0.013249
0.001478000000,0.000000,0.000315
0.001480000000,0.000000,-0.000089
0.001482000000,0.000000,-0.012234
0.001484000000,0.000000,-0.020358
0.001486000000,0.000000,0.008435
0.001488000000,0.000000,-0.008337
0.001490000000,0.000000,0.017515
0.001492000000,0.000000,0.019511
0.001494000000,0.000000,0.005047
0.001496000000,0.000000,-0.006429
0.001498000000,0.000000,0.021309
0.001500000000,0.000000,0.045654
0.001502000000,0.000000,-0.023076
0.001504000000,0.000000,0.020309
0.001506000000,0.000000,0.010670
0.001508000000,0.000000,-0.003980
0.001510000000,0.000000,-0.022691
0.001512000000,0.000000,0.009213
0.001514000000,0.000000,0.037552
0.001516000000,0.000000,0.013775
0.001518000000,0.000000,0.039185
0.001520000000,0.000000,0.012860
0.001522000000,0.000000,0.033744
0.001524000000,0.000000,-0.034608
0.001526000000,0.000000,0.027542
0.001528000000,0.000000,0.004748
0.001530000000,0.000000,0.011432
0.001532000000,0.000000,0.023059
0.001534000000,0.000000,-0.015593
0.001536000000,0.000000,0.006978
0.001538000000,0.000000,0.042473
0.001540000000,0.000000,0.017106
0.001542000000,0.000000,0.024466
0.001544000000,0.000000,0.047415
0.001546000000,0.000000,0.011900
0.001548000000,0.000000,0.001731
0.001550000000,0.000000,-0.011712
0.001552000000,0.000000,0.001666
0.001554000000,0.000000,-0.005962
0.001556000000,0.000000,0.003743
0.001558000000,0.000000,-0.004977
0.001560000000,0.000000,0.007354
0.001562000000,0.000000,0.008707
0.001564000000,0.000000,0.037895
0.001566000000,0.000000,-0.005649
0.001568000000,0.000000,-0.015078
0.001570000000,0.000000,-0.019705
0.001572000000,0.000000,0.009371
0.001574000000,0.000000,-0.012337
0.001576000000,0.000000,0.033813
0.001578000000,0.000000,0.048597
0.001580000000,0.000000,-0.011360
0.001582000000,0.000000,0.020472
0.001584000000,0.000000,0.036496
0.001586000000,0.000000,0.043078
0.001588000000,0.000000,-0.044578
0.001590000000,0.000000,0.010001
0.001592000000,0.000000,-0.008850
0.001594000000,0.000000,0.010722
0.001596000000,0.000000,-0.022317
0.001598000000,0.000000,-0.015455
0.001600000000,0.000000,0.000632
0.001602000000,0.000000,0.021531
0.001604000000,0.000000,-0.009059
0.001606000000,0.000000,0.000052
0.001608000000,0.000000,-0.027590
0.001610000000,0.000000,-0.013152
0.001612000000,0.000000,0.004858
0.001614000000,0.000000,0.037007
0.001616000000,0.000000,-0.009548
0.001618000000,0.000000,0.006576
0.001620000000,0.000000,-0.024101
0.001622000000,0.000000,-0.016494
0.001624000000,0.000000,-0.051541
0.001626000000,0.000000,0.033824
0.001628000000,0.000000,0.006756
0.001630000000,0.000000,0.019164
0.001632000000,0.000000,0.018329
0.001634000000,0.000000,-0.017900
0.001636000000,0.000000,0.001788
0.001638000000,0.000000,0.001310
0.001640000000,0.000000,0.027348
0.001642000000,0.000000,0.028162
0.001644000000,0.000000,0.000521
0.001646000000,0.000000,0.016006
0.001648000000,0.000000,0.019374
0.001650000000,0.000000,0.000506
0.001652000000,0.000000,0.000543
0.001654000000,0.000000,-0.014190
0.001656000000,0.000000,-0.014045
0.001658000000,0.000000,-0.032058
0.001660000000,0.000000,0.014490
0.001662000000,0.000000,-0.008902
0.001664000000,0.000000,0.017937
0.001666000000,0.000000,-0.019639
0.001668000000,0.000000,0.029175
0.001670000000,0.000000,0.031524
0.001672000000,0.000000,-0.011999
0.001674000000,0.000000,0.014149
0.001676000000,0.000000,-0.012052
0.001678000000,0.000000,-0.010961
0.001680000000,0.000000,-0.017768
0.001682000000,0.000000,-0.033919
0.001684000000,0.000000,0.020189
0.001686000000,0.000000,0.030780
0.001688000000,0.000000,-0.003174
0.001690000000,0.000000,0.031917
0.001692000000,0.000000,0.020318
0.001694000000,0.000000,0.005214
0.001696000000,0.000000,-0.014433
0.001698000000,0.000000,0.010793
0.001700000000,0.000000,0.024143
0.001702000000,0.000000,-0.019071
0.001704000000,0.000000,0.033914
0.001706000000,0.000000,0.014429
0.001708000000,0.000000,-0.003766
0.001710000000,0.000000,0.012254
0.001712000000,0.000000,-0.011232
0.001714000000,0.000000,-0.003040
0.001716000000,0.000000,0.017523
0.001718000000,0.000000,-0.015766
0.001720000000,0.000000,-0.037002
0.001722000000,0.000000,-0.033953
0.001724000000,0.000000,-0.002284
0.001726000000,0.000000,-0.003217
0.001728000000,0.000000,-0.025421
0.001730000000,0.000000,0.030908
0.001732000000,0.000000,-0.026132
0.001734000000,0.000000,0.032022
0.001736000000,0.000000,0.015284
0.001738000000,0.000000,-0.012598
0.001740000000,0.000000,0.004244
0.001742000000,0.000000,-0.007611
0.001744000000,0.000000,-0.009090
0.001746000000,0.000000,0.013009
0.001748000000,0.000000,0.030124
0.001750000000,0.000000,-0.001870
0.001752000000,0.000000,-0.009624
0.001754000000,0.000000,0.010778
0.001756000000,0.000000,0.005755
0.001758000000,0.000000,0.012546
0.001760000000,0.000000,-0.027455
0.001762000000,0.000000,-0.009701
0.001764000000,0.000000,0.000960
0.001766000000,0.000000,0.009352
0.001768000000,0.000000,-0.008618
0.001770000000,0.000000,0.004370
0.001772000000,0.000000,0.024717
0.001774000000,0.000000,-0.020637
0.001776000000,0.000000,-0.023682
0.001778000000,0.000000,0.016675
0.001780000000,0.000000,0.023484
0.001782000000,0.000000,-0.014485
0.001784000000,0.000000,-0.006206
0.001786000000,0.000000,0.025618
0.001788000000,0.000000,-0.001245
0.001790000000,0.000000,0.005373
0.001792000000,0.000000,0.018612
0.001794000000,0.000000,0.002991
0.001796000000,0.000000,0.022488
0.001798000000,0.000000,-0.027941
0.001800000000,0.000000,0.009271
0.001802000000,0.000000,-0.014648
0.001804000000,0.000000,-0.019237
0.001806000000,0.000000,-0.008356
0.001808000000,0.000000,0.001488
0.001810000000,0.000000,0.003074
0.001812000000,0.000000,-0.013772
0.001814000000,0.000000,-0.034521
0.001816000000,0.000000,0.024863
0.001818000000,0.000000,0.003771
0.001820000000,0.000000,-0.008187
0.001822000000,0.000000,-0.008977
0.001824000000,0.000000,0.020814
0.001826000000,0.000000,-0.004129
0.001828000000,0.000000,0.007775
0.001830000000,0.000000,0.016777
0.001832000000,0.000000,-0.023539
0.001834000000,0.000000,0.032933
0.001836000000,0.000000,-0.003755
0.001838000000,0.000000,-0.013473
0.001840000000,0.000000,-0.021369
0.001842000000,0.000000,-0.042253
0.001844000000,0.000000,0.010496
0.001846000000,0.000000,0.004273
0.001848000000,0.000000,0.004064
0.001850000000,0.000000,0.014659
0.001852000000,0.000000,-0.027230
0.001854000000,0.000000,0.002103
0.001856000000,0.000000,0.040786
0.001858000000,0.000000,-0.023125
0.001860000000,0.000000,-0.008852
0.001862000000,0.000000,0.001278
0.001864000000,0.000000,-0.018231
0.001866000000,0.000000,-0.028614
0.001868000000,0.000000,-0.005947
0.001870000000,0.000000,0.003131
0.001872000000,0.000000,-0.037511
0.001874000000,0.000000,0.010308
0.001876000000,0.000000,-0.004210
0.001878000000,0.000000,0.007782
0.001880000000,0.000000,-0.006062
0.001882000000,0.000000,-0.005130
0.001884000000,0.000000,0.002632
0.001886000000,0.000000,0.008340
0.001888000000,0.000000,-0.006424
0.001890000000,0.000000,0.030275
0.001892000000,0.000000,-0.013598
0.001894000000,0.000000,-0.034817
0.001896000000,0.000000,-0.001811
0.001898000000,0.000000,0.001462
0.001900000000,0.000000,-0.001797
0.001902000000,0.000000,0.045922
0.001904000000,0.000000,0.023331
0.001906000000,0.000000,-0.009096
0.001908000000,0.000000,-0.012608
0.001910000000,0.000000,0.018287
0.001912000000,0.000000,0.003876
0.001914000000,0.000000,-0.040076
0.001916000000,0.000000,0.022481
0.001918000000,0.000000,-0.017432
0.001920000000,0.000000,0.015151
0.001922000000,0.000000,0.005944
0.001924000000,0.000000,-0.026986
0.001926000000,0.000000,0.016231
0.001928000000,0.000000,0.043380
0.001930000000,0.000000,-0.008027
0.001932000000,0.000000,0.019657
0.001934000000,0.000000,-0.019282
0.001936000000,0.000000,0.004410
0.001938000000,0.000000,0.012823
0.001940000000,0.000000,-0.027025
0.001942000000,0.000000,-0.009252
0.001944000000,0.000000,0.012137
0.001946000000,0.000000,0.007270
0.001948000000,0.000000,0.003652
0.001950000000,0.000000,0.010768
0.001952000000,0.000000,0.016107
0.001954000000,0.000000,0.003392
0.001956000000,0.000000,0.004684
0.001958000000,0.000000,0.012875
0.001960000000,0.000000,0.003880
0.001962000000,0.000000,0.005389
0.001964000000,0.000000,0.042692
0.001966000000,0.000000,-0.018107
0.001968000000,0.000000,0.016460
0.001970000000,0.000000,0.035178
0.001972000000,0.000000,-0.000123
0.001974000000,0.000000,0.016620
0.001976000000,0.000000,0.002692
0.001978000000,0.000000,0.003530
0.001980000000,0.000000,0.017363
0.001982000000,0.000000,0.008297
0.001984000000,0.000000,0.001561
0.001986000000,0.000000,-0.001693
0.001988000000,0.000000,0.038428
0.001990000000,0.000000,-0.019540
0.001992000000,0.000000,0.001495
0.001994000000,0.000000,0.012269
0.001996000000,0.000000,-0.013077
0.001998000000,0.000000,-0.007968
0.002000000000,0.000000,0.025118
0.002002000000,0.000000,0.019891
0.002004000000,0.000000,-0.011092
0.002006000000,0.000000,0.027654
0.002008000000,0.000000,-0.008458
0.002010000000,0.000000,-0.008991
0.002012000000,0.000000,-0.010809
0.002014000000,0.000000,0.010109
0.002016000000,0.000000,-0.013796
0.002018000000,0.000000,0.011012
0.002020000000,0.000000,-0.011295
0.002022000000,0.000000,-0.005034
0.002024000000,0.000000,0.039691
0.002026000000,0.000000,-0.009005
0.002028000000,0.000000,0.012720
0.002030000000,0.000000,0.004569
0.002032000000,0.000000,-0.030793
0.002034000000,0.000000,-0.003012
0.002036000000,0.000000,0.033611
0.002038000000,0.000000,-0.015463
0.002040000000,0.000000,0.000053
0.002042000000,0.000000,0.000902
0.002044000000,0.000000,-0.015704
0.002046000000,0.000000,0.009575
0.002048000000,0.000000,0.008840
0.002050000000,0.000000,0.009228
0.002052000000,0.000000,-0.000598
0.002054000000,0.000000,-0.026043
0.002056000000,0.000000,-0.009474
0.002058000000,0.000000,-0.007315
0.002060000000,0.000000,0.031281
0.002062000000,0.000000,-0.025542
0.002064000000,0.000000,0.029036
0.002066000000,0.000000,0.006403
0.002068000000,0.000000,0.020844
0.002070000000,0.000000,0.017391
0.002072000000,0.000000,-0.007826
0.002074000000,0.000000,-0.025807
0.002076000000,0.000000,-0.001033
0.002078000000,0.000000,0.023679
0.002080000000,0.000000,-0.063481
0.002082000000,0.000000,0.008987
0.002084000000,0.000000,0.021777
0.002086000000,0.000000,-0.014650
0.002088000000,0.000000,-0.016701
0.002090000000,0.000000,-0.002302
0.002092000000,0.000000,0.026529
0.002094000000,0.000000,0.006086
0.002096000000,0.000000,0.017453
0.002098000000,0.000000,0.031889
0.002100000000,0.000000,-0.011330
0.002102000000,0.000000,-0.017995
0.002104000000,0.000000,0.016258
0.002106000000,0.000000,0.037062
0.002108000000,0.000000,-0.005727
0.002110000000,0.000000,-0.005608
0.002112000000,0.000000,-0.005866
0.002114000000,0.000000,0.002719
0.002116000000,0.000000,-0.020815
0.002118000000,0.000000,-0.033312
0.002120000000,0.000000,-0.011417
0.002122000000,0.000000,-0.003799
0.002124000000,0.000000,0.017741
0.002126000000,0.000000,0.005599
0.002128000000,0.000000,0.020104
0.002130000000,0.000000,-0.004708
0.002132000000,0.000000,0.014302
0.002134000000,0.000000,-0.000155
0.002136000000,0.000000,0.013219
0.002138000000,0.000000,0.006604
0.002140000000,0.000000,-0.038522
0.002142000000,0.000000,0.025553
0.002144000000,0.000000,-0.000872
0.002146000000,0.000000,-0.008262
0.002148000000,0.000000,-0.023552
0.002150000000,0.000000,0.043772
0.002152000000,0.000000,0.016014
0.002154000000,0.000000,0.010088
0.002156000000,0.000000,0.038249
0.002158000000,0.000000,-0.044924
0.002160000000,0.000000,-0.001535
0.002162000000,0.000000,0.028089
0.002164000000,0.000000,-0.004070
0.002166000000,0.000000,0.004881
0.002168000000,0.000000,0.017533
0.002170000000,0.000000,-0.004751
0.002172000000,0.000000,-0.013861
0.002174000000,0.000000,-0.032809
0.002176000000,0.000000,-0.013533
0.002178000000,0.000000,0.013078
0.002180000000,0.000000,0.008453
0.002182000000,0.000000,-0.038290
0.002184000000,0.000000,0.019382
0.002186000000,0.000000,0.002739
0.002188000000,0.000000,-0.022731
0.002190000000,0.000000,-0.011478
0.002192000000,0.000000,-0.038412
0.002194000000,0.000000,-0.020675
0.002196000000,0.000000,-0.005788
0.002198000000,0.000000,0.019802
0.002200000000,0.000000,0.020286
0.002202000000,0.000000,-0.017398
0.002204000000,0.000000,0.028261
0.002206000000,0.000000,0.004354
0.002208000000,0.000000,0.017361
0.002210000000,0.000000,-0.000759
0.002212000000,0.000000,-0.024694
0.002214000000,0.000000,0.005299
0.002216000000,0.000000,-0.011935
0.002218000000,0.000000,-0.014858
0.002220000000,0.000000,0.017238
0.002222000000,0.000000,0.020445
0.002224000000,0.000000,-0.023426
0.002226000000,0.000000,-0.033762
0.002228000000,0.000000,0.011843
0.002230000000,0.000000,-0.006407
0.002232000000,0.000000,0.023004
0.002234000000,0.000000,0.038684
0.002236000000,0.000000,0.013770
0.002238000000,0.000000,0.031289
0.002240000000,0.000000,0.020945
0.002242000000,0.000000,-0.031864
0.002244000000,0.000000,0.009049
0.002246000000,0.000000,-0.011192
0.002248000000,0.000000,0.018492
0.002250000000,0.000000,-0.035994
0.002252000000,0.000000,-0.024521
0.002254000000,0.000000,-0.005631
0.002256000000,0.000000,-0.010947
0.002258000000,0.000000,0.016783
0.002260000000,0.000000,-0.021246
0.002262000000,0.000000,0.021123
0.002264000000,0.000000,0.023076
0.002266000000,0.000000,0.007505
0.002268000000,0.000000,-0.014736
0.002270000000,0.000000,0.007214
0.002272000000,0.000000,-0.005921
0.002274000000,0.000000,-0.007644
0.002276000000,0.000000,0.041155
0.002278000000,0.000000,-0.019615
0.002280000000,0.000000,0.000325
0.002282000000,0.000000,-0.008065
0.002284000000,0.000000,0.063289
0.002286000000,0.000000,0.031196
0.002288000000,0.000000,0.021660
0.002290000000,0.000000,0.042049
0.002292000000,0.000000,-0.011951
0.002294000000,0.000000,0.021355
0.002296000000,0.000000,0.008020
0.002298000000,0.000000,-0.035574
0.002300000000,0.000000,0.022548
0.002302000000,0.000000,0.021537
0.002304000000,0.000000,-0.009311
0.002306000000,0.000000,0.027484
0.002308000000,0.000000,0.014400
0.002310000000,0.000000,0.001801
0.002312000000,0.000000,0.000561
0.002314000000,0.000000,-0.005517
0.002316000000,0.000000,-0.026003
0.002318000000,0.000000,0.034639
0.002320000000,0.000000,-0.000404
0.002322000000,0.000000,0.004377
0.002324000000,0.000000,0.002203
0.002326000000,0.000000,-0.048255
0.002328000000,0.000000,0.000448
0.002330000000,0.000000,-0.033872
0.002332000000,0.000000,-0.035809
0.002334000000,0.000000,0.024369
0.002336000000,0.000000,-0.047467
0.002338000000,0.000000,0.005602
0.002340000000,0.000000,-0.002736
0.002342000000,0.000000,-0.009782
0.002344000000,0.000000,0.012211
0.002346000000,0.000000,-0.036579
0.002348000000,0.000000,-0.000017
0.002350000000,0.000000,-0.008001
0.002352000000,0.000000,-0.027663
0.002354000000,0.000000,-0.015560
0.002356000000,0.000000,0.029642
0.002358000000,0.000000,0.010842
0.002360000000,0.000000,-0.002363
0.002362000000,0.000000,0.019292
0.002364000000,0.000000,0.022909
0.002366000000,0.000000,-0.033903
0.002368000000,0.000000,0.005076
0.002370000000,0.000000,-0.022028
0.002372000000,0.000000,0.013725
0.002374000000,0.000000,0.025064
0.002376000000,0.000000,0.020229
0.002378000000,0.000000,0.045720
0.002380000000,0.000000,0.005792
0.002382000000,0.000000,0.008001
0.002384000000,0.000000,0.016257
0.002386000000,0.000000,0.007686
0.002388000000,0.000000,0.020472
0.002390000000,0.000000,0.033203
0.002392000000,0.000000,0.021832
0.002394000000,0.000000,-0.015112
0.002396000000,0.000000,0.015376
0.002398000000,0.000000,0.034439
0.002400000000,0.000000,-0.018514
0.002402000000,0.000000,-0.017815
0.002404000000,0.000000,0.003116
0.002406000000,0.000000,-0.034977
0.002408000000,0.000000,-0.018548
0.002410000000,0.000000,0.036119
0.002412000000,0.000000,0.013929
0.002414000000,0.000000,0.017899
0.002416000000,0.000000,-0.020026
0.002418000000,0.000000,0.008058
0.002420000000,0.000000,-0.022989
0.002422000000,0.000000,-0.018458
0.002424000000,0.000000,0.018674
0.002426000000,0.000000,-0.017393
0.002428000000,0.000000,0.007183
0.002430000000,0.000000,0.003436
0.002432000000,0.000000,0.013863
0.002434000000,0.000000,-0.020800
0.002436000000,0.000000,-0.018083
0.002438000000,0.000000,0.016518
0.002440000000,0.000000,0.026497
0.002442000000,0.000000,0.010741
0.002444000000,0.000000,0.040288
0.002446000000,0.000000,-0.015489
0.002448000000,0.000000,-0.003329
0.002450000000,0.000000,-0.000739
0.002452000000,0.000000,0.020404
0.002454000000,0.000000,-0.011468
0.002456000000,0.000000,-0.032275
0.002458000000,0.000000,0.028657
0.002460000000,0.000000,-0.012887
0.002462000000,0.000000,-0.049083
0.002464000000,0.000000,0.009383
0.002466000000,0.000000,-0.019460
0.002468000000,0.000000,0.023514
0.002470000000,0.000000,0.038239
0.002472000000,0.000000,0.019528
0.002474000000,0.000000,-0.004206
0.002476000000,0.000000,0.034020
0.002478000000,0.000000,-0.040868
0.002480000000,0.000000,-0.016712
0.002482000000,0.000000,-0.000036
0.002484000000,0.000000,0.014578
0.002486000000,0.000000,0.023310
0.002488000000,0.000000,0.033355
0.002490000000,0.000000,0.042959
0.002492000000,0.000000,0.031470
0.002494000000,0.000000,-0.004031
0.002496000000,0.000000,-0.001796
0.002498000000,0.000000,-0.063951
0.002500000000,0.000000,-0.101057
0.002502000000,0.000000,-0.094264
0.002504000000,0.000000,-0.099736
0.002506000000,0.000000,-0.054081
0.002508000000,0.000000,0.005434
0.002510000000,0.000000,0.107100
0.002512000000,0.000000,0.147710
0.002514000000,0.000000,0.116203
0.002516000000,0.000000,0.134665
0.002518000000,0.000000,0.075194
0.002520000000,0.000000,0.014744
0.002522000000,0.000000,-0.088256
0.002524000000,0.000000,-0.127981
0.002526000000,0.000000,-0.247446
0.002528000000,0.000000,-0.180277
0.002530000000,0.000000,-0.140607
0.002532000000,0.000000,-0.022794
0.002534000000,0.000000,0.102047
0.002536000000,0.000000,0.180808
0.002538000000,0.000000,0.283254
0.002540000000,0.000000,0.241585
0.002542000000,0.000000,0.187442
0.002544000000,0.000000,0.076575
0.002546000000,0.000000,-0.064372
0.002548000000,0.000000,-0.168303
0.002550000000,0.000000,-0.242197
0.002552000000,0.000000,-0.278597
0.002554000000,0.000000,-0.237847
0.002556000000,0.000000,-0.105290
0.002558000000,0.000000,0.017975
0.002560000000,0.000000,0.185208
0.002562000000,0.000000,0.296718
0.002564000000,0.000000,0.327781
0.002566000000,0.000000,0.270582
0.002568000000,0.000000,0.203316
0.002570000000,0.000000,0.037087
0.002572000000,0.000000,-0.126041
0.002574000000,0.000000,-0.291354
0.002576000000,0.000000,-0.317732
0.002578000000,0.000000,-0.305412
0.002580000000,0.000000,-0.220169
0.002582000000,0.000000,-0.045687
0.002584000000,0.000000,0.110090
0.002586000000,0.000000,0.237082
0.002588000000,0.000000,0.321599
0.002590000000,0.000000,0.300596
0.002592000000,0.000000,0.243157
0.002594000000,0.000000,0.078365
0.002596000000,0.000000,-0.077805
0.002598000000,0.000000,-0.184290
0.002600000000,0.000000,-0.293274
0.002602000000,0.000000,-0.335835
0.002604000000,0.000000,-0.252792
0.002606000000,0.000000,-0.093353
0.002608000000,0.000000,0.023615
0.002610000000,0.000000,0.168580
0.002612000000,0.000000,0.270165
0.002614000000,0.000000,0.294387
0.002616000000,0.000000,0.260180
0.002618000000,0.000000,0.118252
0.002620000000,0.000000,-0.017586
0.002622000000,0.000000,-0.122271
0.002624000000,0.000000,-0.220171
0.002626000000,0.000000,-0.264690
0.002628000000,0.000000,-0.205167
0.002630000000,0.000000,-0.110822
0.002632000000,0.000000,-0.021424
0.002634000000,0.000000,0.064403
0.002636000000,0.000000,0.105174
0.002638000000,0.000000,0.173160
0.002640000000,0.000000,0.195531
0.002642000000,0.000000,0.148879
0.002644000000,0.000000,0.058438
0.002646000000,0.000000,0.000210
0.002648000000,0.000000,-0.143456
0.002650000000,0.000000,-0.132008
0.002652000000,0.000000,-0.159639
0.002654000000,0.000000,-0.108904
0.002656000000,0.000000,-0.062728
0.002658000000,0.000000,-0.012303
0.002660000000,0.000000,0.060030
0.002662000000,0.000000,0.079487
0.002664000000,0.000000,0.064454
0.002666000000,0.000000,0.083321
0.002668000000,0.000000,0.044675
0.002670000000,0.000000,0.021760
0.002672000000,0.000000,-0.006270
0.002674000000,0.000000,-0.055029
0.002676000000,0.000000,-0.020034
0.002678000000,0.000000,-0.028443
0.002680000000,0.000000,-0.071383
0.002682000000,0.000000,-0.018164
0.002684000000,0.000000,0.006123
0.002686000000,0.000000,0.000725
0.002688000000,0.000000,0.057045
0.002690000000,0.000000,0.001006
0.002692000000,0.000000,0.061440
0.002694000000,0.000000,0.019581
0.002696000000,0.000000,-0.014699
0.002698000000,0.000000,-0.011639
0.002700000000,0.000000,0.027778
0.002702000000,0.000000,-0.013219
0.002704000000,0.000000,-0.010600
0.002706000000,0.000000,0.009093
0.002708000000,0.000000,-0.021881
0.002710000000,0.000000,-0.041348
0.002712000000,0.000000,0.024862
0.002714000000,0.000000,0.042676
0.002716000000,0.000000,0.009482
0.002718000000,0.000000,-0.032094
0.002720000000,0.000000,-0.025523
0.002722000000,0.000000,-0.008457
0.002724000000,0.000000,0.018338
0.002726000000,0.000000,-0.013203
0.002728000000,0.000000,0.004814
0.002730000000,0.000000,0.020188
0.002732000000,0.000000,0.005330
0.002734000000,0.000000,-0.008193
0.002736000000,0.000000,0.008024
0.002738000000,0.000000,-0.020106
0.002740000000,0.000000,-0.033837
0.002742000000,0.000000,0.013144
0.002744000000,0.000000,-0.013946
0.002746000000,0.000000,-0.015695
0.002748000000,0.000000,-0.017136
0.002750000000,0.000000,0.005379
0.002752000000,0.000000,-0.008186
0.002754000000,0.000000,0.031283
0.002756000000,0.000000,-0.028410
0.002758000000,0.000000,-0.028223
0.002760000000,0.000000,-0.015093
0.002762000000,0.000000,-0.025362
0.002764000000,0.000000,0.007597
0.002766000000,0.000000,-0.007884
0.002768000000,0.000000,0.006118
0.002770000000,0.000000,-0.025696
0.002772000000,0.000000,-0.018031
0.002774000000,0.000000,0.028692
0.002776000000,0.000000,-0.014588
0.002778000000,0.000000,0.007824
0.002780000000,0.000000,0.009101
0.002782000000,0.000000,-0.009038
0.002784000000,0.000000,-0.013111
0.002786000000,0.000000,0.008295
0.002788000000,0.000000,-0.012352
0.002790000000,0.000000,0.010958
0.002792000000,0.000000,0.016013
0.002794000000,0.000000,0.026605
0.002796000000,0.000000,-0.032596
0.002798000000,0.000000,-0.005215
0.002800000000,0.000000,0.006325
0.002802000000,0.000000,0.031275
0.002804000000,0.000000,-0.007491
0.002806000000,0.000000,0.009972
0.002808000000,0.000000,-0.000681
0.002810000000,0.000000,0.007037
0.002812000000,0.000000,0.015938
0.002814000000,0.000000,-0.056023
0.002816000000,0.000000,-0.017684
0.002818000000,0.000000,-0.016589
0.002820000000,0.000000,-0.041901
0.002822000000,0.000000,0.016108
0.002824000000,0.000000,-0.032011
0.002826000000,0.000000,-0.012168
0.002828000000,0.000000,0.006644
0.002830000000,0.000000,0.003207
0.002832000000,0.000000,-0.023988
0.002834000000,0.000000,-0.021072
0.002836000000,0.000000,-0.014574
0.002838000000,0.000000,-0.015032
0.002840000000,0.000000,0.010498
0.002842000000,0.000000,-0.012785
0.002844000000,0.000000,0.017936
0.002846000000,0.000000,-0.029436
0.002848000000,0.000000,0.006445
0.002850000000,0.000000,-0.020076
0.002852000000,0.000000,-0.001339
0.002854000000,0.000000,-0.005958
0.002856000000,0.000000,0.016081
0.002858000000,0.000000,0.024319
0.002860000000,0.000000,0.033028
0.002862000000,0.000000,-0.002117
0.002864000000,0.000000,-0.007194
0.002866000000,0.000000,0.037036
0.002868000000,0.000000,0.019924
0.002870000000,0.000000,-0.034383
0.002872000000,0.000000,-0.004022
0.002874000000,0.000000,0.023973
0.002876000000,0.000000,-0.026105
0.002878000000,0.000000,0.011378
0.002880000000,0.000000,-0.045521
0.002882000000,0.000000,0.034322
0.002884000000,0.000000,-0.006225
0.002886000000,0.000000,0.008278
0.002888000000,0.000000,0.016042
0.002890000000,0.000000,-0.002666
0.002892000000,0.000000,0.014324
0.002894000000,0.000000,-0.011958
0.002896000000,0.000000,-0.015559
0.002898000000,0.000000,-0.002469
0.002900000000,0.000000,-0.007192
0.002902000000,0.000000,-0.019434
0.002904000000,0.000000,0.018311
0.002906000000,0.000000,-0.014101
0.002908000000,0.000000,0.010999
0.002910000000,0.000000,-0.036678
0.002912000000,0.000000,-0.019849
0.002914000000,0.000000,-0.004807
0.002916000000,0.000000,0.018108
0.002918000000,0.000000,-0.006085
0.002920000000,0.000000,0.008551
0.002922000000,0.000000,0.004700
0.002924000000,0.000000,-0.013017
0.002926000000,0.000000,0.000303
0.002928000000,0.000000,-0.004843
0.002930000000,0.000000,-0.018574
0.002932000000,0.000000,-0.024069
0.002934000000,0.000000,-0.007498
0.002936000000,0.000000,-0.003851
0.002938000000,0.000000,0.006817
0.002940000000,0.000000,-0.016079
0.002942000000,0.000000,0.001059
0.002944000000,0.000000,0.016074
0.002946000000,0.000000,-0.033218
0.002948000000,0.000000,-0.027826
0.002950000000,0.000000,-0.006499
0.002952000000,0.000000,-0.011749
0.002954000000,0.000000,0.011554
0.002956000000,0.000000,0.028686
0.002958000000,0.000000,0.027772
0.002960000000,0.000000,-0.010494
0.002962000000,0.000000,-0.008487
0.002964000000,0.000000,0.035983
0.002966000000,0.000000,-0.002937
0.002968000000,0.000000,0.010141
0.002970000000,0.000000,-0.008673
0.002972000000,0.000000,-0.000451
0.002974000000,0.000000,-0.016635
0.002976000000,0.000000,0.021338
0.002978000000,0.000000,0.011292
0.002980000000,0.000000,-0.032487
0.002982000000,0.000000,-0.000065
0.002984000000,0.000000,0.012859
0.002986000000,0.000000,-0.021676
0.002988000000,0.000000,0.023225
0.002990000000,0.000000,0.016742
0.002992000000,0.000000,0.001670
0.002994000000,0.000000,0.014640
0.002996000000,0.000000,0.055700
0.002998000000,0.000000,0.036228
0.003000000000,0.000000,0.041354
0.003002000000,0.000000,0.008065
0.003004000000,0.000000,-0.004505
0.003006000000,0.000000,0.010210
0.003008000000,0.000000,0.024252
0.003010000000,0.000000,0.038360
0.003012000000,0.000000,0.014728
0.003014000000,0.000000,-0.026460
0.003016000000,0.000000,-0.001415
0.003018000000,0.000000,-0.012695
0.003020000000,0.000000,-0.006995
0.003022000000,0.000000,-0.010603
0.003024000000,0.000000,0.008375
0.003026000000,0.000000,-0.021747
0.003028000000,0.000000,0.008861
0.003030000000,0.000000,-0.016789
0.003032000000,0.000000,0.019769
0.003034000000,0.000000,-0.007435
0.003036000000,0.000000,0.028988
0.003038000000,0.000000,0.003976
0.003040000000,0.000000,0.003698
0.003042000000,0.000000,-0.007446
0.003044000000,0.000000,0.020401
0.003046000000,0.000000,-0.010799
0.003048000000,0.000000,-0.006174
0.003050000000,0.000000,0.025989
0.003052000000,0.000000,-0.017444
0.003054000000,0.000000,-0.025718
0.003056000000,0.000000,-0.001135
0.003058000000,0.000000,-0.024020
0.003060000000,0.000000,-0.005324
0.003062000000,0.000000,0.006132
0.003064000000,0.000000,-0.006456
0.003066000000,0.000000,-0.007247
0.003068000000,0.000000,0.001086
0.003070000000,0.000000,-0.028552
0.003072000000,0.000000,-0.010875
0.003074000000,0.000000,-0.011317
0.003076000000,0.000000,-0.000729
0.003078000000,0.000000,0.010833
0.003080000000,0.000000,0.001002
0.003082000000,0.000000,0.023573
0.003084000000,0.000000,-0.000395
0.003086000000,0.000000,0.017034
0.003088000000,0.000000,0.046938
0.003090000000,0.000000,-0.014265
0.003092000000,0.000000,0.023007
0.003094000000,0.000000,0.010523
0.003096000000,0.000000,-0.001500
0.003098000000,0.000000,0.026877
0.003100000000,0.000000,-0.001079
0.003102000000,0.000000,-0.029418
0.003104000000,0.000000,-0.002713
0.003106000000,0.000000,-0.002739
0.003108000000,0.000000,0.021043
0.003110000000,0.000000,0.036693
0.003112000000,0.000000,-0.012286
0.003114000000,0.000000,0.009944
0.003116000000,0.000000,-0.017141
0.003118000000,0.000000,0.044069
0.003120000000,0.000000,0.009416
0.003122000000,0.000000,0.032353
0.003124000000,0.000000,0.007369
0.003126000000,0.000000,-0.037943
0.003128000000,0.000000,0.013957
0.003130000000,0.000000,-0.015685
0.003132000000,0.000000,0.017696
0.003134000000,0.000000,-0.016689
0.003136000000,0.000000,0.041445
0.003138000000,0.000000,0.002428
0.003140000000,0.000000,-0.043632
0.003142000000,0.000000,-0.017744
0.003144000000,0.000000,0.037837
0.003146000000,0.000000,0.004129
0.003148000000,0.000000,-0.023823
0.003150000000,0.000000,-0.002939
0.003152000000,0.000000,-0.034434
0.003154000000,0.000000,0.002187
0.003156000000,0.000000,0.008828
0.003158000000,0.000000,0.031769
0.003160000000,0.000000,0.022343
0.003162000000,0.000000,-0.013870
0.003164000000,0.000000,0.007134
0.003166000000,0.000000,-0.005782
0.003168000000,0.000000,-0.011525
0.003170000000,0.000000,-0.041096
0.003172000000,0.000000,0.016768
0.003174000000,0.000000,-0.024975
0.003176000000,0.000000,0.001245
0.003178000000,0.000000,-0.023556
0.003180000000,0.000000,0.031451
0.003182000000,0.000000,-0.019371
0.003184000000,0.000000,-0.018232
0.003186000000,0.000000,-0.002845
0.003188000000,0.000000,0.015245
0.003190000000,0.000000,0.012441
0.003192000000,0.000000,-0.003198
0.003194000000,0.000000,-0.010518
0.003196000000,0.000000,0.018419
0.003198000000,0.000000,0.002797
0.003200000000,0.000000,-0.007595
0.003202000000,0.000000,0.010784
0.003204000000,0.000000,0.008802
0.003206000000,0.000000,0.008146
0.003208000000,0.000000,0.019372
0.003210000000,0.000000,0.045006
0.003212000000,0.000000,0.005167
0.003214000000,0.000000,-0.013936
0.003216000000,0.000000,-0.004896
0.003218000000,0.000000,-0.016425
0.003220000000,0.000000,0.022358
0.003222000000,0.000000,-0.024101
0.003224000000,0.000000,0.019239
0.003226000000,0.000000,0.014113
0.003228000000,0.000000,0.020227
0.003230000000,0.000000,-0.006379
0.003232000000,0.000000,-0.003394
0.003234000000,0.000000,-0.001431
0.003236000000,0.000000,0.017889
0.003238000000,0.000000,-0.016512
0.003240000000,0.000000,0.024904
0.003242000000,0.000000,-0.017838
0.003244000000,0.000000,0.024641
0.003246000000,0.000000,0.007002
0.003248000000,0.000000,0.000079
0.003250000000,0.000000,-0.019817
0.003252000000,0.000000,0.007802
0.003254000000,0.000000,-0.020609
0.003256000000,0.000000,-0.025533
0.003258000000,0.000000,-0.008333
0.003260000000,0.000000,0.003135
0.003262000000,0.000000,-0.005226
0.003264000000,0.000000,0.033317
0.003266000000,0.000000,0.043560
0.003268000000,0.000000,-0.021996
0.003270000000,0.000000,0.014291
0.003272000000,0.000000,-0.019086
0.003274000000,0.000000,-0.015247
0.003276000000,0.000000,0.034060
0.003278000000,0.000000,0.032593
0.003280000000,0.000000,0.009612
0.003282000000,0.000000,0.006851
0.003284000000,0.000000,-0.016838
0.003286000000,0.000000,0.046465
0.003288000000,0.000000,0.021917
0.003290000000,0.000000,0.010802
0.003292000000,0.000000,0.005902
0.003294000000,0.000000,-0.012739
0.003296000000,0.000000,0.011932
0.003298000000,0.000000,0.023861
0.003300000000,0.000000,0.023148
0.003302000000,0.000000,-0.016557
0.003304000000,0.000000,-0.028638
0.003306000000,0.000000,0.001209
0.003308000000,0.000000,0.007588
0.003310000000,0.000000,0.033872
0.003312000000,0.000000,0.011612
0.003314000000,0.000000,-0.032297
0.003316000000,0.000000,0.032600
0.003318000000,0.000000,0.019707
0.003320000000,0.000000,0.028970
0.003322000000,0.000000,0.018501
0.003324000000,0.000000,-0.014530
0.003326000000,0.000000,0.004036
0.003328000000,0.000000,-0.045835
0.003330000000,0.000000,0.006512
0.003332000000,0.000000,-0.010135
0.003334000000,0.000000,-0.045109
0.003336000000,0.000000,-0.043093
0.003338000000,0.000000,-0.009018
0.003340000000,0.000000,0.027230
0.003342000000,0.000000,-0.028890
0.003344000000,0.000000,0.003778
0.003346000000,0.000000,-0.018682
0.003348000000,0.000000,0.017418
0.003350000000,0.000000,0.004295
0.003352000000,0.000000,-0.009384
0.003354000000,0.000000,0.037022
0.003356000000,0.000000,-0.027734
0.003358000000,0.000000,-0.033604
0.003360000000,0.000000,-0.002732
0.003362000000,0.000000,0.012913
0.003364000000,0.000000,-0.008300
0.003366000000,0.000000,-0.014603
0.003368000000,0.000000,0.022966
0.003370000000,0.000000,0.002550
0.003372000000,0.000000,-0.022570
0.003374000000,0.000000,-0.015683
0.003376000000,0.000000,-0.003098
0.003378000000,0.000000,0.054242
0.003380000000,0.000000,0.027610
0.003382000000,0.000000,-0.030109
0.003384000000,0.000000,0.005488
0.003386000000,0.000000,0.007491
0.003388000000,0.000000,0.004915
0.003390000000,0.000000,-0.009551
0.003392000000,0.000000,-0.008071
0.003394000000,0.000000,-0.000527
0.003396000000,0.000000,0.005699
0.003398000000,0.000000,-0.043165
0.003400000000,0.000000,-0.013433
0.003402000000,0.000000,-0.014528
0.003404000000,0.000000,0.007936
0.003406000000,0.000000,-0.038676
0.003408000000,0.000000,0.004827
0.003410000000,0.000000,-0.008708
0.003412000000,0.000000,-0.030132
0.003414000000,0.000000,0.002970
0.003416000000,0.000000,-0.010785
0.003418000000,0.000000,-0.024227
0.003420000000,0.000000,-0.011160
0.003422000000,0.000000,0.027796
0.003424000000,0.000000,0.029906
0.003426000000,0.000000,-0.003762
0.003428000000,0.000000,-0.005201
0.003430000000,0.000000,-0.028112
0.003432000000,0.000000,0.002285
0.003434000000,0.000000,-0.018579
0.003436000000,0.000000,-0.007878
0.003438000000,0.000000,0.007358
0.003440000000,0.000000,0.015241
0.003442000000,0.000000,0.015269
0.003444000000,0.000000,-0.003508
0.003446000000,0.000000,-0.019602
0.003448000000,0.000000,0.002370
0.003450000000,0.000000,0.032547
0.003452000000,0.000000,0.015150
0.003454000000,0.000000,-0.016673
0.003456000000,0.000000,0.047277
0.003458000000,0.000000,-0.005333
0.003460000000,0.000000,0.032052
0.003462000000,0.000000,-0.006197
0.003464000000,0.000000,0.010719
0.003466000000,0.000000,-0.003840
0.003468000000,0.000000,-0.005182
0.003470000000,0.000000,0.017397
0.003472000000,0.000000,-0.011275
0.003474000000,0.000000,0.000863
0.003476000000,0.000000,-0.010630
0.003478000000,0.000000,-0.003344
0.003480000000,0.000000,-0.023470
0.003482000000,0.000000,-0.020420
0.003484000000,0.000000,0.001937
0.003486000000,0.000000,-0.046977
0.003488000000,0.000000,-0.003557
0.003490000000,0.000000,0.020481
0.003492000000,0.000000,0.019759
0.003494000000,0.000000,-0.008429
0.003496000000,0.000000,-0.008620
0.003498000000,0.000000,0.034856
0.003500000000,0.000000,0.005445
0.003502000000,0.000000,0.031067
0.003504000000,0.000000,0.011900
0.003506000000,0.000000,0.021883
0.003508000000,0.000000,0.006808
0.003510000000,0.000000,-0.003740
0.003512000000,0.000000,-0.001423
0.003514000000,0.000000,-0.001582
0.003516000000,0.000000,-0.050498
0.003518000000,0.000000,0.005678
0.003520000000,0.000000,0.002361
0.003522000000,0.000000,-0.010057
0.003524000000,0.000000,-0.016844
0.003526000000,0.000000,0.018573
0.003528000000,0.000000,0.054470
0.003530000000,0.000000,0.010282
0.003532000000,0.000000,-0.027742
0.003534000000,0.000000,-0.017673
0.003536000000,0.000000,0.002082
0.003538000000,0.000000,0.007687
0.003540000000,0.000000,0.004861
0.003542000000,0.000000,0.015368
0.003544000000,0.000000,-0.012610
0.003546000000,0.000000,-0.007456
0.003548000000,0.000000,0.013308
0.003550000000,0.000000,0.039631
0.003552000000,0.000000,-0.006087
0.003554000000,0.000000,0.035139
0.003556000000,0.000000,-0.002037
0.003558000000,0.000000,-0.022506
0.003560000000,0.000000,0.006734
0.003562000000,0.000000,0.013473
0.003564000000,0.000000,-0.016983
0.003566000000,0.000000,0.003273
0.003568000000,0.000000,-0.013060
0.003570000000,0.000000,0.014053
0.003572000000,0.000000,0.027786
0.003574000000,0.000000,-0.002496
0.003576000000,0.000000,-0.000219
0.003578000000,0.000000,-0.020756
0.003580000000,0.000000,-0.003854
0.003582000000,0.000000,0.023744
0.003584000000,0.000000,-0.025052
0.003586000000,0.000000,0.037534
0.003588000000,0.000000,-0.007505
0.003590000000,0.000000,0.014000
0.003592000000,0.000000,0.058899
0.003594000000,0.000000,0.036893
0.003596000000,0.000000,-0.004489
0.003598000000,0.000000,0.002929
0.003600000000,0.000000,-0.006385
0.003602000000,0.000000,-0.017064
0.003604000000,0.000000,0.018810
0.003606000000,0.000000,0.033937
0.003608000000,0.000000,-0.014310
0.003610000000,0.000000,-0.004726
0.003612000000,0.000000,0.009669
0.003614000000,0.000000,-0.025077
0.003616000000,0.000000,-0.015933
0.003618000000,0.000000,-0.026088
0.003620000000,0.000000,0.026467
0.003622000000,0.000000,0.000527
0.003624000000,0.000000,-0.006272
0.003626000000,0.000000,-0.013082
0.003628000000,0.000000,-0.028239
0.003630000000,0.000000,-0.043180
0.003632000000,0.000000,-0.010308
0.003634000000,0.000000,-0.024183
0.003636000000,0.000000,-0.020872
0.003638000000,0.000000,-0.003884
0.003640000000,0.000000,0.014041
0.003642000000,0.000000,-0.000545
0.003644000000,0.000000,0.012553
0.003646000000,0.000000,0.014659
0.003648000000,0.000000,-0.010128
0.003650000000,0.000000,0.032128
0.003652000000,0.000000,-0.001715
0.003654000000,0.000000,-0.024151
0.003656000000,0.000000,-0.001746
0.003658000000,0.000000,0.020680
0.003660000000,0.000000,-0.001441
0.003662000000,0.000000,0.007643
0.003664000000,0.000000,0.005728
0.003666000000,0.000000,-0.022162
0.003668000000,0.000000,-0.015812
0.003670000000,0.000000,-0.002133
0.003672000000,0.000000,-0.035981
0.003674000000,0.000000,0.015955
0.003676000000,0.000000,0.008835
0.003678000000,0.000000,0.001413
0.003680000000,0.000000,0.030351
0.003682000000,0.000000,-0.006964
0.003684000000,0.000000,-0.053081
0.003686000000,0.000000,-0.000670
0.003688000000,0.000000,0.007631
0.003690000000,0.000000,0.005918
0.003692000000,0.000000,0.004995
0.003694000000,0.000000,0.016967
0.003696000000,0.000000,0.023985
0.003698000000,0.000000,0.001510
0.003700000000,0.000000,0.034299
0.003702000000,0.000000,-0.014571
0.003704000000,0.000000,-0.000411
0.003706000000,0.000000,0.027668
0.003708000000,0.000000,0.041098
0.003710000000,0.000000,0.007838
0.003712000000,0.000000,-0.029717
0.003714000000,0.000000,0.009853
0.003716000000,0.000000,0.008693
0.003718000000,0.000000,-0.003918
0.003720000000,0.000000,-0.006738
0.003722000000,0.000000,-0.006537
0.003724000000,0.000000,0.006802
0.003726000000,0.000000,-0.041287
0.003728000000,0.000000,0.009437
0.003730000000,0.000000,-0.008749
0.003732000000,0.000000,-0.010552
0.003734000000,0.000000,0.011328
0.003736000000,0.000000,-0.008336
0.003738000000,0.000000,0.053494
0.003740000000,0.000000,0.025042
0.003742000000,0.000000,0.014888
0.003744000000,0.000000,-0.005827
0.003746000000,0.000000,-0.026608
0.003748000000,0.000000,0.008795
0.003750000000,0.000000,-0.015824
0.003752000000,0.000000,0.046171
0.003754000000,0.000000,-0.015964
0.003756000000,0.000000,-0.013557
0.003758000000,0.000000,-0.010503
0.003760000000,0.000000,0.011679
0.003762000000,0.000000,-0.002202
0.003764000000,0.000000,0.031199
0.003766000000,0.000000,-0.013995
0.003768000000,0.000000,0.005693
0.003770000000,0.000000,0.004775
0.003772000000,0.000000,0.000748
0.003774000000,0.000000,-0.012242
0.003776000000,0.000000,-0.019199
0.003778000000,0.000000,-0.027068
0.003780000000,0.000000,0.030727
0.003782000000,0.000000,-0.034332
0.003784000000,0.000000,0.007131
0.003786000000,0.000000,0.039323
0.003788000000,0.000000,0.027063
0.003790000000,0.000000,0.007647
0.003792000000,0.000000,0.013813
0.003794000000,0.000000,-0.030623
0.003796000000,0.000000,0.031201
0.003798000000,0.000000,0.012369
0.003800000000,0.000000,-0.010826
0.003802000000,0.000000,-0.015536
0.003804000000,0.000000,0.011056
0.003806000000,0.000000,0.008692
0.003808000000,0.000000,-0.024389
0.003810000000,0.000000,0.005030
0.003812000000,0.000000,-0.022462
0.003814000000,0.000000,-0.000892
0.003816000000,0.000000,0.007852
0.003818000000,0.000000,0.018700
0.003820000000,0.000000,-0.013998
0.003822000000,0.000000,0.010034
0.003824000000,0.000000,0.023255
0.003826000000,0.000000,0.025941
0.003828000000,0.000000,-0.039375
0.003830000000,0.000000,0.000989
0.003832000000,0.000000,0.024222
0.003834000000,0.000000,-0.024660
0.003836000000,0.000000,0.028876
0.003838000000,0.000000,-0.009721
0.003840000000,0.000000,-0.041706
0.003842000000,0.000000,0.043615
0.003844000000,0.000000,0.012380
0.003846000000,0.000000,0.017855
0.003848000000,0.000000,0.016066
0.003850000000,0.000000,0.032310
0.003852000000,0.000000,-0.032744
0.003854000000,0.000000,0.006076
0.003856000000,0.000000,-0.034163
0.003858000000,0.000000,-0.011628
0.003860000000,0.000000,0.020308
0.003862000000,0.000000,-0.012595
0.003864000000,0.000000,0.037182
0.003866000000,0.000000,0.015429
0.003868000000,0.000000,0.010179
0.003870000000,0.000000,0.007547
0.003872000000,0.000000,-0.012009
0.003874000000,0.000000,-0.019026
0.003876000000,0.000000,0.022468
0.003878000000,0.000000,-0.026955
0.003880000000,0.000000,-0.003396
0.003882000000,0.000000,-0.007783
0.003884000000,0.000000,0.010857
0.003886000000,0.000000,0.025659
0.003888000000,0.000000,-0.013591
0.003890000000,0.000000,-0.009677
0.003892000000,0.000000,0.020626
0.003894000000,0.000000,-0.012976
0.003896000000,0.000000,-0.029200
0.003898000000,0.000000,0.016480
0.003900000000,0.000000,-0.010019
0.003902000000,0.000000,0.000986
0.003904000000,0.000000,-0.013533
0.003906000000,0.000000,0.014514
0.003908000000,0.000000,0.006683
0.003910000000,0.000000,0.010257
0.003912000000,0.000000,-0.023087
0.003914000000,0.000000,0.013812
0.003916000000,0.000000,0.008086
0.003918000000,0.000000,0.001366
0.003920000000,0.000000,-0.011501
0.003922000000,0.000000,-0.007081
0.003924000000,0.000000,-0.018041
0.003926000000,0.000000,0.009139
0.003928000000,0.000000,0.024979
0.003930000000,0.000000,0.049368
0.003932000000,0.000000,0.012997
0.003934000000,0.000000,0.010817
0.003936000000,0.000000,-0.058890
0.003938000000,0.000000,0.010358
0.003940000000,0.000000,-0.041360
0.003942000000,0.000000,-0.019165
0.003944000000,0.000000,0.002489
0.003946000000,0.000000,0.018802
0.003948000000,0.000000,-0.000720
0.003950000000,0.000000,0.001892
0.003952000000,0.000000,0.038696
0.003954000000,0.000000,-0.027145
0.003956000000,0.000000,-0.029659
0.003958000000,0.000000,0.006356
0.003960000000,0.000000,0.023891
0.003962000000,0.000000,0.005165
0.003964000000,0.000000,-0.031355
0.003966000000,0.000000,0.006028
0.003968000000,0.000000,-0.004827
0.003970000000,0.000000,0.017761
0.003972000000,0.000000,-0.002888
0.003974000000,0.000000,0.007037
0.003976000000,0.000000,-0.025628
0.003978000000,0.000000,0.020975
0.003980000000,0.000000,-0.020104
0.003982000000,0.000000,-0.036907
0.003984000000,0.000000,-0.017581
0.003986000000,0.000000,0.008363
0.003988000000,0.000000,0.014236
0.003990000000,0.000000,-0.008929
0.003992000000,0.000000,0.004854
0.003994000000,0.000000,0.012223
0.003996000000,0.000000,0.009093
0.003998000000,0.000000,-0.000300
0.004000000000,0.000000,0.036674
0.004002000000,0.000000,0.014652
0.004004000000,0.000000,0.003633
0.004006000000,0.000000,0.018161
0.004008000000,0.000000,0.014080
0.004010000000,0.000000,0.019177
0.004012000000,0.000000,-0.020069
0.004014000000,0.000000,-0.040261
0.004016000000,0.000000,0.021768
0.004018000000,0.000000,-0.013603
0.004020000000,0.000000,0.001459
0.004022000000,0.000000,0.007850
0.004024000000,0.000000,0.005047
0.004026000000,0.000000,-0.002005
0.004028000000,0.000000,-0.011482
0.004030000000,0.000000,0.022911
0.004032000000,0.000000,0.003053
0.004034000000,0.000000,-0.019122
0.004036000000,0.000000,-0.028399
0.004038000000,0.000000,-0.024183
0.004040000000,0.000000,-0.011234
0.004042000000,0.000000,0.000331
0.004044000000,0.000000,-0.002414
0.004046000000,0.000000,-0.015413
0.004048000000,0.000000,-0.014325
0.004050000000,0.000000,0.047822
0.004052000000,0.000000,-0.031100
0.004054000000,0.000000,0.010258
0.004056000000,0.000000,0.010466
0.004058000000,0.000000,0.016156
0.004060000000,0.000000,0.020319
0.004062000000,0.000000,0.023249
0.004064000000,0.000000,0.021052
0.004066000000,0.000000,-0.016243
0.004068000000,0.000000,0.017429
0.004070000000,0.000000,0.007390
0.004072000000,0.000000,-0.003173
0.004074000000,0.000000,-0.007504
0.004076000000,0.000000,-0.014741
0.004078000000,0.000000,-0.058450
0.004080000000,0.000000,-0.031324
0.004082000000,0.000000,-0.005086
0.004084000000,0.000000,-0.002247
0.004086000000,0.000000,-0.006691
0.004088000000,0.000000,-0.010321
0.004090000000,0.000000,-0.031314
0.004092000000,0.000000,0.034033
0.004094000000,0.000000,-0.026477
0.004096000000,0.000000,0.009952
0.004098000000,0.000000,-0.023394
0.004100000000,0.000000,0.018681
0.004102000000,0.000000,0.025524
0.004104000000,0.000000,0.004235
0.004106000000,0.000000,0.008709
0.004108000000,0.000000,0.013052
0.004110000000,0.000000,0.001469
0.004112000000,0.000000,0.009594
0.004114000000,0.000000,-0.007583
0.004116000000,0.000000,-0.001458
0.004118000000,0.000000,-0.002190
0.004120000000,0.000000,-0.008098
0.004122000000,0.000000,0.017079
0.004124000000,0.000000,-0.005935
0.004126000000,0.000000,0.002598
0.004128000000,0.000000,0.002116
0.004130000000,0.000000,-0.019455
0.004132000000,0.000000,0.029146
0.004134000000,0.000000,-0.002576
0.004136000000,0.000000,0.033271
0.004138000000,0.000000,0.009266
0.004140000000,0.000000,-0.027775
0.004142000000,0.000000,-0.018300
0.004144000000,0.000000,-0.017983
0.004146000000,0.000000,-0.013885
0.004148000000,0.000000,0.031223
0.004150000000,0.000000,-0.004453
0.004152000000,0.000000,-0.031533
0.004154000000,0.000000,-0.018462
0.004156000000,0.000000,0.006228
0.004158000000,0.000000,-0.005010
0.004160000000,0.000000,0.003250
0.004162000000,0.000000,0.025902
0.004164000000,0.000000,-0.005524
0.004166000000,0.000000,0.008463
0.004168000000,0.000000,-0.009157
0.004170000000,0.000000,-0.009887
0.004172000000,0.000000,-0.014270
0.004174000000,0.000000,-0.014107
0.004176000000,0.000000,-0.007437
0.004178000000,0.000000,-0.028062
0.004180000000,0.000000,0.050042
0.004182000000,0.000000,-0.021958
0.004184000000,0.000000,0.008266
0.004186000000,0.000000,-0.008513
0.004188000000,0.000000,-0.007038
0.004190000000,0.000000,0.045152
0.004192000000,0.000000,0.009820
0.004194000000,0.000000,0.016373
0.004196000000,0.000000,-0.002079
0.004198000000,0.000000,-0.045421
0.004200000000,0.000000,-0.023598
0.004202000000,0.000000,-0.022647
0.004204000000,0.000000,-0.011073
0.004206000000,0.000000,-0.012625
0.004208000000,0.000000,0.012399
0.004210000000,0.000000,-0.014700
0.004212000000,0.000000,0.004677
0.004214000000,0.000000,-0.007012
0.004216000000,0.000000,0.006329
0.004218000000,0.000000,0.025636
0.004220000000,0.000000,-0.011554
0.004222000000,0.000000,-0.035836
0.004224000000,0.000000,-0.002194
0.004226000000,0.000000,0.022635
0.004228000000,0.000000,0.003079
0.004230000000,0.000000,0.032371
0.004232000000,0.000000,0.009757
0.004234000000,0.000000,-0.017471
0.004236000000,0.000000,0.007244
0.004238000000,0.000000,0.004801
0.004240000000,0.000000,-0.014789
0.004242000000,0.000000,-0.005628
0.004244000000,0.000000,0.016590
0.004246000000,0.000000,-0.005437
0.004248000000,0.000000,-0.009759
0.004250000000,0.000000,0.017352
0.004252000000,0.000000,-0.018137
0.004254000000,0.000000,-0.022900
0.004256000000,0.000000,0.015600
0.004258000000,0.000000,0.013122
0.004260000000,0.000000,0.014474
0.004262000000,0.000000,0.021919
0.004264000000,0.000000,-0.015219
0.004266000000,0.000000,-0.013742
0.004268000000,0.000000,-0.015706
0.004270000000,0.000000,0.008269
0.004272000000,0.000000,-0.006316
0.004274000000,0.000000,0.002437
0.004276000000,0.000000,0.029462
0.004278000000,0.000000,0.024948
0.004280000000,0.000000,-0.029500
0.004282000000,0.000000,0.012919
0.004284000000,0.000000,-0.009777
0.004286000000,0.000000,0.022383
0.004288000000,0.000000,-0.015791
0.004290000000,0.000000,0.018061
0.004292000000,0.000000,0.016908
0.004294000000,0.000000,0.009402
0.004296000000,0.000000,-0.066489
0.004298000000,0.000000,-0.013226
0.004300000000,0.000000,0.008924
0.004302000000,0.000000,-0.009342
0.004304000000,0.000000,0.001954
0.004306000000,0.000000,-0.010534
0.004308000000,0.000000,-0.008183
0.004310000000,0.000000,-0.002595
0.004312000000,0.000000,0.014434
0.004314000000,0.000000,-0.028181
0.004316000000,0.000000,0.003905
0.004318000000,0.000000,0.002039
0.004320000000,0.000000,-0.007152
0.004322000000,0.000000,-0.012902
0.004324000000,0.000000,0.011447
0.004326000000,0.000000,0.015985
0.004328000000,0.000000,0.011605
0.004330000000,0.000000,0.007329
0.004332000000,0.000000,0.005837
0.004334000000,0.000000,-0.034294
0.004336000000,0.000000,-0.000687
0.004338000000,0.000000,0.009673
0.004340000000,0.000000,-0.014810
0.004342000000,0.000000,-0.042950
0.004344000000,0.000000,0.001502
0.004346000000,0.000000,-0.013095
0.004348000000,0.000000,-0.029959
0.004350000000,0.000000,-0.036544
0.004352000000,0.000000,-0.032178
0.004354000000,0.000000,-0.013169
0.004356000000,0.000000,-0.023716
0.004358000000,0.000000,0.053924
0.004360000000,0.000000,0.011231
0.004362000000,0.000000,-0.019776
0.004364000000,0.000000,-0.055820
0.004366000000,0.000000,0.014468
0.004368000000,0.000000,-0.026034
0.004370000000,0.000000,0.021619
0.004372000000,0.000000,0.000201
0.004374000000,0.000000,-0.000246
0.004376000000,0.000000,0.031815
0.004378000000,0.000000,-0.029747
0.004380000000,0.000000,0.006116
0.004382000000,0.000000,0.024526
0.004384000000,0.000000,-0.020598
0.004386000000,0.000000,0.006420
0.004388000000,0.000000,-0.020308
0.004390000000,0.000000,-0.019015
0.004392000000,0.000000,-0.014238
0.004394000000,0.000000,0.016593
0.004396000000,0.000000,-0.030371
0.004398000000,0.000000,-0.006764
0.004400000000,0.000000,-0.026724
0.004402000000,0.000000,-0.052857
0.004404000000,0.000000,0.018303
0.004406000000,0.000000,0.049115
0.004408000000,0.000000,-0.017851
0.004410000000,0.000000,-0.013432
0.004412000000,0.000000,-0.023376
0.004414000000,0.000000,0.020381
0.004416000000,0.000000,0.001565
0.004418000000,0.000000,-0.016420
0.004420000000,0.000000,0.024013
0.004422000000,0.000000,-0.014752
0.004424000000,0.000000,-0.004763
0.004426000000,0.000000,0.010904
0.004428000000,0.000000,0.012253
0.004430000000,0.000000,0.004217
0.004432000000,0.000000,-0.009189
0.004434000000,0.000000,0.023494
0.004436000000,0.000000,0.019406
0.004438000000,0.000000,-0.034637
0.004440000000,0.000000,-0.014204
0.004442000000,0.000000,0.035039
0.004444000000,0.000000,0.003159
0.004446000000,0.000000,0.016488
0.004448000000,0.000000,-0.010641
0.004450000000,0.000000,0.025111
0.004452000000,0.000000,0.032889
0.004454000000,0.000000,0.010393
0.004456000000,0.000000,0.006200
0.004458000000,0.000000,0.024487
0.004460000000,0.000000,0.050158
0.004462000000,0.000000,0.000617
0.004464000000,0.000000,-0.026516
0.004466000000,0.000000,0.002403
0.004468000000,0.000000,0.025072
0.004470000000,0.000000,0.007923
0.004472000000,0.000000,0.006880
0.004474000000,0.000000,0.031837
0.004476000000,0.000000,-0.026363
0.004478000000,0.000000,-0.039377
0.004480000000,0.000000,-0.047281
0.004482000000,0.000000,0.019672
0.004484000000,0.000000,0.014835
0.004486000000,0.000000,-0.003434
0.004488000000,0.000000,-0.009056
0.004490000000,0.000000,0.003511
0.004492000000,0.000000,0.013199
0.004494000000,0.000000,0.024138
0.004496000000,0.000000,-0.003729
0.004498000000,0.000000,0.021819
0.004500000000,0.000000,0.016928
0.004502000000,0.000000,0.021232
0.004504000000,0.000000,-0.006796
0.004506000000,0.000000,0.020671
0.004508000000,0.000000,-0.016702
0.004510000000,0.000000,-0.001465
0.004512000000,0.000000,0.009208
0.004514000000,0.000000,0.021013
0.004516000000,0.000000,-0.001582
0.004518000000,0.000000,-0.014668
0.004520000000,0.000000,0.041325
0.004522000000,0.000000,-0.020381
0.004524000000,0.000000,-0.014633
0.004526000000,0.000000,-0.006569
0.004528000000,0.000000,-0.018821
0.004530000000,0.000000,0.031641
0.004532000000,0.000000,0.011730
0.004534000000,0.000000,0.000767
0.004536000000,0.000000,-0.003869
0.004538000000,0.000000,0.026846
0.004540000000,0.000000,-0.001415
0.004542000000,0.000000,0.040701
0.004544000000,0.000000,0.006405
0.004546000000,0.000000,-0.004594
0.004548000000,0.000000,0.018103
0.004550000000,0.000000,-0.010093
0.004552000000,0.000000,0.012330
0.004554000000,0.000000,-0.029248
0.004556000000,0.000000,0.013888
0.004558000000,0.000000,0.018032
0.004560000000,0.000000,-0.024408
0.004562000000,0.000000,-0.017290
0.004564000000,0.000000,0.005805
0.004566000000,0.000000,0.018846
0.004568000000,0.000000,0.028791
0.004570000000,0.000000,-0.002854
0.004572000000,0.000000,-0.009706
0.004574000000,0.000000,-0.012321
0.004576000000,0.000000,0.000956
0.004578000000,0.000000,-0.004435
0.004580000000,0.000000,0.001106
0.004582000000,0.000000,0.004811
0.004584000000,0.000000,-0.016272
0.004586000000,0.000000,-0.022847
0.004588000000,0.000000,0.017499
0.004590000000,0.000000,0.035732
0.004592000000,0.000000,-0.010453
0.004594000000,0.000000,0.000198
0.004596000000,0.000000,0.007857
0.004598000000,0.000000,-0.016668
0.004600000000,0.000000,-0.025555
0.004602000000,0.000000,-0.044898
0.004604000000,0.000000,0.021320
0.004606000000,0.000000,-0.026179
0.004608000000,0.000000,-0.005970
0.004610000000,0.000000,0.024677
0.004612000000,0.000000,-0.002482
0.004614000000,0.000000,0.005739
0.004616000000,0.000000,-0.010479
0.004618000000,0.000000,0.002242
0.004620000000,0.000000,-0.026172
0.004622000000,0.000000,-0.000471
0.004624000000,0.000000,-0.024207
0.004626000000,0.000000,-0.001148
0.004628000000,0.000000,0.006920
0.004630000000,0.000000,0.024810
0.004632000000,0.000000,0.003927
0.004634000000,0.000000,-0.024218
0.004636000000,0.000000,-0.036344
0.004638000000,0.000000,0.034213
0.004640000000,0.000000,-0.019700
0.004642000000,0.000000,0.027168
0.004644000000,0.000000,-0.014460
0.004646000000,0.000000,-0.007041
0.004648000000,0.000000,-0.003811
0.004650000000,0.000000,0.006390
0.004652000000,0.000000,0.001237
0.004654000000,0.000000,0.030887
0.004656000000,0.000000,0.006796
0.004658000000,0.000000,0.001326
0.004660000000,0.000000,-0.022268
0.004662000000,0.000000,-0.021167
0.004664000000,0.000000,0.025252
0.004666000000,0.000000,-0.016468
0.004668000000,0.000000,-0.036395
0.004670000000,0.000000,0.017739
0.004672000000,0.000000,0.001247
0.004674000000,0.000000,0.033100
0.004676000000,0.000000,0.006591
0.004678000000,0.000000,0.005849
0.004680000000,0.000000,-0.003250
0.004682000000,0.000000,-0.000385
0.004684000000,0.000000,0.030442
0.004686000000,0.000000,0.003356
0.004688000000,0.000000,-0.030570
0.004690000000,0.000000,0.032309
0.004692000000,0.000000,0.003161
0.004694000000,0.000000,0.006504
0.004696000000,0.000000,-0.001356
0.004698000000,0.000000,-0.012747
0.004700000000,0.000000,0.007091
0.004702000000,0.000000,0.030311
0.004704000000,0.000000,0.015312
0.004706000000,0.000000,-0.009236
0.004708000000,0.000000,-0.022559
0.004710000000,0.000000,0.011921
0.004712000000,0.000000,-0.013569
0.004714000000,0.000000,-0.013422
0.004716000000,0.000000,0.016967
0.004718000000,0.000000,-0.063810
0.004720000000,0.000000,-0.001902
0.004722000000,0.000000,0.021960
0.004724000000,0.000000,0.000712
0.004726000000,0.000000,0.017996
0.004728000000,0.000000,-0.000643
0.004730000000,0.000000,0.009749
0.004732000000,0.000000,-0.022615
0.004734000000,0.000000,0.025748
0.004736000000,0.000000,0.013384
0.004738000000,0.000000,0.018690
0.004740000000,0.000000,-0.006283
0.004742000000,0.000000,-0.014270
0.004744000000,0.000000,0.006432
0.004746000000,0.000000,0.016533
0.004748000000,0.000000,-0.013221
0.004750000000,0.000000,0.000998
0.004752000000,0.000000,0.027055
0.004754000000,0.000000,0.027620
0.004756000000,0.000000,-0.000133
0.004758000000,0.000000,0.012476
0.004760000000,0.000000,0.005653
0.004762000000,0.000000,0.000036
0.004764000000,0.000000,-0.012444
0.004766000000,0.000000,0.000160
0.004768000000,0.000000,0.000702
0.004770000000,0.000000,-0.016315
0.004772000000,0.000000,0.021562
0.004774000000,0.000000,0.005336
0.004776000000,0.000000,-0.010313
0.004778000000,0.000000,-0.013676
0.004780000000,0.000000,-0.008743
0.004782000000,0.000000,-0.013964
0.004784000000,0.000000,0.004147
0.004786000000,0.000000,-0.017612
0.004788000000,0.000000,-0.006353
0.004790000000,0.000000,0.018796
0.004792000000,0.000000,-0.000619
0.004794000000,0.000000,0.010767
0.004796000000,0.000000,0.011611
0.004798000000,0.000000,-0.011400
0.004800000000,0.000000,0.013473
0.004802000000,0.000000,0.001188
0.004804000000,0.000000,-0.010766
0.004806000000,0.000000,-0.007322
0.004808000000,0.000000,-0.000760
0.004810000000,0.000000,0.015278
0.004812000000,0.000000,0.037355
0.004814000000,0.000000,-0.016424
0.004816000000,0.000000,0.043389
0.004818000000,0.000000,0.017395
0.004820000000,0.000000,-0.017021
0.004822000000,0.000000,-0.000776
0.004824000000,0.000000,-0.013502
0.004826000000,0.000000,0.044460
0.004828000000,0.000000,-0.009962
0.004830000000,0.000000,0.008322
0.004832000000,0.000000,-0.000348
0.004834000000,0.000000,0.015911
0.004836000000,0.000000,0.015349
0.004838000000,0.000000,0.046868
0.004840000000,0.000000,0.008130
0.004842000000,0.000000,-0.016690
0.004844000000,0.000000,0.001036
0.004846000000,0.000000,-0.026603
0.004848000000,0.000000,-0.014070
0.004850000000,0.000000,-0.019534
0.004852000000,0.000000,-0.018867
0.004854000000,0.000000,0.013696
0.004856000000,0.000000,0.000214
0.004858000000,0.000000,-0.000541
0.004860000000,0.000000,-0.008024
0.004862000000,0.000000,0.013320
0.004864000000,0.000000,0.006580
0.004866000000,0.000000,-0.000210
0.004868000000,0.000000,-0.007171
0.004870000000,0.000000,0.024823
0.004872000000,0.000000,0.011307
0.004874000000,0.000000,0.033029
0.004876000000,0.000000,-0.022891
0.004878000000,0.000000,-0.007893
0.004880000000,0.000000,0.031256
0.004882000000,0.000000,0.007840
0.004884000000,0.000000,0.014934
0.004886000000,0.000000,-0.004152
0.004888000000,0.000000,-0.006553
0.004890000000,0.000000,0.009470
0.004892000000,0.000000,0.007206
0.004894000000,0.000000,-0.004945
0.004896000000,0.000000,0.021092
0.004898000000,0.000000,-0.008854
0.004900000000,0.000000,0.003339
0.004902000000,0.000000,-0.009625
0.004904000000,0.000000,-0.003313
0.004906000000,0.000000,0.015959
0.004908000000,0.000000,0.017323
0.004910000000,0.000000,-0.004441
0.004912000000,0.000000,0.009799
0.004914000000,0.000000,0.015927
0.004916000000,0.000000,0.029655
0.004918000000,0.000000,0.044800
0.004920000000,0.000000,0.012878
0.004922000000,0.000000,0.002508
0.004924000000,0.000000,-0.006713
0.004926000000,0.000000,0.015224
0.004928000000,0.000000,0.001392
0.004930000000,0.000000,0.005709
0.004932000000,0.000000,-0.007530
0.004934000000,0.000000,-0.008309
0.004936000000,0.000000,-0.013753
0.004938000000,0.000000,0.027529
0.004940000000,0.000000,0.012667
0.004942000000,0.000000,0.027706
0.004944000000,0.000000,-0.007586
0.004946000000,0.000000,-0.001023
0.004948000000,0.000000,0.005924
0.004950000000,0.000000,0.003820
0.004952000000,0.000000,-0.009211
0.004954000000,0.000000,-0.005675
0.004956000000,0.000000,-0.015692
0.004958000000,0.000000,-0.002311
0.004960000000,0.000000,0.011835
0.004962000000,0.000000,0.031056
0.004964000000,0.000000,0.016422
0.004966000000,0.000000,0.041867
0.004968000000,0.000000,0.023419
0.004970000000,0.000000,-0.026146
0.004972000000,0.000000,0.005039
0.004974000000,0.000000,-0.012699
0.004976000000,0.000000,-0.003612
0.004978000000,0.000000,-0.010599
0.004980000000,0.000000,0.015895
0.004982000000,0.000000,-0.000640
0.004984000000,0.000000,-0.025586
0.004986000000,0.000000,-0.005111
0.004988000000,0.000000,0.018943
0.004990000000,0.000000,0.001224
0.004992000000,0.000000,0.004914
0.004994000000,0.000000,-0.018484
0.004996000000,0.000000,0.001136
0.004998000000,0.000000,0.030226
0.005000000000,0.000000,-0.014508
0.005002000000,0.000000,0.023269
0.005004000000,0.000000,0.034102
0.005006000000,0.000000,0.001989
0.005008000000,0.000000,0.010400
0.005010000000,0.000000,-0.006689
0.005012000000,0.000000,0.014924
0.005014000000,0.000000,-0.030130
0.005016000000,0.000000,-0.047365
0.005018000000,0.000000,0.019885
0.005020000000,0.000000,0.003756
0.005022000000,0.000000,-0.015852
0.005024000000,0.000000,0.036608
0.005026000000,0.000000,-0.024516
0.005028000000,0.000000,-0.012112
0.005030000000,0.000000,-0.012123
0.005032000000,0.000000,-0.007350
0.005034000000,0.000000,0.009434
0.005036000000,0.000000,0.029194
0.005038000000,0.000000,0.000012
0.005040000000,0.000000,-0.039373
0.005042000000,0.000000,-0.030835
0.005044000000,0.000000,0.029906
0.005046000000,0.000000,0.003290
0.005048000000,0.000000,-0.003939
0.005050000000,0.000000,-0.027283
0.005052000000,0.000000,0.027816
0.005054000000,0.000000,-0.007985
0.005056000000,0.000000,-0.024692
0.005058000000,0.000000,0.004896
0.005060000000,0.000000,-0.012152
0.005062000000,0.000000,0.005791
0.005064000000,0.000000,0.003587
0.005066000000,0.000000,0.034206
0.005068000000,0.000000,0.014710
0.005070000000,0.000000,-0.016396
0.005072000000,0.000000,0.011230
0.005074000000,0.000000,0.027543
0.005076000000,0.000000,-0.017739
0.005078000000,0.000000,-0.003435
0.005080000000,0.000000,-0.008689
0.005082000000,0.000000,0.018625
0.005084000000,0.000000,0.017184
0.005086000000,0.000000,0.022665
0.005088000000,0.000000,-0.023483
0.005090000000,0.000000,-0.008360
0.005092000000,0.000000,-0.005573
0.005094000000,0.000000,0.019213
0.005096000000,0.000000,0.028624
0.005098000000,0.000000,-0.009780
0.005100000000,0.000000,-0.012231
0.005102000000,0.000000,-0.036563
0.005104000000,0.000000,0.011136
0.005106000000,0.000000,0.021591
0.005108000000,0.000000,0.023842
0.005110000000,0.000000,0.002072
0.005112000000,0.000000,0.001355
0.005114000000,0.000000,0.031704
0.005116000000,0.000000,-0.017071
0.005118000000,0.000000,-0.031173
0.005120000000,0.000000,-0.015746
0.005122000000,0.000000,0.059514
0.005124000000,0.000000,-0.012071
0.005126000000,0.000000,0.020317
0.005128000000,0.000000,-0.025013
0.005130000000,0.000000,0.015051
0.005132000000,0.000000,-0.006511
0.005134000000,0.000000,-0.018290
0.005136000000,0.000000,0.000812
0.005138000000,0.000000,0.003505
0.005140000000,0.000000,-0.009292
0.005142000000,0.000000,-0.016229
0.005144000000,0.000000,-0.001021
0.005146000000,0.000000,0.013768
0.005148000000,0.000000,0.018541
0.005150000000,0.000000,-0.012084
0.005152000000,0.000000,-0.018690
0.005154000000,0.000000,0.006958
0.005156000000,0.000000,-0.001236
0.005158000000,0.000000,-0.009891
0.005160000000,0.000000,0.023963
0.005162000000,0.000000,0.037450
0.005164000000,0.000000,-0.003116
0.005166000000,0.000000,0.003653
0.005168000000,0.000000,-0.019393
0.005170000000,0.000000,0.007555
0.005172000000,0.000000,-0.019803
0.005174000000,0.000000,-0.015492
0.005176000000,0.000000,-0.001108
0.005178000000,0.000000,-0.015025
0.005180000000,0.000000,-0.043266
0.005182000000,0.000000,0.000549
0.005184000000,0.000000,0.013236
0.005186000000,0.000000,-0.018759
0.005188000000,0.000000,-0.001121
0.005190000000,0.000000,0.008851
0.005192000000,0.000000,0.002488
0.005194000000,0.000000,0.021888
0.005196000000,0.000000,-0.001290
0.005198000000,0.000000,-0.030485
0.005200000000,0.000000,-0.019633
0.005202000000,0.000000,-0.001463
0.005204000000,0.000000,0.007509
0.005206000000,0.000000,0.006391
0.005208000000,0.000000,-0.016570
0.005210000000,0.000000,0.019721
0.005212000000,0.000000,-0.001261
0.005214000000,0.000000,-0.031773
0.005216000000,0.000000,0.017761
0.005218000000,0.000000,0.014749
0.005220000000,0.000000,-0.009195
0.005222000000,0.000000,-0.033798
0.005224000000,0.000000,-0.008671
0.005226000000,0.000000,0.009262
0.005228000000,0.000000,-0.005721
0.005230000000,0.000000,-0.042625
0.005232000000,0.000000,-0.005633
0.005234000000,0.000000,0.000836
0.005236000000,0.000000,-0.007960
0.005238000000,0.000000,0.073065
0.005240000000,0.000000,0.000927
0.005242000000,0.000000,0.048884
0.005244000000,0.000000,-0.017450
0.005246000000,0.000000,-0.006878
0.005248000000,0.000000,-0.028168
0.005250000000,0.000000,0.001701
0.005252000000,0.000000,-0.000283
0.005254000000,0.000000,0.008679
0.005256000000,0.000000,-0.016549
0.005258000000,0.000000,-0.024192
0.005260000000,0.000000,-0.021731
0.005262000000,0.000000,-0.047350
0.005264000000,0.000000,0.025977
0.005266000000,0.000000,-0.013363
0.005268000000,0.000000,0.026103
0.005270000000,0.000000,0.016868
0.005272000000,0.000000,0.017033
0.005274000000,0.000000,-0.035854
0.005276000000,0.000000,-0.017965
0.005278000000,0.000000,0.001921
0.005280000000,0.000000,0.010758
0.005282000000,0.000000,-0.013769
0.005284000000,0.000000,0.025822
0.005286000000,0.000000,0.011560
0.005288000000,0.000000,0.022857
0.005290000000,0.000000,0.017728
0.005292000000,0.000000,-0.002295
0.005294000000,0.000000,-0.032472
0.005296000000,0.000000,-0.030157
0.005298000000,0.000000,-0.020798
0.005300000000,0.000000,-0.015239
0.005302000000,0.000000,0.002989
0.005304000000,0.000000,-0.002662
0.005306000000,0.000000,0.001998
0.005308000000,0.000000,-0.019416
0.005310000000,0.000000,0.009808
0.005312000000,0.000000,-0.003966
0.005314000000,0.000000,0.030709
0.005316000000,0.000000,0.007968
0.005318000000,0.000000,-0.007641
0.005320000000,0.000000,-0.020283
0.005322000000,0.000000,-0.002171
0.005324000000,0.000000,0.016775
0.005326000000,0.000000,0.008213
0.005328000000,0.000000,-0.000155
0.005330000000,0.000000,-0.009562
0.005332000000,0.000000,0.003050
0.005334000000,0.000000,0.014742
0.005336000000,0.000000,-0.009298
0.005338000000,0.000000,-0.033156
0.005340000000,0.000000,0.005082
0.005342000000,0.000000,-0.003410
0.005344000000,0.000000,-0.010518
0.005346000000,0.000000,0.004118
0.005348000000,0.000000,-0.016080
0.005350000000,0.000000,-0.025738
0.005352000000,0.000000,-0.019629
0.005354000000,0.000000,-0.020468
0.005356000000,0.000000,-0.012119
0.005358000000,0.000000,-0.012681
0.005360000000,0.000000,-0.007983
0.005362000000,0.000000,0.023412
0.005364000000,0.000000,-0.003563
0.005366000000,0.000000,-0.000508
0.005368000000,0.000000,0.015951
0.005370000000,0.000000,-0.010990
0.005372000000,0.000000,-0.002282
0.005374000000,0.000000,0.021734
0.005376000000,0.000000,-0.017216
0.005378000000,0.000000,0.021978
0.005380000000,0.000000,-0.017032
0.005382000000,0.000000,0.010814
0.005384000000,0.000000,0.021323
0.005386000000,0.000000,-0.016588
0.005388000000,0.000000,0.011494
0.005390000000,0.000000,0.019585
0.005392000000,0.000000,0.000775
0.005394000000,0.000000,-0.004676
0.005396000000,0.000000,0.001568
0.005398000000,0.000000,-0.015351
0.005400000000,0.000000,0.031884
0.005402000000,0.000000,0.012181
0.005404000000,0.000000,-0.035455
0.005406000000,0.000000,0.005248
0.005408000000,0.000000,-0.012969
0.005410000000,0.000000,0.018621
0.005412000000,0.000000,0.005454
0.005414000000,0.000000,0.003382
0.005416000000,0.000000,-0.002468
0.005418000000,0.000000,-0.002347
0.005420000000,0.000000,-0.045826
0.005422000000,0.000000,0.012183
0.005424000000,0.000000,0.020924
0.005426000000,0.000000,-0.001099
0.005428000000,0.000000,-0.008456
0.005430000000,0.000000,0.001555
0.005432000000,0.000000,0.003593
0.005434000000,0.000000,-0.030566
0.005436000000,0.000000,0.058480
0.005438000000,0.000000,-0.020673
0.005440000000,0.000000,0.019027
0.005442000000,0.000000,0.018542
0.005444000000,0.000000,0.010563
0.005446000000,0.000000,-0.040748
0.005448000000,0.000000,-0.024581
0.005450000000,0.000000,0.006427
0.005452000000,0.000000,0.006745
0.005454000000,0.000000,-0.021104
0.005456000000,0.000000,-0.025048
0.005458000000,0.000000,0.011952
0.005460000000,0.000000,-0.018501
0.005462000000,0.000000,0.007895
0.005464000000,0.000000,0.019588
0.005466000000,0.000000,-0.006048
0.005468000000,0.000000,0.015345
0.005470000000,0.000000,-0.020658
0.005472000000,0.000000,0.010800
0.005474000000,0.000000,0.027874
0.005476000000,0.000000,-0.011991
0.005478000000,0.000000,-0.000492
0.005480000000,0.000000,0.065168
0.005482000000,0.000000,-0.012365
0.005484000000,0.000000,0.008735
0.005486000000,0.000000,-0.010598
0.005488000000,0.000000,0.007062
0.005490000000,0.000000,0.022642
0.005492000000,0.000000,0.018973
0.005494000000,0.000000,0.022577
0.005496000000,0.000000,-0.011633
0.005498000000,0.000000,-0.030722
0.005500000000,0.000000,-0.041960
0.005502000000,0.000000,0.030296
0.005504000000,0.000000,-0.022072
0.005506000000,0.000000,0.011727
0.005508000000,0.000000,-0.028748
0.005510000000,0.000000,0.002934
0.005512000000,0.000000,-0.017160
0.005514000000,0.000000,0.012619
0.005516000000,0.000000,0.034267
0.005518000000,0.000000,-0.014754
0.005520000000,0.000000,0.007969
0.005522000000,0.000000,-0.006019
0.005524000000,0.000000,0.004299
0.005526000000,0.000000,0.024040
0.005528000000,0.000000,-0.018292
0.005530000000,0.000000,-0.020385
0.005532000000,0.000000,-0.007928
0.005534000000,0.000000,-0.003411
0.005536000000,0.000000,0.012546
0.005538000000,0.000000,-0.016580
0.005540000000,0.000000,-0.006485
0.005542000000,0.000000,0.005046
0.005544000000,0.000000,-0.025348
0.005546000000,0.000000,-0.020728
0.005548000000,0.000000,0.020606
0.005550000000,0.000000,-0.036097
0.005552000000,0.000000,0.032207
0.005554000000,0.000000,0.033246
0.005556000000,0.000000,-0.016161
0.005558000000,0.000000,-0.009488
0.005560000000,0.000000,-0.006699
0.005562000000,0.000000,0.023394
0.005564000000,0.000000,-0.000237
0.005566000000,0.000000,0.006446
0.005568000000,0.000000,0.017889
0.005570000000,0.000000,-0.016533
0.005572000000,0.000000,-0.008454
0.005574000000,0.000000,-0.007594
0.005576000000,0.000000,0.013260
0.005578000000,0.000000,0.004828
0.005580000000,0.000000,-0.012642
0.005582000000,0.000000,-0.061840
0.005584000000,0.000000,-0.023445
0.005586000000,0.000000,0.040532
0.005588000000,0.000000,0.023664
0.005590000000,0.000000,0.014022
0.005592000000,0.000000,0.019926
0.005594000000,0.000000,-0.012158
0.005596000000,0.000000,-0.027419
0.005598000000,0.000000,0.003452
0.005600000000,0.000000,0.002850
0.005602000000,0.000000,0.009336
0.005604000000,0.000000,-0.016573
0.005606000000,0.000000,-0.007842
0.005608000000,0.000000,0.019249
0.005610000000,0.000000,-0.002235
0.005612000000,0.000000,0.026619
0.005614000000,0.000000,0.020833
0.005616000000,0.000000,-0.004088
0.005618000000,0.000000,0.007241
0.005620000000,0.000000,-0.016014
0.005622000000,0.000000,-0.006198
0.005624000000,0.000000,0.008443
0.005626000000,0.000000,0.002238
0.005628000000,0.000000,-0.018361
0.005630000000,0.000000,0.037999
0.005632000000,0.000000,0.003665
0.005634000000,0.000000,0.011804
0.005636000000,0.000000,0.032789
0.005638000000,0.000000,-0.011321
0.005640000000,0.000000,0.016082
0.005642000000,0.000000,0.018901
0.005644000000,0.000000,0.004297
0.005646000000,0.000000,-0.006030
0.005648000000,0.000000,0.017034
0.005650000000,0.000000,0.006805
0.005652000000,0.000000,-0.019098
0.005654000000,0.000000,0.017453
0.005656000000,0.000000,0.010035
0.005658000000,0.000000,-0.019369
0.005660000000,0.000000,0.025631
0.005662000000,0.000000,0.047433
0.005664000000,0.000000,0.033194
0.005666000000,0.000000,0.005647
0.005668000000,0.000000,-0.019791
0.005670000000,0.000000,0.042541
0.005672000000,0.000000,0.001623
0.005674000000,0.000000,0.001939
0.005676000000,0.000000,-0.019280
0.005678000000,0.000000,-0.019103
0.005680000000,0.000000,-0.048877
0.005682000000,0.000000,-0.040234
0.005684000000,0.000000,-0.004274
0.005686000000,0.000000,0.019122
0.005688000000,0.000000,-0.028757
0.005690000000,0.000000,-0.007116
0.005692000000,0.000000,0.005879
0.005694000000,0.000000,-0.017803
0.005696000000,0.000000,-0.003219
0.005698000000,0.000000,0.016102
0.005700000000,0.000000,0.029464
0.005702000000,0.000000,-0.019521
0.005704000000,0.000000,-0.015396
0.005706000000,0.000000,-0.035334
0.005708000000,0.000000,0.017975
0.005710000000,0.000000,-0.015216
0.005712000000,0.000000,0.022597
0.005714000000,0.000000,0.004981
0.005716000000,0.000000,-0.010288
0.005718000000,0.000000,-0.034850
0.005720000000,0.000000,-0.022171
0.005722000000,0.000000,-0.012707
0.005724000000,0.000000,-0.018374
0.005726000000,0.000000,-0.008872
0.005728000000,0.000000,0.029921
0.005730000000,0.000000,-0.006829
0.005732000000,0.000000,0.023045
0.005734000000,0.000000,0.006319
0.005736000000,0.000000,-0.014412
0.005738000000,0.000000,0.004942
0.005740000000,0.000000,0.018079
0.005742000000,0.000000,0.000951
0.005744000000,0.000000,-0.011749
0.005746000000,0.000000,-0.017895
0.005748000000,0.000000,-0.000988
0.005750000000,0.000000,0.015979
0.005752000000,0.000000,-0.006137
0.005754000000,0.000000,-0.020139
0.005756000000,0.000000,0.021504
0.005758000000,0.000000,0.030897
0.005760000000,0.000000,-0.007877
0.005762000000,0.000000,0.017846
0.005764000000,0.000000,-0.001945
0.005766000000,0.000000,-0.000483
0.005768000000,0.000000,0.008122
0.005770000000,0.000000,0.001560
0.005772000000,0.000000,-0.012403
0.005774000000,0.000000,0.024745
0.005776000000,0.000000,0.043890
0.005778000000,0.000000,0.024523
0.005780000000,0.000000,0.029496
0.005782000000,0.000000,0.008902
0.005784000000,0.000000,0.007884
0.005786000000,0.000000,-0.001041
0.005788000000,0.000000,0.001882
0.005790000000,0.000000,-0.014567
0.005792000000,0.000000,-0.004295
0.005794000000,0.000000,-0.026068
0.005796000000,0.000000,0.006253
0.005798000000,0.000000,-0.000332
0.005800000000,0.000000,0.006094
0.005802000000,0.000000,-0.030925
0.005804000000,0.000000,-0.013747
0.005806000000,0.000000,-0.025047
0.005808000000,0.000000,-0.011569
0.005810000000,0.000000,0.010735
0.005812000000,0.000000,-0.030427
0.005814000000,0.000000,0.009456
0.005816000000,0.000000,0.020638
0.005818000000,0.000000,-0.002667
0.005820000000,0.000000,-0.009548
0.005822000000,0.000000,0.007221
0.005824000000,0.000000,-0.029303
0.005826000000,0.000000,-0.005503
0.005828000000,0.000000,0.038857
0.005830000000,0.000000,0.030773
0.005832000000,0.000000,0.015636
0.005834000000,0.000000,-0.019846
0.005836000000,0.000000,-0.019257
0.005838000000,0.000000,0.014929
0.005840000000,0.000000,-0.029461
0.005842000000,0.000000,0.011508
0.005844000000,0.000000,0.003911
0.005846000000,0.000000,-0.004111
0.005848000000,0.000000,-0.002507
0.005850000000,0.000000,-0.002053
0.005852000000,0.000000,0.046310
0.005854000000,0.000000,0.016994
0.005856000000,0.000000,-0.000714
0.005858000000,0.000000,-0.014344
0.005860000000,0.000000,-0.016785
0.005862000000,0.000000,-0.003712
0.005864000000,0.000000,0.020039
0.005866000000,0.000000,0.032323
0.005868000000,0.000000,-0.035570
0.005870000000,0.000000,-0.012469
0.005872000000,0.000000,-0.013897
0.005874000000,0.000000,0.018111
0.005876000000,0.000000,-0.003888
0.005878000000,0.000000,-0.020592
0.005880000000,0.000000,0.015405
0.005882000000,0.000000,-0.007152
0.005884000000,0.000000,0.000295
0.005886000000,0.000000,-0.025110
0.005888000000,0.000000,-0.010585
0.005890000000,0.000000,0.011053
0.005892000000,0.000000,0.010718
0.005894000000,0.000000,-0.051051
0.005896000000,0.000000,0.010516
0.005898000000,0.000000,-0.002512
0.005900000000,0.000000,0.037281
0.005902000000,0.000000,0.063547
0.005904000000,0.000000,0.079913
0.005906000000,0.000000,-0.018012
0.005908000000,0.000000,-0.009825
0.005910000000,0.000000,-0.007802
0.005912000000,0.000000,-0.015890
0.005914000000,0.000000,-0.012677
0.005916000000,0.000000,-0.004921
0.005918000000,0.000000,-0.003995
0.005920000000,0.000000,-0.030076
0.005922000000,0.000000,-0.027381
0.005924000000,0.000000,-0.018560
0.005926000000,0.000000,-0.014313
0.005928000000,0.000000,0.048307
0.005930000000,0.000000,-0.003310
0.005932000000,0.000000,-0.004697
0.005934000000,0.000000,0.004576
0.005936000000,0.000000,0.030702
0.005938000000,0.000000,0.009032
0.005940000000,0.000000,-0.009672
0.005942000000,0.000000,-0.010329
0.005944000000,0.000000,-0.021573
0.005946000000,0.000000,0.002690
0.005948000000,0.000000,-0.033845
0.005950000000,0.000000,0.006897
0.005952000000,0.000000,-0.011213
0.005954000000,0.000000,-0.015320
0.005956000000,0.000000,-0.031642
0.005958000000,0.000000,0.047559
0.005960000000,0.000000,0.025921
0.005962000000,0.000000,-0.008298
0.005964000000,0.000000,0.001886
0.005966000000,0.000000,0.027330
0.005968000000,0.000000,-0.010110
0.005970000000,0.000000,-0.006151
0.005972000000,0.000000,0.011708
0.005974000000,0.000000,0.002485
0.005976000000,0.000000,-0.019309
0.005978000000,0.000000,0.022151
0.005980000000,0.000000,-0.040531
0.005982000000,0.000000,0.045695
0.005984000000,0.000000,-0.006109
0.005986000000,0.000000,0.016515
0.005988000000,0.000000,-0.002258
0.005990000000,0.000000,-0.016782
0.005992000000,0.000000,-0.008535
0.005994000000,0.000000,-0.000345
0.005996000000,0.000000,-0.002890
0.005998000000,0.000000,-0.022343
0.006000000000,0.000000,-0.012213
0.006002000000,0.000000,0.012336
0.006004000000,0.000000,-0.044981
0.006006000000,0.000000,0.013503
0.006008000000,0.000000,-0.003951
0.006010000000,0.000000,0.001927
0.006012000000,0.000000,0.012750
0.006014000000,0.000000,0.010041
0.006016000000,0.000000,0.009758
0.006018000000,0.000000,-0.001382
0.006020000000,0.000000,0.008991
0.006022000000,0.000000,-0.027322
0.006024000000,0.000000,-0.021712
0.006026000000,0.000000,-0.015065
0.006028000000,0.000000,-0.025691
0.006030000000,0.000000,0.012538
0.006032000000,0.000000,0.011937
0.006034000000,0.000000,0.026769
0.006036000000,0.000000,-0.040291
0.006038000000,0.000000,0.003801
0.006040000000,0.000000,0.005709
0.006042000000,0.000000,0.005040
0.006044000000,0.000000,0.023996
0.006046000000,0.000000,-0.015216
0.006048000000,0.000000,-0.011038
0.006050000000,0.000000,-0.027595
0.006052000000,0.000000,-0.017538
0.006054000000,0.000000,0.012436
0.006056000000,0.000000,0.001649
0.006058000000,0.000000,0.064549
0.006060000000,0.000000,0.013704
0.006062000000,0.000000,-0.018418
0.006064000000,0.000000,-0.032582
0.006066000000,0.000000,-0.019383
0.006068000000,0.000000,0.002606
0.006070000000,0.000000,0.012740
0.006072000000,0.000000,0.035008
0.006074000000,0.000000,-0.015761
0.006076000000,0.000000,-0.002936
0.006078000000,0.000000,-0.020776
0.006080000000,0.000000,0.012821
0.006082000000,0.000000,0.019577
0.006084000000,0.000000,0.026713
0.006086000000,0.000000,0.003790
0.006088000000,0.000000,-0.018943
0.006090000000,0.000000,-0.008941
0.006092000000,0.000000,-0.007146
0.006094000000,0.000000,-0.004931
0.006096000000,0.000000,-0.003458
0.006098000000,0.000000,0.012409
0.006100000000,0.000000,-0.023620
0.006102000000,0.000000,-0.013041
0.006104000000,0.000000,0.023205
0.006106000000,0.000000,0.020840
0.006108000000,0.000000,0.018070
0.006110000000,0.000000,0.013593
0.006112000000,0.000000,-0.020434
0.006114000000,0.000000,-0.002124
0.006116000000,0.000000,0.008231
0.006118000000,0.000000,-0.026736
0.006120000000,0.000000,-0.014558
0.006122000000,0.000000,0.003312
0.006124000000,0.000000,-0.004588
0.006126000000,0.000000,0.023280
0.006128000000,0.000000,0.003106
0.006130000000,0.000000,0.012969
0.006132000000,0.000000,0.030667
0.006134000000,0.000000,0.008891
0.006136000000,0.000000,0.005293
0.006138000000,0.000000,-0.010925
0.006140000000,0.000000,0.027363
0.006142000000,0.000000,-0.080638
0.006144000000,0.000000,0.033858
0.006146000000,0.000000,-0.018969
0.006148000000,0.000000,0.039918
0.006150000000,0.000000,0.007466
0.006152000000,0.000000,-0.013611
0.006154000000,0.000000,0.003748
0.006156000000,0.000000,0.011971
0.006158000000,0.000000,-0.018725
0.006160000000,0.000000,0.028327
0.006162000000,0.000000,0.018583
0.006164000000,0.000000,-0.007309
0.006166000000,0.000000,-0.024685
0.006168000000,0.000000,-0.007055
0.006170000000,0.000000,-0.017534
0.006172000000,0.000000,-0.006477
0.006174000000,0.000000,0.021518
0.006176000000,0.000000,0.005428
0.006178000000,0.000000,-0.036995
0.006180000000,0.000000,-0.006047
0.006182000000,0.000000,0.046467
0.006184000000,0.000000,-0.005845
0.006186000000,0.000000,-0.018367
0.006188000000,0.000000,0.003021
0.006190000000,0.000000,-0.018522
0.006192000000,0.000000,-0.003380
0.006194000000,0.000000,-0.012223
0.006196000000,0.000000,-0.020785
0.006198000000,0.000000,0.005234
0.006200000000,0.000000,-0.013027
0.006202000000,0.000000,-0.000112
0.006204000000,0.000000,0.026342
0.006206000000,0.000000,0.019607
0.006208000000,0.000000,0.005132
0.006210000000,0.000000,0.010582
0.006212000000,0.000000,0.011766
0.006214000000,0.000000,0.005640
0.006216000000,0.000000,0.016795
0.006218000000,0.000000,0.017169
0.006220000000,0.000000,0.014837
0.006222000000,0.000000,0.033536
0.006224000000,0.000000,0.005052
0.006226000000,0.000000,-0.011521
0.006228000000,0.000000,0.000424
0.006230000000,0.000000,-0.008268
0.006232000000,0.000000,0.007605
0.006234000000,0.000000,-0.013784
0.006236000000,0.000000,-0.038880
0.006238000000,0.000000,-0.001485
0.006240000000,0.000000,0.005123
0.006242000000,0.000000,0.017690
0.006244000000,0.000000,0.002331
0.006246000000,0.000000,-0.002227
0.006248000000,0.000000,0.013804
0.006250000000,0.000000,0.013391
0.006252000000,0.000000,0.014819
0.006254000000,0.000000,0.001745
0.006256000000,0.000000,-0.004167
0.006258000000,0.000000,0.028379
0.006260000000,0.000000,0.019734
0.006262000000,0.000000,0.027467
0.006264000000,0.000000,-0.004873
0.006266000000,0.000000,-0.004509
0.006268000000,0.000000,-0.018876
0.006270000000,0.000000,-0.025069
0.006272000000,0.000000,0.010471
0.006274000000,0.000000,-0.031431
0.006276000000,0.000000,-0.012162
0.006278000000,0.000000,-0.007033
0.006280000000,0.000000,-0.008191
0.006282000000,0.000000,-0.004649
0.006284000000,0.000000,0.024008
0.006286000000,0.000000,0.015650
0.006288000000,0.000000,-0.040681
0.006290000000,0.000000,-0.027688
0.006292000000,0.000000,0.008107
0.006294000000,0.000000,0.004454
0.006296000000,0.000000,0.011154
0.006298000000,0.000000,0.011919
0.006300000000,0.000000,0.016363
0.006302000000,0.000000,0.009454
0.006304000000,0.000000,-0.034451
0.006306000000,0.000000,0.000205
0.006308000000,0.000000,0.017726
0.006310000000,0.000000,-0.005797
0.006312000000,0.000000,0.022626
0.006314000000,0.000000,0.001350
0.006316000000,0.000000,-0.024333
0.006318000000,0.000000,-0.013878
0.006320000000,0.000000,-0.007022
0.006322000000,0.000000,-0.015599
0.006324000000,0.000000,-0.027888
0.006326000000,0.000000,-0.003781
0.006328000000,0.000000,0.005485
0.006330000000,0.000000,-0.044099
0.006332000000,0.000000,0.017426
0.006334000000,0.000000,0.033330
0.006336000000,0.000000,-0.012233
0.006338000000,0.000000,-0.007873
0.006340000000,0.000000,0.011309
0.006342000000,0.000000,-0.031791
0.006344000000,0.000000,-0.030324
0.006346000000,0.000000,-0.005416
0.006348000000,0.000000,0.019355
0.006350000000,0.000000,-0.011668
0.006352000000,0.000000,-0.016771
0.006354000000,0.000000,0.011641
0.006356000000,0.000000,-0.006144
0.006358000000,0.000000,-0.005758
0.006360000000,0.000000,-0.024321
0.006362000000,0.000000,0.013747
0.006364000000,0.000000,0.047393
0.006366000000,0.000000,-0.004779
0.006368000000,0.000000,-0.033963
0.006370000000,0.000000,0.021445
0.006372000000,0.000000,0.016261
0.006374000000,0.000000,-0.042310
0.006376000000,0.000000,0.023622
0.006378000000,0.000000,-0.001896
0.006380000000,0.000000,0.015113
0.006382000000,0.000000,-0.043052
0.006384000000,0.000000,-0.011538
0.006386000000,0.000000,0.013444
0.006388000000,0.000000,0.011310
0.006390000000,0.000000,0.001265
0.006392000000,0.000000,0.012752
0.006394000000,0.000000,0.025324
0.006396000000,0.000000,-0.010743
0.006398000000,0.000000,0.027132
0.006400000000,0.000000,-0.010557
0.006402000000,0.000000,0.013367
0.006404000000,0.000000,0.006245
0.006406000000,0.000000,0.004451
0.006408000000,0.000000,0.016535
0.006410000000,0.000000,-0.019735
0.006412000000,0.000000,0.002420
0.006414000000,0.000000,-0.037495
0.006416000000,0.000000,0.011805
0.006418000000,0.000000,0.032185
0.006420000000,0.000000,-0.017601
0.006422000000,0.000000,-0.044939
0.006424000000,0.000000,-0.027084
0.006426000000,0.000000,0.021010
0.006428000000,0.000000,0.029618
0.006430000000,0.000000,-0.014428
0.006432000000,0.000000,0.007252
0.006434000000,0.000000,0.016558
0.006436000000,0.000000,0.008529
0.006438000000,0.000000,-0.003185
0.006440000000,0.000000,0.013251
0.006442000000,0.000000,0.010768
0.006444000000,0.000000,0.005701
0.006446000000,0.000000,-0.002644
0.006448000000,0.000000,0.007336
0.006450000000,0.000000,0.031622
0.006452000000,0.000000,0.003126
0.006454000000,0.000000,-0.020631
0.006456000000,0.000000,-0.002816
0.006458000000,0.000000,-0.004980
0.006460000000,0.000000,0.000725
0.006462000000,0.000000,0.017041
0.006464000000,0.000000,0.009461
0.006466000000,0.000000,0.021477
0.006468000000,0.000000,-0.012110
0.006470000000,0.000000,0.014700
0.006472000000,0.000000,0.012282
0.006474000000,0.000000,0.016187
0.006476000000,0.000000,-0.035661
0.006478000000,0.000000,0.005165
0.006480000000,0.000000,-0.009023
0.006482000000,0.000000,0.012479
0.006484000000,0.000000,-0.001206
0.006486000000,0.000000,0.010182
0.006488000000,0.000000,0.002894
0.006490000000,0.000000,-0.003004
0.006492000000,0.000000,0.026207
0.006494000000,0.000000,-0.014849
0.006496000000,0.000000,-0.025302
0.006498000000,0.000000,0.011408
0.006500000000,0.000000,-0.035094
0.006502000000,0.000000,0.007449
0.006504000000,0.000000,-0.028229
0.006506000000,0.000000,-0.011994
0.006508000000,0.000000,0.007075
0.006510000000,0.000000,0.010258
0.006512000000,0.000000,0.004256
0.006514000000,0.000000,0.003378
0.006516000000,0.000000,-0.017720
0.006518000000,0.000000,0.020578
0.006520000000,0.000000,-0.016758
0.006522000000,0.000000,-0.015184
0.006524000000,0.000000,-0.019133
0.006526000000,0.000000,0.026985
0.006528000000,0.000000,-0.019101
0.006530000000,0.000000,-0.010016
0.006532000000,0.000000,0.009869
0.006534000000,0.000000,-0.011688
0.006536000000,0.000000,-0.013743
0.006538000000,0.000000,0.009002
0.006540000000,0.000000,-0.001722
0.006542000000,0.000000,0.018605
0.006544000000,0.000000,0.017032
0.006546000000,0.000000,-0.008705
0.006548000000,0.000000,0.008725
0.006550000000,0.000000,-0.006476
0.006552000000,0.000000,-0.014064
0.006554000000,0.000000,-0.002012
0.006556000000,0.000000,-0.029043
0.006558000000,0.000000,0.010449
0.006560000000,0.000000,0.050548
0.006562000000,0.000000,-0.001205
0.006564000000,0.000000,0.004032
0.006566000000,0.000000,0.000848
0.006568000000,0.000000,-0.024519
0.006570000000,0.000000,0.030077
0.006572000000,0.000000,-0.005034
0.006574000000,0.000000,-0.019980
0.006576000000,0.000000,-0.023673
0.006578000000,0.000000,-0.004902
0.006580000000,0.000000,0.005289
0.006582000000,0.000000,-0.032079
0.006584000000,0.000000,-0.000132
0.006586000000,0.000000,-0.016710
0.006588000000,0.000000,-0.002563
0.006590000000,0.000000,-0.033083
0.006592000000,0.000000,-0.005630
0.006594000000,0.000000,0.009384
0.006596000000,0.000000,-0.003753
0.006598000000,0.000000,-0.016521
0.006600000000,0.000000,-0.036876
0.006602000000,0.000000,0.008264
0.006604000000,0.000000,0.018573
0.006606000000,0.000000,0.007168
0.006608000000,0.000000,0.007093
0.006610000000,0.000000,-0.016718
0.006612000000,0.000000,0.012520
0.006614000000,0.000000,0.000638
0.006616000000,0.000000,0.027334
0.006618000000,0.000000,-0.023911
0.006620000000,0.000000,-0.002246
0.006622000000,0.000000,0.032036
0.006624000000,0.000000,-0.015227
0.006626000000,0.000000,-0.011734
0.006628000000,0.000000,0.012964
0.006630000000,0.000000,-0.006859
0.006632000000,0.000000,-0.008497
0.006634000000,0.000000,0.015035
0.006636000000,0.000000,0.007895
0.006638000000,0.000000,0.017750
0.006640000000,0.000000,-0.015435
0.006642000000,0.000000,0.006109
0.006644000000,0.000000,0.013813
0.006646000000,0.000000,-0.035697
0.006648000000,0.000000,-0.008773
0.006650000000,0.000000,0.010457
0.006652000000,0.000000,0.006367
0.006654000000,0.000000,-0.023151
0.006656000000,0.000000,-0.015923
0.006658000000,0.000000,0.000391
0.006660000000,0.000000,0.004736
0.006662000000,0.000000,0.012499
0.006664000000,0.000000,-0.013911
0.006666000000,0.000000,0.018296
0.006668000000,0.000000,0.021348
0.006670000000,0.000000,0.030707
0.006672000000,0.000000,0.001783
0.006674000000,0.000000,0.020882
0.006676000000,0.000000,-0.003288
0.006678000000,0.000000,0.003726
0.006680000000,0.000000,-0.015056
0.006682000000,0.000000,-0.039525
0.006684000000,0.000000,-0.046916
0.006686000000,0.000000,0.031781
0.006688000000,0.000000,0.000107
0.006690000000,0.000000,0.029525
0.006692000000,0.000000,-0.006349
0.006694000000,0.000000,-0.045104
0.006696000000,0.000000,0.004933
0.006698000000,0.000000,0.031937
0.006700000000,0.000000,0.024950
0.006702000000,0.000000,0.025217
0.006704000000,0.000000,-0.009266
0.006706000000,0.000000,0.012180
0.006708000000,0.000000,-0.014369
0.006710000000,0.000000,-0.021252
0.006712000000,0.000000,-0.007446
0.006714000000,0.000000,-0.012593
0.006716000000,0.000000,0.011026
0.006718000000,0.000000,-0.000382
0.006720000000,0.000000,-0.013663
0.006722000000,0.000000,0.003038
0.006724000000,0.000000,-0.011569
0.006726000000,0.000000,-0.012492
0.006728000000,0.000000,-0.017434
0.006730000000,0.000000,0.007569
0.006732000000,0.000000,0.005072
0.006734000000,0.000000,0.009958
0.006736000000,0.000000,0.003059
0.006738000000,0.000000,-0.014199
0.006740000000,0.000000,-0.011204
0.006742000000,0.000000,-0.037126
0.006744000000,0.000000,0.001261
0.006746000000,0.000000,-0.005358
0.006748000000,0.000000,0.014246
0.006750000000,0.000000,0.000653
0.006752000000,0.000000,-0.016948
0.006754000000,0.000000,0.016832
0.006756000000,0.000000,-0.013663
0.006758000000,0.000000,0.000103
0.006760000000,0.000000,0.007283
0.006762000000,0.000000,-0.029557
0.006764000000,0.000000,0.019856
0.006766000000,0.000000,-0.011504
0.006768000000,0.000000,0.016032
0.006770000000,0.000000,0.011370
0.006772000000,0.000000,0.032315
0.006774000000,0.000000,-0.024296
0.006776000000,0.000000,0.018123
0.006778000000,0.000000,-0.015204
0.006780000000,0.000000,-0.006426
0.006782000000,0.000000,0.027960
0.006784000000,0.000000,-0.028511
0.006786000000,0.000000,0.000874
0.006788000000,0.000000,-0.010447
0.006790000000,0.000000,0.020635
0.006792000000,0.000000,0.008142
0.006794000000,0.000000,-0.003955
0.006796000000,0.000000,-0.026970
0.006798000000,0.000000,-0.012639
0.006800000000,0.000000,0.007414
0.006802000000,0.000000,0.002804
0.006804000000,0.000000,0.023495
0.006806000000,0.000000,-0.016521
0.006808000000,0.000000,-0.023666
0.006810000000,0.000000,0.029335
0.006812000000,0.000000,-0.001180
0.006814000000,0.000000,0.000780
0.006816000000,0.000000,-0.019502
0.006818000000,0.000000,0.016672
0.006820000000,0.000000,-0.010917
0.006822000000,0.000000,0.013042
0.006824000000,0.000000,-0.032434
0.006826000000,0.000000,0.001422
0.006828000000,0.000000,-0.030107
0.006830000000,0.000000,0.007958
0.006832000000,0.000000,-0.005750
0.006834000000,0.000000,-0.009358
0.006836000000,0.000000,0.004881
0.006838000000,0.000000,0.005002
0.006840000000,0.000000,-0.028749
0.006842000000,0.000000,0.013676
0.006844000000,0.000000,-0.013690
0.006846000000,0.000000,-0.049186
0.006848000000,0.000000,-0.015444
0.006850000000,0.000000,0.017752
0.006852000000,0.000000,0.000669
0.006854000000,0.000000,-0.005706
0.006856000000,0.000000,0.008694
0.006858000000,0.000000,-0.012311
0.006860000000,0.000000,0.020569
0.006862000000,0.000000,-0.013155
0.006864000000,0.000000,-0.000780
0.006866000000,0.000000,0.037322
0.006868000000,0.000000,-0.015497
0.006870000000,0.000000,-0.000594
0.006872000000,0.000000,0.010728
0.006874000000,0.000000,0.009985
0.006876000000,0.000000,-0.020389
0.006878000000,0.000000,0.014212
0.006880000000,0.000000,-0.001769
0.006882000000,0.000000,-0.015391
0.006884000000,0.000000,0.012210
0.006886000000,0.000000,0.027531
0.006888000000,0.000000,-0.018028
0.006890000000,0.000000,0.023858
0.006892000000,0.000000,-0.000861
0.006894000000,0.000000,0.031361
0.006896000000,0.000000,-0.021362
0.006898000000,0.000000,0.025031
0.006900000000,0.000000,0.038775
0.006902000000,0.000000,0.024687
0.006904000000,0.000000,-0.011424
0.006906000000,0.000000,0.049202
0.006908000000,0.000000,-0.009621
0.006910000000,0.000000,0.006700
0.006912000000,0.000000,0.013063
0.006914000000,0.000000,-0.034750
0.006916000000,0.000000,-0.012095
0.006918000000,0.000000,-0.048541
0.006920000000,0.000000,-0.011950
0.006922000000,0.000000,-0.012225
0.006924000000,0.000000,0.028958
0.006926000000,0.000000,-0.005642
0.006928000000,0.000000,0.015900
0.006930000000,0.000000,0.005639
0.006932000000,0.000000,-0.022755
0.006934000000,0.000000,0.011150
0.006936000000,0.000000,-0.019000
0.006938000000,0.000000,-0.004087
0.006940000000,0.000000,-0.001443
0.006942000000,0.000000,-0.025108
0.006944000000,0.000000,0.014919
0.006946000000,0.000000,-0.016961
0.006948000000,0.000000,-0.020438
0.006950000000,0.000000,0.020363
0.006952000000,0.000000,-0.044568
0.006954000000,0.000000,0.042266
0.006956000000,0.000000,-0.002149
0.006958000000,0.000000,0.007097
0.006960000000,0.000000,0.026301
0.006962000000,0.000000,0.005927
0.006964000000,0.000000,-0.026230
0.006966000000,0.000000,0.005031
0.006968000000,0.000000,-0.022270
0.006970000000,0.000000,0.008884
0.006972000000,0.000000,0.006740
0.006974000000,0.000000,-0.000554
0.006976000000,0.000000,0.033445
0.006978000000,0.000000,-0.009865
0.006980000000,0.000000,0.006353
0.006982000000,0.000000,-0.038477
0.006984000000,0.000000,0.015632
0.006986000000,0.000000,0.014977
0.006988000000,0.000000,-0.027676
0.006990000000,0.000000,0.022238
0.006992000000,0.000000,-0.021540
0.006994000000,0.000000,0.008241
0.006996000000,0.000000,0.002333
0.006998000000,0.000000,-0.006936
0.007000000000,0.000000,0.034714
0.007002000000,0.000000,0.020065
0.007004000000,0.000000,-0.007612
0.007006000000,0.000000,-0.008081
0.007008000000,0.000000,0.021316
0.007010000000,0.000000,0.000754
0.007012000000,0.000000,-0.000998
0.007014000000,0.000000,0.024910
0.007016000000,0.000000,-0.011915
0.007018000000,0.000000,0.014586
0.007020000000,0.000000,0.000837
0.007022000000,0.000000,-0.015715
0.007024000000,0.000000,0.004768
0.007026000000,0.000000,0.038124
0.007028000000,0.000000,0.000979
0.007030000000,0.000000,0.009725
0.007032000000,0.000000,0.009039
0.007034000000,0.000000,-0.000286
0.007036000000,0.000000,-0.003583
0.007038000000,0.000000,0.009075
0.007040000000,0.000000,-0.008346
0.007042000000,0.000000,0.004590
0.007044000000,0.000000,-0.022307
0.007046000000,0.000000,0.039796
0.007048000000,0.000000,0.008443
0.007050000000,0.000000,0.005938
0.007052000000,0.000000,0.000916
0.007054000000,0.000000,0.021906
0.007056000000,0.000000,0.000386
0.007058000000,0.000000,-0.019471
0.007060000000,0.000000,-0.002696
0.007062000000,0.000000,-0.017108
0.007064000000,0.000000,0.001501
0.007066000000,0.000000,-0.012718
0.007068000000,0.000000,-0.006018
0.007070000000,0.000000,0.014010
0.007072000000,0.000000,0.014862
0.007074000000,0.000000,0.006781
0.007076000000,0.000000,0.015966
0.007078000000,0.000000,0.006076
0.007080000000,0.000000,0.000856
0.007082000000,0.000000,-0.012785
0.007084000000,0.000000,-0.002198
0.007086000000,0.000000,-0.033811
0.007088000000,0.000000,0.018006
0.007090000000,0.000000,-0.000473
0.007092000000,0.000000,0.034899
0.007094000000,0.000000,-0.034080
0.007096000000,0.000000,-0.011514
0.007098000000,0.000000,-0.016414
0.007100000000,0.000000,0.017128
0.007102000000,0.000000,-0.016084
0.007104000000,0.000000,0.011145
0.007106000000,0.000000,-0.010431
0.007108000000,0.000000,-0.022900
0.007110000000,0.000000,-0.022922
0.007112000000,0.000000,0.004038
0.007114000000,0.000000,-0.008108
0.007116000000,0.000000,-0.003487
0.007118000000,0.000000,-0.037763
0.007120000000,0.000000,0.043962
0.007122000000,0.000000,-0.022645
0.007124000000,0.000000,0.020727
0.007126000000,0.000000,-0.033027
0.007128000000,0.000000,0.008192
0.007130000000,0.000000,-0.001592
0.007132000000,0.000000,0.031240
0.007134000000,0.000000,0.020782
0.007136000000,0.000000,-0.024225
0.007138000000,0.000000,0.025215
0.007140000000,0.000000,0.002978
0.007142000000,0.000000,-0.027014
0.007144000000,0.000000,0.037240
0.007146000000,0.000000,-0.007632
0.007148000000,0.000000,-0.002059
0.007150000000,0.000000,0.000138
0.007152000000,0.000000,-0.048127
0.007154000000,0.000000,-0.012053
0.007156000000,0.000000,0.030387
0.007158000000,0.000000,-0.010432
0.007160000000,0.000000,0.028651
0.007162000000,0.000000,-0.012300
0.007164000000,0.000000,0.008685
0.007166000000,0.000000,-0.033729
0.007168000000,0.000000,-0.029207
0.007170000000,0.000000,0.044865
0.007172000000,0.000000,-0.016608
0.007174000000,0.000000,-0.025279
0.007176000000,0.000000,0.030418
0.007178000000,0.000000,0.027596
0.007180000000,0.000000,0.009194
0.007182000000,0.000000,0.000827
0.007184000000,0.000000,0.010307
0.007186000000,0.000000,0.035284
0.007188000000,0.000000,-0.028640
0.007190000000,0.000000,-0.017243
0.007192000000,0.000000,0.000843
0.007194000000,0.000000,0.012975
0.007196000000,0.000000,-0.004590
0.007198000000,0.000000,0.023719
0.007200000000,0.000000,0.006224
0.007202000000,0.000000,0.008831
0.007204000000,0.000000,0.007611
0.007206000000,0.000000,0.019426
0.007208000000,0.000000,0.021380
0.007210000000,0.000000,0.038824
0.007212000000,0.000000,0.002653
0.007214000000,0.000000,-0.024250
0.007216000000,0.000000,-0.000857
0.007218000000,0.000000,-0.001227
0.007220000000,0.000000,-0.052697
0.007222000000,0.000000,0.002158
0.007224000000,0.000000,-0.004940
0.007226000000,0.000000,0.009267
0.007228000000,0.000000,0.011260
0.007230000000,0.000000,-0.006295
0.007232000000,0.000000,-0.008596
0.007234000000,0.000000,-0.008459
0.007236000000,0.000000,-0.002433
0.007238000000,0.000000,-0.011119
0.007240000000,0.000000,0.025041
0.007242000000,0.000000,0.022943
0.007244000000,0.000000,0.001214
0.007246000000,0.000000,0.031899
0.007248000000,0.000000,0.016590
0.007250000000,0.000000,-0.019140
0.007252000000,0.000000,-0.005197
0.007254000000,0.000000,0.034033
0.007256000000,0.000000,-0.015889
0.007258000000,0.000000,-0.023958
0.007260000000,0.000000,0.014583
0.007262000000,0.000000,-0.006089
0.007264000000,0.000000,0.012148
0.007266000000,0.000000,-0.013900
0.007268000000,0.000000,-0.008014
0.007270000000,0.000000,-0.007469
0.007272000000,0.000000,0.014290
0.007274000000,0.000000,0.006679
0.007276000000,0.000000,0.011895
0.007278000000,0.000000,-0.002215
0.007280000000,0.000000,-0.010026
0.007282000000,0.000000,0.038752
0.007284000000,0.000000,-0.056931
0.007286000000,0.000000,-0.012223
0.007288000000,0.000000,-0.011349
0.007290000000,0.000000,-0.000995
0.007292000000,0.000000,0.008653
0.007294000000,0.000000,0.043398
0.007296000000,0.000000,0.006714
0.007298000000,0.000000,0.015610
0.007300000000,0.000000,-0.044789
0.007302000000,0.000000,0.022421
0.007304000000,0.000000,-0.005051
0.007306000000,0.000000,0.007309
0.007308000000,0.000000,0.002718
0.007310000000,0.000000,0.005418
0.007312000000,0.000000,0.012850
0.007314000000,0.000000,-0.020796
0.007316000000,0.000000,-0.013950
0.007318000000,0.000000,-0.001406
0.007320000000,0.000000,0.015543
0.007322000000,0.000000,-0.017614
0.007324000000,0.000000,0.027238
0.007326000000,0.000000,0.037456
0.007328000000,0.000000,-0.026890
0.007330000000,0.000000,0.022113
0.007332000000,0.000000,0.000384
0.007334000000,0.000000,0.004783
0.007336000000,0.000000,-0.013767
0.007338000000,0.000000,0.013723
0.007340000000,0.000000,-0.005404
0.007342000000,0.000000,0.009495
0.007344000000,0.000000,-0.002541
0.007346000000,0.000000,0.013155
0.007348000000,0.000000,0.008185
0.007350000000,0.000000,0.020430
0.007352000000,0.000000,0.031546
0.007354000000,0.000000,0.014039
0.007356000000,0.000000,0.022896
0.007358000000,0.000000,0.025262
0.007360000000,0.000000,-0.013152
0.007362000000,0.000000,-0.013473
0.007364000000,0.000000,-0.000235
0.007366000000,0.000000,-0.005483
0.007368000000,0.000000,-0.054011
0.007370000000,0.000000,-0.014445
0.007372000000,0.000000,-0.007363
0.007374000000,0.000000,0.000273
0.007376000000,0.000000,0.003099
0.007378000000,0.000000,-0.019274
0.007380000000,0.000000,0.006280
0.007382000000,0.000000,0.012309
0.007384000000,0.000000,-0.028618
0.007386000000,0.000000,-0.020606
0.007388000000,0.000000,-0.025852
0.007390000000,0.000000,-0.023133
0.007392000000,0.000000,0.030408
0.007394000000,0.000000,0.007484
0.007396000000,0.000000,0.000539
0.007398000000,0.000000,0.006379
0.007400000000,0.000000,0.017406
0.007402000000,0.000000,0.007156
0.007404000000,0.000000,-0.024293
0.007406000000,0.000000,0.006864
0.007408000000,0.000000,0.002871
0.007410000000,0.000000,-0.017237
0.007412000000,0.000000,-0.045614
0.007414000000,0.000000,0.028630
0.007416000000,0.000000,0.029875
0.007418000000,0.000000,0.023967
0.007420000000,0.000000,-0.000493
0.007422000000,0.000000,-0.019891
0.007424000000,0.000000,0.023338
0.007426000000,0.000000,-0.042974
0.007428000000,0.000000,-0.008651
0.007430000000,0.000000,0.004507
0.007432000000,0.000000,0.017370
0.007434000000,0.000000,0.009602
0.007436000000,0.000000,0.000747
0.007438000000,0.000000,-0.008126
0.007440000000,0.000000,-0.002603
0.007442000000,0.000000,-0.009579
0.007444000000,0.000000,0.033962
0.007446000000,0.000000,-0.001638
0.007448000000,0.000000,0.015317
0.007450000000,0.000000,0.002388
0.007452000000,0.000000,-0.040087
0.007454000000,0.000000,0.013368
0.007456000000,0.000000,-0.019689
0.007458000000,0.000000,0.010415
0.007460000000,0.000000,0.010789
0.007462000000,0.000000,0.015531
0.007464000000,0.000000,-0.003622
0.007466000000,0.000000,0.017932
0.007468000000,0.000000,-0.015449
0.007470000000,0.000000,-0.002148
0.007472000000,0.000000,0.013539
0.007474000000,0.000000,-0.013137
0.007476000000,0.000000,0.002096
0.007478000000,0.000000,-0.020439
0.007480000000,0.000000,-0.017648
0.007482000000,0.000000,-0.016774
0.007484000000,0.000000,0.023795
0.007486000000,0.000000,0.017006
0.007488000000,0.000000,-0.003076
0.007490000000,0.000000,-0.024605
0.007492000000,0.000000,0.028568
0.007494000000,0.000000,0.011449
0.007496000000,0.000000,0.026610
0.007498000000,0.000000,-0.011729
0.007500000000,0.000000,-0.002801
0.007502000000,0.000000,-0.009910
0.007504000000,0.000000,-0.007175
0.007506000000,0.000000,-0.003842
0.007508000000,0.000000,0.008271
0.007510000000,0.000000,0.033579
0.007512000000,0.000000,-0.028745
0.007514000000,0.000000,-0.042923
0.007516000000,0.000000,0.006281
0.007518000000,0.000000,-0.049614
0.007520000000,0.000000,-0.004536
0.007522000000,0.000000,-0.018848
0.007524000000,0.000000,-0.014971
0.007526000000,0.000000,0.000736
0.007528000000,0.000000,-0.018289
0.007530000000,0.000000,0.017541
0.007532000000,0.000000,0.006190
0.007534000000,0.000000,-0.015598
0.007536000000,0.000000,-0.000566
0.007538000000,0.000000,-0.017263
0.007540000000,0.000000,0.025405
0.007542000000,0.000000,0.003856
0.007544000000,0.000000,0.009159
0.007546000000,0.000000,0.033568
0.007548000000,0.000000,0.006103
0.007550000000,0.000000,-0.019811
0.007552000000,0.000000,0.008153
0.007554000000,0.000000,-0.022930
0.007556000000,0.000000,-0.023966
0.007558000000,0.000000,-0.003586
0.007560000000,0.000000,-0.024421
0.007562000000,0.000000,0.007622
0.007564000000,0.000000,-0.001457
0.007566000000,0.000000,-0.015628
0.007568000000,0.000000,-0.005296
0.007570000000,0.000000,-0.012256
0.007572000000,0.000000,-0.002286
0.007574000000,0.000000,-0.013824
0.007576000000,0.000000,-0.035696
0.007578000000,0.000000,-0.003680
0.007580000000,0.000000,-0.028562
0.007582000000,0.000000,-0.001152
0.007584000000,0.000000,-0.014514
0.007586000000,0.000000,0.030915
0.007588000000,0.000000,-0.011593
0.007590000000,0.000000,0.026490
0.007592000000,0.000000,-0.026231
0.007594000000,0.000000,-0.020534
0.007596000000,0.000000,0.042937
0.007598000000,0.000000,-0.005559
0.007600000000,0.000000,0.042297
0.007602000000,0.000000,0.023965
0.007604000000,0.000000,-0.010320
0.007606000000,0.000000,-0.021723
0.007608000000,0.000000,0.010094
0.007610000000,0.000000,-0.002695
0.007612000000,0.000000,0.015027
0.007614000000,0.000000,-0.006335
0.007616000000,0.000000,-0.005962
0.007618000000,0.000000,-0.040187
0.007620000000,0.000000,0.013099
0.007622000000,0.000000,-0.011735
0.007624000000,0.000000,0.032733
0.007626000000,0.000000,0.014453
0.007628000000,0.000000,-0.005596
0.007630000000,0.000000,-0.010704
0.007632000000,0.000000,0.008909
0.007634000000,0.000000,-0.014721
0.007636000000,0.000000,-0.006428
0.007638000000,0.000000,-0.012921
0.007640000000,0.000000,0.019884
0.007642000000,0.000000,0.008814
0.007644000000,0.000000,-0.000088
0.007646000000,0.000000,0.019685
0.007648000000,0.000000,0.012270
0.007650000000,0.000000,0.003416
0.007652000000,0.000000,-0.012165
0.007654000000,0.000000,-0.004069
0.007656000000,0.000000,-0.011735
0.007658000000,0.000000,-0.046440
0.007660000000,0.000000,0.007976
0.007662000000,0.000000,-0.084371
0.007664000000,0.000000,0.014205
0.007666000000,0.000000,-0.011251
0.007668000000,0.000000,0.004019
0.007670000000,0.000000,0.012842
0.007672000000,0.000000,0.000159
0.007674000000,0.000000,0.050531
0.007676000000,0.000000,0.001805
0.007678000000,0.000000,-0.001014
0.007680000000,0.000000,0.005735
0.007682000000,0.000000,0.004430
0.007684000000,0.000000,-0.004329
0.007686000000,0.000000,0.009497
0.007688000000,0.000000,-0.008806
0.007690000000,0.000000,0.010816
0.007692000000,0.000000,0.007839
0.007694000000,0.000000,-0.026576
0.007696000000,0.000000,-0.002937
0.007698000000,0.000000,-0.007485
0.007700000000,0.000000,-0.010152
0.007702000000,0.000000,0.029707
0.007704000000,0.000000,-0.000624
0.007706000000,0.000000,-0.025664
0.007708000000,0.000000,0.019777
0.007710000000,0.000000,-0.010677
0.007712000000,0.000000,-0.021409
0.007714000000,0.000000,-0.012819
0.007716000000,0.000000,-0.008548
0.007718000000,0.000000,-0.004663
0.007720000000,0.000000,0.009378
0.007722000000,0.000000,0.005145
0.007724000000,0.000000,0.026297
0.007726000000,0.000000,0.020043
0.007728000000,0.000000,-0.017109
0.007730000000,0.000000,-0.010724
0.007732000000,0.000000,-0.002474
0.007734000000,0.000000,-0.030335
0.007736000000,0.000000,0.004000
0.007738000000,0.000000,0.006390
0.007740000000,0.000000,0.007031
0.007742000000,0.000000,0.010153
0.007744000000,0.000000,-0.002921
0.007746000000,0.000000,0.003502
0.007748000000,0.000000,-0.012745
0.007750000000,0.000000,-0.017426
0.007752000000,0.000000,0.017636
0.007754000000,0.000000,0.025515
0.007756000000,0.000000,-0.029880
0.007758000000,0.000000,0.009687
0.007760000000,0.000000,-0.029212
0.007762000000,0.000000,-0.002266
0.007764000000,0.000000,0.007606
0.007766000000,0.000000,0.013940
0.007768000000,0.000000,0.014201
0.007770000000,0.000000,0.006794
0.007772000000,0.000000,-0.007166
0.007774000000,0.000000,-0.040101
0.007776000000,0.000000,-0.057750
0.007778000000,0.000000,0.028216
0.007780000000,0.000000,-0.027919
0.007782000000,0.000000,-0.004465
0.007784000000,0.000000,0.018278
0.007786000000,0.000000,-0.009923
0.007788000000,0.000000,0.022049
0.007790000000,0.000000,0.002535
0.007792000000,0.000000,-0.004223
0.007794000000,0.000000,0.009507
0.007796000000,0.000000,-0.022512
0.007798000000,0.000000,0.005368
0.007800000000,0.000000,0.002826
0.007802000000,0.000000,-0.033789
0.007804000000,0.000000,0.004989
0.007806000000,0.000000,0.019919
0.007808000000,0.000000,0.023273
0.007810000000,0.000000,0.009902
0.007812000000,0.000000,0.016542
0.007814000000,0.000000,0.017682
0.007816000000,0.000000,0.029171
0.007818000000,0.000000,0.016819
0.007820000000,0.000000,0.061643
0.007822000000,0.000000,-0.015786
0.007824000000,0.000000,0.022210
0.007826000000,0.000000,0.010686
0.007828000000,0.000000,-0.025014
0.007830000000,0.000000,0.005179
0.007832000000,0.000000,-0.008984
0.007834000000,0.000000,-0.025680
0.007836000000,0.000000,0.023018
0.007838000000,0.000000,-0.044423
0.007840000000,0.000000,-0.003920
0.007842000000,0.000000,0.002686
0.007844000000,0.000000,0.019884
0.007846000000,0.000000,-0.016516
0.007848000000,0.000000,0.013090
0.007850000000,0.000000,0.001286
0.007852000000,0.000000,0.024506
0.007854000000,0.000000,-0.020657
0.007856000000,0.000000,-0.025725
0.007858000000,0.000000,-0.004250
0.007860000000,0.000000,-0.010943
0.007862000000,0.000000,-0.003757
0.007864000000,0.000000,-0.011571
0.007866000000,0.000000,0.015043
0.007868000000,0.000000,0.006345
0.007870000000,0.000000,-0.003701
0.007872000000,0.000000,0.024296
0.007874000000,0.000000,0.042045
0.007876000000,0.000000,0.011303
0.007878000000,0.000000,-0.030787
0.007880000000,0.000000,0.028539
0.007882000000,0.000000,0.015344
0.007884000000,0.000000,-0.029758
0.007886000000,0.000000,-0.009229
0.007888000000,0.000000,0.006645
0.007890000000,0.000000,0.006380
0.007892000000,0.000000,0.004920
0.007894000000,0.000000,0.043017
0.007896000000,0.000000,0.032722
0.007898000000,0.000000,0.019345
0.007900000000,0.000000,0.011188
0.007902000000,0.000000,0.028453
0.007904000000,0.000000,-0.007244
0.007906000000,0.000000,0.023399
0.007908000000,0.000000,-0.013483
0.007910000000,0.000000,-0.003030
0.007912000000,0.000000,0.011941
0.007914000000,0.000000,0.035969
0.007916000000,0.000000,-0.009962
0.007918000000,0.000000,-0.002251
0.007920000000,0.000000,0.015388
0.007922000000,0.000000,-0.008432
0.007924000000,0.000000,-0.023008
0.007926000000,0.000000,0.016157
0.007928000000,0.000000,0.010750
0.007930000000,0.000000,-0.046040
0.007932000000,0.000000,0.000621
0.007934000000,0.000000,-0.004875
0.007936000000,0.000000,0.038258
0.007938000000,0.000000,0.028016
0.007940000000,0.000000,0.019609
0.007942000000,0.000000,-0.007647
0.007944000000,0.000000,0.026694
0.007946000000,0.000000,-0.015715
0.007948000000,0.000000,-0.019024
0.007950000000,0.000000,-0.054100
0.007952000000,0.000000,0.011210
0.007954000000,0.000000,-0.005617
0.007956000000,0.000000,-0.027368
0.007958000000,0.000000,0.000509
0.007960000000,0.000000,-0.019406
0.007962000000,0.000000,-0.039318
0.007964000000,0.000000,0.009625
0.007966000000,0.000000,0.008996
0.007968000000,0.000000,0.018199
0.007970000000,0.000000,-0.007391
0.007972000000,0.000000,0.041604
0.007974000000,0.000000,-0.005801
0.007976000000,0.000000,-0.016229
0.007978000000,0.000000,0.013123
0.007980000000,0.000000,0.026993
0.007982000000,0.000000,0.013840
0.007984000000,0.000000,0.039378
0.007986000000,0.000000,-0.020479
0.007988000000,0.000000,-0.000253
0.007990000000,0.000000,-0.030041
0.007992000000,0.000000,0.005345
0.007994000000,0.000000,0.000682
0.007996000000,0.000000,-0.009234
0.007998000000,0.000000,0.025821
0.008000000000,0.000000,-0.017890
0.008002000000,0.000000,0.024891
0.008004000000,0.000000,0.015166
0.008006000000,0.000000,-0.011092
0.008008000000,0.000000,-0.001025
0.008010000000,0.000000,-0.012157
0.008012000000,0.000000,0.002007
0.008014000000,0.000000,-0.002750
0.008016000000,0.000000,0.009228
0.008018000000,0.000000,0.026208
0.008020000000,0.000000,0.014267
0.008022000000,0.000000,-0.013745
0.008024000000,0.000000,0.028552
0.008026000000,0.000000,0.007259
0.008028000000,0.000000,-0.000208
0.008030000000,0.000000,0.016746
0.008032000000,0.000000,0.019048
0.008034000000,0.000000,0.004322
0.008036000000,0.000000,-0.000841
0.008038000000,0.000000,-0.005984
0.008040000000,0.000000,-0.007724
0.008042000000,0.000000,0.021508
0.008044000000,0.000000,0.002139
0.008046000000,0.000000,-0.026837
0.008048000000,0.000000,0.004944
0.008050000000,0.000000,0.006599
0.008052000000,0.000000,0.000449
0.008054000000,0.000000,-0.027904
0.008056000000,0.000000,0.020390
0.008058000000,0.000000,0.028542
0.008060000000,0.000000,-0.000287
0.008062000000,0.000000,-0.014890
0.008064000000,0.000000,-0.001383
0.008066000000,0.000000,0.020709
0.008068000000,0.000000,0.004020
0.008070000000,0.000000,0.000408
0.008072000000,0.000000,0.014451
0.008074000000,0.000000,-0.029287
0.008076000000,0.000000,0.001091
0.008078000000,0.000000,0.017835
0.008080000000,0.000000,-0.009347
0.008082000000,0.000000,0.032622
0.008084000000,0.000000,-0.005643
0.008086000000,0.000000,-0.001331
0.008088000000,0.000000,-0.013317
0.008090000000,0.000000,-0.018198
0.008092000000,0.000000,-0.013251
0.008094000000,0.000000,0.003371
0.008096000000,0.000000,-0.017011
0.008098000000,0.000000,-0.023114
0.008100000000,0.000000,-0.018000
0.008102000000,0.000000,-0.012265
0.008104000000,0.000000,-0.017383
0.008106000000,0.000000,-0.003401
0.008108000000,0.000000,0.004345
0.008110000000,0.000000,-0.013375
0.008112000000,0.000000,-0.013832
0.008114000000,0.000000,-0.012591
0.008116000000,0.000000,0.032424
0.008118000000,0.000000,-0.012205
0.008120000000,0.000000,-0.026971
0.008122000000,0.000000,0.031984
0.008124000000,0.000000,-0.034160
0.008126000000,0.000000,-0.008839
0.008128000000,0.000000,-0.005578
0.008130000000,0.000000,-0.013115
0.008132000000,0.000000,-0.012506
0.008134000000,0.000000,0.002876
0.008136000000,0.000000,0.018528
0.008138000000,0.000000,0.040845
0.008140000000,0.000000,-0.007775
0.008142000000,0.000000,-0.018625
0.008144000000,0.000000,0.039809
0.008146000000,0.000000,0.019538
0.008148000000,0.000000,0.025286
0.008150000000,0.000000,-0.051229
0.008152000000,0.000000,0.002748
0.008154000000,0.000000,0.038440
0.008156000000,0.000000,-0.006668
0.008158000000,0.000000,-0.013860
0.008160000000,0.000000,0.008429
0.008162000000,0.000000,0.010810
0.008164000000,0.000000,-0.027337
0.008166000000,0.000000,0.005466
0.008168000000,0.000000,-0.016451
0.008170000000,0.000000,-0.012859
0.008172000000,0.000000,-0.004990
0.008174000000,0.000000,-0.013837
0.008176000000,0.000000,0.027098
0.008178000000,0.000000,-0.000688
0.008180000000,0.000000,0.016123
0.008182000000,0.000000,0.021452
0.008184000000,0.000000,0.009703
0.008186000000,0.000000,0.017772
0.008188000000,0.000000,0.006589
0.008190000000,0.000000,-0.022719
0.008192000000,0.000000,0.023275
0.008194000000,0.000000,-0.019512
0.008196000000,0.000000,0.003363
0.008198000000,0.000000,0.023729
0.008200000000,0.000000,0.002667
0.008202000000,0.000000,-0.013794
0.008204000000,0.000000,-0.023930
0.008206000000,0.000000,-0.004140
0.008208000000,0.000000,-0.005113
0.008210000000,0.000000,-0.022452
0.008212000000,0.000000,0.019303
0.008214000000,0.000000,-0.001942
0.008216000000,0.000000,0.007765
0.008218000000,0.000000,-0.032271
0.008220000000,0.000000,-0.023148
0.008222000000,0.000000,-0.008487
0.008224000000,0.000000,-0.034290
0.008226000000,0.000000,-0.051604
0.008228000000,0.000000,-0.016810
0.008230000000,0.000000,0.031135
0.008232000000,0.000000,-0.006915
0.008234000000,0.000000,0.008728
0.008236000000,0.000000,-0.009077
0.008238000000,0.000000,-0.005162
0.008240000000,0.000000,-0.018897
0.008242000000,0.000000,-0.018141
0.008244000000,0.000000,0.019857
0.008246000000,0.000000,-0.002557
0.008248000000,0.000000,0.040194
0.008250000000,0.000000,-0.019780
0.008252000000,0.000000,-0.024419
0.008254000000,0.000000,-0.014472
0.008256000000,0.000000,-0.003363
0.008258000000,0.000000,-0.003206
0.008260000000,0.000000,0.005619
0.008262000000,0.000000,0.025205
0.008264000000,0.000000,0.005135
0.008266000000,0.000000,0.015455
0.008268000000,0.000000,0.041028
0.008270000000,0.000000,-0.018779
0.008272000000,0.000000,0.026566
0.008274000000,0.000000,0.003185
0.008276000000,0.000000,-0.021553
0.008278000000,0.000000,0.003393
0.008280000000,0.000000,-0.003236
0.008282000000,0.000000,-0.007590
0.008284000000,0.000000,0.016324
0.008286000000,0.000000,0.025786
0.008288000000,0.000000,0.002273
0.008290000000,0.000000,-0.007759
0.008292000000,0.000000,0.013292
0.008294000000,0.000000,0.002534
0.008296000000,0.000000,-0.012393
0.008298000000,0.000000,-0.000610
0.008300000000,0.000000,-0.014398
0.008302000000,0.000000,0.013195
0.008304000000,0.000000,-0.001510
0.008306000000,0.000000,0.010127
0.008308000000,0.000000,0.002133
0.008310000000,0.000000,0.050032
0.008312000000,0.000000,-0.002107
0.008314000000,0.000000,0.013210
0.008316000000,0.000000,-0.009147
0.008318000000,0.000000,-0.019297
0.008320000000,0.000000,0.016110
0.008322000000,0.000000,-0.013472
0.008324000000,0.000000,-0.002751
0.008326000000,0.000000,-0.004580
0.008328000000,0.000000,-0.041696
0.008330000000,0.000000,-0.003415
0.008332000000,0.000000,0.025209
0.008334000000,0.000000,-0.014834
0.008336000000,0.000000,-0.034607
0.008338000000,0.000000,0.001558
0.008340000000,0.000000,-0.003820
0.008342000000,0.000000,-0.003490
0.008344000000,0.000000,0.042892
0.008346000000,0.000000,-0.024952
0.008348000000,0.000000,-0.008416
0.008350000000,0.000000,-0.012075
0.008352000000,0.000000,-0.001564
0.008354000000,0.000000,-0.011233
0.008356000000,0.000000,-0.005636
0.008358000000,0.000000,-0.048664
0.008360000000,0.000000,-0.000665
0.008362000000,0.000000,-0.024866
0.008364000000,0.000000,-0.007342
0.008366000000,0.000000,0.003251
0.008368000000,0.000000,0.013903
0.008370000000,0.000000,-0.009328
0.008372000000,0.000000,0.008107
0.008374000000,0.000000,-0.038672
0.008376000000,0.000000,-0.021070
0.008378000000,0.000000,0.009754
0.008380000000,0.000000,0.005080
0.008382000000,0.000000,0.012025
0.008384000000,0.000000,-0.035437
0.008386000000,0.000000,0.005247
0.008388000000,0.000000,0.013717
0.008390000000,0.000000,0.009519
0.008392000000,0.000000,-0.025173
0.008394000000,0.000000,-0.013663
0.008396000000,0.000000,-0.006042
0.008398000000,0.000000,0.023995
0.008400000000,0.000000,0.000968
0.008402000000,0.000000,-0.015590
0.008404000000,0.000000,-0.012544
0.008406000000,0.000000,0.029887
0.008408000000,0.000000,-0.017096
0.008410000000,0.000000,0.004679
0.008412000000,0.000000,-0.002417
0.008414000000,0.000000,-0.012497
0.008416000000,0.000000,0.007800
0.008418000000,0.000000,-0.005082
0.008420000000,0.000000,-0.012392
0.008422000000,0.000000,0.007473
0.008424000000,0.000000,0.010820
0.008426000000,0.000000,0.015620
0.008428000000,0.000000,0.008982
0.008430000000,0.000000,-0.037335
0.008432000000,0.000000,0.011522
0.008434000000,0.000000,0.013488
0.008436000000,0.000000,0.021830
0.008438000000,0.000000,0.018565
0.008440000000,0.000000,-0.023610
0.008442000000,0.000000,0.002955
0.008444000000,0.000000,0.006816
0.008446000000,0.000000,-0.002957
0.008448000000,0.000000,-0.010085
0.008450000000,0.000000,-0.027455
0.008452000000,0.000000,0.026282
0.008454000000,0.000000,0.034393
0.008456000000,0.000000,0.013386
0.008458000000,0.000000,-0.001430
0.008460000000,0.000000,0.022777
0.008462000000,0.000000,0.005180
0.008464000000,0.000000,-0.006049
0.008466000000,0.000000,-0.009111
0.008468000000,0.000000,0.018759
0.008470000000,0.000000,0.051792
0.008472000000,0.000000,-0.006917
0.008474000000,0.000000,-0.002783
0.008476000000,0.000000,-0.010914
0.008478000000,0.000000,0.008850
0.008480000000,0.000000,0.007269
0.008482000000,0.000000,0.005448
0.008484000000,0.000000,0.005406
0.008486000000,0.000000,-0.002671
0.008488000000,0.000000,-0.022939
0.008490000000,0.000000,-0.007424
0.008492000000,0.000000,0.004452
0.008494000000,0.000000,0.006957
0.008496000000,0.000000,-0.011099
0.008498000000,0.000000,0.016212
0.008500000000,0.000000,-0.005254
0.008502000000,0.000000,0.040059
0.008504000000,0.000000,-0.005783
0.008506000000,0.000000,-0.001946
0.008508000000,0.000000,-0.007514
0.008510000000,0.000000,-0.017331
0.008512000000,0.000000,-0.004122
0.008514000000,0.000000,-0.011804
0.008516000000,0.000000,-0.005456
0.008518000000,0.000000,-0.014184
0.008520000000,0.000000,0.049399
0.008522000000,0.000000,-0.022887
0.008524000000,0.000000,0.020771
0.008526000000,0.000000,-0.005794
0.008528000000,0.000000,0.025394
0.008530000000,0.000000,-0.028558
0.008532000000,0.000000,-0.040740
0.008534000000,0.000000,-0.021588
0.008536000000,0.000000,-0.025662
0.008538000000,0.000000,0.000040
0.008540000000,0.000000,-0.038805
0.008542000000,0.000000,0.016643
0.008544000000,0.000000,-0.011930
0.008546000000,0.000000,0.016179
0.008548000000,0.000000,0.005885
0.008550000000,0.000000,0.016072
0.008552000000,0.000000,0.004673
0.008554000000,0.000000,0.002118
0.008556000000,0.000000,-0.003969
0.008558000000,0.000000,0.061373
0.008560000000,0.000000,0.019861
0.008562000000,0.000000,-0.005520
0.008564000000,0.000000,0.019852
0.008566000000,0.000000,0.020135
0.008568000000,0.000000,-0.027026
0.008570000000,0.000000,0.017283
0.008572000000,0.000000,0.001258
0.008574000000,0.000000,0.009686
0.008576000000,0.000000,-0.018008
0.008578000000,0.000000,-0.003731
0.008580000000,0.000000,0.013078
0.008582000000,0.000000,0.026605
0.008584000000,0.000000,-0.020152
0.008586000000,0.000000,0.004565
0.008588000000,0.000000,0.037299
0.008590000000,0.000000,0.012871
0.008592000000,0.000000,-0.009434
0.008594000000,0.000000,0.040510
0.008596000000,0.000000,0.031390
0.008598000000,0.000000,0.019295
0.008600000000,0.000000,0.007952
0.008602000000,0.000000,0.004971
0.008604000000,0.000000,0.011552
0.008606000000,0.000000,0.002739
0.008608000000,0.000000,-0.007584
0.008610000000,0.000000,0.006690
0.008612000000,0.000000,-0.005858
0.008614000000,0.000000,0.004276
0.008616000000,0.000000,-0.002471
0.008618000000,0.000000,-0.009227
0.008620000000,0.000000,-0.018874
0.008622000000,0.000000,0.015006
0.008624000000,0.000000,-0.013846
0.008626000000,0.000000,0.005255
0.008628000000,0.000000,0.013976
0.008630000000,0.000000,0.022194
0.008632000000,0.000000,0.030299
0.008634000000,0.000000,0.018471
0.008636000000,0.000000,-0.004625
0.008638000000,0.000000,-0.004063
0.008640000000,0.000000,0.019273
0.008642000000,0.000000,-0.010951
0.008644000000,0.000000,-0.003985
0.008646000000,0.000000,-0.009646
0.008648000000,0.000000,0.029577
0.008650000000,0.000000,-0.004323
0.008652000000,0.000000,-0.003189
0.008654000000,0.000000,-0.009505
0.008656000000,0.000000,-0.031172
0.008658000000,0.000000,0.019700
0.008660000000,0.000000,0.002689
0.008662000000,0.000000,-0.027075
0.008664000000,0.000000,0.010480
0.008666000000,0.000000,-0.004741
0.008668000000,0.000000,0.005201
0.008670000000,0.000000,-0.009658
0.008672000000,0.000000,0.024783
0.008674000000,0.000000,0.002564
0.008676000000,0.000000,-0.018635
0.008678000000,0.000000,0.020763
0.008680000000,0.000000,-0.028914
0.008682000000,0.000000,-0.051231
0.008684000000,0.000000,-0.020557
0.008686000000,0.000000,-0.006006
0.008688000000,0.000000,0.015201
0.008690000000,0.000000,0.010824
0.008692000000,0.000000,0.034167
0.008694000000,0.000000,0.030325
0.008696000000,0.000000,-0.005141
0.008698000000,0.000000,-0.006905
0.008700000000,0.000000,-0.003150
0.008702000000,0.000000,-0.006389
0.008704000000,0.000000,0.027822
0.008706000000,0.000000,0.046580
0.008708000000,0.000000,-0.023475
0.008710000000,0.000000,-0.036063
0.008712000000,0.000000,-0.003658
0.008714000000,0.000000,-0.010341
0.008716000000,0.000000,0.003500
0.008718000000,0.000000,0.011953
0.008720000000,0.000000,0.015023
0.008722000000,0.000000,-0.021034
0.008724000000,0.000000,0.010058
0.008726000000,0.000000,-0.007829
0.008728000000,0.000000,-0.035563
0.008730000000,0.000000,-0.010663
0.008732000000,0.000000,-0.039421
0.008734000000,0.000000,0.008063
0.008736000000,0.000000,0.017112
0.008738000000,0.000000,0.003626
0.008740000000,0.000000,0.013629
0.008742000000,0.000000,-0.014848
0.008744000000,0.000000,0.049091
0.008746000000,0.000000,-0.008651
0.008748000000,0.000000,0.026916
0.008750000000,0.000000,-0.020780
0.008752000000,0.000000,-0.017173
0.008754000000,0.000000,0.010061
0.008756000000,0.000000,-0.035651
0.008758000000,0.000000,-0.016602
0.008760000000,0.000000,-0.010531
0.008762000000,0.000000,0.027615
0.008764000000,0.000000,-0.008926
0.008766000000,0.000000,-0.030073
0.008768000000,0.000000,0.017517
0.008770000000,0.000000,0.013077
0.008772000000,0.000000,0.003753
0.008774000000,0.000000,0.012985
0.008776000000,0.000000,0.013854
0.008778000000,0.000000,-0.024621
0.008780000000,0.000000,0.000243
0.008782000000,0.000000,-0.011396
0.008784000000,0.000000,-0.018632
0.008786000000,0.000000,-0.025903
0.008788000000,0.000000,-0.002425
0.008790000000,0.000000,-0.035166
0.008792000000,0.000000,0.003865
0.008794000000,0.000000,-0.002333
0.008796000000,0.000000,-0.000429
0.008798000000,0.000000,0.002414
0.008800000000,0.000000,-0.040464
0.008802000000,0.000000,0.025032
0.008804000000,0.000000,0.015592
0.008806000000,0.000000,0.034605
0.008808000000,0.000000,-0.005765
0.008810000000,0.000000,0.016707
0.008812000000,0.000000,0.020056
0.008814000000,0.000000,0.009936
0.008816000000,0.000000,0.001586
0.008818000000,0.000000,-0.025284
0.008820000000,0.000000,-0.006564
0.008822000000,0.000000,-0.011276
0.008824000000,0.000000,0.011675
0.008826000000,0.000000,0.009260
0.008828000000,0.000000,0.019841
0.008830000000,0.000000,-0.012494
0.008832000000,0.000000,0.003352
0.008834000000,0.000000,-0.022313
0.008836000000,0.000000,0.031843
0.008838000000,0.000000,0.009227
0.008840000000,0.000000,0.036657
0.008842000000,0.000000,0.036865
0.008844000000,0.000000,0.051921
0.008846000000,0.000000,0.006852
0.008848000000,0.000000,-0.031803
0.008850000000,0.000000,0.014834
0.008852000000,0.000000,-0.015167
0.008854000000,0.000000,0.016481
0.008856000000,0.000000,-0.017918
0.008858000000,0.000000,0.023158
0.008860000000,0.000000,0.015401
0.008862000000,0.000000,0.014905
0.008864000000,0.000000,0.006269
0.008866000000,0.000000,-0.060533
0.008868000000,0.000000,0.004459
0.008870000000,0.000000,-0.002558
0.008872000000,0.000000,0.009340
0.008874000000,0.000000,0.010298
0.008876000000,0.000000,0.041203
0.008878000000,0.000000,-0.007182
0.008880000000,0.000000,0.003945
0.008882000000,0.000000,0.003094
0.008884000000,0.000000,0.009175
0.008886000000,0.000000,0.014093
0.008888000000,0.000000,0.023995
0.008890000000,0.000000,0.000567
0.008892000000,0.000000,0.022016
0.008894000000,0.000000,-0.009818
0.008896000000,0.000000,-0.002827
0.008898000000,0.000000,-0.003683
0.008900000000,0.000000,0.017431
0.008902000000,0.000000,-0.040192
0.008904000000,0.000000,0.038641
0.008906000000,0.000000,0.054070
0.008908000000,0.000000,0.015522
0.008910000000,0.000000,0.032301
0.008912000000,0.000000,-0.026775
0.008914000000,0.000000,0.011694
0.008916000000,0.000000,-0.022117
0.008918000000,0.000000,-0.018277
0.008920000000,0.000000,-0.003708
0.008922000000,0.000000,-0.014284
0.008924000000,0.000000,0.016426
0.008926000000,0.000000,0.001465
0.008928000000,0.000000,-0.015277
0.008930000000,0.000000,0.020095
0.008932000000,0.000000,0.012041
0.008934000000,0.000000,0.008915
0.008936000000,0.000000,0.000725
0.008938000000,0.000000,-0.008358
0.008940000000,0.000000,-0.016668
0.008942000000,0.000000,-0.003818
0.008944000000,0.000000,-0.039652
0.008946000000,0.000000,0.045857
0.008948000000,0.000000,-0.017999
0.008950000000,0.000000,0.012997
0.008952000000,0.000000,0.016840
0.008954000000,0.000000,-0.035265
0.008956000000,0.000000,-0.012462
0.008958000000,0.000000,0.023176
0.008960000000,0.000000,0.018444
0.008962000000,0.000000,0.002946
0.008964000000,0.000000,-0.004755
0.008966000000,0.000000,-0.038476
0.008968000000,0.000000,-0.000115
0.008970000000,0.000000,0.019545
0.008972000000,0.000000,-0.009891
0.008974000000,0.000000,0.033373
0.008976000000,0.000000,0.000281
0.008978000000,0.000000,-0.001295
0.008980000000,0.000000,0.027004
0.008982000000,0.000000,0.012068
0.008984000000,0.000000,-0.006466
0.008986000000,0.000000,0.029536
0.008988000000,0.000000,-0.009608
0.008990000000,0.000000,-0.018549
0.008992000000,0.000000,0.032344
0.008994000000,0.000000,0.008623
0.008996000000,0.000000,0.004980
0.008998000000,0.000000,-0.002672
0.009000000000,0.000000,0.001958
0.009002000000,0.000000,0.002813
0.009004000000,0.000000,0.002252
0.009006000000,0.000000,0.054853
0.009008000000,0.000000,0.017366
0.009010000000,0.000000,-0.028545
0.009012000000,0.000000,-0.020101
0.009014000000,0.000000,-0.006463
0.009016000000,0.000000,-0.003610
0.009018000000,0.000000,-0.012137
0.009020000000,0.000000,-0.013132
0.009022000000,0.000000,-0.010662
0.009024000000,0.000000,-0.000669
0.009026000000,0.000000,0.021817
0.009028000000,0.000000,0.009831
0.009030000000,0.000000,-0.006352
0.009032000000,0.000000,-0.006706
0.009034000000,0.000000,-0.019493
0.009036000000,0.000000,-0.000463
0.009038000000,0.000000,-0.034819
0.009040000000,0.000000,0.002162
0.009042000000,0.000000,-0.019859
0.009044000000,0.000000,-0.005673
0.009046000000,0.000000,-0.000588
0.009048000000,0.000000,-0.003405
0.009050000000,0.000000,-0.029787
0.009052000000,0.000000,-0.022880
0.009054000000,0.000000,0.001334
0.009056000000,0.000000,0.005596
0.009058000000,0.000000,0.018954
0.009060000000,0.000000,-0.004862
0.009062000000,0.000000,-0.010826
0.009064000000,0.000000,-0.020011
0.009066000000,0.000000,0.048422
0.009068000000,0.000000,-0.013963
0.009070000000,0.000000,-0.022181
0.009072000000,0.000000,0.014411
0.009074000000,0.000000,0.016281
0.009076000000,0.000000,-0.018374
0.009078000000,0.000000,-0.001101
0.009080000000,0.000000,-0.010672
0.009082000000,0.000000,-0.023524
0.009084000000,0.000000,-0.026820
0.009086000000,0.000000,-0.029371
0.009088000000,0.000000,-0.004277
0.009090000000,0.000000,-0.027537
0.009092000000,0.000000,-0.020687
0.009094000000,0.000000,0.026718
0.009096000000,0.000000,-0.039393
0.009098000000,0.000000,0.028409
0.009100000000,0.000000,0.010698
0.009102000000,0.000000,-0.000882
0.009104000000,0.000000,0.007237
0.009106000000,0.000000,0.007010
0.009108000000,0.000000,0.026280
0.009110000000,0.000000,0.030874
0.009112000000,0.000000,0.027594
0.009114000000,0.000000,-0.009306
0.009116000000,0.000000,-0.001729
0.009118000000,0.000000,0.012163
0.009120000000,0.000000,-0.005854
0.009122000000,0.000000,0.018242
0.009124000000,0.000000,-0.002747
0.009126000000,0.000000,0.032450
0.009128000000,0.000000,-0.027126
0.009130000000,0.000000,-0.027640
0.009132000000,0.000000,0.006667
0.009134000000,0.000000,-0.016909
0.009136000000,0.000000,-0.024108
0.009138000000,0.000000,-0.024546
0.009140000000,0.000000,-0.041006
0.009142000000,0.000000,0.010706
0.009144000000,0.000000,0.013241
0.009146000000,0.000000,0.043280
0.009148000000,0.000000,0.014292
0.009150000000,0.000000,0.023260
0.009152000000,0.000000,-0.001094
0.009154000000,0.000000,-0.014109
0.009156000000,0.000000,0.041209
0.009158000000,0.000000,-0.018207
0.009160000000,0.000000,0.004867
0.009162000000,0.000000,-0.002391
0.009164000000,0.000000,-0.023841
0.009166000000,0.000000,0.017908
0.009168000000,0.000000,0.010055
0.009170000000,0.000000,-0.013893
0.009172000000,0.000000,-0.014405
0.009174000000,0.000000,0.004204
0.009176000000,0.000000,-0.023696
0.009178000000,0.000000,-0.002136
0.009180000000,0.000000,0.008117
0.009182000000,0.000000,-0.001763
0.009184000000,0.000000,0.033481
0.009186000000,0.000000,-0.013602
0.009188000000,0.000000,-0.008802
0.009190000000,0.000000,-0.005902
0.009192000000,0.000000,0.015105
0.009194000000,0.000000,-0.017130
0.009196000000,0.000000,0.007641
0.009198000000,0.000000,-0.040170
0.009200000000,0.000000,-0.004482
0.009202000000,0.000000,-0.016072
0.009204000000,0.000000,0.005667
0.009206000000,0.000000,-0.022706
0.009208000000,0.000000,0.000364
0.009210000000,0.000000,-0.039091
0.009212000000,0.000000,0.000606
0.009214000000,0.000000,0.009724
0.009216000000,0.000000,-0.032869
0.009218000000,0.000000,0.013180
0.009220000000,0.000000,0.014799
0.009222000000,0.000000,0.030283
0.009224000000,0.000000,-0.018223
0.009226000000,0.000000,-0.000728
0.009228000000,0.000000,0.002626
0.009230000000,0.000000,0.012318
0.009232000000,0.000000,0.006676
0.009234000000,0.000000,0.024165
0.009236000000,0.000000,-0.009326
0.009238000000,0.000000,0.010775
0.009240000000,0.000000,0.026955
0.009242000000,0.000000,-0.028996
0.009244000000,0.000000,-0.007414
0.009246000000,0.000000,-0.010356
0.009248000000,0.000000,0.002254
0.009250000000,0.000000,-0.007076
0.009252000000,0.000000,-0.023974
0.009254000000,0.000000,-0.005384
0.009256000000,0.000000,-0.002376
0.009258000000,0.000000,-0.021382
0.009260000000,0.000000,0.030128
0.009262000000,0.000000,0.024841
0.009264000000,0.000000,0.000367
0.009266000000,0.000000,-0.021668
0.009268000000,0.000000,-0.002506
0.009270000000,0.000000,0.012686
0.009272000000,0.000000,-0.009622
0.009274000000,0.000000,0.003847
0.009276000000,0.000000,0.019295
0.009278000000,0.000000,-0.019252
0.009280000000,0.000000,0.006323
0.009282000000,0.000000,0.025571
0.009284000000,0.000000,0.020318
0.009286000000,0.000000,-0.014907
0.009288000000,0.000000,-0.020627
0.009290000000,0.000000,0.017038
0.009292000000,0.000000,0.024071
0.009294000000,0.000000,0.003740
0.009296000000,0.000000,-0.020304
0.009298000000,0.000000,-0.016249
0.009300000000,0.000000,0.027141
0.009302000000,0.000000,0.019778
0.009304000000,0.000000,-0.013064
0.009306000000,0.000000,-0.037197
0.009308000000,0.000000,-0.021052
0.009310000000,0.000000,-0.010342
0.009312000000,0.000000,0.007995
0.009314000000,0.000000,0.035952
0.009316000000,0.000000,-0.015325
0.009318000000,0.000000,0.000172
0.009320000000,0.000000,-0.017354
0.009322000000,0.000000,0.032301
0.009324000000,0.000000,-0.014835
0.009326000000,0.000000,-0.015262
0.009328000000,0.000000,-0.022506
0.009330000000,0.000000,-0.011833
0.009332000000,0.000000,-0.014878
0.009334000000,0.000000,-0.005864
0.009336000000,0.000000,0.016465
0.009338000000,0.000000,-0.022787
0.009340000000,0.000000,0.035574
0.009342000000,0.000000,0.014240
0.009344000000,0.000000,0.006102
0.009346000000,0.000000,0.017089
0.009348000000,0.000000,0.019782
0.009350000000,0.000000,-0.002335
0.009352000000,0.000000,0.011902
0.009354000000,0.000000,0.022509
0.009356000000,0.000000,-0.020696
0.009358000000,0.000000,0.010949
0.009360000000,0.000000,-0.007531
0.009362000000,0.000000,-0.031913
0.009364000000,0.000000,0.017282
0.009366000000,0.000000,0.012307
0.009368000000,0.000000,-0.004551
0.009370000000,0.000000,0.007295
0.009372000000,0.000000,0.002010
0.009374000000,0.000000,0.000441
0.009376000000,0.000000,-0.017850
0.009378000000,0.000000,-0.015184
0.009380000000,0.000000,-0.001611
0.009382000000,0.000000,0.013646
0.009384000000,0.000000,-0.003444
0.009386000000,0.000000,0.007375
0.009388000000,0.000000,0.017820
0.009390000000,0.000000,0.008492
0.009392000000,0.000000,-0.008719
0.009394000000,0.000000,0.003703
0.009396000000,0.000000,0.020796
0.009398000000,0.000000,-0.004246
0.009400000000,0.000000,0.041474
0.009402000000,0.000000,-0.012076
0.009404000000,0.000000,-0.013312
0.009406000000,0.000000,-0.021695
0.009408000000,0.000000,-0.023580
0.009410000000,0.000000,0.005102
0.009412000000,0.000000,0.003498
0.009414000000,0.000000,0.001709
0.009416000000,0.000000,-0.012666
0.009418000000,0.000000,-0.017938
0.009420000000,0.000000,0.046478
0.009422000000,0.000000,0.034222
0.009424000000,0.000000,0.004034
0.009426000000,0.000000,-0.008297
0.009428000000,0.000000,0.026985
0.009430000000,0.000000,0.009324
0.009432000000,0.000000,0.002798
0.009434000000,0.000000,0.027334
0.009436000000,0.000000,0.018969
0.009438000000,0.000000,0.029526
0.009440000000,0.000000,-0.023756
0.009442000000,0.000000,-0.035362
0.009444000000,0.000000,-0.015403
0.009446000000,0.000000,-0.050395
0.009448000000,0.000000,-0.010894
0.009450000000,0.000000,0.008345
0.009452000000,0.000000,-0.006310
0.009454000000,0.000000,0.013948
0.009456000000,0.000000,0.011156
0.009458000000,0.000000,-0.001236
0.009460000000,0.000000,0.014671
0.009462000000,0.000000,-0.017874
0.009464000000,0.000000,-0.013624
0.009466000000,0.000000,-0.032998
0.009468000000,0.000000,-0.033607
0.009470000000,0.000000,-0.007737
0.009472000000,0.000000,-0.027031
0.009474000000,0.000000,0.010356
0.009476000000,0.000000,-0.009185
0.009478000000,0.000000,-0.001384
0.009480000000,0.000000,0.044345
0.009482000000,0.000000,-0.002438
0.009484000000,0.000000,0.017211
0.009486000000,0.000000,0.008309
0.009488000000,0.000000,0.021499
0.009490000000,0.000000,-0.022641
0.009492000000,0.000000,0.008001
0.009494000000,0.000000,0.038842
0.009496000000,0.000000,-0.002280
0.009498000000,0.000000,-0.016613
0.009500000000,0.000000,-0.022516
0.009502000000,0.000000,0.020519
0.009504000000,0.000000,0.002025
0.009506000000,0.000000,0.002697
0.009508000000,0.000000,-0.016139
0.009510000000,0.000000,0.029425
0.009512000000,0.000000,0.004985
0.009514000000,0.000000,-0.008516
0.009516000000,0.000000,0.028665
0.009518000000,0.000000,-0.004923
0.009520000000,0.000000,-0.050012
0.009522000000,0.000000,-0.015661
0.009524000000,0.000000,0.002950
0.009526000000,0.000000,-0.003964
0.009528000000,0.000000,-0.023208
0.009530000000,0.000000,-0.002078
0.009532000000,0.000000,-0.000359
0.009534000000,0.000000,-0.010670
0.009536000000,0.000000,0.042710
0.009538000000,0.000000,0.009624
0.009540000000,0.000000,0.000513
0.009542000000,0.000000,0.033695
0.009544000000,0.000000,0.031249
0.009546000000,0.000000,0.017151
0.009548000000,0.000000,-0.004120
0.009550000000,0.000000,0.019223
0.009552000000,0.000000,-0.036041
0.009554000000,0.000000,-0.011812
0.009556000000,0.000000,-0.022131
0.009558000000,0.000000,-0.016109
0.009560000000,0.000000,0.012054
0.009562000000,0.000000,0.025826
0.009564000000,0.000000,-0.010080
0.009566000000,0.000000,-0.032451
0.009568000000,0.000000,-0.001849
0.009570000000,0.000000,0.001474
0.009572000000,0.000000,-0.014244
0.009574000000,0.000000,0.011985
0.009576000000,0.000000,0.021494
0.009578000000,0.000000,0.014511
0.009580000000,0.000000,0.016084
0.009582000000,0.000000,-0.008818
0.009584000000,0.000000,0.029927
0.009586000000,0.000000,0.015415
0.009588000000,0.000000,-0.030159
0.009590000000,0.000000,-0.017863
0.009592000000,0.000000,-0.019559
0.009594000000,0.000000,-0.049204
0.009596000000,0.000000,-0.002702
0.009598000000,0.000000,0.029099
0.009600000000,0.000000,-0.003966
0.009602000000,0.000000,-0.018988
0.009604000000,0.000000,-0.034072
0.009606000000,0.000000,-0.002332
0.009608000000,0.000000,-0.016845
0.009610000000,0.000000,0.017610
0.009612000000,0.000000,0.002133
0.009614000000,0.000000,-0.007067
0.009616000000,0.000000,-0.024520
0.009618000000,0.000000,-0.014254
0.009620000000,0.000000,-0.006477
0.009622000000,0.000000,-0.013119
0.009624000000,0.000000,0.000458
0.009626000000,0.000000,-0.002481
0.009628000000,0.000000,0.003940
0.009630000000,0.000000,0.004078
0.009632000000,0.000000,-0.006716
0.009634000000,0.000000,-0.014897
0.009636000000,0.000000,-0.005788
0.009638000000,0.000000,0.013186
0.009640000000,0.000000,-0.009757
0.009642000000,0.000000,0.020629
0.009644000000,0.000000,0.012168
0.009646000000,0.000000,-0.023366
0.009648000000,0.000000,0.007919
0.009650000000,0.000000,0.015533
0.009652000000,0.000000,0.018903
0.009654000000,0.000000,-0.012079
0.009656000000,0.000000,0.004301
0.009658000000,0.000000,-0.029590
0.009660000000,0.000000,-0.012315
0.009662000000,0.000000,-0.000600
0.009664000000,0.000000,-0.019263
0.009666000000,0.000000,0.027836
0.009668000000,0.000000,0.016604
0.009670000000,0.000000,-0.006363
0.009672000000,0.000000,0.017425
0.009674000000,0.000000,0.032520
0.009676000000,0.000000,-0.013045
0.009678000000,0.000000,-0.015233
0.009680000000,0.000000,0.000315
0.009682000000,0.000000,-0.023950
0.009684000000,0.000000,-0.003281
0.009686000000,0.000000,-0.000842
0.009688000000,0.000000,0.035172
0.009690000000,0.000000,-0.055646
0.009692000000,0.000000,0.030500
0.009694000000,0.000000,-0.002330
0.009696000000,0.000000,-0.038351
0.009698000000,0.000000,0.004611
0.009700000000,0.000000,0.020752
0.009702000000,0.000000,0.016803
0.009704000000,0.000000,0.006493
0.009706000000,0.000000,0.034482
0.009708000000,0.000000,-0.009841
0.009710000000,0.000000,-0.012119
0.009712000000,0.000000,0.010435
0.009714000000,0.000000,-0.024600
0.009716000000,0.000000,0.024259
0.009718000000,0.000000,0.022367
0.009720000000,0.000000,0.015044
0.009722000000,0.000000,-0.036204
0.009724000000,0.000000,-0.000526
0.009726000000,0.000000,-0.003964
0.009728000000,0.000000,-0.010579
0.009730000000,0.000000,0.012916
0.009732000000,0.000000,-0.026616
0.009734000000,0.000000,-0.000418
0.009736000000,0.000000,0.005654
0.009738000000,0.000000,0.014201
0.009740000000,0.000000,0.007335
0.009742000000,0.000000,0.003661
0.009744000000,0.000000,0.004836
0.009746000000,0.000000,0.035036
0.009748000000,0.000000,-0.015620
0.009750000000,0.000000,-0.016848
0.009752000000,0.000000,-0.023422
0.009754000000,0.000000,0.016888
0.009756000000,0.000000,0.031374
0.009758000000,0.000000,0.010051
0.009760000000,0.000000,0.000372
0.009762000000,0.000000,-0.004688
0.009764000000,0.000000,-0.006753
0.009766000000,0.000000,-0.013118
0.009768000000,0.000000,-0.034483
0.009770000000,0.000000,0.003296
0.009772000000,0.000000,-0.017781
0.009774000000,0.000000,0.017554
0.009776000000,0.000000,-0.031883
0.009778000000,0.000000,-0.023773
0.009780000000,0.000000,0.026605
0.009782000000,0.000000,-0.037155
0.009784000000,0.000000,-0.017609
0.009786000000,0.000000,-0.007890
0.009788000000,0.000000,0.029973
0.009790000000,0.000000,0.003491
0.009792000000,0.000000,-0.009807
0.009794000000,0.000000,0.033992
0.009796000000,0.000000,-0.013537
0.009798000000,0.000000,-0.037118
0.009800000000,0.000000,0.006572
0.009802000000,0.000000,-0.010618
0.009804000000,0.000000,-0.014052
0.009806000000,0.000000,-0.001157
0.009808000000,0.000000,0.000956
0.009810000000,0.000000,0.005844
0.009812000000,0.000000,0.036941
0.009814000000,0.000000,-0.005802
0.009816000000,0.000000,0.011111
0.009818000000,0.000000,-0.011942
0.009820000000,0.000000,0.014466
0.009822000000,0.000000,0.010027
0.009824000000,0.000000,-0.007981
0.009826000000,0.000000,-0.044207
0.009828000000,0.000000,0.015902
0.009830000000,0.000000,-0.005078
0.009832000000,0.000000,0.001158
0.009834000000,0.000000,-0.056951
0.009836000000,0.000000,-0.013740
0.009838000000,0.000000,-0.050208
0.009840000000,0.000000,-0.025000
0.009842000000,0.000000,0.013103
0.009844000000,0.000000,-0.026135
0.009846000000,0.000000,-0.018288
0.009848000000,0.000000,-0.013992
0.009850000000,0.000000,-0.018707
0.009852000000,0.000000,-0.000168
0.009854000000,0.000000,-0.005798
0.009856000000,0.000000,-0.007613
0.009858000000,0.000000,-0.005134
0.009860000000,0.000000,-0.046206
0.009862000000,0.000000,-0.011900
0.009864000000,0.000000,0.035862
0.009866000000,0.000000,0.021363
0.009868000000,0.000000,-0.046699
0.009870000000,0.000000,-0.004880
0.009872000000,0.000000,0.002148
0.009874000000,0.000000,0.040018
0.009876000000,0.000000,0.012659
0.009878000000,0.000000,0.020827
0.009880000000,0.000000,0.004353
0.009882000000,0.000000,0.025903
0.009884000000,0.000000,0.021821
0.009886000000,0.000000,-0.005280
0.009888000000,0.000000,0.010591
0.009890000000,0.000000,-0.000582
0.009892000000,0.000000,-0.001725
0.009894000000,0.000000,-0.002826
0.009896000000,0.000000,0.013245
0.009898000000,0.000000,0.012048
0.009900000000,0.000000,0.016507
0.009902000000,0.000000,-0.014803
0.009904000000,0.000000,0.029091
0.009906000000,0.000000,-0.027859
0.009908000000,0.000000,0.011836
0.009910000000,0.000000,-0.025708
0.009912000000,0.000000,-0.004702
0.009914000000,0.000000,-0.002052
0.009916000000,0.000000,-0.006149
0.009918000000,0.000000,0.022704
0.009920000000,0.000000,-0.037375
0.009922000000,0.000000,0.024189
0.009924000000,0.000000,-0.006586
0.009926000000,0.000000,0.024604
0.009928000000,0.000000,0.001664
0.009930000000,0.000000,-0.009736
0.009932000000,0.000000,0.006006
0.009934000000,0.000000,0.016210
0.009936000000,0.000000,0.042938
0.009938000000,0.000000,0.010998
0.009940000000,0.000000,-0.003212
0.009942000000,0.000000,-0.008629
0.009944000000,0.000000,-0.013157
0.009946000000,0.000000,-0.043240
0.009948000000,0.000000,0.010393
0.009950000000,0.000000,0.032498
0.009952000000,0.000000,-0.000419
0.009954000000,0.000000,-0.013486
0.009956000000,0.000000,0.018188
0.009958000000,0.000000,-0.024276
0.009960000000,0.000000,0.022077
0.009962000000,0.000000,-0.019203
0.009964000000,0.000000,-0.001357
0.009966000000,0.000000,0.006265
0.009968000000,0.000000,-0.011012
0.009970000000,0.000000,-0.004215
0.009972000000,0.000000,0.001397
0.009974000000,0.000000,-0.047925
0.009976000000,0.000000,-0.008220
0.009978000000,0.000000,0.061708
0.009980000000,0.000000,0.013952
0.009982000000,0.000000,0.004778
0.009984000000,0.000000,-0.007748
0.009986000000,0.000000,-0.019325
0.009988000000,0.000000,0.000648
0.009990000000,0.000000,-0.014372
0.009992000000,0.000000,0.010101
0.009994000000,0.000000,0.010311
0.009996000000,0.000000,0.043675
0.009998000000,0.000000,-0.033080
