time_s,tx,rx
0.000000000000,0.000000,-0.123843
0.000002000000,0.000000,0.078140
0.000004000000,0.000000,0.063833
0.000006000000,0.000000,0.112787
0.000008000000,0.000000,-0.268922
0.000010000000,0.000000,-0.045385
0.000012000000,0.000000,0.028681
0.000014000000,0.000000,0.096150
0.000016000000,0.000000,0.001633
0.000018000000,0.000000,-0.039708
0.000020000000,0.000000,0.113598
0.000022000000,0.000000,0.056268
0.000024000000,0.000000,-0.220536
0.000026000000,0.000000,-0.023950
0.000028000000,0.000000,0.041331
0.000030000000,0.000000,-0.068434
0.000032000000,0.000000,0.012917
0.000034000000,0.000000,-0.080327
0.000036000000,0.000000,-0.099495
0.000038000000,0.000000,-0.028013
0.000040000000,0.000000,0.001508
0.000042000000,0.000000,-0.110297
0.000044000000,0.000000,0.057089
0.000046000000,0.000000,-0.004264
0.000048000000,0.000000,-0.156943
0.000050000000,0.000000,-0.027879
0.000052000000,0.000000,-0.104509
0.000054000000,0.000000,-0.100238
0.000056000000,0.000000,-0.043095
0.000058000000,0.000000,-0.110454
0.000060000000,0.000000,0.149599
0.000062000000,0.000000,0.086638
0.000064000000,0.000000,0.025740
0.000066000000,0.000000,0.153455
0.000068000000,0.000000,-0.126980
0.000070000000,0.000000,-0.159937
0.000072000000,0.000000,-0.234222
0.000074000000,0.000000,0.001155
0.000076000000,0.000000,0.025838
0.000078000000,0.000000,0.223585
0.000080000000,0.000000,0.064335
0.000082000000,0.000000,0.001656
0.000084000000,0.000000,0.074421
0.000086000000,0.000000,0.006672
0.000088000000,0.000000,0.151289
0.000090000000,0.000000,0.018418
0.000092000000,0.000000,-0.096731
0.000094000000,0.000000,-0.018303
0.000096000000,0.000000,0.018356
0.000098000000,0.000000,0.068735
0.000100000000,0.000000,-0.021907
0.000102000000,0.000000,0.043509
0.000104000000,0.000000,0.096870
0.000106000000,0.000000,-0.132718
0.000108000000,0.000000,0.060299
0.000110000000,0.000000,-0.120156
0.000112000000,0.000000,0.001330
0.000114000000,0.000000,0.049681
0.000116000000,0.000000,-0.067770
0.000118000000,0.000000,-0.070436
0.000120000000,0.000000,-0.081372
0.000122000000,0.000000,0.014388
0.000124000000,0.000000,-0.025902
0.000126000000,0.000000,0.131110
0.000128000000,0.000000,0.144981
0.000130000000,0.000000,-0.057883
0.000132000000,0.000000,0.117181
0.000134000000,0.000000,-0.013068
0.000136000000,0.000000,0.007202
0.000138000000,0.000000,0.085006
0.000140000000,0.000000,-0.082270
0.000142000000,0.000000,-0.030456
0.000144000000,0.000000,0.204526
0.000146000000,0.000000,-0.008920
0.000148000000,0.000000,0.101584
0.000150000000,0.000000,-0.122784
0.000152000000,0.000000,0.107804
0.000154000000,0.000000,0.039768
0.000156000000,0.000000,-0.023084
0.000158000000,0.000000,-0.021513
0.000160000000,0.000000,-0.025005
0.000162000000,0.000000,-0.053355
0.000164000000,0.000000,0.155544
0.000166000000,0.000000,-0.011230
0.000168000000,0.000000,0.108635
0.000170000000,0.000000,0.043563
0.000172000000,0.000000,-0.054994
0.000174000000,0.000000,0.020719
0.000176000000,0.000000,-0.065366
0.000178000000,0.000000,0.005110
0.000180000000,0.000000,0.119724
0.000182000000,0.000000,0.031465
0.000184000000,0.000000,-0.112865
0.000186000000,0.000000,-0.113931
0.000188000000,0.000000,0.042498
0.000190000000,0.000000,0.089063
0.000192000000,0.000000,0.161628
0.000194000000,0.000000,-0.262066
0.000196000000,0.000000,0.142059
0.000198000000,0.000000,-0.097260
0.000200000000,0.000000,0.009240
0.000202000000,0.000000,-0.061462
0.000204000000,0.000000,0.068785
0.000206000000,0.000000,0.020372
0.000208000000,0.000000,0.012274
0.000210000000,0.000000,0.028423
0.000212000000,0.000000,0.153259
0.000214000000,0.000000,-0.078768
0.000216000000,0.000000,-0.001221
0.000218000000,0.000000,0.207230
0.000220000000,0.000000,-0.164271
0.000222000000,0.000000,0.138825
0.000224000000,0.000000,0.132184
0.000226000000,0.000000,-0.159303
0.000228000000,0.000000,0.056313
0.000230000000,0.000000,-0.152926
0.000232000000,0.000000,0.078577
0.000234000000,0.000000,-0.131869
0.000236000000,0.000000,-0.087264
0.000238000000,0.000000,0.005406
0.000240000000,0.000000,-0.111548
0.000242000000,0.000000,-0.013979
0.000244000000,0.000000,0.107830
0.000246000000,0.000000,0.078260
0.000248000000,0.000000,0.011562
0.000250000000,0.000000,0.011892
0.000252000000,0.000000,-0.154027
0.000254000000,0.000000,-0.003611
0.000256000000,0.000000,-0.104442
0.000258000000,0.000000,0.012206
0.000260000000,0.000000,0.186348
0.000262000000,0.000000,0.046271
0.000264000000,0.000000,0.046703
0.000266000000,0.000000,0.059236
0.000268000000,0.000000,-0.044236
0.000270000000,0.000000,-0.074638
0.000272000000,0.000000,-0.013202
0.000274000000,0.000000,0.088930
0.000276000000,0.000000,0.126268
0.000278000000,0.000000,-0.010381
0.000280000000,0.000000,-0.066270
0.000282000000,0.000000,0.195648
0.000284000000,0.000000,0.141865
0.000286000000,0.000000,0.083945
0.000288000000,0.000000,0.009766
0.000290000000,0.000000,-0.037894
0.000292000000,0.000000,0.059795
0.000294000000,0.000000,0.189092
0.000296000000,0.000000,-0.005216
0.000298000000,0.000000,-0.078865
0.000300000000,0.000000,-0.153151
0.000302000000,0.000000,-0.038154
0.000304000000,0.000000,0.164273
0.000306000000,0.000000,-0.053158
0.000308000000,0.000000,-0.032346
0.000310000000,0.000000,0.037517
0.000312000000,0.000000,0.155938
0.000314000000,0.000000,0.009609
0.000316000000,0.000000,-0.002517
0.000318000000,0.000000,-0.115277
0.000320000000,0.000000,0.038149
0.000322000000,0.000000,-0.054596
0.000324000000,0.000000,0.188747
0.000326000000,0.000000,0.127312
0.000328000000,0.000000,0.131240
0.000330000000,0.000000,-0.131592
0.000332000000,0.000000,0.117308
0.000334000000,0.000000,0.063092
0.000336000000,0.000000,-0.060673
0.000338000000,0.000000,-0.127901
0.000340000000,0.000000,-0.184015
0.000342000000,0.000000,0.062583
0.000344000000,0.000000,-0.086247
0.000346000000,0.000000,0.010431
0.000348000000,0.000000,0.200820
0.000350000000,0.000000,-0.027701
0.000352000000,0.000000,-0.075086
0.000354000000,0.000000,0.133854
0.000356000000,0.000000,-0.056255
0.000358000000,0.000000,-0.073814
0.000360000000,0.000000,0.022776
0.000362000000,0.000000,0.003580
0.000364000000,0.000000,-0.081580
0.000366000000,0.000000,-0.125467
0.000368000000,0.000000,0.078673
0.000370000000,0.000000,-0.040207
0.000372000000,0.000000,0.075023
0.000374000000,0.000000,0.128811
0.000376000000,0.000000,-0.037438
0.000378000000,0.000000,0.094632
0.000380000000,0.000000,0.078728
0.000382000000,0.000000,0.060310
0.000384000000,0.000000,-0.045301
0.000386000000,0.000000,-0.115701
0.000388000000,0.000000,-0.078054
0.000390000000,0.000000,0.012437
0.000392000000,0.000000,-0.057653
0.000394000000,0.000000,0.074672
0.000396000000,0.000000,-0.168045
0.000398000000,0.000000,0.067513
0.000400000000,0.000000,0.164501
0.000402000000,0.000000,-0.004636
0.000404000000,0.000000,0.069237
0.000406000000,0.000000,-0.093752
0.000408000000,0.000000,-0.042452
0.000410000000,0.000000,-0.114787
0.000412000000,0.000000,0.047765
0.000414000000,0.000000,-0.063167
0.000416000000,0.000000,0.201951
0.000418000000,0.000000,0.022436
0.000420000000,0.000000,0.121148
0.000422000000,0.000000,0.149027
0.000424000000,0.000000,0.161445
0.000426000000,0.000000,-0.014541
0.000428000000,0.000000,0.139331
0.000430000000,0.000000,-0.031619
0.000432000000,0.000000,0.068028
0.000434000000,0.000000,0.069328
0.000436000000,0.000000,-0.046333
0.000438000000,0.000000,0.179437
0.000440000000,0.000000,-0.066852
0.000442000000,0.000000,0.051450
0.000444000000,0.000000,-0.049371
0.000446000000,0.000000,-0.074491
0.000448000000,0.000000,0.071871
0.000450000000,0.000000,-0.093691
0.000452000000,0.000000,0.015610
0.000454000000,0.000000,-0.037061
0.000456000000,0.000000,-0.051534
0.000458000000,0.000000,-0.044567
0.000460000000,0.000000,-0.235877
0.000462000000,0.000000,-0.107225
0.000464000000,0.000000,0.115575
0.000466000000,0.000000,0.056282
0.000468000000,0.000000,-0.046954
0.000470000000,0.000000,0.132118
0.000472000000,0.000000,0.019654
0.000474000000,0.000000,0.026237
0.000476000000,0.000000,0.182677
0.000478000000,0.000000,-0.113223
0.000480000000,0.000000,0.055591
0.000482000000,0.000000,0.006442
0.000484000000,0.000000,0.048564
0.000486000000,0.000000,0.238706
0.000488000000,0.000000,-0.105206
0.000490000000,0.000000,-0.137805
0.000492000000,0.000000,-0.078297
0.000494000000,0.000000,0.115329
0.000496000000,0.000000,-0.079621
0.000498000000,0.000000,-0.028287
0.000500000000,0.000000,-0.038659
0.000502000000,0.000000,0.050610
0.000504000000,0.000000,-0.051738
0.000506000000,0.000000,0.106242
0.000508000000,0.000000,-0.103409
0.000510000000,0.000000,-0.057908
0.000512000000,0.000000,0.084412
0.000514000000,0.000000,0.016829
0.000516000000,0.000000,-0.009772
0.000518000000,0.000000,0.064218
0.000520000000,0.000000,0.207633
0.000522000000,0.000000,0.091021
0.000524000000,0.000000,-0.186155
0.000526000000,0.000000,-0.002015
0.000528000000,0.000000,-0.006528
0.000530000000,0.000000,0.093615
0.000532000000,0.000000,0.190024
0.000534000000,0.000000,-0.045191
0.000536000000,0.000000,-0.071454
0.000538000000,0.000000,-0.095065
0.000540000000,0.000000,0.175160
0.000542000000,0.000000,0.236150
0.000544000000,0.000000,0.102630
0.000546000000,0.000000,0.020943
0.000548000000,0.000000,-0.069748
0.000550000000,0.000000,-0.134009
0.000552000000,0.000000,0.096097
0.000554000000,0.000000,0.093752
0.000556000000,0.000000,-0.072774
0.000558000000,0.000000,-0.055279
0.000560000000,0.000000,-0.014939
0.000562000000,0.000000,-0.005904
0.000564000000,0.000000,0.165832
0.000566000000,0.000000,-0.021226
0.000568000000,0.000000,0.103978
0.000570000000,0.000000,0.079670
0.000572000000,0.000000,0.165564
0.000574000000,0.000000,0.005685
0.000576000000,0.000000,-0.045760
0.000578000000,0.000000,0.076774
0.000580000000,0.000000,-0.004481
0.000582000000,0.000000,0.121024
0.000584000000,0.000000,-0.153466
0.000586000000,0.000000,0.059077
0.000588000000,0.000000,-0.030092
0.000590000000,0.000000,-0.260244
0.000592000000,0.000000,-0.021241
0.000594000000,0.000000,0.108634
0.000596000000,0.000000,-0.007215
0.000598000000,0.000000,-0.001310
0.000600000000,0.000000,0.069255
0.000602000000,0.000000,-0.021776
0.000604000000,0.000000,0.053884
0.000606000000,0.000000,0.083644
0.000608000000,0.000000,-0.113354
0.000610000000,0.000000,0.120856
0.000612000000,0.000000,-0.056405
0.000614000000,0.000000,0.030679
0.000616000000,0.000000,-0.058566
0.000618000000,0.000000,0.022516
0.000620000000,0.000000,0.093184
0.000622000000,0.000000,-0.097100
0.000624000000,0.000000,0.034724
0.000626000000,0.000000,-0.102471
0.000628000000,0.000000,-0.038373
0.000630000000,0.000000,0.089884
0.000632000000,0.000000,0.022761
0.000634000000,0.000000,0.052426
0.000636000000,0.000000,-0.040315
0.000638000000,0.000000,-0.127553
0.000640000000,0.000000,0.085507
0.000642000000,0.000000,-0.037404
0.000644000000,0.000000,-0.054548
0.000646000000,0.000000,0.162583
0.000648000000,0.000000,0.205302
0.000650000000,0.000000,-0.006420
0.000652000000,0.000000,-0.095046
0.000654000000,0.000000,0.121237
0.000656000000,0.000000,-0.090554
0.000658000000,0.000000,0.014356
0.000660000000,0.000000,-0.023550
0.000662000000,0.000000,0.013158
0.000664000000,0.000000,-0.035844
0.000666000000,0.000000,0.039718
0.000668000000,0.000000,0.028900
0.000670000000,0.000000,0.031662
0.000672000000,0.000000,0.057561
0.000674000000,0.000000,-0.138415
0.000676000000,0.000000,-0.073495
0.000678000000,0.000000,0.065943
0.000680000000,0.000000,-0.019685
0.000682000000,0.000000,-0.106243
0.000684000000,0.000000,-0.181101
0.000686000000,0.000000,-0.013824
0.000688000000,0.000000,0.048899
0.000690000000,0.000000,0.207798
0.000692000000,0.000000,0.008288
0.000694000000,0.000000,0.054448
0.000696000000,0.000000,-0.202326
0.000698000000,0.000000,0.036248
0.000700000000,0.000000,-0.028511
0.000702000000,0.000000,0.087591
0.000704000000,0.000000,0.123628
0.000706000000,0.000000,-0.032347
0.000708000000,0.000000,-0.142722
0.000710000000,0.000000,0.088006
0.000712000000,0.000000,0.029918
0.000714000000,0.000000,-0.135330
0.000716000000,0.000000,0.032480
0.000718000000,0.000000,0.106082
0.000720000000,0.000000,0.030077
0.000722000000,0.000000,0.225525
0.000724000000,0.000000,-0.009080
0.000726000000,0.000000,0.113635
0.000728000000,0.000000,-0.157671
0.000730000000,0.000000,0.091033
0.000732000000,0.000000,-0.035322
0.000734000000,0.000000,0.077093
0.000736000000,0.000000,0.173864
0.000738000000,0.000000,-0.033435
0.000740000000,0.000000,0.004512
0.000742000000,0.000000,-0.169705
0.000744000000,0.000000,-0.020001
0.000746000000,0.000000,-0.039205
0.000748000000,0.000000,-0.096656
0.000750000000,0.000000,-0.060903
0.000752000000,0.000000,-0.007267
0.000754000000,0.000000,-0.108516
0.000756000000,0.000000,0.092414
0.000758000000,0.000000,-0.023708
0.000760000000,0.000000,0.151211
0.000762000000,0.000000,-0.062357
0.000764000000,0.000000,-0.032337
0.000766000000,0.000000,0.074923
0.000768000000,0.000000,0.177840
0.000770000000,0.000000,0.093705
0.000772000000,0.000000,-0.049148
0.000774000000,0.000000,-0.171901
0.000776000000,0.000000,-0.060373
0.000778000000,0.000000,0.126610
0.000780000000,0.000000,-0.025480
0.000782000000,0.000000,-0.080607
0.000784000000,0.000000,-0.029700
0.000786000000,0.000000,0.138747
0.000788000000,0.000000,-0.088944
0.000790000000,0.000000,-0.180462
0.000792000000,0.000000,0.188917
0.000794000000,0.000000,-0.144863
0.000796000000,0.000000,-0.099642
0.000798000000,0.000000,0.014566
0.000800000000,0.000000,0.103938
0.000802000000,0.000000,0.013052
0.000804000000,0.000000,-0.106527
0.000806000000,0.000000,-0.165259
0.000808000000,0.000000,-0.074038
0.000810000000,0.000000,0.183076
0.000812000000,0.000000,0.067161
0.000814000000,0.000000,0.060630
0.000816000000,0.000000,-0.090157
0.000818000000,0.000000,0.028470
0.000820000000,0.000000,0.153951
0.000822000000,0.000000,0.000162
0.000824000000,0.000000,0.186226
0.000826000000,0.000000,0.007038
0.000828000000,0.000000,0.069132
0.000830000000,0.000000,-0.131803
0.000832000000,0.000000,0.017439
0.000834000000,0.000000,0.049587
0.000836000000,0.000000,0.029691
0.000838000000,0.000000,0.146191
0.000840000000,0.000000,-0.055881
0.000842000000,0.000000,0.064336
0.000844000000,0.000000,-0.019133
0.000846000000,0.000000,0.183737
0.000848000000,0.000000,-0.063851
0.000850000000,0.000000,0.033739
0.000852000000,0.000000,0.055859
0.000854000000,0.000000,0.099382
0.000856000000,0.000000,-0.206923
0.000858000000,0.000000,-0.200907
0.000860000000,0.000000,0.208942
0.000862000000,0.000000,-0.030316
0.000864000000,0.000000,0.081327
0.000866000000,0.000000,0.026840
0.000868000000,0.000000,-0.060003
0.000870000000,0.000000,0.056718
0.000872000000,0.000000,-0.136923
0.000874000000,0.000000,0.010297
0.000876000000,0.000000,-0.191149
0.000878000000,0.000000,-0.108737
0.000880000000,0.000000,0.121941
0.000882000000,0.000000,-0.063765
0.000884000000,0.000000,0.092872
0.000886000000,0.000000,-0.003597
0.000888000000,0.000000,-0.142743
0.000890000000,0.000000,-0.028845
0.000892000000,0.000000,-0.032311
0.000894000000,0.000000,0.024192
0.000896000000,0.000000,0.133266
0.000898000000,0.000000,0.047420
0.000900000000,0.000000,-0.063178
0.000902000000,0.000000,-0.189729
0.000904000000,0.000000,-0.071136
0.000906000000,0.000000,0.032870
0.000908000000,0.000000,0.017429
0.000910000000,0.000000,0.188394
0.000912000000,0.000000,0.063526
0.000914000000,0.000000,-0.049199
0.000916000000,0.000000,0.084186
0.000918000000,0.000000,-0.074810
0.000920000000,0.000000,0.055252
0.000922000000,0.000000,0.078951
0.000924000000,0.000000,-0.132540
0.000926000000,0.000000,0.003970
0.000928000000,0.000000,0.051557
0.000930000000,0.000000,-0.056876
0.000932000000,0.000000,-0.032908
0.000934000000,0.000000,-0.100100
0.000936000000,0.000000,-0.055269
0.000938000000,0.000000,-0.058490
0.000940000000,0.000000,0.184918
0.000942000000,0.000000,0.049762
0.000944000000,0.000000,0.014996
0.000946000000,0.000000,0.033065
0.000948000000,0.000000,-0.145963
0.000950000000,0.000000,0.200926
0.000952000000,0.000000,-0.045540
0.000954000000,0.000000,-0.178297
0.000956000000,0.000000,0.053745
0.000958000000,0.000000,0.039526
0.000960000000,0.000000,0.019259
0.000962000000,0.000000,0.140114
0.000964000000,0.000000,0.030173
0.000966000000,0.000000,0.095148
0.000968000000,0.000000,0.172800
0.000970000000,0.000000,0.040512
0.000972000000,0.000000,0.041264
0.000974000000,0.000000,0.153655
0.000976000000,0.000000,0.100744
0.000978000000,0.000000,0.131708
0.000980000000,0.000000,0.030842
0.000982000000,0.000000,-0.001484
0.000984000000,0.000000,0.000115
0.000986000000,0.000000,0.208586
0.000988000000,0.000000,-0.027399
0.000990000000,0.000000,0.092873
0.000992000000,0.000000,0.176633
0.000994000000,0.000000,0.017301
0.000996000000,0.000000,-0.101776
0.000998000000,0.000000,-0.095456
0.001000000000,0.000000,0.092984
0.001002000000,0.000309,-0.176047
0.001004000000,0.002166,0.134990
0.001006000000,0.005754,0.095244
0.001008000000,0.009261,0.036568
0.001010000000,0.009382,-0.023961
0.001012000000,0.002874,-0.105717
0.001014000000,-0.011457,0.068392
0.001016000000,-0.031222,0.052396
0.001018000000,-0.050193,-0.025416
0.001020000000,-0.059752,-0.228021
0.001022000000,-0.051805,0.091113
0.001024000000,-0.022287,-0.075466
0.001026000000,0.026016,-0.030613
0.001028000000,0.082571,0.007873
0.001030000000,0.130869,-0.033582
0.001032000000,0.152762,0.078031
0.001034000000,0.134311,-0.089435
0.001036000000,0.071397,-0.018993
0.001038000000,-0.026867,-0.026516
0.001040000000,-0.138434,-0.082576
0.001042000000,-0.232856,-0.150898
0.001044000000,-0.279251,-0.105195
0.001046000000,-0.255681,-0.143298
0.001048000000,-0.157219,-0.078478
0.001050000000,0.000000,0.008413
0.001052000000,0.180500,0.112970
0.001054000000,0.337183,-0.001675
0.001056000000,0.423449,0.204153
0.001058000000,0.406644,0.033353
0.001060000000,0.279007,0.027567
0.001062000000,0.062667,-0.032176
0.001064000000,-0.193385,0.023558
0.001066000000,-0.424232,-0.063591
0.001068000000,-0.565516,-0.133295
0.001070000000,-0.571251,-0.102953
0.001072000000,-0.428065,-0.009574
0.001074000000,-0.161569,-0.078446
0.001076000000,0.167531,-0.039662
0.001078000000,0.477251,-0.040270
0.001080000000,0.684948,-0.020395
0.001082000000,0.729497,-0.224397
0.001084000000,0.589044,0.041983
0.001086000000,0.289211,-0.070415
0.001088000000,-0.101025,-0.061303
0.001090000000,-0.485326,0.051077
0.001092000000,-0.764111,-0.003502
0.001094000000,-0.860695,0.024143
0.001096000000,-0.742484,-0.142163
0.001098000000,-0.431356,0.073575
0.001100000000,0.000000,-0.205225
0.001102000000,0.445296,-0.085691
0.001104000000,0.791282,0.014542
0.001106000000,0.947030,0.185453
0.001108000000,0.868162,-0.058623
0.001110000000,0.569491,-0.085720
0.001112000000,0.122459,-0.047357
0.001114000000,-0.362249,-0.175295
0.001116000000,-0.762627,-0.152869
0.001118000000,-0.976624,-0.072534
0.001120000000,-0.948617,0.054068
0.001122000000,-0.684108,-0.063613
0.001124000000,-0.248690,-0.050596
0.001126000000,0.248530,0.132828
0.001128000000,0.682791,-0.047004
0.001130000000,0.945573,0.021620
0.001132000000,0.972234,-0.117137
0.001134000000,0.758215,0.146065
0.001136000000,0.359683,-0.029562
0.001138000000,-0.121432,-0.137438
0.001140000000,-0.563968,0.035117
0.001142000000,-0.858592,-0.055522
0.001144000000,-0.935324,0.077531
0.001146000000,-0.780431,0.111277
0.001148000000,-0.438580,0.158051
0.001150000000,-0.000000,-0.058279
0.001152000000,0.423644,-0.072137
0.001154000000,0.728145,0.026882
0.001156000000,0.842817,0.166029
0.001158000000,0.747103,-0.057407
0.001160000000,0.473786,0.000192
0.001162000000,0.098466,0.007685
0.001164000000,-0.281425,-0.124940
0.001166000000,-0.572222,-0.102376
0.001168000000,-0.707440,-0.065131
0.001170000000,-0.663056,-0.027362
0.001172000000,-0.461147,0.142117
0.001174000000,-0.161569,-0.115930
0.001176000000,0.155512,-0.007877
0.001178000000,0.411173,0.026581
0.001180000000,0.547536,-0.008586
0.001182000000,0.540832,0.095520
0.001184000000,0.404770,0.056981
0.001186000000,0.184062,0.139777
0.001188000000,-0.059493,0.049703
0.001190000000,-0.264160,0.036406
0.001192000000,-0.383906,0.036561
0.001194000000,-0.398563,-0.173911
0.001196000000,-0.316347,0.071221
0.001198000000,-0.168767,-0.039064
0.001200000000,0.000000,-0.061350
0.001202000000,0.145886,-0.029052
0.001204000000,0.236245,0.005572
0.001206000000,0.256841,-0.132796
0.001208000000,0.213103,0.032303
0.001210000000,0.126001,-0.107906
0.001212000000,0.024308,0.067180
0.001214000000,-0.064169,0.104753
0.001216000000,-0.119828,-0.148012
0.001218000000,-0.135166,0.014366
0.001220000000,-0.114717,-0.096202
0.001222000000,-0.071612,-0.070928
0.001224000000,-0.022287,0.002199
0.001226000000,0.018820,-0.010388
0.001228000000,0.043008,0.026604
0.001230000000,0.048597,0.112109
0.001232000000,0.039803,0.130308
0.001234000000,0.023981,-0.045489
0.001236000000,0.008441,-0.068402
0.001238000000,-0.002000,-0.087387
0.001240000000,-0.006016,-0.044392
0.001242000000,-0.005217,-0.054564
0.001244000000,-0.002560,0.106507
0.001246000000,-0.000542,-0.051257
0.001248000000,-0.000000,0.115675
0.001250000000,0.000000,-0.249837
0.001252000000,0.000000,0.174543
0.001254000000,0.000000,0.113870
0.001256000000,0.000000,-0.038355
0.001258000000,0.000000,0.016972
0.001260000000,0.000000,-0.031439
0.001262000000,0.000000,-0.008474
0.001264000000,0.000000,0.107525
0.001266000000,0.000000,-0.107232
0.001268000000,0.000000,0.092152
0.001270000000,0.000000,0.125834
0.001272000000,0.000000,-0.134521
0.001274000000,0.000000,0.015744
0.001276000000,0.000000,-0.095933
0.001278000000,0.000000,0.226269
0.001280000000,0.000000,-0.160871
0.001282000000,0.000000,0.123488
0.001284000000,0.000000,-0.005245
0.001286000000,0.000000,-0.006661
0.001288000000,0.000000,0.151668
0.001290000000,0.000000,0.147225
0.001292000000,0.000000,0.059428
0.001294000000,0.000000,-0.005717
0.001296000000,0.000000,0.042883
0.001298000000,0.000000,-0.133333
0.001300000000,0.000000,-0.105747
0.001302000000,0.000000,-0.123993
0.001304000000,0.000000,-0.057763
0.001306000000,0.000000,-0.104285
0.001308000000,0.000000,-0.095217
0.001310000000,0.000000,0.131451
0.001312000000,0.000000,-0.094134
0.001314000000,0.000000,-0.160369
0.001316000000,0.000000,-0.243573
0.001318000000,0.000000,0.112494
0.001320000000,0.000000,0.070482
0.001322000000,0.000000,0.114692
0.001324000000,0.000000,-0.212597
0.001326000000,0.000000,-0.069466
0.001328000000,0.000000,0.080470
0.001330000000,0.000000,0.075974
0.001332000000,0.000000,-0.192867
0.001334000000,0.000000,-0.128414
0.001336000000,0.000000,0.014332
0.001338000000,0.000000,-0.010979
0.001340000000,0.000000,-0.015852
0.001342000000,0.000000,-0.157570
0.001344000000,0.000000,0.123594
0.001346000000,0.000000,-0.081694
0.001348000000,0.000000,0.044916
0.001350000000,0.000000,0.057268
0.001352000000,0.000000,0.041091
0.001354000000,0.000000,-0.058926
0.001356000000,0.000000,-0.101089
0.001358000000,0.000000,0.121987
0.001360000000,0.000000,0.136309
0.001362000000,0.000000,-0.149503
0.001364000000,0.000000,-0.028669
0.001366000000,0.000000,0.056905
0.001368000000,0.000000,-0.068980
0.001370000000,0.000000,-0.010575
0.001372000000,0.000000,0.077515
0.001374000000,0.000000,-0.050358
0.001376000000,0.000000,-0.140117
0.001378000000,0.000000,-0.076863
0.001380000000,0.000000,0.032977
0.001382000000,0.000000,-0.001301
0.001384000000,0.000000,-0.022338
0.001386000000,0.000000,-0.073191
0.001388000000,0.000000,0.206959
0.001390000000,0.000000,0.078289
0.001392000000,0.000000,-0.023647
0.001394000000,0.000000,-0.071530
0.001396000000,0.000000,0.096715
0.001398000000,0.000000,-0.092547
0.001400000000,0.000000,0.048785
0.001402000000,0.000000,-0.079224
0.001404000000,0.000000,-0.223786
0.001406000000,0.000000,0.094673
0.001408000000,0.000000,-0.025268
0.001410000000,0.000000,-0.076574
0.001412000000,0.000000,0.027772
0.001414000000,0.000000,-0.037165
0.001416000000,0.000000,0.163488
0.001418000000,0.000000,-0.150713
0.001420000000,0.000000,0.048312
0.001422000000,0.000000,-0.017393
0.001424000000,0.000000,0.152472
0.001426000000,0.000000,0.055107
0.001428000000,0.000000,0.022678
0.001430000000,0.000000,-0.110294
0.001432000000,0.000000,0.102771
0.001434000000,0.000000,-0.128415
0.001436000000,0.000000,-0.036237
0.001438000000,0.000000,0.054006
0.001440000000,0.000000,0.011180
0.001442000000,0.000000,-0.057323
0.001444000000,0.000000,-0.037692
0.001446000000,0.000000,0.011789
0.001448000000,0.000000,-0.042368
0.001450000000,0.000000,-0.149850
0.001452000000,0.000000,-0.101877
0.001454000000,0.000000,-0.053852
0.001456000000,0.000000,-0.004206
0.001458000000,0.000000,-0.000997
0.001460000000,0.000000,-0.068105
0.001462000000,0.000000,0.022876
0.001464000000,0.000000,-0.120213
0.001466000000,0.000000,0.134656
0.001468000000,0.000000,-0.053519
0.001470000000,0.000000,0.149837
0.001472000000,0.000000,0.000393
0.001474000000,0.000000,-0.047631
0.001476000000,0.000000,-0.079501
0.001478000000,0.000000,-0.111466
0.001480000000,0.000000,-0.036205
0.001482000000,0.000000,-0.045197
0.001484000000,0.000000,-0.015061
0.001486000000,0.000000,0.052175
0.001488000000,0.000000,0.143192
0.001490000000,0.000000,-0.194114
0.001492000000,0.000000,0.058544
0.001494000000,0.000000,0.085701
0.001496000000,0.000000,-0.034780
0.001498000000,0.000000,0.096226
0.001500000000,0.000000,0.147151
0.001502000000,0.000000,-0.039693
0.001504000000,0.000000,0.065513
0.001506000000,0.000000,0.031365
0.001508000000,0.000000,0.125038
0.001510000000,0.000000,-0.096148
0.001512000000,0.000000,-0.143699
0.001514000000,0.000000,-0.017832
0.001516000000,0.000000,-0.128599
0.001518000000,0.000000,0.031564
0.001520000000,0.000000,-0.154485
0.001522000000,0.000000,0.004185
0.001524000000,0.000000,-0.035694
0.001526000000,0.000000,0.064916
0.001528000000,0.000000,0.055236
0.001530000000,0.000000,-0.006348
0.001532000000,0.000000,-0.087389
0.001534000000,0.000000,0.078747
0.001536000000,0.000000,0.058702
0.001538000000,0.000000,0.063104
0.001540000000,0.000000,0.152121
0.001542000000,0.000000,-0.084404
0.001544000000,0.000000,-0.057113
0.001546000000,0.000000,-0.193785
0.001548000000,0.000000,0.240914
0.001550000000,0.000000,-0.115451
0.001552000000,0.000000,-0.101094
0.001554000000,0.000000,0.009634
0.001556000000,0.000000,0.060163
0.001558000000,0.000000,0.203167
0.001560000000,0.000000,-0.007462
0.001562000000,0.000000,-0.074755
0.001564000000,0.000000,0.118137
0.001566000000,0.000000,0.080939
0.001568000000,0.000000,0.040978
0.001570000000,0.000000,0.001501
0.001572000000,0.000000,-0.190903
0.001574000000,0.000000,0.172535
0.001576000000,0.000000,0.068422
0.001578000000,0.000000,0.031633
0.001580000000,0.000000,0.089563
0.001582000000,0.000000,0.066522
0.001584000000,0.000000,0.051801
0.001586000000,0.000000,-0.153231
0.001588000000,0.000000,-0.050166
0.001590000000,0.000000,-0.035599
0.001592000000,0.000000,-0.027538
0.001594000000,0.000000,0.167764
0.001596000000,0.000000,0.120343
0.001598000000,0.000000,-0.185357
0.001600000000,0.000000,0.029008
0.001602000000,0.000000,-0.078637
0.001604000000,0.000000,0.058560
0.001606000000,0.000000,-0.169559
0.001608000000,0.000000,-0.041127
0.001610000000,0.000000,0.010118
0.001612000000,0.000000,-0.029845
0.001614000000,0.000000,-0.001453
0.001616000000,0.000000,-0.152057
0.001618000000,0.000000,0.030294
0.001620000000,0.000000,0.186602
0.001622000000,0.000000,-0.011659
0.001624000000,0.000000,-0.005660
0.001626000000,0.000000,-0.241532
0.001628000000,0.000000,0.051223
0.001630000000,0.000000,0.019309
0.001632000000,0.000000,-0.115478
0.001634000000,0.000000,0.020109
0.001636000000,0.000000,-0.148780
0.001638000000,0.000000,0.122141
0.001640000000,0.000000,-0.095773
0.001642000000,0.000000,-0.129477
0.001644000000,0.000000,0.171429
0.001646000000,0.000000,0.201848
0.001648000000,0.000000,-0.138583
0.001650000000,0.000000,0.203389
0.001652000000,0.000000,0.130109
0.001654000000,0.000000,0.029158
0.001656000000,0.000000,-0.178868
0.001658000000,0.000000,-0.217936
0.001660000000,0.000000,-0.130887
0.001662000000,0.000000,-0.032650
0.001664000000,0.000000,0.135725
0.001666000000,0.000000,-0.096517
0.001668000000,0.000000,0.162086
0.001670000000,0.000000,0.046702
0.001672000000,0.000000,0.100190
0.001674000000,0.000000,0.056790
0.001676000000,0.000000,0.129867
0.001678000000,0.000000,-0.068581
0.001680000000,0.000000,0.106585
0.001682000000,0.000000,0.009250
0.001684000000,0.000000,-0.011219
0.001686000000,0.000000,0.066512
0.001688000000,0.000000,-0.011599
0.001690000000,0.000000,0.001137
0.001692000000,0.000000,-0.078739
0.001694000000,0.000000,-0.128803
0.001696000000,0.000000,-0.158682
0.001698000000,0.000000,-0.204091
0.001700000000,0.000000,0.125142
0.001702000000,0.000000,-0.124574
0.001704000000,0.000000,-0.084969
0.001706000000,0.000000,0.019094
0.001708000000,0.000000,0.091066
0.001710000000,0.000000,0.046045
0.001712000000,0.000000,-0.238325
0.001714000000,0.000000,0.120130
0.001716000000,0.000000,0.001347
0.001718000000,0.000000,0.254201
0.001720000000,0.000000,0.043011
0.001722000000,0.000000,-0.191617
0.001724000000,0.000000,0.088735
0.001726000000,0.000000,0.131599
0.001728000000,0.000000,-0.102122
0.001730000000,0.000000,-0.153995
0.001732000000,0.000000,-0.071919
0.001734000000,0.000000,-0.013886
0.001736000000,0.000000,-0.069518
0.001738000000,0.000000,-0.026410
0.001740000000,0.000000,-0.136784
0.001742000000,0.000000,-0.003714
0.001744000000,0.000000,0.062478
0.001746000000,0.000000,-0.024330
0.001748000000,0.000000,-0.152390
0.001750000000,0.000000,-0.210706
0.001752000000,0.000000,0.108569
0.001754000000,0.000000,-0.061784
0.001756000000,0.000000,0.004129
0.001758000000,0.000000,0.182594
0.001760000000,0.000000,-0.008254
0.001762000000,0.000000,0.019298
0.001764000000,0.000000,-0.084147
0.001766000000,0.000000,-0.099718
0.001768000000,0.000000,0.092625
0.001770000000,0.000000,0.006248
0.001772000000,0.000000,0.030057
0.001774000000,0.000000,0.158785
0.001776000000,0.000000,0.026789
0.001778000000,0.000000,-0.035191
0.001780000000,0.000000,0.053508
0.001782000000,0.000000,-0.164670
0.001784000000,0.000000,-0.099948
0.001786000000,0.000000,-0.038596
0.001788000000,0.000000,0.146758
0.001790000000,0.000000,0.034653
0.001792000000,0.000000,0.057681
0.001794000000,0.000000,0.061457
0.001796000000,0.000000,0.006710
0.001798000000,0.000000,0.127735
0.001800000000,0.000000,0.162555
0.001802000000,0.000000,-0.041147
0.001804000000,0.000000,0.047412
0.001806000000,0.000000,-0.102477
0.001808000000,0.000000,-0.202185
0.001810000000,0.000000,0.061670
0.001812000000,0.000000,0.014041
0.001814000000,0.000000,0.036183
0.001816000000,0.000000,0.084430
0.001818000000,0.000000,0.050501
0.001820000000,0.000000,-0.020242
0.001822000000,0.000000,0.011082
0.001824000000,0.000000,0.014460
0.001826000000,0.000000,-0.053766
0.001828000000,0.000000,0.058819
0.001830000000,0.000000,-0.060872
0.001832000000,0.000000,-0.070899
0.001834000000,0.000000,0.009460
0.001836000000,0.000000,0.046732
0.001838000000,0.000000,0.019344
0.001840000000,0.000000,-0.062731
0.001842000000,0.000000,0.013101
0.001844000000,0.000000,-0.029528
0.001846000000,0.000000,-0.017551
0.001848000000,0.000000,-0.056833
0.001850000000,0.000000,-0.095980
0.001852000000,0.000000,-0.006270
0.001854000000,0.000000,-0.124716
0.001856000000,0.000000,-0.028984
0.001858000000,0.000000,-0.040318
0.001860000000,0.000000,-0.077267
0.001862000000,0.000000,0.036335
0.001864000000,0.000000,-0.069818
0.001866000000,0.000000,0.013588
0.001868000000,0.000000,0.052789
0.001870000000,0.000000,-0.166556
0.001872000000,0.000000,-0.143158
0.001874000000,0.000000,-0.041207
0.001876000000,0.000000,0.101485
0.001878000000,0.000000,-0.019814
0.001880000000,0.000000,0.094559
0.001882000000,0.000000,0.130310
0.001884000000,0.000000,0.190055
0.001886000000,0.000000,0.066318
0.001888000000,0.000000,0.132149
0.001890000000,0.000000,0.092828
0.001892000000,0.000000,-0.032125
0.001894000000,0.000000,0.179329
0.001896000000,0.000000,0.186785
0.001898000000,0.000000,-0.001159
0.001900000000,0.000000,0.046042
0.001902000000,0.000000,-0.026626
0.001904000000,0.000000,0.209247
0.001906000000,0.000000,-0.012923
0.001908000000,0.000000,-0.098796
0.001910000000,0.000000,0.189883
0.001912000000,0.000000,0.004554
0.001914000000,0.000000,-0.062472
0.001916000000,0.000000,0.036101
0.001918000000,0.000000,-0.051183
0.001920000000,0.000000,-0.055732
0.001922000000,0.000000,0.023077
0.001924000000,0.000000,0.042792
0.001926000000,0.000000,-0.097426
0.001928000000,0.000000,-0.048159
0.001930000000,0.000000,-0.016555
0.001932000000,0.000000,-0.095586
0.001934000000,0.000000,0.121089
0.001936000000,0.000000,0.118397
0.001938000000,0.000000,-0.092578
0.001940000000,0.000000,0.117143
0.001942000000,0.000000,-0.079606
0.001944000000,0.000000,-0.055713
0.001946000000,0.000000,0.110313
0.001948000000,0.000000,0.162919
0.001950000000,0.000000,-0.126701
0.001952000000,0.000000,0.168940
0.001954000000,0.000000,0.121617
0.001956000000,0.000000,-0.034240
0.001958000000,0.000000,0.177967
0.001960000000,0.000000,-0.131820
0.001962000000,0.000000,-0.143588
0.001964000000,0.000000,-0.134871
0.001966000000,0.000000,-0.118014
0.001968000000,0.000000,0.033041
0.001970000000,0.000000,0.155619
0.001972000000,0.000000,0.138813
0.001974000000,0.000000,-0.086352
0.001976000000,0.000000,-0.066242
0.001978000000,0.000000,0.187603
0.001980000000,0.000000,0.100367
0.001982000000,0.000000,0.024830
0.001984000000,0.000000,0.034896
0.001986000000,0.000000,0.057992
0.001988000000,0.000000,0.068851
0.001990000000,0.000000,0.052043
0.001992000000,0.000000,-0.264377
0.001994000000,0.000000,0.052592
0.001996000000,0.000000,0.044685
0.001998000000,0.000000,-0.112492
0.002000000000,0.000000,0.361008
0.002002000000,0.000000,-0.011360
0.002004000000,0.000000,-0.111012
0.002006000000,0.000000,0.033365
0.002008000000,0.000000,0.005596
0.002010000000,0.000000,0.004229
0.002012000000,0.000000,-0.003046
0.002014000000,0.000000,0.131986
0.002016000000,0.000000,-0.025871
0.002018000000,0.000000,-0.064681
0.002020000000,0.000000,-0.107167
0.002022000000,0.000000,-0.077497
0.002024000000,0.000000,0.025702
0.002026000000,0.000000,0.142243
0.002028000000,0.000000,-0.102687
0.002030000000,0.000000,-0.224502
0.002032000000,0.000000,-0.128647
0.002034000000,0.000000,0.106440
0.002036000000,0.000000,0.006183
0.002038000000,0.000000,0.228453
0.002040000000,0.000000,0.097526
0.002042000000,0.000000,0.001035
0.002044000000,0.000000,-0.165355
0.002046000000,0.000000,-0.012342
0.002048000000,0.000000,-0.123402
0.002050000000,0.000000,0.161950
0.002052000000,0.000000,-0.127155
0.002054000000,0.000000,-0.037715
0.002056000000,0.000000,0.082972
0.002058000000,0.000000,-0.064195
0.002060000000,0.000000,0.069196
0.002062000000,0.000000,0.109636
0.002064000000,0.000000,-0.028587
0.002066000000,0.000000,0.010569
0.002068000000,0.000000,0.088944
0.002070000000,0.000000,-0.266952
0.002072000000,0.000000,-0.098710
0.002074000000,0.000000,0.055605
0.002076000000,0.000000,-0.047621
0.002078000000,0.000000,0.161069
0.002080000000,0.000000,-0.074169
0.002082000000,0.000000,0.014367
0.002084000000,0.000000,0.062921
0.002086000000,0.000000,0.105502
0.002088000000,0.000000,0.131646
0.002090000000,0.000000,0.051663
0.002092000000,0.000000,0.245882
0.002094000000,0.000000,-0.028442
0.002096000000,0.000000,0.152572
0.002098000000,0.000000,-0.066107
0.002100000000,0.000000,-0.068214
0.002102000000,0.000000,-0.092612
0.002104000000,0.000000,0.127877
0.002106000000,0.000000,-0.067395
0.002108000000,0.000000,0.015312
0.002110000000,0.000000,0.088713
0.002112000000,0.000000,-0.160997
0.002114000000,0.000000,0.074252
0.002116000000,0.000000,-0.164282
0.002118000000,0.000000,0.117857
0.002120000000,0.000000,-0.049989
0.002122000000,0.000000,0.117791
0.002124000000,0.000000,0.064910
0.002126000000,0.000000,0.018564
0.002128000000,0.000000,0.085404
0.002130000000,0.000000,-0.080358
0.002132000000,0.000000,-0.007996
0.002134000000,0.000000,-0.043866
0.002136000000,0.000000,-0.034436
0.002138000000,0.000000,-0.165116
0.002140000000,0.000000,-0.197336
0.002142000000,0.000000,0.007720
0.002144000000,0.000000,0.105947
0.002146000000,0.000000,-0.083563
0.002148000000,0.000000,0.005658
0.002150000000,0.000000,-0.098886
0.002152000000,0.000000,-0.229209
0.002154000000,0.000000,-0.178094
0.002156000000,0.000000,-0.001007
0.002158000000,0.000000,0.146580
0.002160000000,0.000000,-0.306512
0.002162000000,0.000000,-0.056137
0.002164000000,0.000000,0.076346
0.002166000000,0.000000,0.046707
0.002168000000,0.000000,-0.139710
0.002170000000,0.000000,0.045146
0.002172000000,0.000000,-0.062148
0.002174000000,0.000000,-0.062639
0.002176000000,0.000000,0.007435
0.002178000000,0.000000,0.027980
0.002180000000,0.000000,-0.076245
0.002182000000,0.000000,0.001152
0.002184000000,0.000000,0.053650
0.002186000000,0.000000,0.046415
0.002188000000,0.000000,-0.134666
0.002190000000,0.000000,0.011970
0.002192000000,0.000000,-0.086056
0.002194000000,0.000000,-0.036509
0.002196000000,0.000000,0.116708
0.002198000000,0.000000,0.083506
0.002200000000,0.000000,0.161705
0.002202000000,0.000000,-0.015675
0.002204000000,0.000000,0.090473
0.002206000000,0.000000,-0.042242
0.002208000000,0.000000,-0.005255
0.002210000000,0.000000,0.029377
0.002212000000,0.000000,0.000379
0.002214000000,0.000000,-0.104360
0.002216000000,0.000000,-0.041208
0.002218000000,0.000000,0.002562
0.002220000000,0.000000,0.028197
0.002222000000,0.000000,-0.022884
0.002224000000,0.000000,-0.015567
0.002226000000,0.000000,-0.087760
0.002228000000,0.000000,-0.083504
0.002230000000,0.000000,-0.060311
0.002232000000,0.000000,0.051392
0.002234000000,0.000000,0.006455
0.002236000000,0.000000,0.049127
0.002238000000,0.000000,-0.065859
0.002240000000,0.000000,0.093249
0.002242000000,0.000000,-0.112788
0.002244000000,0.000000,0.068141
0.002246000000,0.000000,-0.174066
0.002248000000,0.000000,-0.105222
0.002250000000,0.000000,0.086608
0.002252000000,0.000000,-0.129821
0.002254000000,0.000000,0.162932
0.002256000000,0.000000,0.119842
0.002258000000,0.000000,-0.014752
0.002260000000,0.000000,0.180699
0.002262000000,0.000000,0.048194
0.002264000000,0.000000,-0.145036
0.002266000000,0.000000,-0.153059
0.002268000000,0.000000,0.065488
0.002270000000,0.000000,0.001186
0.002272000000,0.000000,-0.077388
0.002274000000,0.000000,-0.165580
0.002276000000,0.000000,0.055435
0.002278000000,0.000000,0.049996
0.002280000000,0.000000,0.040635
0.002282000000,0.000000,0.007658
0.002284000000,0.000000,-0.001092
0.002286000000,0.000000,-0.079065
0.002288000000,0.000000,-0.056838
0.002290000000,0.000000,-0.052567
0.002292000000,0.000000,-0.148856
0.002294000000,0.000000,0.103374
0.002296000000,0.000000,-0.084927
0.002298000000,0.000000,0.081914
0.002300000000,0.000000,0.094543
0.002302000000,0.000000,0.149367
0.002304000000,0.000000,-0.123416
0.002306000000,0.000000,-0.032550
0.002308000000,0.000000,-0.020992
0.002310000000,0.000000,0.124774
0.002312000000,0.000000,0.035590
0.002314000000,0.000000,0.142121
0.002316000000,0.000000,0.103652
0.002318000000,0.000000,0.166253
0.002320000000,0.000000,-0.111215
0.002322000000,0.000000,-0.146586
0.002324000000,0.000000,0.035076
0.002326000000,0.000000,0.000725
0.002328000000,0.000000,0.073621
0.002330000000,0.000000,-0.049815
0.002332000000,0.000000,-0.011526
0.002334000000,0.000000,0.037065
0.002336000000,0.000000,-0.018871
0.002338000000,0.000000,0.161171
0.002340000000,0.000000,0.098097
0.002342000000,0.000000,-0.122507
0.002344000000,0.000000,0.212106
0.002346000000,0.000000,-0.071108
0.002348000000,0.000000,-0.003228
0.002350000000,0.000000,-0.041100
0.002352000000,0.000000,0.020207
0.002354000000,0.000000,0.008516
0.002356000000,0.000000,0.017361
0.002358000000,0.000000,-0.110410
0.002360000000,0.000000,-0.007777
0.002362000000,0.000000,-0.133326
0.002364000000,0.000000,-0.014559
0.002366000000,0.000000,0.106615
0.002368000000,0.000000,-0.091158
0.002370000000,0.000000,-0.000971
0.002372000000,0.000000,0.017280
0.002374000000,0.000000,0.071609
0.002376000000,0.000000,0.028201
0.002378000000,0.000000,-0.157437
0.002380000000,0.000000,0.187971
0.002382000000,0.000000,-0.003369
0.002384000000,0.000000,0.044681
0.002386000000,0.000000,0.021339
0.002388000000,0.000000,-0.053054
0.002390000000,0.000000,0.108219
0.002392000000,0.000000,0.094189
0.002394000000,0.000000,-0.190388
0.002396000000,0.000000,-0.007857
0.002398000000,0.000000,-0.130249
0.002400000000,0.000000,0.020344
0.002402000000,0.000000,-0.189689
0.002404000000,0.000000,0.117747
0.002406000000,0.000000,-0.013552
0.002408000000,0.000000,-0.055241
0.002410000000,0.000000,-0.059471
0.002412000000,0.000000,0.106979
0.002414000000,0.000000,0.026598
0.002416000000,0.000000,-0.033326
0.002418000000,0.000000,0.002892
0.002420000000,0.000000,0.152982
0.002422000000,0.000000,-0.122670
0.002424000000,0.000000,0.005956
0.002426000000,0.000000,0.093971
0.002428000000,0.000000,-0.128075
0.002430000000,0.000000,-0.145760
0.002432000000,0.000000,0.039706
0.002434000000,0.000000,0.117957
0.002436000000,0.000000,0.189976
0.002438000000,0.000000,0.042494
0.002440000000,0.000000,-0.106364
0.002442000000,0.000000,0.166740
0.002444000000,0.000000,-0.068696
0.002446000000,0.000000,0.051070
0.002448000000,0.000000,-0.111068
0.002450000000,0.000000,0.010729
0.002452000000,0.000000,0.171608
0.002454000000,0.000000,-0.037025
0.002456000000,0.000000,-0.030928
0.002458000000,0.000000,-0.175430
0.002460000000,0.000000,-0.067544
0.002462000000,0.000000,-0.003960
0.002464000000,0.000000,0.035090
0.002466000000,0.000000,0.055900
0.002468000000,0.000000,0.045368
0.002470000000,0.000000,-0.004021
0.002472000000,0.000000,-0.135347
0.002474000000,0.000000,0.039146
0.002476000000,0.000000,0.120894
0.002478000000,0.000000,-0.110561
0.002480000000,0.000000,0.081336
0.002482000000,0.000000,-0.011758
0.002484000000,0.000000,0.154896
0.002486000000,0.000000,-0.118679
0.002488000000,0.000000,-0.036216
0.002490000000,0.000000,-0.087621
0.002492000000,0.000000,0.140636
0.002494000000,0.000000,-0.138577
0.002496000000,0.000000,0.052158
0.002498000000,0.000000,0.158223
0.002500000000,0.000000,-0.155768
0.002502000000,0.000000,-0.099850
0.002504000000,0.000000,-0.074972
0.002506000000,0.000000,-0.027370
0.002508000000,0.000000,-0.036334
0.002510000000,0.000000,0.132936
0.002512000000,0.000000,0.055171
0.002514000000,0.000000,0.117637
0.002516000000,0.000000,0.152636
0.002518000000,0.000000,0.159960
0.002520000000,0.000000,-0.040770
0.002522000000,0.000000,-0.248337
0.002524000000,0.000000,-0.163726
0.002526000000,0.000000,-0.049236
0.002528000000,0.000000,-0.295142
0.002530000000,0.000000,-0.123601
0.002532000000,0.000000,0.032274
0.002534000000,0.000000,0.051752
0.002536000000,0.000000,0.147687
0.002538000000,0.000000,0.177977
0.002540000000,0.000000,0.112031
0.002542000000,0.000000,0.316081
0.002544000000,0.000000,0.039632
0.002546000000,0.000000,0.056190
0.002548000000,0.000000,-0.139054
0.002550000000,0.000000,-0.318128
0.002552000000,0.000000,-0.225347
0.002554000000,0.000000,-0.187913
0.002556000000,0.000000,0.064479
0.002558000000,0.000000,0.041345
0.002560000000,0.000000,0.223930
0.002562000000,0.000000,0.174908
0.002564000000,0.000000,0.218504
0.002566000000,0.000000,0.279713
0.002568000000,0.000000,0.212926
0.002570000000,0.000000,-0.031925
0.002572000000,0.000000,-0.217183
0.002574000000,0.000000,-0.170772
0.002576000000,0.000000,-0.270764
0.002578000000,0.000000,-0.269988
0.002580000000,0.000000,-0.257421
0.002582000000,0.000000,-0.195079
0.002584000000,0.000000,-0.028393
0.002586000000,0.000000,0.349181
0.002588000000,0.000000,0.392391
0.002590000000,0.000000,0.341668
0.002592000000,0.000000,0.281430
0.002594000000,0.000000,0.192535
0.002596000000,0.000000,-0.073900
0.002598000000,0.000000,-0.232255
0.002600000000,0.000000,-0.299584
0.002602000000,0.000000,-0.351722
0.002604000000,0.000000,-0.236593
0.002606000000,0.000000,-0.417296
0.002608000000,0.000000,0.071404
0.002610000000,0.000000,0.222472
0.002612000000,0.000000,0.389377
0.002614000000,0.000000,0.285542
0.002616000000,0.000000,0.211807
0.002618000000,0.000000,0.075976
0.002620000000,0.000000,0.189950
0.002622000000,0.000000,-0.090544
0.002624000000,0.000000,-0.184131
0.002626000000,0.000000,-0.460574
0.002628000000,0.000000,-0.308118
0.002630000000,0.000000,-0.133157
0.002632000000,0.000000,0.203267
0.002634000000,0.000000,0.089151
0.002636000000,0.000000,0.241111
0.002638000000,0.000000,0.181657
0.002640000000,0.000000,0.301491
0.002642000000,0.000000,-0.002470
0.002644000000,0.000000,0.088483
0.002646000000,0.000000,-0.095829
0.002648000000,0.000000,0.109390
0.002650000000,0.000000,-0.145707
0.002652000000,0.000000,-0.335250
0.002654000000,0.000000,-0.020346
0.002656000000,0.000000,-0.083812
0.002658000000,0.000000,0.195592
0.002660000000,0.000000,0.069871
0.002662000000,0.000000,0.284913
0.002664000000,0.000000,-0.017871
0.002666000000,0.000000,0.011868
0.002668000000,0.000000,0.003157
0.002670000000,0.000000,0.083109
0.002672000000,0.000000,-0.126972
0.002674000000,0.000000,-0.289606
0.002676000000,0.000000,-0.130707
0.002678000000,0.000000,0.042253
0.002680000000,0.000000,-0.039992
0.002682000000,0.000000,-0.260855
0.002684000000,0.000000,0.010951
0.002686000000,0.000000,-0.084001
0.002688000000,0.000000,-0.012786
0.002690000000,0.000000,0.000224
0.002692000000,0.000000,0.008795
0.002694000000,0.000000,-0.014008
0.002696000000,0.000000,-0.023215
0.002698000000,0.000000,-0.082762
0.002700000000,0.000000,-0.006844
0.002702000000,0.000000,0.020803
0.002704000000,0.000000,0.026174
0.002706000000,0.000000,0.003126
0.002708000000,0.000000,0.124368
0.002710000000,0.000000,-0.001981
0.002712000000,0.000000,-0.309981
0.002714000000,0.000000,0.179800
0.002716000000,0.000000,0.091466
0.002718000000,0.000000,0.034655
0.002720000000,0.000000,-0.097141
0.002722000000,0.000000,-0.116610
0.002724000000,0.000000,-0.094012
0.002726000000,0.000000,-0.174135
0.002728000000,0.000000,-0.102446
0.002730000000,0.000000,-0.128307
0.002732000000,0.000000,-0.057860
0.002734000000,0.000000,0.052087
0.002736000000,0.000000,0.143165
0.002738000000,0.000000,0.143161
0.002740000000,0.000000,-0.159208
0.002742000000,0.000000,-0.134196
0.002744000000,0.000000,-0.014917
0.002746000000,0.000000,0.140180
0.002748000000,0.000000,-0.050579
0.002750000000,0.000000,0.108843
0.002752000000,0.000000,0.123084
0.002754000000,0.000000,0.033396
0.002756000000,0.000000,0.108561
0.002758000000,0.000000,0.003087
0.002760000000,0.000000,-0.114523
0.002762000000,0.000000,-0.051655
0.002764000000,0.000000,-0.118106
0.002766000000,0.000000,-0.064678
0.002768000000,0.000000,0.052305
0.002770000000,0.000000,0.154099
0.002772000000,0.000000,-0.208048
0.002774000000,0.000000,-0.067122
0.002776000000,0.000000,0.120175
0.002778000000,0.000000,-0.061606
0.002780000000,0.000000,0.032934
0.002782000000,0.000000,-0.047211
0.002784000000,0.000000,0.147808
0.002786000000,0.000000,0.015709
0.002788000000,0.000000,0.063905
0.002790000000,0.000000,0.055323
0.002792000000,0.000000,0.071142
0.002794000000,0.000000,0.136403
0.002796000000,0.000000,-0.122294
0.002798000000,0.000000,0.018040
0.002800000000,0.000000,-0.107483
0.002802000000,0.000000,-0.037094
0.002804000000,0.000000,0.195235
0.002806000000,0.000000,0.149234
0.002808000000,0.000000,-0.046640
0.002810000000,0.000000,0.126940
0.002812000000,0.000000,-0.112073
0.002814000000,0.000000,-0.108934
0.002816000000,0.000000,-0.010443
0.002818000000,0.000000,-0.140267
0.002820000000,0.000000,0.052490
0.002822000000,0.000000,0.022569
0.002824000000,0.000000,-0.063810
0.002826000000,0.000000,0.025838
0.002828000000,0.000000,-0.088320
0.002830000000,0.000000,-0.025058
0.002832000000,0.000000,-0.134001
0.002834000000,0.000000,-0.002893
0.002836000000,0.000000,-0.172836
0.002838000000,0.000000,0.048561
0.002840000000,0.000000,0.050552
0.002842000000,0.000000,-0.115642
0.002844000000,0.000000,-0.033113
0.002846000000,0.000000,-0.073425
0.002848000000,0.000000,-0.153163
0.002850000000,0.000000,0.030884
0.002852000000,0.000000,0.033484
0.002854000000,0.000000,-0.069330
0.002856000000,0.000000,0.063857
0.002858000000,0.000000,-0.092773
0.002860000000,0.000000,0.036237
0.002862000000,0.000000,0.102263
0.002864000000,0.000000,0.036152
0.002866000000,0.000000,0.077723
0.002868000000,0.000000,-0.020386
0.002870000000,0.000000,0.124570
0.002872000000,0.000000,0.061922
0.002874000000,0.000000,0.107079
0.002876000000,0.000000,-0.146973
0.002878000000,0.000000,0.283975
0.002880000000,0.000000,-0.130384
0.002882000000,0.000000,0.081472
0.002884000000,0.000000,0.051670
0.002886000000,0.000000,-0.197337
0.002888000000,0.000000,0.008536
0.002890000000,0.000000,-0.085902
0.002892000000,0.000000,0.060032
0.002894000000,0.000000,-0.017193
0.002896000000,0.000000,-0.094187
0.002898000000,0.000000,-0.064399
0.002900000000,0.000000,-0.014937
0.002902000000,0.000000,-0.033183
0.002904000000,0.000000,-0.015951
0.002906000000,0.000000,0.073006
0.002908000000,0.000000,-0.039082
0.002910000000,0.000000,0.025078
0.002912000000,0.000000,0.062004
0.002914000000,0.000000,0.005294
0.002916000000,0.000000,-0.068965
0.002918000000,0.000000,0.044624
0.002920000000,0.000000,0.005796
0.002922000000,0.000000,0.064472
0.002924000000,0.000000,-0.086978
0.002926000000,0.000000,-0.076355
0.002928000000,0.000000,0.003719
0.002930000000,0.000000,0.040174
0.002932000000,0.000000,-0.128718
0.002934000000,0.000000,0.030934
0.002936000000,0.000000,0.025596
0.002938000000,0.000000,0.047488
0.002940000000,0.000000,0.109202
0.002942000000,0.000000,0.031899
0.002944000000,0.000000,-0.069889
0.002946000000,0.000000,-0.067216
0.002948000000,0.000000,0.051517
0.002950000000,0.000000,-0.220921
0.002952000000,0.000000,-0.077132
0.002954000000,0.000000,-0.071045
0.002956000000,0.000000,0.070505
0.002958000000,0.000000,0.123714
0.002960000000,0.000000,-0.238386
0.002962000000,0.000000,-0.014785
0.002964000000,0.000000,0.062069
0.002966000000,0.000000,-0.164225
0.002968000000,0.000000,-0.178907
0.002970000000,0.000000,0.132992
0.002972000000,0.000000,0.053560
0.002974000000,0.000000,0.077431
0.002976000000,0.000000,-0.162409
0.002978000000,0.000000,0.003131
0.002980000000,0.000000,-0.026748
0.002982000000,0.000000,0.182231
0.002984000000,0.000000,0.015994
0.002986000000,0.000000,-0.066860
0.002988000000,0.000000,0.013594
0.002990000000,0.000000,-0.023283
0.002992000000,0.000000,-0.130498
0.002994000000,0.000000,0.050981
0.002996000000,0.000000,-0.085866
0.002998000000,0.000000,0.063700
0.003000000000,0.000000,0.133836
0.003002000000,0.000000,0.088488
0.003004000000,0.000000,-0.060456
0.003006000000,0.000000,-0.068683
0.003008000000,0.000000,0.193909
0.003010000000,0.000000,-0.117099
0.003012000000,0.000000,-0.010821
0.003014000000,0.000000,-0.037465
0.003016000000,0.000000,-0.034232
0.003018000000,0.000000,0.067723
0.003020000000,0.000000,0.123109
0.003022000000,0.000000,-0.048325
0.003024000000,0.000000,-0.035112
0.003026000000,0.000000,0.011608
0.003028000000,0.000000,0.018627
0.003030000000,0.000000,-0.097146
0.003032000000,0.000000,0.093850
0.003034000000,0.000000,0.102857
0.003036000000,0.000000,0.023614
0.003038000000,0.000000,-0.135281
0.003040000000,0.000000,0.100952
0.003042000000,0.000000,0.062977
0.003044000000,0.000000,0.101542
0.003046000000,0.000000,0.111463
0.003048000000,0.000000,-0.075816
0.003050000000,0.000000,-0.021083
0.003052000000,0.000000,-0.020812
0.003054000000,0.000000,-0.028462
0.003056000000,0.000000,0.084825
0.003058000000,0.000000,-0.009080
0.003060000000,0.000000,0.019316
0.003062000000,0.000000,0.113875
0.003064000000,0.000000,0.090327
0.003066000000,0.000000,0.105845
0.003068000000,0.000000,0.148638
0.003070000000,0.000000,0.052413
0.003072000000,0.000000,0.035738
0.003074000000,0.000000,-0.207080
0.003076000000,0.000000,0.003382
0.003078000000,0.000000,0.061836
0.003080000000,0.000000,-0.018173
0.003082000000,0.000000,0.138190
0.003084000000,0.000000,-0.087999
0.003086000000,0.000000,-0.122089
0.003088000000,0.000000,-0.107355
0.003090000000,0.000000,-0.075062
0.003092000000,0.000000,-0.086940
0.003094000000,0.000000,0.146978
0.003096000000,0.000000,-0.033170
0.003098000000,0.000000,0.010492
0.003100000000,0.000000,-0.086651
0.003102000000,0.000000,-0.122056
0.003104000000,0.000000,-0.151192
0.003106000000,0.000000,-0.059994
0.003108000000,0.000000,0.152839
0.003110000000,0.000000,0.118663
0.003112000000,0.000000,-0.041567
0.003114000000,0.000000,-0.015949
0.003116000000,0.000000,0.020467
0.003118000000,0.000000,-0.168892
0.003120000000,0.000000,-0.163450
0.003122000000,0.000000,0.049172
0.003124000000,0.000000,0.012966
0.003126000000,0.000000,0.079981
0.003128000000,0.000000,0.204990
0.003130000000,0.000000,-0.136203
0.003132000000,0.000000,-0.109472
0.003134000000,0.000000,0.004151
0.003136000000,0.000000,-0.072004
0.003138000000,0.000000,-0.057160
0.003140000000,0.000000,0.124554
0.003142000000,0.000000,0.003256
0.003144000000,0.000000,-0.010943
0.003146000000,0.000000,0.046624
0.003148000000,0.000000,-0.074263
0.003150000000,0.000000,0.079041
0.003152000000,0.000000,0.037011
0.003154000000,0.000000,-0.023677
0.003156000000,0.000000,0.051768
0.003158000000,0.000000,-0.111209
0.003160000000,0.000000,0.025641
0.003162000000,0.000000,0.074886
0.003164000000,0.000000,-0.071512
0.003166000000,0.000000,-0.028688
0.003168000000,0.000000,-0.046272
0.003170000000,0.000000,-0.025227
0.003172000000,0.000000,0.024094
0.003174000000,0.000000,0.036698
0.003176000000,0.000000,0.083992
0.003178000000,0.000000,-0.156425
0.003180000000,0.000000,-0.028856
0.003182000000,0.000000,0.118449
0.003184000000,0.000000,-0.027604
0.003186000000,0.000000,-0.057403
0.003188000000,0.000000,0.110494
0.003190000000,0.000000,0.049676
0.003192000000,0.000000,-0.095279
0.003194000000,0.000000,-0.087641
0.003196000000,0.000000,-0.063098
0.003198000000,0.000000,0.009621
0.003200000000,0.000000,0.224322
0.003202000000,0.000000,0.102182
0.003204000000,0.000000,0.055490
0.003206000000,0.000000,-0.067638
0.003208000000,0.000000,-0.051009
0.003210000000,0.000000,-0.051038
0.003212000000,0.000000,-0.272109
0.003214000000,0.000000,0.021989
0.003216000000,0.000000,0.197250
0.003218000000,0.000000,-0.208374
0.003220000000,0.000000,0.180469
0.003222000000,0.000000,0.072588
0.003224000000,0.000000,0.121544
0.003226000000,0.000000,0.051523
0.003228000000,0.000000,0.173871
0.003230000000,0.000000,-0.006612
0.003232000000,0.000000,0.119404
0.003234000000,0.000000,-0.040686
0.003236000000,0.000000,-0.138103
0.003238000000,0.000000,-0.016418
0.003240000000,0.000000,-0.079486
0.003242000000,0.000000,0.083468
0.003244000000,0.000000,-0.081093
0.003246000000,0.000000,-0.216443
0.003248000000,0.000000,-0.135320
0.003250000000,0.000000,-0.009374
0.003252000000,0.000000,0.073709
0.003254000000,0.000000,0.123206
0.003256000000,0.000000,0.120449
0.003258000000,0.000000,0.067574
0.003260000000,0.000000,0.022236
0.003262000000,0.000000,-0.018046
0.003264000000,0.000000,0.005907
0.003266000000,0.000000,-0.055374
0.003268000000,0.000000,0.072309
0.003270000000,0.000000,-0.061558
0.003272000000,0.000000,-0.026799
0.003274000000,0.000000,-0.083471
0.003276000000,0.000000,0.037758
0.003278000000,0.000000,0.019158
0.003280000000,0.000000,-0.049473
0.003282000000,0.000000,0.093764
0.003284000000,0.000000,-0.107022
0.003286000000,0.000000,-0.025999
0.003288000000,0.000000,-0.049828
0.003290000000,0.000000,-0.111541
0.003292000000,0.000000,-0.021548
0.003294000000,0.000000,-0.109720
0.003296000000,0.000000,-0.074284
0.003298000000,0.000000,0.021356
0.003300000000,0.000000,0.072430
0.003302000000,0.000000,0.038508
0.003304000000,0.000000,0.122646
0.003306000000,0.000000,0.005844
0.003308000000,0.000000,-0.096540
0.003310000000,0.000000,-0.107802
0.003312000000,0.000000,0.181825
0.003314000000,0.000000,-0.033774
0.003316000000,0.000000,-0.029456
0.003318000000,0.000000,0.139213
0.003320000000,0.000000,-0.073177
0.003322000000,0.000000,-0.001198
0.003324000000,0.000000,-0.028171
0.003326000000,0.000000,0.011421
0.003328000000,0.000000,-0.065851
0.003330000000,0.000000,-0.153141
0.003332000000,0.000000,0.090182
0.003334000000,0.000000,0.074460
0.003336000000,0.000000,-0.067471
0.003338000000,0.000000,-0.017928
0.003340000000,0.000000,0.088879
0.003342000000,0.000000,-0.046014
0.003344000000,0.000000,-0.072919
0.003346000000,0.000000,0.071717
0.003348000000,0.000000,0.040602
0.003350000000,0.000000,-0.057648
0.003352000000,0.000000,0.027842
0.003354000000,0.000000,0.028821
0.003356000000,0.000000,0.026932
0.003358000000,0.000000,0.059903
0.003360000000,0.000000,-0.109070
0.003362000000,0.000000,-0.274834
0.003364000000,0.000000,0.037524
0.003366000000,0.000000,0.108352
0.003368000000,0.000000,0.180685
0.003370000000,0.000000,0.015892
0.003372000000,0.000000,-0.131429
0.003374000000,0.000000,-0.012843
0.003376000000,0.000000,0.000630
0.003378000000,0.000000,-0.014340
0.003380000000,0.000000,-0.011268
0.003382000000,0.000000,-0.020363
0.003384000000,0.000000,-0.122514
0.003386000000,0.000000,-0.072396
0.003388000000,0.000000,0.018361
0.003390000000,0.000000,0.068547
0.003392000000,0.000000,0.105233
0.003394000000,0.000000,0.003626
0.003396000000,0.000000,-0.128747
0.003398000000,0.000000,-0.027949
0.003400000000,0.000000,-0.027183
0.003402000000,0.000000,-0.007294
0.003404000000,0.000000,0.023309
0.003406000000,0.000000,0.117006
0.003408000000,0.000000,0.001073
0.003410000000,0.000000,-0.007898
0.003412000000,0.000000,0.247929
0.003414000000,0.000000,-0.040239
0.003416000000,0.000000,0.046197
0.003418000000,0.000000,0.112742
0.003420000000,0.000000,0.168876
0.003422000000,0.000000,0.125604
0.003424000000,0.000000,-0.165691
0.003426000000,0.000000,-0.112965
0.003428000000,0.000000,-0.057407
0.003430000000,0.000000,0.058527
0.003432000000,0.000000,-0.027070
0.003434000000,0.000000,-0.220676
0.003436000000,0.000000,0.059962
0.003438000000,0.000000,-0.090199
0.003440000000,0.000000,0.054964
0.003442000000,0.000000,0.023189
0.003444000000,0.000000,-0.020088
0.003446000000,0.000000,-0.167344
0.003448000000,0.000000,0.058519
0.003450000000,0.000000,-0.225059
0.003452000000,0.000000,-0.035522
0.003454000000,0.000000,-0.139568
0.003456000000,0.000000,0.077451
0.003458000000,0.000000,-0.044625
0.003460000000,0.000000,0.009539
0.003462000000,0.000000,0.038861
0.003464000000,0.000000,-0.097307
0.003466000000,0.000000,0.152945
0.003468000000,0.000000,-0.124651
0.003470000000,0.000000,-0.206543
0.003472000000,0.000000,-0.075232
0.003474000000,0.000000,0.043565
0.003476000000,0.000000,-0.046976
0.003478000000,0.000000,-0.054164
0.003480000000,0.000000,0.025841
0.003482000000,0.000000,0.102844
0.003484000000,0.000000,0.024974
0.003486000000,0.000000,-0.094796
0.003488000000,0.000000,-0.022614
0.003490000000,0.000000,0.022349
0.003492000000,0.000000,-0.091592
0.003494000000,0.000000,0.102082
0.003496000000,0.000000,0.067227
0.003498000000,0.000000,-0.308155
0.003500000000,0.000000,0.076842
0.003502000000,0.000000,-0.158364
0.003504000000,0.000000,0.041055
0.003506000000,0.000000,-0.085568
0.003508000000,0.000000,0.148945
0.003510000000,0.000000,-0.032535
0.003512000000,0.000000,0.046363
0.003514000000,0.000000,0.044504
0.003516000000,0.000000,-0.094204
0.003518000000,0.000000,0.151499
0.003520000000,0.000000,0.031115
0.003522000000,0.000000,0.187935
0.003524000000,0.000000,0.091829
0.003526000000,0.000000,-0.189757
0.003528000000,0.000000,-0.032515
0.003530000000,0.000000,-0.047376
0.003532000000,0.000000,0.010713
0.003534000000,0.000000,-0.056439
0.003536000000,0.000000,0.088338
0.003538000000,0.000000,-0.107115
0.003540000000,0.000000,0.056513
0.003542000000,0.000000,0.089575
0.003544000000,0.000000,-0.054556
0.003546000000,0.000000,0.078094
0.003548000000,0.000000,0.129226
0.003550000000,0.000000,-0.184308
0.003552000000,0.000000,0.024070
0.003554000000,0.000000,0.051660
0.003556000000,0.000000,-0.043613
0.003558000000,0.000000,0.010659
0.003560000000,0.000000,0.048554
0.003562000000,0.000000,-0.126947
0.003564000000,0.000000,0.252279
0.003566000000,0.000000,0.029030
0.003568000000,0.000000,0.061691
0.003570000000,0.000000,-0.081554
0.003572000000,0.000000,-0.152588
0.003574000000,0.000000,-0.086862
0.003576000000,0.000000,-0.042265
0.003578000000,0.000000,0.000478
0.003580000000,0.000000,0.071902
0.003582000000,0.000000,0.010211
0.003584000000,0.000000,-0.133394
0.003586000000,0.000000,0.028763
0.003588000000,0.000000,0.170269
0.003590000000,0.000000,-0.018460
0.003592000000,0.000000,0.056039
0.003594000000,0.000000,0.137105
0.003596000000,0.000000,0.042713
0.003598000000,0.000000,-0.124535
0.003600000000,0.000000,0.052172
0.003602000000,0.000000,0.154177
0.003604000000,0.000000,0.017414
0.003606000000,0.000000,-0.197313
0.003608000000,0.000000,-0.218738
0.003610000000,0.000000,-0.157310
0.003612000000,0.000000,0.106582
0.003614000000,0.000000,0.028654
0.003616000000,0.000000,-0.007347
0.003618000000,0.000000,-0.029800
0.003620000000,0.000000,-0.041849
0.003622000000,0.000000,0.073557
0.003624000000,0.000000,-0.110208
0.003626000000,0.000000,0.089302
0.003628000000,0.000000,-0.128879
0.003630000000,0.000000,0.014561
0.003632000000,0.000000,-0.021392
0.003634000000,0.000000,-0.119527
0.003636000000,0.000000,0.112055
0.003638000000,0.000000,-0.022160
0.003640000000,0.000000,-0.044719
0.003642000000,0.000000,-0.004702
0.003644000000,0.000000,0.009244
0.003646000000,0.000000,-0.020748
0.003648000000,0.000000,-0.011269
0.003650000000,0.000000,-0.028304
0.003652000000,0.000000,-0.099918
0.003654000000,0.000000,0.073850
0.003656000000,0.000000,0.111327
0.003658000000,0.000000,-0.064034
0.003660000000,0.000000,0.133231
0.003662000000,0.000000,-0.090949
0.003664000000,0.000000,0.042128
0.003666000000,0.000000,-0.220944
0.003668000000,0.000000,0.019113
0.003670000000,0.000000,0.059264
0.003672000000,0.000000,0.064881
0.003674000000,0.000000,0.007352
0.003676000000,0.000000,-0.070705
0.003678000000,0.000000,-0.041575
0.003680000000,0.000000,-0.115994
0.003682000000,0.000000,-0.010404
0.003684000000,0.000000,-0.187965
0.003686000000,0.000000,-0.137174
0.003688000000,0.000000,0.102994
0.003690000000,0.000000,0.101354
0.003692000000,0.000000,0.074859
0.003694000000,0.000000,0.075922
0.003696000000,0.000000,0.096166
0.003698000000,0.000000,-0.023614
0.003700000000,0.000000,-0.034162
0.003702000000,0.000000,0.014905
0.003704000000,0.000000,-0.182118
0.003706000000,0.000000,-0.040485
0.003708000000,0.000000,-0.015996
0.003710000000,0.000000,-0.074705
0.003712000000,0.000000,-0.084234
0.003714000000,0.000000,0.130623
0.003716000000,0.000000,-0.073005
0.003718000000,0.000000,0.166863
0.003720000000,0.000000,0.009532
0.003722000000,0.000000,0.032671
0.003724000000,0.000000,-0.100377
0.003726000000,0.000000,-0.171442
0.003728000000,0.000000,0.032865
0.003730000000,0.000000,0.254280
0.003732000000,0.000000,0.047266
0.003734000000,0.000000,0.104076
0.003736000000,0.000000,0.092406
0.003738000000,0.000000,-0.025825
0.003740000000,0.000000,-0.136062
0.003742000000,0.000000,-0.061362
0.003744000000,0.000000,0.078510
0.003746000000,0.000000,-0.086450
0.003748000000,0.000000,-0.207405
0.003750000000,0.000000,0.153199
0.003752000000,0.000000,-0.057606
0.003754000000,0.000000,-0.187082
0.003756000000,0.000000,-0.021633
0.003758000000,0.000000,-0.023681
0.003760000000,0.000000,0.054244
0.003762000000,0.000000,0.069962
0.003764000000,0.000000,-0.182739
0.003766000000,0.000000,-0.115331
0.003768000000,0.000000,0.010664
0.003770000000,0.000000,0.106375
0.003772000000,0.000000,0.012074
0.003774000000,0.000000,0.004227
0.003776000000,0.000000,-0.275766
0.003778000000,0.000000,-0.082426
0.003780000000,0.000000,-0.062814
0.003782000000,0.000000,-0.044467
0.003784000000,0.000000,0.189467
0.003786000000,0.000000,-0.045888
0.003788000000,0.000000,0.018058
0.003790000000,0.000000,-0.009729
0.003792000000,0.000000,-0.014162
0.003794000000,0.000000,0.022070
0.003796000000,0.000000,-0.121389
0.003798000000,0.000000,0.008378
0.003800000000,0.000000,0.015091
0.003802000000,0.000000,-0.187506
0.003804000000,0.000000,-0.046925
0.003806000000,0.000000,-0.093609
0.003808000000,0.000000,0.023266
0.003810000000,0.000000,0.090639
0.003812000000,0.000000,0.127323
0.003814000000,0.000000,-0.150266
0.003816000000,0.000000,-0.024313
0.003818000000,0.000000,0.081736
0.003820000000,0.000000,0.038398
0.003822000000,0.000000,0.097107
0.003824000000,0.000000,-0.100342
0.003826000000,0.000000,0.128086
0.003828000000,0.000000,-0.010821
0.003830000000,0.000000,0.091838
0.003832000000,0.000000,-0.094327
0.003834000000,0.000000,-0.004251
0.003836000000,0.000000,-0.084526
0.003838000000,0.000000,-0.129703
0.003840000000,0.000000,-0.001586
0.003842000000,0.000000,0.031443
0.003844000000,0.000000,-0.105056
0.003846000000,0.000000,-0.146978
0.003848000000,0.000000,0.045848
0.003850000000,0.000000,-0.060650
0.003852000000,0.000000,-0.050916
0.003854000000,0.000000,-0.073519
0.003856000000,0.000000,-0.031071
0.003858000000,0.000000,0.145372
0.003860000000,0.000000,-0.191231
0.003862000000,0.000000,-0.020438
0.003864000000,0.000000,0.089840
0.003866000000,0.000000,0.021510
0.003868000000,0.000000,0.002036
0.003870000000,0.000000,0.165983
0.003872000000,0.000000,-0.005440
0.003874000000,0.000000,-0.085861
0.003876000000,0.000000,0.082546
0.003878000000,0.000000,-0.009591
0.003880000000,0.000000,0.027362
0.003882000000,0.000000,-0.003934
0.003884000000,0.000000,-0.022293
0.003886000000,0.000000,-0.111749
0.003888000000,0.000000,0.065080
0.003890000000,0.000000,0.005532
0.003892000000,0.000000,0.056006
0.003894000000,0.000000,0.055087
0.003896000000,0.000000,-0.131933
0.003898000000,0.000000,-0.120867
0.003900000000,0.000000,0.111567
0.003902000000,0.000000,-0.161428
0.003904000000,0.000000,0.027146
0.003906000000,0.000000,0.089152
0.003908000000,0.000000,0.141754
0.003910000000,0.000000,-0.017050
0.003912000000,0.000000,0.097839
0.003914000000,0.000000,0.106073
0.003916000000,0.000000,-0.202529
0.003918000000,0.000000,-0.169479
0.003920000000,0.000000,0.096741
0.003922000000,0.000000,0.040784
0.003924000000,0.000000,-0.080234
0.003926000000,0.000000,-0.083605
0.003928000000,0.000000,0.068425
0.003930000000,0.000000,-0.059774
0.003932000000,0.000000,-0.128414
0.003934000000,0.000000,0.031646
0.003936000000,0.000000,0.131166
0.003938000000,0.000000,-0.085450
0.003940000000,0.000000,0.025642
0.003942000000,0.000000,-0.189042
0.003944000000,0.000000,0.109684
0.003946000000,0.000000,-0.044957
0.003948000000,0.000000,0.040199
0.003950000000,0.000000,0.033801
0.003952000000,0.000000,0.039374
0.003954000000,0.000000,0.012629
0.003956000000,0.000000,-0.061153
0.003958000000,0.000000,-0.126355
0.003960000000,0.000000,-0.052107
0.003962000000,0.000000,-0.084450
0.003964000000,0.000000,0.026260
0.003966000000,0.000000,-0.047066
0.003968000000,0.000000,-0.106384
0.003970000000,0.000000,-0.012811
0.003972000000,0.000000,0.083178
0.003974000000,0.000000,-0.005665
0.003976000000,0.000000,0.110419
0.003978000000,0.000000,-0.022563
0.003980000000,0.000000,-0.018807
0.003982000000,0.000000,0.139905
0.003984000000,0.000000,0.069024
0.003986000000,0.000000,0.082450
0.003988000000,0.000000,0.077955
0.003990000000,0.000000,-0.092840
0.003992000000,0.000000,-0.062273
0.003994000000,0.000000,-0.106693
0.003996000000,0.000000,0.068884
0.003998000000,0.000000,-0.040599
0.004000000000,0.000000,-0.096571
0.004002000000,0.000000,-0.123146
0.004004000000,0.000000,0.109307
0.004006000000,0.000000,-0.028755
0.004008000000,0.000000,-0.119790
0.004010000000,0.000000,0.029437
0.004012000000,0.000000,-0.158970
0.004014000000,0.000000,0.182858
0.004016000000,0.000000,0.125050
0.004018000000,0.000000,-0.019624
0.004020000000,0.000000,-0.053668
0.004022000000,0.000000,-0.031852
0.004024000000,0.000000,0.020568
0.004026000000,0.000000,0.108908
0.004028000000,0.000000,-0.110718
0.004030000000,0.000000,0.026104
0.004032000000,0.000000,0.024350
0.004034000000,0.000000,0.042973
0.004036000000,0.000000,-0.009474
0.004038000000,0.000000,0.064148
0.004040000000,0.000000,-0.023159
0.004042000000,0.000000,-0.052058
0.004044000000,0.000000,-0.003158
0.004046000000,0.000000,0.097333
0.004048000000,0.000000,-0.069831
0.004050000000,0.000000,-0.001673
0.004052000000,0.000000,-0.188873
0.004054000000,0.000000,-0.009355
0.004056000000,0.000000,0.012460
0.004058000000,0.000000,-0.053385
0.004060000000,0.000000,-0.119785
0.004062000000,0.000000,-0.065554
0.004064000000,0.000000,-0.014793
0.004066000000,0.000000,-0.042407
0.004068000000,0.000000,-0.035627
0.004070000000,0.000000,0.006711
0.004072000000,0.000000,-0.139181
0.004074000000,0.000000,0.043305
0.004076000000,0.000000,0.063766
0.004078000000,0.000000,-0.091514
0.004080000000,0.000000,0.108467
0.004082000000,0.000000,-0.070896
0.004084000000,0.000000,-0.044283
0.004086000000,0.000000,0.083856
0.004088000000,0.000000,-0.003370
0.004090000000,0.000000,0.016807
0.004092000000,0.000000,-0.088984
0.004094000000,0.000000,0.140458
0.004096000000,0.000000,0.222856
0.004098000000,0.000000,-0.112112
0.004100000000,0.000000,-0.056673
0.004102000000,0.000000,-0.134033
0.004104000000,0.000000,0.014195
0.004106000000,0.000000,0.005791
0.004108000000,0.000000,0.042250
0.004110000000,0.000000,0.097845
0.004112000000,0.000000,0.103952
0.004114000000,0.000000,-0.016301
0.004116000000,0.000000,-0.169397
0.004118000000,0.000000,-0.026138
0.004120000000,0.000000,-0.057935
0.004122000000,0.000000,0.003270
0.004124000000,0.000000,-0.121205
0.004126000000,0.000000,0.026003
0.004128000000,0.000000,-0.089403
0.004130000000,0.000000,-0.134931
0.004132000000,0.000000,0.014638
0.004134000000,0.000000,0.052647
0.004136000000,0.000000,0.079891
0.004138000000,0.000000,-0.135266
0.004140000000,0.000000,-0.150055
0.004142000000,0.000000,-0.182854
0.004144000000,0.000000,0.027873
0.004146000000,0.000000,0.093182
0.004148000000,0.000000,0.144156
0.004150000000,0.000000,0.071747
0.004152000000,0.000000,0.076928
0.004154000000,0.000000,-0.181543
0.004156000000,0.000000,0.011211
0.004158000000,0.000000,-0.194409
0.004160000000,0.000000,0.279401
0.004162000000,0.000000,0.033195
0.004164000000,0.000000,-0.068336
0.004166000000,0.000000,0.002601
0.004168000000,0.000000,-0.001827
0.004170000000,0.000000,0.129100
0.004172000000,0.000000,-0.088841
0.004174000000,0.000000,0.026855
0.004176000000,0.000000,-0.125347
0.004178000000,0.000000,0.006448
0.004180000000,0.000000,0.050314
0.004182000000,0.000000,0.115720
0.004184000000,0.000000,0.008831
0.004186000000,0.000000,-0.124708
0.004188000000,0.000000,-0.020564
0.004190000000,0.000000,0.144839
0.004192000000,0.000000,0.111492
0.004194000000,0.000000,0.161217
0.004196000000,0.000000,0.114545
0.004198000000,0.000000,0.125759
0.004200000000,0.000000,0.058256
0.004202000000,0.000000,0.082179
0.004204000000,0.000000,0.284371
0.004206000000,0.000000,-0.028723
0.004208000000,0.000000,-0.113086
0.004210000000,0.000000,0.063900
0.004212000000,0.000000,0.066087
0.004214000000,0.000000,-0.152074
0.004216000000,0.000000,-0.007335
0.004218000000,0.000000,0.120970
0.004220000000,0.000000,-0.161440
0.004222000000,0.000000,0.072772
0.004224000000,0.000000,0.201225
0.004226000000,0.000000,0.111985
0.004228000000,0.000000,-0.080140
0.004230000000,0.000000,0.173496
0.004232000000,0.000000,-0.006006
0.004234000000,0.000000,-0.029072
0.004236000000,0.000000,0.023779
0.004238000000,0.000000,0.107507
0.004240000000,0.000000,-0.190591
0.004242000000,0.000000,-0.038880
0.004244000000,0.000000,-0.116672
0.004246000000,0.000000,-0.026043
0.004248000000,0.000000,-0.003908
0.004250000000,0.000000,-0.003430
0.004252000000,0.000000,-0.085615
0.004254000000,0.000000,-0.010140
0.004256000000,0.000000,0.051753
0.004258000000,0.000000,-0.088736
0.004260000000,0.000000,-0.056086
0.004262000000,0.000000,-0.048897
0.004264000000,0.000000,-0.130634
0.004266000000,0.000000,-0.138512
0.004268000000,0.000000,-0.082754
0.004270000000,0.000000,-0.139092
0.004272000000,0.000000,0.059696
0.004274000000,0.000000,-0.128335
0.004276000000,0.000000,-0.122995
0.004278000000,0.000000,-0.023904
0.004280000000,0.000000,-0.061279
0.004282000000,0.000000,-0.007580
0.004284000000,0.000000,0.030467
0.004286000000,0.000000,-0.024742
0.004288000000,0.000000,0.011006
0.004290000000,0.000000,0.059011
0.004292000000,0.000000,-0.081312
0.004294000000,0.000000,-0.070222
0.004296000000,0.000000,0.141034
0.004298000000,0.000000,0.140112
0.004300000000,0.000000,-0.072448
0.004302000000,0.000000,0.109491
0.004304000000,0.000000,0.141706
0.004306000000,0.000000,-0.155267
0.004308000000,0.000000,0.101174
0.004310000000,0.000000,0.112319
0.004312000000,0.000000,0.070855
0.004314000000,0.000000,-0.208265
0.004316000000,0.000000,0.025960
0.004318000000,0.000000,-0.044167
0.004320000000,0.000000,0.000568
0.004322000000,0.000000,-0.069815
0.004324000000,0.000000,-0.077869
0.004326000000,0.000000,0.010631
0.004328000000,0.000000,0.022148
0.004330000000,0.000000,-0.004285
0.004332000000,0.000000,-0.078970
0.004334000000,0.000000,-0.050920
0.004336000000,0.000000,0.012852
0.004338000000,0.000000,-0.122813
0.004340000000,0.000000,0.026587
0.004342000000,0.000000,0.034869
0.004344000000,0.000000,0.050275
0.004346000000,0.000000,-0.016254
0.004348000000,0.000000,0.086372
0.004350000000,0.000000,-0.026323
0.004352000000,0.000000,-0.109026
0.004354000000,0.000000,0.078492
0.004356000000,0.000000,-0.017798
0.004358000000,0.000000,0.032385
0.004360000000,0.000000,-0.009962
0.004362000000,0.000000,-0.059238
0.004364000000,0.000000,-0.080210
0.004366000000,0.000000,-0.129781
0.004368000000,0.000000,-0.133929
0.004370000000,0.000000,-0.025481
0.004372000000,0.000000,-0.013847
0.004374000000,0.000000,-0.033873
0.004376000000,0.000000,0.098790
0.004378000000,0.000000,-0.082907
0.004380000000,0.000000,-0.136496
0.004382000000,0.000000,0.188460
0.004384000000,0.000000,0.092078
0.004386000000,0.000000,0.060116
0.004388000000,0.000000,0.270116
0.004390000000,0.000000,0.034711
0.004392000000,0.000000,0.034075
0.004394000000,0.000000,0.135490
0.004396000000,0.000000,0.125709
0.004398000000,0.000000,-0.028884
0.004400000000,0.000000,-0.070946
0.004402000000,0.000000,0.090125
0.004404000000,0.000000,-0.089353
0.004406000000,0.000000,-0.083094
0.004408000000,0.000000,0.044490
0.004410000000,0.000000,0.059926
0.004412000000,0.000000,-0.154598
0.004414000000,0.000000,0.016459
0.004416000000,0.000000,-0.029695
0.004418000000,0.000000,0.097191
0.004420000000,0.000000,0.077583
0.004422000000,0.000000,0.291969
0.004424000000,0.000000,-0.107231
0.004426000000,0.000000,-0.205176
0.004428000000,0.000000,0.084113
0.004430000000,0.000000,-0.176776
0.004432000000,0.000000,0.090163
0.004434000000,0.000000,-0.168997
0.004436000000,0.000000,0.024027
0.004438000000,0.000000,0.110813
0.004440000000,0.000000,-0.022830
0.004442000000,0.000000,-0.009885
0.004444000000,0.000000,0.020093
0.004446000000,0.000000,-0.059019
0.004448000000,0.000000,-0.108447
0.004450000000,0.000000,-0.043675
0.004452000000,0.000000,0.088625
0.004454000000,0.000000,0.062719
0.004456000000,0.000000,-0.037344
0.004458000000,0.000000,-0.047638
0.004460000000,0.000000,-0.004559
0.004462000000,0.000000,-0.107639
0.004464000000,0.000000,-0.044705
0.004466000000,0.000000,0.116751
0.004468000000,0.000000,0.072536
0.004470000000,0.000000,0.001851
0.004472000000,0.000000,0.003658
0.004474000000,0.000000,-0.152437
0.004476000000,0.000000,0.021318
0.004478000000,0.000000,0.053291
0.004480000000,0.000000,-0.136411
0.004482000000,0.000000,-0.038729
0.004484000000,0.000000,0.147501
0.004486000000,0.000000,0.126788
0.004488000000,0.000000,0.135152
0.004490000000,0.000000,0.061093
0.004492000000,0.000000,0.045805
0.004494000000,0.000000,0.178426
0.004496000000,0.000000,-0.027836
0.004498000000,0.000000,0.054798
0.004500000000,0.000000,-0.117791
0.004502000000,0.000000,0.077030
0.004504000000,0.000000,-0.004274
0.004506000000,0.000000,-0.099496
0.004508000000,0.000000,0.095026
0.004510000000,0.000000,0.066332
0.004512000000,0.000000,-0.026230
0.004514000000,0.000000,-0.004725
0.004516000000,0.000000,-0.078338
0.004518000000,0.000000,-0.053773
0.004520000000,0.000000,-0.142183
0.004522000000,0.000000,0.064483
0.004524000000,0.000000,-0.065555
0.004526000000,0.000000,0.027180
0.004528000000,0.000000,-0.159549
0.004530000000,0.000000,-0.131828
0.004532000000,0.000000,-0.068506
0.004534000000,0.000000,-0.202354
0.004536000000,0.000000,-0.080416
0.004538000000,0.000000,0.029824
0.004540000000,0.000000,0.075930
0.004542000000,0.000000,-0.017581
0.004544000000,0.000000,0.257370
0.004546000000,0.000000,0.097521
0.004548000000,0.000000,-0.078122
0.004550000000,0.000000,0.142098
0.004552000000,0.000000,-0.009828
0.004554000000,0.000000,-0.110070
0.004556000000,0.000000,0.066976
0.004558000000,0.000000,-0.240784
0.004560000000,0.000000,0.084514
0.004562000000,0.000000,-0.044542
0.004564000000,0.000000,0.025412
0.004566000000,0.000000,0.088429
0.004568000000,0.000000,0.231807
0.004570000000,0.000000,0.193087
0.004572000000,0.000000,0.037272
0.004574000000,0.000000,0.196921
0.004576000000,0.000000,-0.011926
0.004578000000,0.000000,-0.132281
0.004580000000,0.000000,0.178671
0.004582000000,0.000000,-0.008613
0.004584000000,0.000000,0.110876
0.004586000000,0.000000,0.100322
0.004588000000,0.000000,0.064832
0.004590000000,0.000000,-0.068621
0.004592000000,0.000000,0.081356
0.004594000000,0.000000,0.072220
0.004596000000,0.000000,0.025530
0.004598000000,0.000000,-0.153465
0.004600000000,0.000000,0.031415
0.004602000000,0.000000,-0.038063
0.004604000000,0.000000,-0.061084
0.004606000000,0.000000,0.036726
0.004608000000,0.000000,-0.026725
0.004610000000,0.000000,-0.051691
0.004612000000,0.000000,-0.076356
0.004614000000,0.000000,0.192742
0.004616000000,0.000000,0.047701
0.004618000000,0.000000,-0.067313
0.004620000000,0.000000,-0.080507
0.004622000000,0.000000,-0.024230
0.004624000000,0.000000,-0.023252
0.004626000000,0.000000,-0.066313
0.004628000000,0.000000,0.000176
0.004630000000,0.000000,-0.129462
0.004632000000,0.000000,-0.122542
0.004634000000,0.000000,-0.142946
0.004636000000,0.000000,0.081428
0.004638000000,0.000000,-0.012501
0.004640000000,0.000000,-0.130171
0.004642000000,0.000000,-0.279583
0.004644000000,0.000000,0.040687
0.004646000000,0.000000,-0.031695
0.004648000000,0.000000,0.030791
0.004650000000,0.000000,-0.040895
0.004652000000,0.000000,-0.037668
0.004654000000,0.000000,0.181761
0.004656000000,0.000000,-0.106063
0.004658000000,0.000000,0.109622
0.004660000000,0.000000,-0.001017
0.004662000000,0.000000,0.150212
0.004664000000,0.000000,-0.271647
0.004666000000,0.000000,0.116235
0.004668000000,0.000000,-0.090887
0.004670000000,0.000000,-0.073066
0.004672000000,0.000000,0.190734
0.004674000000,0.000000,-0.022390
0.004676000000,0.000000,0.085352
0.004678000000,0.000000,0.059160
0.004680000000,0.000000,-0.012281
0.004682000000,0.000000,-0.010327
0.004684000000,0.000000,-0.182198
0.004686000000,0.000000,0.156651
0.004688000000,0.000000,-0.045129
0.004690000000,0.000000,-0.011904
0.004692000000,0.000000,-0.017582
0.004694000000,0.000000,-0.132111
0.004696000000,0.000000,-0.067641
0.004698000000,0.000000,-0.106320
0.004700000000,0.000000,-0.070090
0.004702000000,0.000000,-0.094773
0.004704000000,0.000000,0.017560
0.004706000000,0.000000,0.075322
0.004708000000,0.000000,0.069789
0.004710000000,0.000000,-0.044320
0.004712000000,0.000000,0.140715
0.004714000000,0.000000,0.106330
0.004716000000,0.000000,-0.124993
0.004718000000,0.000000,-0.028460
0.004720000000,0.000000,-0.024104
0.004722000000,0.000000,-0.159233
0.004724000000,0.000000,-0.023182
0.004726000000,0.000000,-0.076453
0.004728000000,0.000000,0.081599
0.004730000000,0.000000,-0.044796
0.004732000000,0.000000,0.336762
0.004734000000,0.000000,0.177194
0.004736000000,0.000000,0.216695
0.004738000000,0.000000,-0.060237
0.004740000000,0.000000,-0.066450
0.004742000000,0.000000,0.004558
0.004744000000,0.000000,0.128636
0.004746000000,0.000000,0.044632
0.004748000000,0.000000,-0.202733
0.004750000000,0.000000,-0.038612
0.004752000000,0.000000,-0.090806
0.004754000000,0.000000,-0.096290
0.004756000000,0.000000,0.026817
0.004758000000,0.000000,0.179543
0.004760000000,0.000000,0.251016
0.004762000000,0.000000,-0.152654
0.004764000000,0.000000,-0.045487
0.004766000000,0.000000,0.165345
0.004768000000,0.000000,0.128208
0.004770000000,0.000000,0.066841
0.004772000000,0.000000,-0.135194
0.004774000000,0.000000,-0.115006
0.004776000000,0.000000,-0.084255
0.004778000000,0.000000,0.194224
0.004780000000,0.000000,0.159591
0.004782000000,0.000000,-0.102588
0.004784000000,0.000000,0.063263
0.004786000000,0.000000,-0.035088
0.004788000000,0.000000,0.137725
0.004790000000,0.000000,0.178880
0.004792000000,0.000000,-0.008249
0.004794000000,0.000000,0.048010
0.004796000000,0.000000,-0.068801
0.004798000000,0.000000,-0.112399
0.004800000000,0.000000,-0.069456
0.004802000000,0.000000,-0.041989
0.004804000000,0.000000,0.023205
0.004806000000,0.000000,0.009977
0.004808000000,0.000000,-0.133876
0.004810000000,0.000000,-0.051276
0.004812000000,0.000000,0.109662
0.004814000000,0.000000,0.152221
0.004816000000,0.000000,-0.059530
0.004818000000,0.000000,0.066215
0.004820000000,0.000000,0.069716
0.004822000000,0.000000,-0.096306
0.004824000000,0.000000,-0.039618
0.004826000000,0.000000,-0.160823
0.004828000000,0.000000,0.043597
0.004830000000,0.000000,0.022684
0.004832000000,0.000000,0.008677
0.004834000000,0.000000,0.003127
0.004836000000,0.000000,0.025296
0.004838000000,0.000000,-0.030812
0.004840000000,0.000000,0.034253
0.004842000000,0.000000,0.063712
0.004844000000,0.000000,-0.048551
0.004846000000,0.000000,-0.068042
0.004848000000,0.000000,-0.089358
0.004850000000,0.000000,0.118621
0.004852000000,0.000000,-0.016118
0.004854000000,0.000000,0.163420
0.004856000000,0.000000,-0.001477
0.004858000000,0.000000,-0.003825
0.004860000000,0.000000,0.061867
0.004862000000,0.000000,-0.045291
0.004864000000,0.000000,0.010771
0.004866000000,0.000000,0.016938
0.004868000000,0.000000,0.186312
0.004870000000,0.000000,-0.036563
0.004872000000,0.000000,0.044799
0.004874000000,0.000000,0.172951
0.004876000000,0.000000,-0.066008
0.004878000000,0.000000,0.051153
0.004880000000,0.000000,0.135350
0.004882000000,0.000000,-0.064584
0.004884000000,0.000000,-0.078226
0.004886000000,0.000000,-0.176675
0.004888000000,0.000000,0.037875
0.004890000000,0.000000,0.028087
0.004892000000,0.000000,-0.187439
0.004894000000,0.000000,0.164282
0.004896000000,0.000000,-0.162952
0.004898000000,0.000000,-0.175702
0.004900000000,0.000000,-0.078991
0.004902000000,0.000000,0.094092
0.004904000000,0.000000,0.194792
0.004906000000,0.000000,0.064025
0.004908000000,0.000000,0.110625
0.004910000000,0.000000,0.035538
0.004912000000,0.000000,-0.074465
0.004914000000,0.000000,0.005533
0.004916000000,0.000000,0.202374
0.004918000000,0.000000,0.027932
0.004920000000,0.000000,-0.241696
0.004922000000,0.000000,0.105666
0.004924000000,0.000000,0.044234
0.004926000000,0.000000,-0.087773
0.004928000000,0.000000,-0.011371
0.004930000000,0.000000,-0.101768
0.004932000000,0.000000,0.023295
0.004934000000,0.000000,-0.177312
0.004936000000,0.000000,0.039899
0.004938000000,0.000000,0.053231
0.004940000000,0.000000,-0.233246
0.004942000000,0.000000,-0.133819
0.004944000000,0.000000,0.131659
0.004946000000,0.000000,0.211787
0.004948000000,0.000000,-0.071412
0.004950000000,0.000000,0.105657
0.004952000000,0.000000,-0.043921
0.004954000000,0.000000,-0.011175
0.004956000000,0.000000,-0.161544
0.004958000000,0.000000,0.040208
0.004960000000,0.000000,-0.016493
0.004962000000,0.000000,0.103842
0.004964000000,0.000000,-0.165903
0.004966000000,0.000000,0.237638
0.004968000000,0.000000,0.192522
0.004970000000,0.000000,-0.039189
0.004972000000,0.000000,0.190071
0.004974000000,0.000000,0.010240
0.004976000000,0.000000,0.221374
0.004978000000,0.000000,-0.198723
0.004980000000,0.000000,-0.069186
0.004982000000,0.000000,0.038022
0.004984000000,0.000000,0.105532
0.004986000000,0.000000,0.064553
0.004988000000,0.000000,-0.010074
0.004990000000,0.000000,-0.021379
0.004992000000,0.000000,0.040042
0.004994000000,0.000000,-0.113961
0.004996000000,0.000000,-0.097409
0.004998000000,0.000000,0.002409
0.005000000000,0.000000,0.106717
0.005002000000,0.000000,0.061450
0.005004000000,0.000000,0.130411
0.005006000000,0.000000,-0.105094
0.005008000000,0.000000,0.104566
0.005010000000,0.000000,-0.159794
0.005012000000,0.000000,-0.023839
0.005014000000,0.000000,0.004802
0.005016000000,0.000000,0.074982
0.005018000000,0.000000,-0.153336
0.005020000000,0.000000,0.083032
0.005022000000,0.000000,0.046817
0.005024000000,0.000000,-0.135645
0.005026000000,0.000000,0.070381
0.005028000000,0.000000,0.064089
0.005030000000,0.000000,-0.071937
0.005032000000,0.000000,-0.037008
0.005034000000,0.000000,-0.043652
0.005036000000,0.000000,-0.143943
0.005038000000,0.000000,-0.106497
0.005040000000,0.000000,-0.026280
0.005042000000,0.000000,-0.074486
0.005044000000,0.000000,-0.087402
0.005046000000,0.000000,0.108052
0.005048000000,0.000000,0.066058
0.005050000000,0.000000,0.116272
0.005052000000,0.000000,0.069194
0.005054000000,0.000000,-0.062019
0.005056000000,0.000000,0.047411
0.005058000000,0.000000,-0.093489
0.005060000000,0.000000,-0.111915
0.005062000000,0.000000,0.267235
0.005064000000,0.000000,0.157055
0.005066000000,0.000000,0.133664
0.005068000000,0.000000,0.059434
0.005070000000,0.000000,-0.048928
0.005072000000,0.000000,-0.010836
0.005074000000,0.000000,0.054666
0.005076000000,0.000000,0.027108
0.005078000000,0.000000,-0.021857
0.005080000000,0.000000,0.124541
0.005082000000,0.000000,0.046420
0.005084000000,0.000000,0.082138
0.005086000000,0.000000,0.153924
0.005088000000,0.000000,0.066838
0.005090000000,0.000000,0.016724
0.005092000000,0.000000,-0.231672
0.005094000000,0.000000,-0.082002
0.005096000000,0.000000,-0.090539
0.005098000000,0.000000,0.059290
0.005100000000,0.000000,0.084600
0.005102000000,0.000000,0.073535
0.005104000000,0.000000,0.189232
0.005106000000,0.000000,0.051923
0.005108000000,0.000000,0.108281
0.005110000000,0.000000,-0.144970
0.005112000000,0.000000,-0.117550
0.005114000000,0.000000,0.025030
0.005116000000,0.000000,-0.093284
0.005118000000,0.000000,-0.050806
0.005120000000,0.000000,-0.053102
0.005122000000,0.000000,0.028153
0.005124000000,0.000000,-0.053184
0.005126000000,0.000000,0.127319
0.005128000000,0.000000,0.087161
0.005130000000,0.000000,0.203558
0.005132000000,0.000000,-0.128933
0.005134000000,0.000000,-0.040782
0.005136000000,0.000000,-0.048037
0.005138000000,0.000000,-0.033147
0.005140000000,0.000000,0.089283
0.005142000000,0.000000,-0.169754
0.005144000000,0.000000,0.031570
0.005146000000,0.000000,-0.095842
0.005148000000,0.000000,-0.128311
0.005150000000,0.000000,-0.143467
0.005152000000,0.000000,0.054178
0.005154000000,0.000000,-0.322443
0.005156000000,0.000000,-0.078448
0.005158000000,0.000000,0.019831
0.005160000000,0.000000,-0.060884
0.005162000000,0.000000,-0.151597
0.005164000000,0.000000,-0.046117
0.005166000000,0.000000,-0.084971
0.005168000000,0.000000,0.154691
0.005170000000,0.000000,-0.121502
0.005172000000,0.000000,-0.079469
0.005174000000,0.000000,0.020768
0.005176000000,0.000000,-0.190980
0.005178000000,0.000000,0.042730
0.005180000000,0.000000,0.182601
0.005182000000,0.000000,-0.069272
0.005184000000,0.000000,0.037942
0.005186000000,0.000000,0.053958
0.005188000000,0.000000,-0.217559
0.005190000000,0.000000,-0.084391
0.005192000000,0.000000,0.073651
0.005194000000,0.000000,0.170918
0.005196000000,0.000000,-0.045353
0.005198000000,0.000000,-0.063293
0.005200000000,0.000000,0.028920
0.005202000000,0.000000,-0.052731
0.005204000000,0.000000,-0.003936
0.005206000000,0.000000,-0.022660
0.005208000000,0.000000,-0.202806
0.005210000000,0.000000,0.124500
0.005212000000,0.000000,0.044790
0.005214000000,0.000000,-0.009476
0.005216000000,0.000000,-0.091308
0.005218000000,0.000000,0.171359
0.005220000000,0.000000,-0.262288
0.005222000000,0.000000,0.059635
0.005224000000,0.000000,0.205707
0.005226000000,0.000000,0.071390
0.005228000000,0.000000,-0.123204
0.005230000000,0.000000,-0.033361
0.005232000000,0.000000,0.148745
0.005234000000,0.000000,0.023861
0.005236000000,0.000000,-0.009716
0.005238000000,0.000000,-0.089352
0.005240000000,0.000000,-0.075983
0.005242000000,0.000000,0.081781
0.005244000000,0.000000,0.081909
0.005246000000,0.000000,0.015909
0.005248000000,0.000000,0.005410
0.005250000000,0.000000,0.013488
0.005252000000,0.000000,-0.050858
0.005254000000,0.000000,0.071007
0.005256000000,0.000000,0.157633
0.005258000000,0.000000,-0.131083
0.005260000000,0.000000,-0.215400
0.005262000000,0.000000,0.205475
0.005264000000,0.000000,0.101758
0.005266000000,0.000000,-0.097989
0.005268000000,0.000000,-0.037523
0.005270000000,0.000000,0.119551
0.005272000000,0.000000,0.008203
0.005274000000,0.000000,-0.147910
0.005276000000,0.000000,0.036601
0.005278000000,0.000000,0.100956
0.005280000000,0.000000,-0.109228
0.005282000000,0.000000,-0.038400
0.005284000000,0.000000,0.009206
0.005286000000,0.000000,0.088877
0.005288000000,0.000000,-0.023091
0.005290000000,0.000000,0.024279
0.005292000000,0.000000,0.011231
0.005294000000,0.000000,0.035497
0.005296000000,0.000000,0.121865
0.005298000000,0.000000,0.036175
0.005300000000,0.000000,0.015080
0.005302000000,0.000000,0.029308
0.005304000000,0.000000,-0.012132
0.005306000000,0.000000,-0.133387
0.005308000000,0.000000,0.067040
0.005310000000,0.000000,0.161901
0.005312000000,0.000000,0.032139
0.005314000000,0.000000,0.002753
0.005316000000,0.000000,0.067442
0.005318000000,0.000000,-0.023764
0.005320000000,0.000000,-0.023950
0.005322000000,0.000000,-0.048288
0.005324000000,0.000000,0.087527
0.005326000000,0.000000,-0.040900
0.005328000000,0.000000,-0.036527
0.005330000000,0.000000,0.186191
0.005332000000,0.000000,0.056738
0.005334000000,0.000000,0.183232
0.005336000000,0.000000,-0.009509
0.005338000000,0.000000,0.151998
0.005340000000,0.000000,0.042156
0.005342000000,0.000000,0.018037
0.005344000000,0.000000,0.028140
0.005346000000,0.000000,0.152678
0.005348000000,0.000000,0.055826
0.005350000000,0.000000,-0.110889
0.005352000000,0.000000,0.021765
0.005354000000,0.000000,0.102156
0.005356000000,0.000000,-0.089705
0.005358000000,0.000000,-0.014522
0.005360000000,0.000000,0.044580
0.005362000000,0.000000,-0.002663
0.005364000000,0.000000,-0.252133
0.005366000000,0.000000,-0.001759
0.005368000000,0.000000,-0.121781
0.005370000000,0.000000,-0.137792
0.005372000000,0.000000,-0.124660
0.005374000000,0.000000,-0.012343
0.005376000000,0.000000,-0.048874
0.005378000000,0.000000,-0.045999
0.005380000000,0.000000,0.152804
0.005382000000,0.000000,-0.054900
0.005384000000,0.000000,-0.134300
0.005386000000,0.000000,-0.042585
0.005388000000,0.000000,-0.147636
0.005390000000,0.000000,0.081317
0.005392000000,0.000000,-0.176892
0.005394000000,0.000000,0.086264
0.005396000000,0.000000,0.028227
0.005398000000,0.000000,0.095416
0.005400000000,0.000000,0.024044
0.005402000000,0.000000,0.037287
0.005404000000,0.000000,-0.006668
0.005406000000,0.000000,-0.147307
0.005408000000,0.000000,0.178504
0.005410000000,0.000000,-0.084724
0.005412000000,0.000000,-0.083609
0.005414000000,0.000000,0.110442
0.005416000000,0.000000,0.019237
0.005418000000,0.000000,0.218647
0.005420000000,0.000000,-0.020872
0.005422000000,0.000000,-0.057951
0.005424000000,0.000000,0.175856
0.005426000000,0.000000,0.115352
0.005428000000,0.000000,0.006354
0.005430000000,0.000000,0.009848
0.005432000000,0.000000,-0.162710
0.005434000000,0.000000,0.158674
0.005436000000,0.000000,0.055051
0.005438000000,0.000000,-0.152451
0.005440000000,0.000000,-0.066202
0.005442000000,0.000000,0.066535
0.005444000000,0.000000,-0.137300
0.005446000000,0.000000,-0.098039
0.005448000000,0.000000,-0.085465
0.005450000000,0.000000,0.108049
0.005452000000,0.000000,0.066354
0.005454000000,0.000000,-0.036486
0.005456000000,0.000000,0.167456
0.005458000000,0.000000,-0.118814
0.005460000000,0.000000,-0.001443
0.005462000000,0.000000,-0.009998
0.005464000000,0.000000,0.004582
0.005466000000,0.000000,-0.015133
0.005468000000,0.000000,-0.110596
0.005470000000,0.000000,-0.063960
0.005472000000,0.000000,0.013153
0.005474000000,0.000000,0.123773
0.005476000000,0.000000,-0.027915
0.005478000000,0.000000,0.175531
0.005480000000,0.000000,0.132877
0.005482000000,0.000000,0.013125
0.005484000000,0.000000,-0.008280
0.005486000000,0.000000,0.033630
0.005488000000,0.000000,0.176458
0.005490000000,0.000000,0.275115
0.005492000000,0.000000,0.076294
0.005494000000,0.000000,0.090179
0.005496000000,0.000000,-0.073036
0.005498000000,0.000000,-0.006175
0.005500000000,0.000000,0.034663
0.005502000000,0.000000,0.067180
0.005504000000,0.000000,-0.027303
0.005506000000,0.000000,-0.015681
0.005508000000,0.000000,0.022798
0.005510000000,0.000000,-0.072562
0.005512000000,0.000000,0.047559
0.005514000000,0.000000,0.126228
0.005516000000,0.000000,-0.091082
0.005518000000,0.000000,-0.032210
0.005520000000,0.000000,-0.166278
0.005522000000,0.000000,0.131634
0.005524000000,0.000000,0.067821
0.005526000000,0.000000,-0.133906
0.005528000000,0.000000,0.004856
0.005530000000,0.000000,0.043325
0.005532000000,0.000000,-0.075929
0.005534000000,0.000000,0.069154
0.005536000000,0.000000,0.127427
0.005538000000,0.000000,0.010827
0.005540000000,0.000000,-0.169005
0.005542000000,0.000000,0.126743
0.005544000000,0.000000,-0.091578
0.005546000000,0.000000,0.131613
0.005548000000,0.000000,0.169440
0.005550000000,0.000000,0.035525
0.005552000000,0.000000,0.091596
0.005554000000,0.000000,0.142020
0.005556000000,0.000000,0.154755
0.005558000000,0.000000,0.054612
0.005560000000,0.000000,0.063590
0.005562000000,0.000000,-0.032231
0.005564000000,0.000000,0.022438
0.005566000000,0.000000,-0.188560
0.005568000000,0.000000,0.083565
0.005570000000,0.000000,-0.041415
0.005572000000,0.000000,-0.138258
0.005574000000,0.000000,-0.053023
0.005576000000,0.000000,-0.060102
0.005578000000,0.000000,0.066810
0.005580000000,0.000000,0.024229
0.005582000000,0.000000,0.099803
0.005584000000,0.000000,0.001801
0.005586000000,0.000000,-0.123139
0.005588000000,0.000000,-0.007972
0.005590000000,0.000000,-0.128218
0.005592000000,0.000000,0.033443
0.005594000000,0.000000,-0.054760
0.005596000000,0.000000,-0.018605
0.005598000000,0.000000,-0.000780
0.005600000000,0.000000,0.029843
0.005602000000,0.000000,-0.069770
0.005604000000,0.000000,0.039420
0.005606000000,0.000000,0.195048
0.005608000000,0.000000,-0.039013
0.005610000000,0.000000,-0.071722
0.005612000000,0.000000,-0.090311
0.005614000000,0.000000,-0.133306
0.005616000000,0.000000,-0.077071
0.005618000000,0.000000,-0.084287
0.005620000000,0.000000,0.130129
0.005622000000,0.000000,0.098520
0.005624000000,0.000000,0.021590
0.005626000000,0.000000,0.104402
0.005628000000,0.000000,0.052326
0.005630000000,0.000000,-0.062846
0.005632000000,0.000000,0.056876
0.005634000000,0.000000,0.153297
0.005636000000,0.000000,-0.152728
0.005638000000,0.000000,-0.120847
0.005640000000,0.000000,-0.019331
0.005642000000,0.000000,0.080065
0.005644000000,0.000000,-0.166147
0.005646000000,0.000000,-0.046459
0.005648000000,0.000000,-0.131269
0.005650000000,0.000000,-0.053924
0.005652000000,0.000000,0.075397
0.005654000000,0.000000,0.177770
0.005656000000,0.000000,0.000899
0.005658000000,0.000000,-0.040250
0.005660000000,0.000000,-0.015481
0.005662000000,0.000000,-0.111830
0.005664000000,0.000000,-0.238513
0.005666000000,0.000000,-0.145820
0.005668000000,0.000000,-0.105475
0.005670000000,0.000000,0.117592
0.005672000000,0.000000,-0.104858
0.005674000000,0.000000,-0.097942
0.005676000000,0.000000,-0.052437
0.005678000000,0.000000,-0.018247
0.005680000000,0.000000,-0.003006
0.005682000000,0.000000,-0.112312
0.005684000000,0.000000,-0.018559
0.005686000000,0.000000,0.035547
0.005688000000,0.000000,0.032149
0.005690000000,0.000000,0.191596
0.005692000000,0.000000,-0.065785
0.005694000000,0.000000,0.042710
0.005696000000,0.000000,-0.108987
0.005698000000,0.000000,-0.115110
0.005700000000,0.000000,-0.184986
0.005702000000,0.000000,0.037825
0.005704000000,0.000000,-0.107549
0.005706000000,0.000000,-0.037320
0.005708000000,0.000000,0.170926
0.005710000000,0.000000,-0.116465
0.005712000000,0.000000,0.051973
0.005714000000,0.000000,0.136925
0.005716000000,0.000000,0.029110
0.005718000000,0.000000,-0.168508
0.005720000000,0.000000,-0.099008
0.005722000000,0.000000,0.198405
0.005724000000,0.000000,-0.005624
0.005726000000,0.000000,0.138630
0.005728000000,0.000000,-0.005736
0.005730000000,0.000000,0.112661
0.005732000000,0.000000,-0.003572
0.005734000000,0.000000,-0.053501
0.005736000000,0.000000,-0.053014
0.005738000000,0.000000,-0.149242
0.005740000000,0.000000,-0.082555
0.005742000000,0.000000,0.115861
0.005744000000,0.000000,-0.040618
0.005746000000,0.000000,-0.017999
0.005748000000,0.000000,-0.002116
0.005750000000,0.000000,-0.043148
0.005752000000,0.000000,-0.048823
0.005754000000,0.000000,-0.062005
0.005756000000,0.000000,0.076589
0.005758000000,0.000000,-0.037080
0.005760000000,0.000000,0.030577
0.005762000000,0.000000,-0.031482
0.005764000000,0.000000,-0.046775
0.005766000000,0.000000,-0.057111
0.005768000000,0.000000,0.038332
0.005770000000,0.000000,-0.096019
0.005772000000,0.000000,-0.127192
0.005774000000,0.000000,0.107816
0.005776000000,0.000000,-0.163718
0.005778000000,0.000000,0.064443
0.005780000000,0.000000,-0.000217
0.005782000000,0.000000,-0.153811
0.005784000000,0.000000,0.112332
0.005786000000,0.000000,-0.051469
0.005788000000,0.000000,-0.137644
0.005790000000,0.000000,-0.140120
0.005792000000,0.000000,0.051955
0.005794000000,0.000000,0.142115
0.005796000000,0.000000,0.238464
0.005798000000,0.000000,-0.027458
0.005800000000,0.000000,-0.023051
0.005802000000,0.000000,-0.090572
0.005804000000,0.000000,0.219887
0.005806000000,0.000000,-0.006696
0.005808000000,0.000000,0.149858
0.005810000000,0.000000,0.024220
0.005812000000,0.000000,0.129142
0.005814000000,0.000000,-0.011445
0.005816000000,0.000000,0.055888
0.005818000000,0.000000,0.022061
0.005820000000,0.000000,-0.018529
0.005822000000,0.000000,-0.114404
0.005824000000,0.000000,0.015974
0.005826000000,0.000000,-0.014370
0.005828000000,0.000000,0.029574
0.005830000000,0.000000,0.109428
0.005832000000,0.000000,-0.053554
0.005834000000,0.000000,0.078287
0.005836000000,0.000000,-0.009666
0.005838000000,0.000000,0.037105
0.005840000000,0.000000,-0.092184
0.005842000000,0.000000,0.035761
0.005844000000,0.000000,-0.112663
0.005846000000,0.000000,-0.039012
0.005848000000,0.000000,0.065724
0.005850000000,0.000000,0.178961
0.005852000000,0.000000,0.060459
0.005854000000,0.000000,-0.167990
0.005856000000,0.000000,0.040091
0.005858000000,0.000000,0.078716
0.005860000000,0.000000,-0.077850
0.005862000000,0.000000,-0.025217
0.005864000000,0.000000,0.242162
0.005866000000,0.000000,0.021769
0.005868000000,0.000000,-0.171318
0.005870000000,0.000000,-0.054365
0.005872000000,0.000000,-0.193301
0.005874000000,0.000000,0.134362
0.005876000000,0.000000,-0.038298
0.005878000000,0.000000,-0.108299
0.005880000000,0.000000,0.173247
0.005882000000,0.000000,-0.038230
0.005884000000,0.000000,-0.094023
0.005886000000,0.000000,0.016938
0.005888000000,0.000000,0.035984
0.005890000000,0.000000,0.020713
0.005892000000,0.000000,0.034963
0.005894000000,0.000000,0.058734
0.005896000000,0.000000,0.130402
0.005898000000,0.000000,0.016685
0.005900000000,0.000000,0.112405
0.005902000000,0.000000,-0.020537
0.005904000000,0.000000,-0.014709
0.005906000000,0.000000,0.089255
0.005908000000,0.000000,-0.185075
0.005910000000,0.000000,-0.022594
0.005912000000,0.000000,0.115689
0.005914000000,0.000000,-0.005401
0.005916000000,0.000000,-0.169520
0.005918000000,0.000000,0.087728
0.005920000000,0.000000,0.151669
0.005922000000,0.000000,-0.165411
0.005924000000,0.000000,0.138252
0.005926000000,0.000000,0.247083
0.005928000000,0.000000,-0.081200
0.005930000000,0.000000,0.150980
0.005932000000,0.000000,-0.315773
0.005934000000,0.000000,0.057324
0.005936000000,0.000000,-0.088089
0.005938000000,0.000000,-0.022702
0.005940000000,0.000000,0.140029
0.005942000000,0.000000,-0.045426
0.005944000000,0.000000,0.008833
0.005946000000,0.000000,-0.073413
0.005948000000,0.000000,-0.105454
0.005950000000,0.000000,0.014420
0.005952000000,0.000000,-0.071915
0.005954000000,0.000000,0.173719
0.005956000000,0.000000,0.255060
0.005958000000,0.000000,0.027921
0.005960000000,0.000000,0.003788
0.005962000000,0.000000,0.021352
0.005964000000,0.000000,0.078965
0.005966000000,0.000000,0.050742
0.005968000000,0.000000,0.085137
0.005970000000,0.000000,0.022215
0.005972000000,0.000000,0.093521
0.005974000000,0.000000,-0.115850
0.005976000000,0.000000,0.033840
0.005978000000,0.000000,0.004859
0.005980000000,0.000000,-0.099012
0.005982000000,0.000000,0.075233
0.005984000000,0.000000,-0.073047
0.005986000000,0.000000,-0.036869
0.005988000000,0.000000,0.015217
0.005990000000,0.000000,0.100163
0.005992000000,0.000000,-0.176790
0.005994000000,0.000000,-0.039556
0.005996000000,0.000000,-0.024390
0.005998000000,0.000000,0.146072
0.006000000000,0.000000,-0.021600
0.006002000000,0.000000,-0.012234
0.006004000000,0.000000,0.079991
0.006006000000,0.000000,-0.127330
0.006008000000,0.000000,0.078557
0.006010000000,0.000000,0.144807
0.006012000000,0.000000,0.039611
0.006014000000,0.000000,0.222425
0.006016000000,0.000000,0.167539
0.006018000000,0.000000,0.045485
0.006020000000,0.000000,-0.232196
0.006022000000,0.000000,-0.083205
0.006024000000,0.000000,0.074443
0.006026000000,0.000000,-0.117752
0.006028000000,0.000000,-0.033090
0.006030000000,0.000000,-0.184169
0.006032000000,0.000000,0.017334
0.006034000000,0.000000,-0.002925
0.006036000000,0.000000,-0.179241
0.006038000000,0.000000,0.126292
0.006040000000,0.000000,0.019367
0.006042000000,0.000000,-0.033970
0.006044000000,0.000000,-0.008458
0.006046000000,0.000000,-0.085594
0.006048000000,0.000000,-0.153772
0.006050000000,0.000000,-0.049427
0.006052000000,0.000000,0.016916
0.006054000000,0.000000,0.040020
0.006056000000,0.000000,-0.013431
0.006058000000,0.000000,0.213710
0.006060000000,0.000000,0.019687
0.006062000000,0.000000,-0.137732
0.006064000000,0.000000,0.118192
0.006066000000,0.000000,-0.045487
0.006068000000,0.000000,0.019117
0.006070000000,0.000000,0.156895
0.006072000000,0.000000,0.036547
0.006074000000,0.000000,-0.147055
0.006076000000,0.000000,-0.087581
0.006078000000,0.000000,-0.114573
0.006080000000,0.000000,0.019992
0.006082000000,0.000000,-0.100699
0.006084000000,0.000000,-0.030686
0.006086000000,0.000000,-0.023785
0.006088000000,0.000000,0.079023
0.006090000000,0.000000,-0.076708
0.006092000000,0.000000,0.159722
0.006094000000,0.000000,0.041607
0.006096000000,0.000000,-0.118485
0.006098000000,0.000000,-0.046115
0.006100000000,0.000000,-0.055507
0.006102000000,0.000000,-0.220469
0.006104000000,0.000000,-0.112138
0.006106000000,0.000000,-0.078220
0.006108000000,0.000000,-0.003849
0.006110000000,0.000000,0.063022
0.006112000000,0.000000,-0.144128
0.006114000000,0.000000,-0.105155
0.006116000000,0.000000,0.044539
0.006118000000,0.000000,0.015477
0.006120000000,0.000000,-0.092695
0.006122000000,0.000000,0.064963
0.006124000000,0.000000,-0.167492
0.006126000000,0.000000,-0.029461
0.006128000000,0.000000,0.103650
0.006130000000,0.000000,0.133107
0.006132000000,0.000000,-0.042350
0.006134000000,0.000000,0.000470
0.006136000000,0.000000,0.060139
0.006138000000,0.000000,0.110345
0.006140000000,0.000000,0.065512
0.006142000000,0.000000,-0.059069
0.006144000000,0.000000,-0.126343
0.006146000000,0.000000,0.040873
0.006148000000,0.000000,0.081182
0.006150000000,0.000000,0.127339
0.006152000000,0.000000,-0.198238
0.006154000000,0.000000,-0.051832
0.006156000000,0.000000,-0.054567
0.006158000000,0.000000,0.050293
0.006160000000,0.000000,-0.088797
0.006162000000,0.000000,-0.196003
0.006164000000,0.000000,-0.101770
0.006166000000,0.000000,0.015498
0.006168000000,0.000000,0.022062
0.006170000000,0.000000,0.007761
0.006172000000,0.000000,-0.181528
0.006174000000,0.000000,-0.274083
0.006176000000,0.000000,0.033958
0.006178000000,0.000000,0.025046
0.006180000000,0.000000,0.026299
0.006182000000,0.000000,0.087877
0.006184000000,0.000000,0.134194
0.006186000000,0.000000,0.021757
0.006188000000,0.000000,-0.122462
0.006190000000,0.000000,0.033633
0.006192000000,0.000000,-0.074114
0.006194000000,0.000000,0.018429
0.006196000000,0.000000,0.025305
0.006198000000,0.000000,0.022063
0.006200000000,0.000000,0.047374
0.006202000000,0.000000,-0.126714
0.006204000000,0.000000,-0.130446
0.006206000000,0.000000,0.005998
0.006208000000,0.000000,-0.098781
0.006210000000,0.000000,0.062358
0.006212000000,0.000000,-0.060889
0.006214000000,0.000000,0.072229
0.006216000000,0.000000,-0.061664
0.006218000000,0.000000,0.048688
0.006220000000,0.000000,-0.071666
0.006222000000,0.000000,-0.206245
0.006224000000,0.000000,-0.021562
0.006226000000,0.000000,0.007867
0.006228000000,0.000000,0.162430
0.006230000000,0.000000,0.032810
0.006232000000,0.000000,-0.099708
0.006234000000,0.000000,-0.237171
0.006236000000,0.000000,0.037850
0.006238000000,0.000000,0.119466
0.006240000000,0.000000,0.045212
0.006242000000,0.000000,-0.047426
0.006244000000,0.000000,-0.105408
0.006246000000,0.000000,-0.118712
0.006248000000,0.000000,0.165480
0.006250000000,0.000000,-0.053220
0.006252000000,0.000000,0.041076
0.006254000000,0.000000,0.011594
0.006256000000,0.000000,0.093017
0.006258000000,0.000000,0.019515
0.006260000000,0.000000,-0.101073
0.006262000000,0.000000,-0.137509
0.006264000000,0.000000,0.092618
0.006266000000,0.000000,0.026726
0.006268000000,0.000000,-0.072587
0.006270000000,0.000000,-0.191919
0.006272000000,0.000000,0.074251
0.006274000000,0.000000,-0.142509
0.006276000000,0.000000,-0.244808
0.006278000000,0.000000,0.081783
0.006280000000,0.000000,-0.021292
0.006282000000,0.000000,-0.031484
0.006284000000,0.000000,0.133816
0.006286000000,0.000000,0.066484
0.006288000000,0.000000,-0.062717
0.006290000000,0.000000,0.069264
0.006292000000,0.000000,-0.039502
0.006294000000,0.000000,-0.083668
0.006296000000,0.000000,0.022496
0.006298000000,0.000000,-0.073183
0.006300000000,0.000000,0.108532
0.006302000000,0.000000,0.215815
0.006304000000,0.000000,0.025212
0.006306000000,0.000000,0.079126
0.006308000000,0.000000,0.040140
0.006310000000,0.000000,-0.267496
0.006312000000,0.000000,-0.101908
0.006314000000,0.000000,-0.114685
0.006316000000,0.000000,-0.213358
0.006318000000,0.000000,0.020826
0.006320000000,0.000000,0.042314
0.006322000000,0.000000,-0.086065
0.006324000000,0.000000,-0.021320
0.006326000000,0.000000,-0.023532
0.006328000000,0.000000,0.058401
0.006330000000,0.000000,-0.081195
0.006332000000,0.000000,-0.192208
0.006334000000,0.000000,-0.008559
0.006336000000,0.000000,-0.070216
0.006338000000,0.000000,-0.029558
0.006340000000,0.000000,0.076637
0.006342000000,0.000000,0.358312
0.006344000000,0.000000,0.002753
0.006346000000,0.000000,0.106500
0.006348000000,0.000000,-0.014179
0.006350000000,0.000000,0.220893
0.006352000000,0.000000,-0.028374
0.006354000000,0.000000,0.033843
0.006356000000,0.000000,0.049784
0.006358000000,0.000000,-0.010912
0.006360000000,0.000000,-0.055188
0.006362000000,0.000000,-0.081613
0.006364000000,0.000000,-0.011876
0.006366000000,0.000000,-0.042536
0.006368000000,0.000000,0.053344
0.006370000000,0.000000,0.002565
0.006372000000,0.000000,-0.113504
0.006374000000,0.000000,0.041477
0.006376000000,0.000000,-0.022670
0.006378000000,0.000000,-0.101608
0.006380000000,0.000000,-0.084826
0.006382000000,0.000000,-0.042663
0.006384000000,0.000000,0.038385
0.006386000000,0.000000,-0.213768
0.006388000000,0.000000,0.059001
0.006390000000,0.000000,-0.030841
0.006392000000,0.000000,-0.028030
0.006394000000,0.000000,0.101801
0.006396000000,0.000000,-0.028248
0.006398000000,0.000000,0.191271
0.006400000000,0.000000,-0.111627
0.006402000000,0.000000,0.192550
0.006404000000,0.000000,-0.077664
0.006406000000,0.000000,0.026961
0.006408000000,0.000000,-0.007409
0.006410000000,0.000000,0.023233
0.006412000000,0.000000,-0.022598
0.006414000000,0.000000,0.039725
0.006416000000,0.000000,0.012982
0.006418000000,0.000000,0.007569
0.006420000000,0.000000,-0.139231
0.006422000000,0.000000,-0.057717
0.006424000000,0.000000,-0.050093
0.006426000000,0.000000,0.026982
0.006428000000,0.000000,-0.056068
0.006430000000,0.000000,0.054859
0.006432000000,0.000000,-0.049687
0.006434000000,0.000000,-0.074017
0.006436000000,0.000000,-0.016825
0.006438000000,0.000000,0.193235
0.006440000000,0.000000,-0.168907
0.006442000000,0.000000,-0.046073
0.006444000000,0.000000,0.013892
0.006446000000,0.000000,-0.006332
0.006448000000,0.000000,0.046652
0.006450000000,0.000000,0.017233
0.006452000000,0.000000,-0.065506
0.006454000000,0.000000,0.023715
0.006456000000,0.000000,-0.063778
0.006458000000,0.000000,0.130897
0.006460000000,0.000000,-0.037581
0.006462000000,0.000000,-0.021001
0.006464000000,0.000000,0.096458
0.006466000000,0.000000,-0.064523
0.006468000000,0.000000,-0.082629
0.006470000000,0.000000,0.159793
0.006472000000,0.000000,0.090684
0.006474000000,0.000000,-0.084501
0.006476000000,0.000000,-0.085962
0.006478000000,0.000000,0.174116
0.006480000000,0.000000,-0.166430
0.006482000000,0.000000,-0.004745
0.006484000000,0.000000,-0.018472
0.006486000000,0.000000,0.215310
0.006488000000,0.000000,-0.232906
0.006490000000,0.000000,-0.059146
0.006492000000,0.000000,0.183286
0.006494000000,0.000000,-0.122317
0.006496000000,0.000000,0.146251
0.006498000000,0.000000,0.236837
0.006500000000,0.000000,0.000848
0.006502000000,0.000000,-0.023990
0.006504000000,0.000000,0.167372
0.006506000000,0.000000,-0.012575
0.006508000000,0.000000,-0.034472
0.006510000000,0.000000,-0.053552
0.006512000000,0.000000,-0.043205
0.006514000000,0.000000,0.017998
0.006516000000,0.000000,0.048570
0.006518000000,0.000000,0.218657
0.006520000000,0.000000,-0.004405
0.006522000000,0.000000,-0.010144
0.006524000000,0.000000,-0.237084
0.006526000000,0.000000,0.086445
0.006528000000,0.000000,-0.049562
0.006530000000,0.000000,-0.166634
0.006532000000,0.000000,-0.071413
0.006534000000,0.000000,-0.029075
0.006536000000,0.000000,-0.117393
0.006538000000,0.000000,-0.052876
0.006540000000,0.000000,0.006104
0.006542000000,0.000000,-0.115965
0.006544000000,0.000000,0.048901
0.006546000000,0.000000,-0.133339
0.006548000000,0.000000,-0.011939
0.006550000000,0.000000,-0.190467
0.006552000000,0.000000,-0.016913
0.006554000000,0.000000,0.048126
0.006556000000,0.000000,0.192779
0.006558000000,0.000000,0.116672
0.006560000000,0.000000,-0.039981
0.006562000000,0.000000,-0.127057
0.006564000000,0.000000,0.095337
0.006566000000,0.000000,0.094847
0.006568000000,0.000000,0.061866
0.006570000000,0.000000,0.158417
0.006572000000,0.000000,0.006733
0.006574000000,0.000000,-0.037074
0.006576000000,0.000000,0.054158
0.006578000000,0.000000,0.197592
0.006580000000,0.000000,-0.056709
0.006582000000,0.000000,0.166722
0.006584000000,0.000000,-0.175622
0.006586000000,0.000000,-0.092142
0.006588000000,0.000000,-0.011878
0.006590000000,0.000000,-0.000553
0.006592000000,0.000000,0.053995
0.006594000000,0.000000,0.038638
0.006596000000,0.000000,-0.125121
0.006598000000,0.000000,0.021908
0.006600000000,0.000000,-0.078273
0.006602000000,0.000000,0.066566
0.006604000000,0.000000,-0.081859
0.006606000000,0.000000,0.013602
0.006608000000,0.000000,-0.037240
0.006610000000,0.000000,0.080550
0.006612000000,0.000000,-0.121247
0.006614000000,0.000000,-0.039681
0.006616000000,0.000000,0.168885
0.006618000000,0.000000,0.016231
0.006620000000,0.000000,0.307665
0.006622000000,0.000000,-0.012539
0.006624000000,0.000000,0.188652
0.006626000000,0.000000,-0.029767
0.006628000000,0.000000,-0.123248
0.006630000000,0.000000,-0.032995
0.006632000000,0.000000,0.073778
0.006634000000,0.000000,0.212619
0.006636000000,0.000000,-0.025953
0.006638000000,0.000000,0.084114
0.006640000000,0.000000,0.034927
0.006642000000,0.000000,0.001424
0.006644000000,0.000000,-0.018124
0.006646000000,0.000000,-0.018198
0.006648000000,0.000000,-0.135925
0.006650000000,0.000000,0.048989
0.006652000000,0.000000,-0.103261
0.006654000000,0.000000,-0.130255
0.006656000000,0.000000,0.077740
0.006658000000,0.000000,-0.138868
0.006660000000,0.000000,-0.054093
0.006662000000,0.000000,-0.046212
0.006664000000,0.000000,-0.014273
0.006666000000,0.000000,0.036982
0.006668000000,0.000000,0.122880
0.006670000000,0.000000,-0.075183
0.006672000000,0.000000,0.012542
0.006674000000,0.000000,0.030827
0.006676000000,0.000000,-0.071059
0.006678000000,0.000000,-0.038505
0.006680000000,0.000000,-0.134388
0.006682000000,0.000000,0.001877
0.006684000000,0.000000,0.000610
0.006686000000,0.000000,0.023297
0.006688000000,0.000000,0.079881
0.006690000000,0.000000,0.060795
0.006692000000,0.000000,0.041640
0.006694000000,0.000000,-0.017505
0.006696000000,0.000000,-0.032983
0.006698000000,0.000000,0.019417
0.006700000000,0.000000,-0.033251
0.006702000000,0.000000,-0.118688
0.006704000000,0.000000,0.033865
0.006706000000,0.000000,-0.120042
0.006708000000,0.000000,-0.255301
0.006710000000,0.000000,0.097548
0.006712000000,0.000000,0.181099
0.006714000000,0.000000,-0.074746
0.006716000000,0.000000,-0.005696
0.006718000000,0.000000,-0.069265
0.006720000000,0.000000,0.009872
0.006722000000,0.000000,0.008070
0.006724000000,0.000000,-0.113081
0.006726000000,0.000000,0.086552
0.006728000000,0.000000,-0.106963
0.006730000000,0.000000,-0.008364
0.006732000000,0.000000,-0.115005
0.006734000000,0.000000,0.268751
0.006736000000,0.000000,0.026467
0.006738000000,0.000000,-0.112689
0.006740000000,0.000000,0.024064
0.006742000000,0.000000,0.085810
0.006744000000,0.000000,0.014130
0.006746000000,0.000000,-0.038335
0.006748000000,0.000000,0.202900
0.006750000000,0.000000,-0.109623
0.006752000000,0.000000,-0.039890
0.006754000000,0.000000,-0.096229
0.006756000000,0.000000,0.139243
0.006758000000,0.000000,0.107727
0.006760000000,0.000000,-0.088175
0.006762000000,0.000000,0.012742
0.006764000000,0.000000,0.094701
0.006766000000,0.000000,-0.070804
0.006768000000,0.000000,0.065811
0.006770000000,0.000000,0.080270
0.006772000000,0.000000,0.189049
0.006774000000,0.000000,0.233020
0.006776000000,0.000000,-0.049528
0.006778000000,0.000000,0.088219
0.006780000000,0.000000,-0.119019
0.006782000000,0.000000,0.074077
0.006784000000,0.000000,0.029968
0.006786000000,0.000000,0.128419
0.006788000000,0.000000,0.108445
0.006790000000,0.000000,-0.036088
0.006792000000,0.000000,-0.003111
0.006794000000,0.000000,-0.118773
0.006796000000,0.000000,-0.081561
0.006798000000,0.000000,0.022100
0.006800000000,0.000000,0.251632
0.006802000000,0.000000,0.002554
0.006804000000,0.000000,-0.060638
0.006806000000,0.000000,0.046757
0.006808000000,0.000000,-0.041777
0.006810000000,0.000000,-0.068831
0.006812000000,0.000000,0.049521
0.006814000000,0.000000,-0.117103
0.006816000000,0.000000,0.057432
0.006818000000,0.000000,0.169797
0.006820000000,0.000000,-0.005080
0.006822000000,0.000000,0.150891
0.006824000000,0.000000,-0.042172
0.006826000000,0.000000,0.162676
0.006828000000,0.000000,0.080352
0.006830000000,0.000000,-0.133764
0.006832000000,0.000000,-0.031791
0.006834000000,0.000000,-0.074277
0.006836000000,0.000000,-0.263255
0.006838000000,0.000000,0.000722
0.006840000000,0.000000,-0.103059
0.006842000000,0.000000,-0.077317
0.006844000000,0.000000,0.160736
0.006846000000,0.000000,0.074845
0.006848000000,0.000000,0.103822
0.006850000000,0.000000,-0.191649
0.006852000000,0.000000,0.043695
0.006854000000,0.000000,0.016550
0.006856000000,0.000000,0.038847
0.006858000000,0.000000,-0.155828
0.006860000000,0.000000,0.202925
0.006862000000,0.000000,0.115830
0.006864000000,0.000000,0.032109
0.006866000000,0.000000,-0.057533
0.006868000000,0.000000,0.139467
0.006870000000,0.000000,0.042094
0.006872000000,0.000000,0.059329
0.006874000000,0.000000,0.000791
0.006876000000,0.000000,-0.030538
0.006878000000,0.000000,-0.142964
0.006880000000,0.000000,0.052080
0.006882000000,0.000000,-0.173166
0.006884000000,0.000000,-0.037324
0.006886000000,0.000000,0.083972
0.006888000000,0.000000,-0.015901
0.006890000000,0.000000,0.221232
0.006892000000,0.000000,-0.025320
0.006894000000,0.000000,-0.027528
0.006896000000,0.000000,-0.055933
0.006898000000,0.000000,0.274480
0.006900000000,0.000000,-0.172340
0.006902000000,0.000000,-0.131051
0.006904000000,0.000000,-0.068644
0.006906000000,0.000000,0.201232
0.006908000000,0.000000,0.063705
0.006910000000,0.000000,0.025336
0.006912000000,0.000000,0.070425
0.006914000000,0.000000,-0.032753
0.006916000000,0.000000,0.087843
0.006918000000,0.000000,-0.044864
0.006920000000,0.000000,-0.072646
0.006922000000,0.000000,0.117286
0.006924000000,0.000000,0.022708
0.006926000000,0.000000,0.046025
0.006928000000,0.000000,0.094830
0.006930000000,0.000000,-0.147251
0.006932000000,0.000000,0.032385
0.006934000000,0.000000,0.085795
0.006936000000,0.000000,-0.039290
0.006938000000,0.000000,-0.199097
0.006940000000,0.000000,0.194869
0.006942000000,0.000000,0.084070
0.006944000000,0.000000,-0.108578
0.006946000000,0.000000,0.070854
0.006948000000,0.000000,0.031440
0.006950000000,0.000000,-0.086296
0.006952000000,0.000000,-0.024375
0.006954000000,0.000000,0.029238
0.006956000000,0.000000,-0.073274
0.006958000000,0.000000,-0.049496
0.006960000000,0.000000,-0.113606
0.006962000000,0.000000,0.081459
0.006964000000,0.000000,-0.030315
0.006966000000,0.000000,-0.051659
0.006968000000,0.000000,0.244784
0.006970000000,0.000000,0.021698
0.006972000000,0.000000,-0.152306
0.006974000000,0.000000,0.092452
0.006976000000,0.000000,0.017482
0.006978000000,0.000000,0.016854
0.006980000000,0.000000,0.032833
0.006982000000,0.000000,-0.126745
0.006984000000,0.000000,0.015872
0.006986000000,0.000000,0.136578
0.006988000000,0.000000,0.065451
0.006990000000,0.000000,-0.034610
0.006992000000,0.000000,0.059402
0.006994000000,0.000000,-0.081324
0.006996000000,0.000000,0.079091
0.006998000000,0.000000,0.037436
0.007000000000,0.000000,-0.159457
0.007002000000,0.000000,0.009390
0.007004000000,0.000000,0.025864
0.007006000000,0.000000,0.049532
0.007008000000,0.000000,-0.006281
0.007010000000,0.000000,0.071852
0.007012000000,0.000000,0.145770
0.007014000000,0.000000,-0.110825
0.007016000000,0.000000,-0.086797
0.007018000000,0.000000,0.201019
0.007020000000,0.000000,-0.031217
0.007022000000,0.000000,-0.004278
0.007024000000,0.000000,0.197519
0.007026000000,0.000000,-0.017273
0.007028000000,0.000000,0.019665
0.007030000000,0.000000,-0.024566
0.007032000000,0.000000,-0.102242
0.007034000000,0.000000,0.080034
0.007036000000,0.000000,0.026946
0.007038000000,0.000000,-0.025835
0.007040000000,0.000000,0.225345
0.007042000000,0.000000,-0.073175
0.007044000000,0.000000,-0.068818
0.007046000000,0.000000,0.018179
0.007048000000,0.000000,0.033625
0.007050000000,0.000000,-0.012481
0.007052000000,0.000000,0.018568
0.007054000000,0.000000,-0.125691
0.007056000000,0.000000,0.012272
0.007058000000,0.000000,-0.003959
0.007060000000,0.000000,0.036317
0.007062000000,0.000000,0.123899
0.007064000000,0.000000,-0.004696
0.007066000000,0.000000,-0.020420
0.007068000000,0.000000,0.137069
0.007070000000,0.000000,-0.080074
0.007072000000,0.000000,-0.033186
0.007074000000,0.000000,-0.084370
0.007076000000,0.000000,-0.145940
0.007078000000,0.000000,-0.055241
0.007080000000,0.000000,0.243699
0.007082000000,0.000000,0.055092
0.007084000000,0.000000,-0.004784
0.007086000000,0.000000,-0.048819
0.007088000000,0.000000,0.074147
0.007090000000,0.000000,-0.111095
0.007092000000,0.000000,-0.022919
0.007094000000,0.000000,0.175391
0.007096000000,0.000000,-0.173806
0.007098000000,0.000000,0.029208
0.007100000000,0.000000,0.209456
0.007102000000,0.000000,0.036898
0.007104000000,0.000000,0.030798
0.007106000000,0.000000,0.177126
0.007108000000,0.000000,0.062396
0.007110000000,0.000000,-0.063620
0.007112000000,0.000000,-0.051759
0.007114000000,0.000000,-0.159288
0.007116000000,0.000000,0.043267
0.007118000000,0.000000,0.000188
0.007120000000,0.000000,0.189781
0.007122000000,0.000000,0.100857
0.007124000000,0.000000,0.077722
0.007126000000,0.000000,0.177396
0.007128000000,0.000000,0.225931
0.007130000000,0.000000,0.037319
0.007132000000,0.000000,0.033717
0.007134000000,0.000000,-0.111478
0.007136000000,0.000000,0.028354
0.007138000000,0.000000,-0.091608
0.007140000000,0.000000,-0.091097
0.007142000000,0.000000,0.148109
0.007144000000,0.000000,-0.004779
0.007146000000,0.000000,0.081893
0.007148000000,0.000000,-0.005418
0.007150000000,0.000000,-0.003509
0.007152000000,0.000000,-0.224910
0.007154000000,0.000000,-0.085419
0.007156000000,0.000000,-0.042273
0.007158000000,0.000000,-0.053464
0.007160000000,0.000000,-0.160766
0.007162000000,0.000000,0.069207
0.007164000000,0.000000,-0.001716
0.007166000000,0.000000,-0.080705
0.007168000000,0.000000,-0.077282
0.007170000000,0.000000,-0.094048
0.007172000000,0.000000,-0.027530
0.007174000000,0.000000,-0.040950
0.007176000000,0.000000,0.078746
0.007178000000,0.000000,0.048253
0.007180000000,0.000000,-0.103066
0.007182000000,0.000000,-0.005480
0.007184000000,0.000000,-0.128888
0.007186000000,0.000000,-0.006829
0.007188000000,0.000000,0.024870
0.007190000000,0.000000,-0.205377
0.007192000000,0.000000,0.059678
0.007194000000,0.000000,0.108993
0.007196000000,0.000000,0.049930
0.007198000000,0.000000,0.087305
0.007200000000,0.000000,0.126746
0.007202000000,0.000000,-0.020287
0.007204000000,0.000000,-0.019370
0.007206000000,0.000000,-0.212393
0.007208000000,0.000000,-0.032663
0.007210000000,0.000000,0.009938
0.007212000000,0.000000,-0.097787
0.007214000000,0.000000,-0.016275
0.007216000000,0.000000,-0.049200
0.007218000000,0.000000,-0.099894
0.007220000000,0.000000,-0.131160
0.007222000000,0.000000,0.010340
0.007224000000,0.000000,-0.189636
0.007226000000,0.000000,0.023450
0.007228000000,0.000000,-0.051085
0.007230000000,0.000000,-0.118037
0.007232000000,0.000000,0.155559
0.007234000000,0.000000,0.132775
0.007236000000,0.000000,0.044538
0.007238000000,0.000000,0.134420
0.007240000000,0.000000,0.006162
0.007242000000,0.000000,-0.178179
0.007244000000,0.000000,0.060587
0.007246000000,0.000000,-0.024619
0.007248000000,0.000000,-0.008899
0.007250000000,0.000000,-0.011956
0.007252000000,0.000000,0.041862
0.007254000000,0.000000,-0.302296
0.007256000000,0.000000,-0.089719
0.007258000000,0.000000,0.186603
0.007260000000,0.000000,0.003160
0.007262000000,0.000000,-0.017794
0.007264000000,0.000000,0.052523
0.007266000000,0.000000,-0.174919
0.007268000000,0.000000,-0.075475
0.007270000000,0.000000,-0.253453
0.007272000000,0.000000,0.024129
0.007274000000,0.000000,-0.042795
0.007276000000,0.000000,0.181655
0.007278000000,0.000000,-0.242484
0.007280000000,0.000000,-0.040047
0.007282000000,0.000000,-0.040797
0.007284000000,0.000000,-0.041061
0.007286000000,0.000000,0.089711
0.007288000000,0.000000,-0.056441
0.007290000000,0.000000,-0.007517
0.007292000000,0.000000,0.147214
0.007294000000,0.000000,-0.127909
0.007296000000,0.000000,0.100552
0.007298000000,0.000000,-0.094791
0.007300000000,0.000000,0.135404
0.007302000000,0.000000,0.002140
0.007304000000,0.000000,-0.000358
0.007306000000,0.000000,0.047772
0.007308000000,0.000000,-0.223264
0.007310000000,0.000000,-0.020589
0.007312000000,0.000000,0.178835
0.007314000000,0.000000,-0.154615
0.007316000000,0.000000,-0.008552
0.007318000000,0.000000,0.050741
0.007320000000,0.000000,0.000356
0.007322000000,0.000000,0.151431
0.007324000000,0.000000,0.093548
0.007326000000,0.000000,0.161316
0.007328000000,0.000000,0.052512
0.007330000000,0.000000,0.172881
0.007332000000,0.000000,0.073437
0.007334000000,0.000000,-0.087560
0.007336000000,0.000000,-0.032391
0.007338000000,0.000000,0.004588
0.007340000000,0.000000,-0.049172
0.007342000000,0.000000,0.119396
0.007344000000,0.000000,-0.060572
0.007346000000,0.000000,-0.093633
0.007348000000,0.000000,-0.058054
0.007350000000,0.000000,-0.039057
0.007352000000,0.000000,-0.086371
0.007354000000,0.000000,-0.071839
0.007356000000,0.000000,-0.157609
0.007358000000,0.000000,0.100077
0.007360000000,0.000000,0.183305
0.007362000000,0.000000,-0.118423
0.007364000000,0.000000,0.026155
0.007366000000,0.000000,-0.003659
0.007368000000,0.000000,0.163222
0.007370000000,0.000000,-0.099879
0.007372000000,0.000000,0.014538
0.007374000000,0.000000,0.090189
0.007376000000,0.000000,0.149120
0.007378000000,0.000000,-0.092723
0.007380000000,0.000000,-0.051177
0.007382000000,0.000000,-0.011236
0.007384000000,0.000000,0.204230
0.007386000000,0.000000,0.021582
0.007388000000,0.000000,-0.038005
0.007390000000,0.000000,0.052822
0.007392000000,0.000000,-0.002443
0.007394000000,0.000000,0.150748
0.007396000000,0.000000,-0.058598
0.007398000000,0.000000,-0.051380
0.007400000000,0.000000,-0.098145
0.007402000000,0.000000,-0.117531
0.007404000000,0.000000,-0.194735
0.007406000000,0.000000,-0.030989
0.007408000000,0.000000,-0.054824
0.007410000000,0.000000,0.009953
0.007412000000,0.000000,-0.171301
0.007414000000,0.000000,0.050313
0.007416000000,0.000000,0.064673
0.007418000000,0.000000,-0.104189
0.007420000000,0.000000,0.006470
0.007422000000,0.000000,0.127570
0.007424000000,0.000000,-0.020216
0.007426000000,0.000000,0.111049
0.007428000000,0.000000,-0.065935
0.007430000000,0.000000,0.072179
0.007432000000,0.000000,0.180832
0.007434000000,0.000000,0.146822
0.007436000000,0.000000,0.022122
0.007438000000,0.000000,0.169824
0.007440000000,0.000000,-0.124731
0.007442000000,0.000000,-0.056185
0.007444000000,0.000000,-0.047599
0.007446000000,0.000000,0.020899
0.007448000000,0.000000,-0.006203
0.007450000000,0.000000,-0.058616
0.007452000000,0.000000,0.106807
0.007454000000,0.000000,-0.093526
0.007456000000,0.000000,-0.149499
0.007458000000,0.000000,0.164740
0.007460000000,0.000000,-0.066061
0.007462000000,0.000000,0.161736
0.007464000000,0.000000,0.032390
0.007466000000,0.000000,-0.110270
0.007468000000,0.000000,-0.032777
0.007470000000,0.000000,-0.138664
0.007472000000,0.000000,0.181596
0.007474000000,0.000000,0.019140
0.007476000000,0.000000,-0.146308
0.007478000000,0.000000,0.110653
0.007480000000,0.000000,-0.007603
0.007482000000,0.000000,0.154457
0.007484000000,0.000000,0.287418
0.007486000000,0.000000,-0.093424
0.007488000000,0.000000,0.021786
0.007490000000,0.000000,0.049897
0.007492000000,0.000000,0.102395
0.007494000000,0.000000,-0.092158
0.007496000000,0.000000,-0.038124
0.007498000000,0.000000,0.020504
0.007500000000,0.000000,-0.053060
0.007502000000,0.000000,0.140842
0.007504000000,0.000000,0.086501
0.007506000000,0.000000,0.035525
0.007508000000,0.000000,0.081329
0.007510000000,0.000000,-0.032617
0.007512000000,0.000000,-0.098575
0.007514000000,0.000000,-0.106427
0.007516000000,0.000000,0.074313
0.007518000000,0.000000,0.044437
0.007520000000,0.000000,0.029985
0.007522000000,0.000000,-0.154956
0.007524000000,0.000000,-0.022553
0.007526000000,0.000000,0.113427
0.007528000000,0.000000,-0.120458
0.007530000000,0.000000,-0.029107
0.007532000000,0.000000,-0.053721
0.007534000000,0.000000,0.085212
0.007536000000,0.000000,0.014804
0.007538000000,0.000000,0.021680
0.007540000000,0.000000,-0.054547
0.007542000000,0.000000,0.019380
0.007544000000,0.000000,0.027777
0.007546000000,0.000000,0.130965
0.007548000000,0.000000,-0.100537
0.007550000000,0.000000,-0.007372
0.007552000000,0.000000,-0.166319
0.007554000000,0.000000,0.018561
0.007556000000,0.000000,-0.033200
0.007558000000,0.000000,-0.023483
0.007560000000,0.000000,0.093523
0.007562000000,0.000000,-0.001848
0.007564000000,0.000000,0.000644
0.007566000000,0.000000,0.059730
0.007568000000,0.000000,0.332993
0.007570000000,0.000000,-0.014044
0.007572000000,0.000000,0.088405
0.007574000000,0.000000,-0.066780
0.007576000000,0.000000,-0.069307
0.007578000000,0.000000,0.127929
0.007580000000,0.000000,0.032695
0.007582000000,0.000000,-0.180552
0.007584000000,0.000000,-0.113792
0.007586000000,0.000000,0.113268
0.007588000000,0.000000,-0.105060
0.007590000000,0.000000,0.092325
0.007592000000,0.000000,0.115840
0.007594000000,0.000000,-0.090477
0.007596000000,0.000000,0.171314
0.007598000000,0.000000,-0.039349
0.007600000000,0.000000,0.055272
0.007602000000,0.000000,0.149398
0.007604000000,0.000000,0.072094
0.007606000000,0.000000,-0.027125
0.007608000000,0.000000,-0.047093
0.007610000000,0.000000,-0.024477
0.007612000000,0.000000,0.020786
0.007614000000,0.000000,0.013514
0.007616000000,0.000000,-0.004779
0.007618000000,0.000000,0.011781
0.007620000000,0.000000,0.000999
0.007622000000,0.000000,0.106796
0.007624000000,0.000000,-0.182967
0.007626000000,0.000000,-0.009490
0.007628000000,0.000000,0.187898
0.007630000000,0.000000,0.042916
0.007632000000,0.000000,0.001350
0.007634000000,0.000000,0.079097
0.007636000000,0.000000,-0.137506
0.007638000000,0.000000,-0.016096
0.007640000000,0.000000,-0.014752
0.007642000000,0.000000,0.085392
0.007644000000,0.000000,-0.113046
0.007646000000,0.000000,0.004639
0.007648000000,0.000000,0.107153
0.007650000000,0.000000,-0.139050
0.007652000000,0.000000,0.076691
0.007654000000,0.000000,0.106383
0.007656000000,0.000000,0.106946
0.007658000000,0.000000,-0.030148
0.007660000000,0.000000,-0.181869
0.007662000000,0.000000,0.008836
0.007664000000,0.000000,0.152986
0.007666000000,0.000000,-0.018230
0.007668000000,0.000000,-0.067701
0.007670000000,0.000000,-0.080529
0.007672000000,0.000000,-0.012587
0.007674000000,0.000000,-0.022511
0.007676000000,0.000000,0.069705
0.007678000000,0.000000,0.118240
0.007680000000,0.000000,0.195674
0.007682000000,0.000000,0.104021
0.007684000000,0.000000,0.085629
0.007686000000,0.000000,-0.081700
0.007688000000,0.000000,-0.055430
0.007690000000,0.000000,0.143416
0.007692000000,0.000000,0.152684
0.007694000000,0.000000,0.111649
0.007696000000,0.000000,0.104420
0.007698000000,0.000000,-0.063238
0.007700000000,0.000000,-0.170459
0.007702000000,0.000000,-0.032060
0.007704000000,0.000000,0.041749
0.007706000000,0.000000,-0.205372
0.007708000000,0.000000,-0.079950
0.007710000000,0.000000,0.205477
0.007712000000,0.000000,-0.136803
0.007714000000,0.000000,-0.057222
0.007716000000,0.000000,0.052169
0.007718000000,0.000000,0.003725
0.007720000000,0.000000,0.007526
0.007722000000,0.000000,-0.090470
0.007724000000,0.000000,0.024043
0.007726000000,0.000000,0.040759
0.007728000000,0.000000,-0.057929
0.007730000000,0.000000,0.090096
0.007732000000,0.000000,0.063237
0.007734000000,0.000000,0.137807
0.007736000000,0.000000,-0.149193
0.007738000000,0.000000,0.005746
0.007740000000,0.000000,0.004402
0.007742000000,0.000000,0.042422
0.007744000000,0.000000,-0.039336
0.007746000000,0.000000,0.039164
0.007748000000,0.000000,0.020563
0.007750000000,0.000000,-0.084225
0.007752000000,0.000000,0.067468
0.007754000000,0.000000,-0.027037
0.007756000000,0.000000,-0.074349
0.007758000000,0.000000,0.104612
0.007760000000,0.000000,0.104073
0.007762000000,0.000000,0.056097
0.007764000000,0.000000,0.098476
0.007766000000,0.000000,0.136071
0.007768000000,0.000000,-0.064360
0.007770000000,0.000000,-0.026060
0.007772000000,0.000000,-0.013510
0.007774000000,0.000000,-0.017207
0.007776000000,0.000000,-0.057013
0.007778000000,0.000000,-0.099254
0.007780000000,0.000000,-0.049926
0.007782000000,0.000000,-0.067670
0.007784000000,0.000000,0.203813
0.007786000000,0.000000,0.127577
0.007788000000,0.000000,0.054681
0.007790000000,0.000000,-0.023511
0.007792000000,0.000000,0.122026
0.007794000000,0.000000,-0.018150
0.007796000000,0.000000,-0.037083
0.007798000000,0.000000,0.044627
0.007800000000,0.000000,-0.041752
0.007802000000,0.000000,-0.068693
0.007804000000,0.000000,-0.026073
0.007806000000,0.000000,-0.014633
0.007808000000,0.000000,0.009575
0.007810000000,0.000000,-0.034837
0.007812000000,0.000000,0.063334
0.007814000000,0.000000,0.045616
0.007816000000,0.000000,-0.089383
0.007818000000,0.000000,-0.012045
0.007820000000,0.000000,0.181740
0.007822000000,0.000000,0.035615
0.007824000000,0.000000,0.030366
0.007826000000,0.000000,0.138555
0.007828000000,0.000000,-0.117738
0.007830000000,0.000000,-0.069128
0.007832000000,0.000000,-0.037313
0.007834000000,0.000000,-0.016888
0.007836000000,0.000000,-0.145290
0.007838000000,0.000000,0.073539
0.007840000000,0.000000,-0.021527
0.007842000000,0.000000,-0.167368
0.007844000000,0.000000,0.316440
0.007846000000,0.000000,0.152998
0.007848000000,0.000000,0.103330
0.007850000000,0.000000,-0.035394
0.007852000000,0.000000,-0.135373
0.007854000000,0.000000,0.008341
0.007856000000,0.000000,-0.113149
0.007858000000,0.000000,0.063278
0.007860000000,0.000000,-0.026675
0.007862000000,0.000000,0.029410
0.007864000000,0.000000,-0.000315
0.007866000000,0.000000,0.078157
0.007868000000,0.000000,-0.255051
0.007870000000,0.000000,0.140027
0.007872000000,0.000000,-0.022186
0.007874000000,0.000000,-0.291380
0.007876000000,0.000000,-0.062621
0.007878000000,0.000000,0.013941
0.007880000000,0.000000,-0.178574
0.007882000000,0.000000,0.078516
0.007884000000,0.000000,0.115269
0.007886000000,0.000000,-0.179437
0.007888000000,0.000000,0.109370
0.007890000000,0.000000,0.032478
0.007892000000,0.000000,-0.142675
0.007894000000,0.000000,-0.002996
0.007896000000,0.000000,0.005305
0.007898000000,0.000000,-0.146933
0.007900000000,0.000000,-0.047806
0.007902000000,0.000000,0.146847
0.007904000000,0.000000,0.192334
0.007906000000,0.000000,0.001893
0.007908000000,0.000000,-0.040091
0.007910000000,0.000000,-0.012712
0.007912000000,0.000000,-0.078142
0.007914000000,0.000000,-0.121678
0.007916000000,0.000000,0.101027
0.007918000000,0.000000,0.175645
0.007920000000,0.000000,-0.099668
0.007922000000,0.000000,-0.157584
0.007924000000,0.000000,0.106294
0.007926000000,0.000000,-0.027187
0.007928000000,0.000000,0.089739
0.007930000000,0.000000,-0.141063
0.007932000000,0.000000,0.043921
0.007934000000,0.000000,0.058683
0.007936000000,0.000000,0.124872
0.007938000000,0.000000,-0.028600
0.007940000000,0.000000,-0.002017
0.007942000000,0.000000,0.050032
0.007944000000,0.000000,-0.040879
0.007946000000,0.000000,0.058378
0.007948000000,0.000000,-0.073230
0.007950000000,0.000000,0.025429
0.007952000000,0.000000,-0.087552
0.007954000000,0.000000,-0.000555
0.007956000000,0.000000,0.100518
0.007958000000,0.000000,-0.051029
0.007960000000,0.000000,-0.158481
0.007962000000,0.000000,-0.042665
0.007964000000,0.000000,0.116045
0.007966000000,0.000000,0.143453
0.007968000000,0.000000,-0.029005
0.007970000000,0.000000,0.086592
0.007972000000,0.000000,0.003595
0.007974000000,0.000000,-0.317215
0.007976000000,0.000000,0.089303
0.007978000000,0.000000,0.052484
0.007980000000,0.000000,0.021810
0.007982000000,0.000000,-0.029346
0.007984000000,0.000000,-0.059050
0.007986000000,0.000000,0.011674
0.007988000000,0.000000,-0.054233
0.007990000000,0.000000,0.042302
0.007992000000,0.000000,-0.196912
0.007994000000,0.000000,0.116720
0.007996000000,0.000000,0.006047
0.007998000000,0.000000,0.040253
0.008000000000,0.000000,-0.039870
0.008002000000,0.000000,-0.028843
0.008004000000,0.000000,-0.110082
0.008006000000,0.000000,-0.029958
0.008008000000,0.000000,-0.119459
0.008010000000,0.000000,-0.150253
0.008012000000,0.000000,0.074302
0.008014000000,0.000000,-0.027304
0.008016000000,0.000000,0.047575
0.008018000000,0.000000,-0.079580
0.008020000000,0.000000,0.114493
0.008022000000,0.000000,0.045433
0.008024000000,0.000000,0.053133
0.008026000000,0.000000,-0.081509
0.008028000000,0.000000,0.159437
0.008030000000,0.000000,0.107828
0.008032000000,0.000000,0.123223
0.008034000000,0.000000,-0.030208
0.008036000000,0.000000,-0.079210
0.008038000000,0.000000,0.103502
0.008040000000,0.000000,-0.055213
0.008042000000,0.000000,0.132412
0.008044000000,0.000000,-0.115688
0.008046000000,0.000000,-0.144340
0.008048000000,0.000000,0.071401
0.008050000000,0.000000,0.077811
0.008052000000,0.000000,-0.078718
0.008054000000,0.000000,-0.049260
0.008056000000,0.000000,0.107455
0.008058000000,0.000000,0.015099
0.008060000000,0.000000,-0.066077
0.008062000000,0.000000,-0.074573
0.008064000000,0.000000,0.259343
0.008066000000,0.000000,-0.038034
0.008068000000,0.000000,0.049170
0.008070000000,0.000000,0.022746
0.008072000000,0.000000,-0.100410
0.008074000000,0.000000,0.089121
0.008076000000,0.000000,0.131775
0.008078000000,0.000000,-0.025003
0.008080000000,0.000000,-0.021206
0.008082000000,0.000000,-0.029932
0.008084000000,0.000000,-0.089655
0.008086000000,0.000000,0.189290
0.008088000000,0.000000,0.153424
0.008090000000,0.000000,-0.042514
0.008092000000,0.000000,-0.015679
0.008094000000,0.000000,0.183700
0.008096000000,0.000000,0.071396
0.008098000000,0.000000,-0.150977
0.008100000000,0.000000,0.071258
0.008102000000,0.000000,0.111128
0.008104000000,0.000000,-0.177298
0.008106000000,0.000000,0.086591
0.008108000000,0.000000,-0.038845
0.008110000000,0.000000,-0.030816
0.008112000000,0.000000,-0.032441
0.008114000000,0.000000,-0.026557
0.008116000000,0.000000,-0.066248
0.008118000000,0.000000,0.150803
0.008120000000,0.000000,0.100107
0.008122000000,0.000000,-0.149536
0.008124000000,0.000000,0.070916
0.008126000000,0.000000,-0.130317
0.008128000000,0.000000,0.025126
0.008130000000,0.000000,-0.103342
0.008132000000,0.000000,-0.007941
0.008134000000,0.000000,-0.037813
0.008136000000,0.000000,-0.076379
0.008138000000,0.000000,0.085196
0.008140000000,0.000000,0.047980
0.008142000000,0.000000,-0.013085
0.008144000000,0.000000,0.041463
0.008146000000,0.000000,-0.219527
0.008148000000,0.000000,-0.065862
0.008150000000,0.000000,-0.002033
0.008152000000,0.000000,0.132389
0.008154000000,0.000000,-0.143795
0.008156000000,0.000000,-0.032966
0.008158000000,0.000000,0.105563
0.008160000000,0.000000,-0.045152
0.008162000000,0.000000,-0.026305
0.008164000000,0.000000,0.098898
0.008166000000,0.000000,0.130233
0.008168000000,0.000000,0.070762
0.008170000000,0.000000,-0.126241
0.008172000000,0.000000,-0.064613
0.008174000000,0.000000,0.046956
0.008176000000,0.000000,0.086975
0.008178000000,0.000000,0.069843
0.008180000000,0.000000,-0.005135
0.008182000000,0.000000,0.019254
0.008184000000,0.000000,0.018453
0.008186000000,0.000000,0.067625
0.008188000000,0.000000,0.224515
0.008190000000,0.000000,-0.051515
0.008192000000,0.000000,0.033055
0.008194000000,0.000000,-0.010218
0.008196000000,0.000000,-0.044029
0.008198000000,0.000000,-0.148881
0.008200000000,0.000000,0.176703
0.008202000000,0.000000,-0.112449
0.008204000000,0.000000,0.035934
0.008206000000,0.000000,0.007685
0.008208000000,0.000000,-0.182398
0.008210000000,0.000000,0.216764
0.008212000000,0.000000,-0.133808
0.008214000000,0.000000,-0.027967
0.008216000000,0.000000,-0.064095
0.008218000000,0.000000,-0.020870
0.008220000000,0.000000,-0.031257
0.008222000000,0.000000,0.025206
0.008224000000,0.000000,-0.065887
0.008226000000,0.000000,0.030842
0.008228000000,0.000000,-0.158800
0.008230000000,0.000000,-0.151460
0.008232000000,0.000000,0.178036
0.008234000000,0.000000,-0.110035
0.008236000000,0.000000,-0.090322
0.008238000000,0.000000,0.001570
0.008240000000,0.000000,0.024696
0.008242000000,0.000000,0.018693
0.008244000000,0.000000,0.041190
0.008246000000,0.000000,0.029860
0.008248000000,0.000000,-0.028527
0.008250000000,0.000000,-0.051752
0.008252000000,0.000000,-0.081643
0.008254000000,0.000000,0.032727
0.008256000000,0.000000,-0.074121
0.008258000000,0.000000,-0.067785
0.008260000000,0.000000,0.265761
0.008262000000,0.000000,-0.079022
0.008264000000,0.000000,0.041858
0.008266000000,0.000000,0.183765
0.008268000000,0.000000,0.081046
0.008270000000,0.000000,0.054478
0.008272000000,0.000000,0.043803
0.008274000000,0.000000,0.015666
0.008276000000,0.000000,-0.072597
0.008278000000,0.000000,-0.079092
0.008280000000,0.000000,-0.036984
0.008282000000,0.000000,-0.052073
0.008284000000,0.000000,0.181392
0.008286000000,0.000000,-0.200079
0.008288000000,0.000000,-0.043954
0.008290000000,0.000000,0.094621
0.008292000000,0.000000,-0.187793
0.008294000000,0.000000,0.064061
0.008296000000,0.000000,0.053663
0.008298000000,0.000000,-0.121627
0.008300000000,0.000000,-0.061980
0.008302000000,0.000000,-0.146358
0.008304000000,0.000000,-0.165482
0.008306000000,0.000000,-0.051307
0.008308000000,0.000000,-0.064159
0.008310000000,0.000000,0.118609
0.008312000000,0.000000,0.097161
0.008314000000,0.000000,-0.122445
0.008316000000,0.000000,-0.071319
0.008318000000,0.000000,-0.061856
0.008320000000,0.000000,-0.024093
0.008322000000,0.000000,-0.008648
0.008324000000,0.000000,0.033497
0.008326000000,0.000000,-0.081405
0.008328000000,0.000000,-0.169073
0.008330000000,0.000000,-0.090005
0.008332000000,0.000000,-0.048469
0.008334000000,0.000000,0.105116
0.008336000000,0.000000,0.014954
0.008338000000,0.000000,-0.134377
0.008340000000,0.000000,0.090527
0.008342000000,0.000000,-0.063428
0.008344000000,0.000000,0.036962
0.008346000000,0.000000,0.185768
0.008348000000,0.000000,-0.123989
0.008350000000,0.000000,0.079164
0.008352000000,0.000000,0.150541
0.008354000000,0.000000,-0.007802
0.008356000000,0.000000,-0.019907
0.008358000000,0.000000,0.074424
0.008360000000,0.000000,-0.025691
0.008362000000,0.000000,0.096856
0.008364000000,0.000000,0.088329
0.008366000000,0.000000,0.064410
0.008368000000,0.000000,0.022475
0.008370000000,0.000000,0.004499
0.008372000000,0.000000,0.084213
0.008374000000,0.000000,-0.022829
0.008376000000,0.000000,-0.012397
0.008378000000,0.000000,-0.009099
0.008380000000,0.000000,0.142734
0.008382000000,0.000000,-0.035144
0.008384000000,0.000000,0.002647
0.008386000000,0.000000,-0.012721
0.008388000000,0.000000,0.124302
0.008390000000,0.000000,-0.089494
0.008392000000,0.000000,0.055882
0.008394000000,0.000000,-0.170052
0.008396000000,0.000000,-0.106954
0.008398000000,0.000000,0.078020
0.008400000000,0.000000,-0.172943
0.008402000000,0.000000,-0.057112
0.008404000000,0.000000,0.000986
0.008406000000,0.000000,0.071103
0.008408000000,0.000000,0.053946
0.008410000000,0.000000,-0.083495
0.008412000000,0.000000,0.102296
0.008414000000,0.000000,0.128414
0.008416000000,0.000000,0.028669
0.008418000000,0.000000,-0.217055
0.008420000000,0.000000,0.095580
0.008422000000,0.000000,0.067242
0.008424000000,0.000000,0.084143
0.008426000000,0.000000,-0.001313
0.008428000000,0.000000,0.027952
0.008430000000,0.000000,0.086014
0.008432000000,0.000000,0.140575
0.008434000000,0.000000,0.094631
0.008436000000,0.000000,-0.076105
0.008438000000,0.000000,-0.135561
0.008440000000,0.000000,-0.025294
0.008442000000,0.000000,-0.019366
0.008444000000,0.000000,-0.016305
0.008446000000,0.000000,0.002510
0.008448000000,0.000000,0.028327
0.008450000000,0.000000,-0.114553
0.008452000000,0.000000,0.059713
0.008454000000,0.000000,-0.026583
0.008456000000,0.000000,-0.013529
0.008458000000,0.000000,-0.109193
0.008460000000,0.000000,-0.126913
0.008462000000,0.000000,-0.132771
0.008464000000,0.000000,-0.107893
0.008466000000,0.000000,-0.024174
0.008468000000,0.000000,0.029523
0.008470000000,0.000000,-0.096944
0.008472000000,0.000000,0.161573
0.008474000000,0.000000,-0.020537
0.008476000000,0.000000,0.069134
0.008478000000,0.000000,0.201342
0.008480000000,0.000000,-0.070291
0.008482000000,0.000000,-0.003750
0.008484000000,0.000000,-0.141994
0.008486000000,0.000000,0.030793
0.008488000000,0.000000,0.030743
0.008490000000,0.000000,-0.068268
0.008492000000,0.000000,-0.139779
0.008494000000,0.000000,-0.020959
0.008496000000,0.000000,-0.029759
0.008498000000,0.000000,0.116773
0.008500000000,0.000000,-0.125610
0.008502000000,0.000000,0.082410
0.008504000000,0.000000,-0.039162
0.008506000000,0.000000,-0.129480
0.008508000000,0.000000,-0.129972
0.008510000000,0.000000,-0.037193
0.008512000000,0.000000,0.095704
0.008514000000,0.000000,-0.051130
0.008516000000,0.000000,-0.053018
0.008518000000,0.000000,0.153223
0.008520000000,0.000000,-0.011035
0.008522000000,0.000000,-0.059038
0.008524000000,0.000000,-0.099569
0.008526000000,0.000000,-0.143072
0.008528000000,0.000000,-0.081590
0.008530000000,0.000000,-0.101330
0.008532000000,0.000000,0.201456
0.008534000000,0.000000,0.042796
0.008536000000,0.000000,-0.048076
0.008538000000,0.000000,0.063874
0.008540000000,0.000000,0.144897
0.008542000000,0.000000,-0.042078
0.008544000000,0.000000,0.151614
0.008546000000,0.000000,0.093769
0.008548000000,0.000000,-0.016416
0.008550000000,0.000000,0.042299
0.008552000000,0.000000,0.028109
0.008554000000,0.000000,0.107949
0.008556000000,0.000000,-0.060150
0.008558000000,0.000000,-0.179475
0.008560000000,0.000000,0.018746
0.008562000000,0.000000,-0.043857
0.008564000000,0.000000,0.081819
0.008566000000,0.000000,-0.021873
0.008568000000,0.000000,-0.033407
0.008570000000,0.000000,-0.275187
0.008572000000,0.000000,-0.113158
0.008574000000,0.000000,0.044911
0.008576000000,0.000000,0.089156
0.008578000000,0.000000,0.090437
0.008580000000,0.000000,0.123182
0.008582000000,0.000000,-0.102174
0.008584000000,0.000000,-0.011430
0.008586000000,0.000000,-0.128801
0.008588000000,0.000000,0.126586
0.008590000000,0.000000,0.136284
0.008592000000,0.000000,-0.047442
0.008594000000,0.000000,-0.056352
0.008596000000,0.000000,-0.138472
0.008598000000,0.000000,0.092956
0.008600000000,0.000000,0.007839
0.008602000000,0.000000,0.087055
0.008604000000,0.000000,0.026009
0.008606000000,0.000000,0.232219
0.008608000000,0.000000,-0.105181
0.008610000000,0.000000,0.030576
0.008612000000,0.000000,0.141126
0.008614000000,0.000000,-0.083636
0.008616000000,0.000000,0.125850
0.008618000000,0.000000,0.121262
0.008620000000,0.000000,-0.014486
0.008622000000,0.000000,-0.020781
0.008624000000,0.000000,0.009585
0.008626000000,0.000000,0.073157
0.008628000000,0.000000,-0.036619
0.008630000000,0.000000,0.108773
0.008632000000,0.000000,-0.040027
0.008634000000,0.000000,0.086444
0.008636000000,0.000000,-0.034894
0.008638000000,0.000000,-0.038312
0.008640000000,0.000000,0.041910
0.008642000000,0.000000,-0.104259
0.008644000000,0.000000,-0.109100
0.008646000000,0.000000,-0.039940
0.008648000000,0.000000,-0.050202
0.008650000000,0.000000,-0.068137
0.008652000000,0.000000,0.034607
0.008654000000,0.000000,-0.176044
0.008656000000,0.000000,0.010414
0.008658000000,0.000000,0.030910
0.008660000000,0.000000,0.066946
0.008662000000,0.000000,0.028124
0.008664000000,0.000000,-0.041614
0.008666000000,0.000000,-0.057145
0.008668000000,0.000000,0.038875
0.008670000000,0.000000,0.016733
0.008672000000,0.000000,-0.077108
0.008674000000,0.000000,-0.015245
0.008676000000,0.000000,-0.087333
0.008678000000,0.000000,-0.123789
0.008680000000,0.000000,0.055492
0.008682000000,0.000000,0.006126
0.008684000000,0.000000,-0.024075
0.008686000000,0.000000,-0.190603
0.008688000000,0.000000,-0.263878
0.008690000000,0.000000,-0.143073
0.008692000000,0.000000,0.083729
0.008694000000,0.000000,0.062090
0.008696000000,0.000000,-0.146553
0.008698000000,0.000000,-0.069636
0.008700000000,0.000000,0.031024
0.008702000000,0.000000,0.002644
0.008704000000,0.000000,0.056812
0.008706000000,0.000000,-0.097994
0.008708000000,0.000000,0.169197
0.008710000000,0.000000,0.007323
0.008712000000,0.000000,-0.073317
0.008714000000,0.000000,0.112508
0.008716000000,0.000000,0.018815
0.008718000000,0.000000,0.055217
0.008720000000,0.000000,-0.068991
0.008722000000,0.000000,0.200227
0.008724000000,0.000000,-0.045677
0.008726000000,0.000000,0.084006
0.008728000000,0.000000,0.112898
0.008730000000,0.000000,0.160260
0.008732000000,0.000000,0.040420
0.008734000000,0.000000,-0.067119
0.008736000000,0.000000,0.101453
0.008738000000,0.000000,-0.078640
0.008740000000,0.000000,-0.060611
0.008742000000,0.000000,-0.120227
0.008744000000,0.000000,-0.051164
0.008746000000,0.000000,0.052399
0.008748000000,0.000000,0.202421
0.008750000000,0.000000,-0.061346
0.008752000000,0.000000,-0.028647
0.008754000000,0.000000,-0.001108
0.008756000000,0.000000,-0.017317
0.008758000000,0.000000,0.159849
0.008760000000,0.000000,0.082593
0.008762000000,0.000000,0.068168
0.008764000000,0.000000,-0.156125
0.008766000000,0.000000,-0.083558
0.008768000000,0.000000,-0.004443
0.008770000000,0.000000,0.115971
0.008772000000,0.000000,-0.014033
0.008774000000,0.000000,-0.045433
0.008776000000,0.000000,0.013558
0.008778000000,0.000000,-0.024894
0.008780000000,0.000000,-0.139738
0.008782000000,0.000000,-0.004150
0.008784000000,0.000000,0.178827
0.008786000000,0.000000,0.107946
0.008788000000,0.000000,0.132743
0.008790000000,0.000000,0.024883
0.008792000000,0.000000,0.020393
0.008794000000,0.000000,-0.009665
0.008796000000,0.000000,-0.025641
0.008798000000,0.000000,-0.061457
0.008800000000,0.000000,0.021233
0.008802000000,0.000000,-0.009355
0.008804000000,0.000000,0.165674
0.008806000000,0.000000,-0.057797
0.008808000000,0.000000,0.110347
0.008810000000,0.000000,0.061179
0.008812000000,0.000000,0.046534
0.008814000000,0.000000,-0.046793
0.008816000000,0.000000,-0.018259
0.008818000000,0.000000,-0.137785
0.008820000000,0.000000,-0.031484
0.008822000000,0.000000,0.042611
0.008824000000,0.000000,-0.094346
0.008826000000,0.000000,0.010192
0.008828000000,0.000000,-0.069525
0.008830000000,0.000000,-0.093761
0.008832000000,0.000000,-0.097307
0.008834000000,0.000000,-0.041011
0.008836000000,0.000000,0.065844
0.008838000000,0.000000,-0.148824
0.008840000000,0.000000,0.034520
0.008842000000,0.000000,-0.007913
0.008844000000,0.000000,0.002960
0.008846000000,0.000000,0.000059
0.008848000000,0.000000,-0.164277
0.008850000000,0.000000,-0.016609
0.008852000000,0.000000,0.043031
0.008854000000,0.000000,0.030482
0.008856000000,0.000000,-0.143982
0.008858000000,0.000000,-0.090104
0.008860000000,0.000000,0.077936
0.008862000000,0.000000,0.235358
0.008864000000,0.000000,0.201887
0.008866000000,0.000000,0.075889
0.008868000000,0.000000,0.040681
0.008870000000,0.000000,0.126851
0.008872000000,0.000000,-0.022719
0.008874000000,0.000000,-0.119624
0.008876000000,0.000000,0.052845
0.008878000000,0.000000,0.016546
0.008880000000,0.000000,-0.241648
0.008882000000,0.000000,0.075897
0.008884000000,0.000000,-0.057302
0.008886000000,0.000000,0.045765
0.008888000000,0.000000,-0.054779
0.008890000000,0.000000,-0.023766
0.008892000000,0.000000,0.096780
0.008894000000,0.000000,-0.068031
0.008896000000,0.000000,-0.077838
0.008898000000,0.000000,0.259489
0.008900000000,0.000000,-0.024823
0.008902000000,0.000000,-0.037812
0.008904000000,0.000000,0.012968
0.008906000000,0.000000,-0.178244
0.008908000000,0.000000,-0.027826
0.008910000000,0.000000,0.100972
0.008912000000,0.000000,0.007002
0.008914000000,0.000000,0.098799
0.008916000000,0.000000,-0.108222
0.008918000000,0.000000,0.031080
0.008920000000,0.000000,-0.138993
0.008922000000,0.000000,0.079373
0.008924000000,0.000000,0.040952
0.008926000000,0.000000,-0.003807
0.008928000000,0.000000,0.091402
0.008930000000,0.000000,-0.054348
0.008932000000,0.000000,-0.051060
0.008934000000,0.000000,-0.026470
0.008936000000,0.000000,-0.182684
0.008938000000,0.000000,0.177980
0.008940000000,0.000000,-0.030508
0.008942000000,0.000000,-0.026263
0.008944000000,0.000000,0.124476
0.008946000000,0.000000,0.031127
0.008948000000,0.000000,0.007545
0.008950000000,0.000000,0.015999
0.008952000000,0.000000,-0.006967
0.008954000000,0.000000,-0.023295
0.008956000000,0.000000,0.003140
0.008958000000,0.000000,-0.029786
0.008960000000,0.000000,0.083471
0.008962000000,0.000000,0.052291
0.008964000000,0.000000,-0.169607
0.008966000000,0.000000,-0.008876
0.008968000000,0.000000,-0.019797
0.008970000000,0.000000,0.053069
0.008972000000,0.000000,-0.053134
0.008974000000,0.000000,0.148408
0.008976000000,0.000000,-0.132926
0.008978000000,0.000000,-0.017492
0.008980000000,0.000000,-0.104617
0.008982000000,0.000000,-0.031521
0.008984000000,0.000000,-0.008877
0.008986000000,0.000000,0.047202
0.008988000000,0.000000,-0.017171
0.008990000000,0.000000,0.125453
0.008992000000,0.000000,0.044655
0.008994000000,0.000000,-0.002080
0.008996000000,0.000000,-0.034217
0.008998000000,0.000000,-0.051096
0.009000000000,0.000000,-0.030869
0.009002000000,0.000000,0.042581
0.009004000000,0.000000,0.197151
0.009006000000,0.000000,-0.134887
0.009008000000,0.000000,-0.113216
0.009010000000,0.000000,0.052633
0.009012000000,0.000000,-0.132999
0.009014000000,0.000000,0.080085
0.009016000000,0.000000,0.151813
0.009018000000,0.000000,-0.154479
0.009020000000,0.000000,-0.015194
0.009022000000,0.000000,-0.136597
0.009024000000,0.000000,-0.090687
0.009026000000,0.000000,0.012148
0.009028000000,0.000000,0.043254
0.009030000000,0.000000,-0.111553
0.009032000000,0.000000,-0.147427
0.009034000000,0.000000,0.006192
0.009036000000,0.000000,0.162899
0.009038000000,0.000000,-0.103389
0.009040000000,0.000000,0.110068
0.009042000000,0.000000,-0.194143
0.009044000000,0.000000,-0.308651
0.009046000000,0.000000,0.127180
0.009048000000,0.000000,0.063089
0.009050000000,0.000000,-0.131618
0.009052000000,0.000000,-0.049606
0.009054000000,0.000000,0.121320
0.009056000000,0.000000,-0.030577
0.009058000000,0.000000,0.095024
0.009060000000,0.000000,0.026408
0.009062000000,0.000000,-0.002709
0.009064000000,0.000000,-0.206882
0.009066000000,0.000000,0.087610
0.009068000000,0.000000,0.069306
0.009070000000,0.000000,0.071979
0.009072000000,0.000000,-0.099290
0.009074000000,0.000000,0.293907
0.009076000000,0.000000,0.088937
0.009078000000,0.000000,-0.025652
0.009080000000,0.000000,0.114053
0.009082000000,0.000000,-0.142143
0.009084000000,0.000000,0.048966
0.009086000000,0.000000,-0.205945
0.009088000000,0.000000,0.102581
0.009090000000,0.000000,-0.044016
0.009092000000,0.000000,-0.030411
0.009094000000,0.000000,0.054664
0.009096000000,0.000000,-0.029951
0.009098000000,0.000000,-0.078631
0.009100000000,0.000000,0.084807
0.009102000000,0.000000,-0.057870
0.009104000000,0.000000,-0.069423
0.009106000000,0.000000,0.148094
0.009108000000,0.000000,-0.040240
0.009110000000,0.000000,-0.188562
0.009112000000,0.000000,0.003159
0.009114000000,0.000000,0.142105
0.009116000000,0.000000,-0.024985
0.009118000000,0.000000,-0.008999
0.009120000000,0.000000,-0.171643
0.009122000000,0.000000,0.096491
0.009124000000,0.000000,-0.170192
0.009126000000,0.000000,0.151143
0.009128000000,0.000000,0.074046
0.009130000000,0.000000,-0.104915
0.009132000000,0.000000,-0.050182
0.009134000000,0.000000,-0.043818
0.009136000000,0.000000,-0.060298
0.009138000000,0.000000,-0.003474
0.009140000000,0.000000,-0.022610
0.009142000000,0.000000,0.088132
0.009144000000,0.000000,0.097394
0.009146000000,0.000000,0.001319
0.009148000000,0.000000,-0.095049
0.009150000000,0.000000,0.057174
0.009152000000,0.000000,0.027536
0.009154000000,0.000000,0.040210
0.009156000000,0.000000,-0.122646
0.009158000000,0.000000,-0.070264
0.009160000000,0.000000,-0.154377
0.009162000000,0.000000,0.150366
0.009164000000,0.000000,0.191129
0.009166000000,0.000000,-0.094761
0.009168000000,0.000000,0.038343
0.009170000000,0.000000,0.227077
0.009172000000,0.000000,-0.060919
0.009174000000,0.000000,0.048923
0.009176000000,0.000000,-0.024534
0.009178000000,0.000000,-0.133522
0.009180000000,0.000000,0.056415
0.009182000000,0.000000,0.201327
0.009184000000,0.000000,-0.137084
0.009186000000,0.000000,0.047677
0.009188000000,0.000000,0.050329
0.009190000000,0.000000,-0.100548
0.009192000000,0.000000,0.006491
0.009194000000,0.000000,0.110307
0.009196000000,0.000000,0.125743
0.009198000000,0.000000,0.022981
0.009200000000,0.000000,0.087835
0.009202000000,0.000000,-0.066681
0.009204000000,0.000000,0.058949
0.009206000000,0.000000,-0.107125
0.009208000000,0.000000,-0.062918
0.009210000000,0.000000,0.178851
0.009212000000,0.000000,-0.025243
0.009214000000,0.000000,0.125459
0.009216000000,0.000000,0.076262
0.009218000000,0.000000,0.000396
0.009220000000,0.000000,0.067283
0.009222000000,0.000000,-0.018658
0.009224000000,0.000000,-0.007753
0.009226000000,0.000000,0.077475
0.009228000000,0.000000,-0.014600
0.009230000000,0.000000,-0.077668
0.009232000000,0.000000,-0.025153
0.009234000000,0.000000,0.149932
0.009236000000,0.000000,0.014859
0.009238000000,0.000000,-0.085275
0.009240000000,0.000000,-0.105766
0.009242000000,0.000000,0.002283
0.009244000000,0.000000,0.015678
0.009246000000,0.000000,-0.161286
0.009248000000,0.000000,-0.154765
0.009250000000,0.000000,-0.081827
0.009252000000,0.000000,-0.108317
0.009254000000,0.000000,-0.005399
0.009256000000,0.000000,-0.004550
0.009258000000,0.000000,-0.002308
0.009260000000,0.000000,0.010917
0.009262000000,0.000000,-0.067638
0.009264000000,0.000000,0.100215
0.009266000000,0.000000,-0.033621
0.009268000000,0.000000,0.099875
0.009270000000,0.000000,-0.042783
0.009272000000,0.000000,-0.072476
0.009274000000,0.000000,-0.156248
0.009276000000,0.000000,0.152832
0.009278000000,0.000000,0.325491
0.009280000000,0.000000,-0.013077
0.009282000000,0.000000,-0.111341
0.009284000000,0.000000,0.113654
0.009286000000,0.000000,0.105402
0.009288000000,0.000000,0.011551
0.009290000000,0.000000,0.026913
0.009292000000,0.000000,-0.241065
0.009294000000,0.000000,0.155283
0.009296000000,0.000000,-0.109858
0.009298000000,0.000000,0.024800
0.009300000000,0.000000,0.108366
0.009302000000,0.000000,0.066278
0.009304000000,0.000000,-0.134314
0.009306000000,0.000000,0.008947
0.009308000000,0.000000,-0.115804
0.009310000000,0.000000,-0.121876
0.009312000000,0.000000,-0.216446
0.009314000000,0.000000,-0.074011
0.009316000000,0.000000,-0.040199
0.009318000000,0.000000,-0.045198
0.009320000000,0.000000,0.114657
0.009322000000,0.000000,-0.074497
0.009324000000,0.000000,-0.007459
0.009326000000,0.000000,-0.196805
0.009328000000,0.000000,0.008116
0.009330000000,0.000000,0.065312
0.009332000000,0.000000,0.017670
0.009334000000,0.000000,-0.199165
0.009336000000,0.000000,-0.057918
0.009338000000,0.000000,-0.040274
0.009340000000,0.000000,-0.184587
0.009342000000,0.000000,0.168228
0.009344000000,0.000000,-0.007584
0.009346000000,0.000000,-0.034464
0.009348000000,0.000000,0.009604
0.009350000000,0.000000,-0.118550
0.009352000000,0.000000,0.066184
0.009354000000,0.000000,0.004949
0.009356000000,0.000000,0.066829
0.009358000000,0.000000,0.152084
0.009360000000,0.000000,0.060926
0.009362000000,0.000000,-0.055123
0.009364000000,0.000000,-0.137908
0.009366000000,0.000000,0.056849
0.009368000000,0.000000,-0.176671
0.009370000000,0.000000,0.086830
0.009372000000,0.000000,0.125711
0.009374000000,0.000000,-0.139635
0.009376000000,0.000000,-0.009894
0.009378000000,0.000000,-0.112920
0.009380000000,0.000000,0.002117
0.009382000000,0.000000,0.044558
0.009384000000,0.000000,0.059074
0.009386000000,0.000000,-0.090123
0.009388000000,0.000000,0.047769
0.009390000000,0.000000,0.084711
0.009392000000,0.000000,0.010281
0.009394000000,0.000000,-0.006278
0.009396000000,0.000000,0.139282
0.009398000000,0.000000,-0.057138
0.009400000000,0.000000,-0.143874
0.009402000000,0.000000,0.027001
0.009404000000,0.000000,-0.069456
0.009406000000,0.000000,-0.010771
0.009408000000,0.000000,0.089881
0.009410000000,0.000000,0.008456
0.009412000000,0.000000,-0.177895
0.009414000000,0.000000,0.007069
0.009416000000,0.000000,-0.091161
0.009418000000,0.000000,0.158179
0.009420000000,0.000000,0.035253
0.009422000000,0.000000,0.068049
0.009424000000,0.000000,0.126077
0.009426000000,0.000000,-0.181144
0.009428000000,0.000000,-0.057427
0.009430000000,0.000000,0.013805
0.009432000000,0.000000,0.061825
0.009434000000,0.000000,-0.024854
0.009436000000,0.000000,-0.001776
0.009438000000,0.000000,-0.244557
0.009440000000,0.000000,-0.034370
0.009442000000,0.000000,-0.004479
0.009444000000,0.000000,0.028134
0.009446000000,0.000000,-0.068579
0.009448000000,0.000000,0.079048
0.009450000000,0.000000,0.063113
0.009452000000,0.000000,-0.131680
0.009454000000,0.000000,-0.067971
0.009456000000,0.000000,-0.030260
0.009458000000,0.000000,0.088866
0.009460000000,0.000000,0.090155
0.009462000000,0.000000,0.059270
0.009464000000,0.000000,-0.428696
0.009466000000,0.000000,0.075880
0.009468000000,0.000000,-0.258188
0.009470000000,0.000000,-0.051697
0.009472000000,0.000000,-0.184641
0.009474000000,0.000000,-0.138178
0.009476000000,0.000000,0.076369
0.009478000000,0.000000,0.192563
0.009480000000,0.000000,0.133136
0.009482000000,0.000000,-0.077344
0.009484000000,0.000000,0.042676
0.009486000000,0.000000,-0.058044
0.009488000000,0.000000,-0.050078
0.009490000000,0.000000,0.011708
0.009492000000,0.000000,-0.122752
0.009494000000,0.000000,-0.085728
0.009496000000,0.000000,-0.145500
0.009498000000,0.000000,-0.070081
0.009500000000,0.000000,-0.030748
0.009502000000,0.000000,-0.044387
0.009504000000,0.000000,-0.045963
0.009506000000,0.000000,0.013669
0.009508000000,0.000000,0.035325
0.009510000000,0.000000,0.050024
0.009512000000,0.000000,0.169565
0.009514000000,0.000000,-0.050286
0.009516000000,0.000000,-0.048463
0.009518000000,0.000000,-0.082730
0.009520000000,0.000000,0.084986
0.009522000000,0.000000,-0.092873
0.009524000000,0.000000,0.031660
0.009526000000,0.000000,0.185205
0.009528000000,0.000000,0.058156
0.009530000000,0.000000,-0.082816
0.009532000000,0.000000,0.091295
0.009534000000,0.000000,0.027801
0.009536000000,0.000000,0.013529
0.009538000000,0.000000,0.013649
0.009540000000,0.000000,-0.139367
0.009542000000,0.000000,-0.045063
0.009544000000,0.000000,0.103048
0.009546000000,0.000000,-0.007451
0.009548000000,0.000000,-0.004600
0.009550000000,0.000000,0.095425
0.009552000000,0.000000,0.235145
0.009554000000,0.000000,0.147170
0.009556000000,0.000000,0.075899
0.009558000000,0.000000,-0.015065
0.009560000000,0.000000,0.126394
0.009562000000,0.000000,-0.156473
0.009564000000,0.000000,-0.154350
0.009566000000,0.000000,-0.035824
0.009568000000,0.000000,-0.248727
0.009570000000,0.000000,0.094572
0.009572000000,0.000000,0.080763
0.009574000000,0.000000,0.113957
0.009576000000,0.000000,-0.084113
0.009578000000,0.000000,-0.122956
0.009580000000,0.000000,0.113363
0.009582000000,0.000000,0.120546
0.009584000000,0.000000,0.006938
0.009586000000,0.000000,0.006118
0.009588000000,0.000000,0.216151
0.009590000000,0.000000,-0.131449
0.009592000000,0.000000,0.040700
0.009594000000,0.000000,0.109731
0.009596000000,0.000000,0.082006
0.009598000000,0.000000,0.147691
0.009600000000,0.000000,-0.092567
0.009602000000,0.000000,0.162875
0.009604000000,0.000000,-0.164972
0.009606000000,0.000000,-0.001041
0.009608000000,0.000000,0.057101
0.009610000000,0.000000,-0.023978
0.009612000000,0.000000,-0.005400
0.009614000000,0.000000,-0.150548
0.009616000000,0.000000,0.009411
0.009618000000,0.000000,0.157104
0.009620000000,0.000000,-0.151985
0.009622000000,0.000000,0.163802
0.009624000000,0.000000,0.012564
0.009626000000,0.000000,0.207579
0.009628000000,0.000000,0.091646
0.009630000000,0.000000,-0.028122
0.009632000000,0.000000,0.103446
0.009634000000,0.000000,0.243326
0.009636000000,0.000000,-0.025112
0.009638000000,0.000000,0.003162
0.009640000000,0.000000,0.087639
0.009642000000,0.000000,0.103966
0.009644000000,0.000000,0.014030
0.009646000000,0.000000,-0.031989
0.009648000000,0.000000,-0.015931
0.009650000000,0.000000,-0.048062
0.009652000000,0.000000,-0.027556
0.009654000000,0.000000,-0.110905
0.009656000000,0.000000,-0.044923
0.009658000000,0.000000,-0.018529
0.009660000000,0.000000,-0.110899
0.009662000000,0.000000,0.011759
0.009664000000,0.000000,0.084617
0.009666000000,0.000000,-0.055528
0.009668000000,0.000000,0.012375
0.009670000000,0.000000,-0.117574
0.009672000000,0.000000,-0.037053
0.009674000000,0.000000,0.009048
0.009676000000,0.000000,-0.209277
0.009678000000,0.000000,0.048491
0.009680000000,0.000000,0.091518
0.009682000000,0.000000,0.036099
0.009684000000,0.000000,-0.108382
0.009686000000,0.000000,-0.028329
0.009688000000,0.000000,0.100080
0.009690000000,0.000000,-0.070488
0.009692000000,0.000000,0.114399
0.009694000000,0.000000,-0.102826
0.009696000000,0.000000,0.033708
0.009698000000,0.000000,0.117111
0.009700000000,0.000000,-0.053982
0.009702000000,0.000000,0.026792
0.009704000000,0.000000,0.076013
0.009706000000,0.000000,-0.021814
0.009708000000,0.000000,0.010073
0.009710000000,0.000000,-0.132156
0.009712000000,0.000000,-0.042533
0.009714000000,0.000000,0.114161
0.009716000000,0.000000,-0.134748
0.009718000000,0.000000,-0.063323
0.009720000000,0.000000,0.051161
0.009722000000,0.000000,-0.089334
0.009724000000,0.000000,0.037095
0.009726000000,0.000000,0.143594
0.009728000000,0.000000,-0.001246
0.009730000000,0.000000,-0.142159
0.009732000000,0.000000,0.058810
0.009734000000,0.000000,-0.118311
0.009736000000,0.000000,0.115123
0.009738000000,0.000000,-0.159745
0.009740000000,0.000000,-0.138633
0.009742000000,0.000000,-0.034360
0.009744000000,0.000000,-0.028823
0.009746000000,0.000000,-0.184943
0.009748000000,0.000000,-0.117686
0.009750000000,0.000000,-0.183114
0.009752000000,0.000000,0.084944
0.009754000000,0.000000,0.153379
0.009756000000,0.000000,-0.051935
0.009758000000,0.000000,0.067331
0.009760000000,0.000000,-0.066548
0.009762000000,0.000000,0.074639
0.009764000000,0.000000,0.026311
0.009766000000,0.000000,0.185325
0.009768000000,0.000000,-0.104408
0.009770000000,0.000000,0.058704
0.009772000000,0.000000,-0.090497
0.009774000000,0.000000,-0.003171
0.009776000000,0.000000,-0.090226
0.009778000000,0.000000,-0.022774
0.009780000000,0.000000,0.094546
0.009782000000,0.000000,-0.097534
0.009784000000,0.000000,-0.030070
0.009786000000,0.000000,0.024931
0.009788000000,0.000000,0.076335
0.009790000000,0.000000,-0.004998
0.009792000000,0.000000,-0.003479
0.009794000000,0.000000,-0.045158
0.009796000000,0.000000,-0.034178
0.009798000000,0.000000,-0.102503
0.009800000000,0.000000,0.067409
0.009802000000,0.000000,0.064322
0.009804000000,0.000000,0.012321
0.009806000000,0.000000,0.034905
0.009808000000,0.000000,-0.065921
0.009810000000,0.000000,0.075436
0.009812000000,0.000000,0.100639
0.009814000000,0.000000,0.031813
0.009816000000,0.000000,0.284619
0.009818000000,0.000000,0.128436
0.009820000000,0.000000,-0.013714
0.009822000000,0.000000,-0.009377
0.009824000000,0.000000,-0.034354
0.009826000000,0.000000,0.079002
0.009828000000,0.000000,-0.069894
0.009830000000,0.000000,-0.123803
0.009832000000,0.000000,-0.009387
0.009834000000,0.000000,0.214575
0.009836000000,0.000000,-0.052777
0.009838000000,0.000000,-0.194982
0.009840000000,0.000000,-0.197331
0.009842000000,0.000000,0.152307
0.009844000000,0.000000,0.047982
0.009846000000,0.000000,-0.087206
0.009848000000,0.000000,-0.109327
0.009850000000,0.000000,0.093593
0.009852000000,0.000000,-0.086608
0.009854000000,0.000000,0.055708
0.009856000000,0.000000,0.061415
0.009858000000,0.000000,-0.008674
0.009860000000,0.000000,-0.082688
0.009862000000,0.000000,-0.146445
0.009864000000,0.000000,-0.120706
0.009866000000,0.000000,-0.015978
0.009868000000,0.000000,0.055187
0.009870000000,0.000000,-0.177401
0.009872000000,0.000000,-0.062806
0.009874000000,0.000000,-0.026458
0.009876000000,0.000000,0.119138
0.009878000000,0.000000,0.202001
0.009880000000,0.000000,-0.070496
0.009882000000,0.000000,-0.029120
0.009884000000,0.000000,0.144033
0.009886000000,0.000000,0.025584
0.009888000000,0.000000,-0.092267
0.009890000000,0.000000,-0.035374
0.009892000000,0.000000,-0.016107
0.009894000000,0.000000,0.127736
0.009896000000,0.000000,-0.096483
0.009898000000,0.000000,0.121161
0.009900000000,0.000000,-0.041105
0.009902000000,0.000000,-0.138844
0.009904000000,0.000000,0.043559
0.009906000000,0.000000,-0.058105
0.009908000000,0.000000,-0.001022
0.009910000000,0.000000,0.085636
0.009912000000,0.000000,-0.029054
0.009914000000,0.000000,-0.011825
0.009916000000,0.000000,0.003718
0.009918000000,0.000000,0.013031
0.009920000000,0.000000,-0.183444
0.009922000000,0.000000,-0.183516
0.009924000000,0.000000,0.055895
0.009926000000,0.000000,-0.129857
0.009928000000,0.000000,0.076170
0.009930000000,0.000000,-0.032146
0.009932000000,0.000000,-0.165692
0.009934000000,0.000000,-0.013272
0.009936000000,0.000000,0.159812
0.009938000000,0.000000,-0.127992
0.009940000000,0.000000,-0.097706
0.009942000000,0.000000,-0.077583
0.009944000000,0.000000,0.073661
0.009946000000,0.000000,-0.063884
0.009948000000,0.000000,0.087427
0.009950000000,0.000000,-0.004532
0.009952000000,0.000000,0.159650
0.009954000000,0.000000,0.156470
0.009956000000,0.000000,-0.124999
0.009958000000,0.000000,-0.015348
0.009960000000,0.000000,0.065269
0.009962000000,0.000000,-0.036379
0.009964000000,0.000000,0.194367
0.009966000000,0.000000,0.155058
0.009968000000,0.000000,-0.061753
0.009970000000,0.000000,0.142110
0.009972000000,0.000000,0.027354
0.009974000000,0.000000,0.159283
0.009976000000,0.000000,-0.017525
0.009978000000,0.000000,0.177199
0.009980000000,0.000000,0.110306
0.009982000000,0.000000,-0.173154
0.009984000000,0.000000,0.081123
0.009986000000,0.000000,-0.057218
0.009988000000,0.000000,-0.026052
0.009990000000,0.000000,0.088493
0.009992000000,0.000000,0.041629
0.009994000000,0.000000,0.009111
0.009996000000,0.000000,0.000915
0.009998000000,0.000000,-0.000017
