time_s,tx,rx
0.000000000000,0.000000,0.063683
0.000002000000,0.000000,0.075532
0.000004000000,0.000000,-0.022876
0.000006000000,0.000000,0.050763
0.000008000000,0.000000,0.051618
0.000010000000,0.000000,0.012460
0.000012000000,0.000000,0.002394
0.000014000000,0.000000,-0.051740
0.000016000000,0.000000,0.039514
0.000018000000,0.000000,-0.039223
0.000020000000,0.000000,-0.008904
0.000022000000,0.000000,-0.019033
0.000024000000,0.000000,0.029651
0.000026000000,0.000000,0.005742
0.000028000000,0.000000,-0.030486
0.000030000000,0.000000,0.006311
0.000032000000,0.000000,0.039915
0.000034000000,0.000000,0.022036
0.000036000000,0.000000,0.016192
0.000038000000,0.000000,-0.082243
0.000040000000,0.000000,0.130982
0.000042000000,0.000000,0.017717
0.000044000000,0.000000,-0.119012
0.000046000000,0.000000,-0.005324
0.000048000000,0.000000,0.079230
0.000050000000,0.000000,-0.021410
0.000052000000,0.000000,0.010775
0.000054000000,0.000000,-0.050595
0.000056000000,0.000000,0.032978
0.000058000000,0.000000,0.053947
0.000060000000,0.000000,-0.042208
0.000062000000,0.000000,-0.120643
0.000064000000,0.000000,-0.043049
0.000066000000,0.000000,0.021823
0.000068000000,0.000000,-0.063350
0.000070000000,0.000000,0.011027
0.000072000000,0.000000,0.094066
0.000074000000,0.000000,0.030372
0.000076000000,0.000000,0.042578
0.000078000000,0.000000,-0.008789
0.000080000000,0.000000,0.034126
0.000082000000,0.000000,-0.000800
0.000084000000,0.000000,0.091065
0.000086000000,0.000000,0.066362
0.000088000000,0.000000,0.056707
0.000090000000,0.000000,0.014232
0.000092000000,0.000000,0.025880
0.000094000000,0.000000,-0.055221
0.000096000000,0.000000,0.074726
0.000098000000,0.000000,0.052794
0.000100000000,0.000000,0.056401
0.000102000000,0.000000,0.037737
0.000104000000,0.000000,-0.043306
0.000106000000,0.000000,0.097048
0.000108000000,0.000000,-0.056108
0.000110000000,0.000000,-0.005169
0.000112000000,0.000000,0.058442
0.000114000000,0.000000,-0.006547
0.000116000000,0.000000,-0.060466
0.000118000000,0.000000,0.023956
0.000120000000,0.000000,-0.009730
0.000122000000,0.000000,0.035203
0.000124000000,0.000000,0.028322
0.000126000000,0.000000,0.076068
0.000128000000,0.000000,-0.074041
0.000130000000,0.000000,0.019905
0.000132000000,0.000000,0.016354
0.000134000000,0.000000,0.000388
0.000136000000,0.000000,0.000329
0.000138000000,0.000000,0.024376
0.000140000000,0.000000,0.042174
0.000142000000,0.000000,0.032158
0.000144000000,0.000000,-0.022224
0.000146000000,0.000000,0.016756
0.000148000000,0.000000,0.023389
0.000150000000,0.000000,-0.013023
0.000152000000,0.000000,0.003414
0.000154000000,0.000000,-0.070393
0.000156000000,0.000000,-0.007654
0.000158000000,0.000000,0.002117
0.000160000000,0.000000,-0.027118
0.000162000000,0.000000,-0.117528
0.000164000000,0.000000,0.008716
0.000166000000,0.000000,0.014236
0.000168000000,0.000000,-0.088262
0.000170000000,0.000000,-0.038905
0.000172000000,0.000000,0.015652
0.000174000000,0.000000,-0.080234
0.000176000000,0.000000,-0.028550
0.000178000000,0.000000,0.032429
0.000180000000,0.000000,0.036597
0.000182000000,0.000000,-0.049543
0.000184000000,0.000000,0.001604
0.000186000000,0.000000,0.031136
0.000188000000,0.000000,-0.036479
0.000190000000,0.000000,-0.006956
0.000192000000,0.000000,-0.062715
0.000194000000,0.000000,0.017195
0.000196000000,0.000000,0.088476
0.000198000000,0.000000,0.011512
0.000200000000,0.000000,-0.046337
0.000202000000,0.000000,0.070402
0.000204000000,0.000000,0.023602
0.000206000000,0.000000,0.022254
0.000208000000,0.000000,0.023421
0.000210000000,0.000000,-0.075679
0.000212000000,0.000000,0.015018
0.000214000000,0.000000,-0.054046
0.000216000000,0.000000,-0.093051
0.000218000000,0.000000,-0.014095
0.000220000000,0.000000,-0.045904
0.000222000000,0.000000,0.031197
0.000224000000,0.000000,-0.132430
0.000226000000,0.000000,0.033402
0.000228000000,0.000000,-0.064185
0.000230000000,0.000000,0.010489
0.000232000000,0.000000,0.020526
0.000234000000,0.000000,0.003653
0.000236000000,0.000000,0.048889
0.000238000000,0.000000,-0.028788
0.000240000000,0.000000,0.032993
0.000242000000,0.000000,0.000945
0.000244000000,0.000000,-0.072124
0.000246000000,0.000000,-0.042912
0.000248000000,0.000000,-0.022894
0.000250000000,0.000000,-0.103950
0.000252000000,0.000000,-0.070829
0.000254000000,0.000000,0.043425
0.000256000000,0.000000,0.030565
0.000258000000,0.000000,-0.051989
0.000260000000,0.000000,-0.027581
0.000262000000,0.000000,-0.000328
0.000264000000,0.000000,-0.052088
0.000266000000,0.000000,0.032664
0.000268000000,0.000000,-0.015352
0.000270000000,0.000000,-0.017492
0.000272000000,0.000000,0.081373
0.000274000000,0.000000,0.082428
0.000276000000,0.000000,-0.151638
0.000278000000,0.000000,-0.002905
0.000280000000,0.000000,-0.065637
0.000282000000,0.000000,0.003146
0.000284000000,0.000000,-0.089380
0.000286000000,0.000000,-0.028499
0.000288000000,0.000000,-0.085569
0.000290000000,0.000000,-0.011894
0.000292000000,0.000000,0.034709
0.000294000000,0.000000,0.017311
0.000296000000,0.000000,0.109734
0.000298000000,0.000000,-0.084244
0.000300000000,0.000000,-0.088310
0.000302000000,0.000000,-0.031570
0.000304000000,0.000000,0.152551
0.000306000000,0.000000,-0.016628
0.000308000000,0.000000,0.086741
0.000310000000,0.000000,-0.068170
0.000312000000,0.000000,0.048967
0.000314000000,0.000000,0.038990
0.000316000000,0.000000,-0.050352
0.000318000000,0.000000,-0.080355
0.000320000000,0.000000,-0.063119
0.000322000000,0.000000,0.030665
0.000324000000,0.000000,0.006575
0.000326000000,0.000000,0.019825
0.000328000000,0.000000,-0.040524
0.000330000000,0.000000,-0.019222
0.000332000000,0.000000,-0.041589
0.000334000000,0.000000,0.021920
0.000336000000,0.000000,-0.022843
0.000338000000,0.000000,0.004890
0.000340000000,0.000000,0.028723
0.000342000000,0.000000,0.073374
0.000344000000,0.000000,0.016585
0.000346000000,0.000000,0.069660
0.000348000000,0.000000,-0.093202
0.000350000000,0.000000,0.093748
0.000352000000,0.000000,-0.010866
0.000354000000,0.000000,-0.043053
0.000356000000,0.000000,0.012938
0.000358000000,0.000000,0.026250
0.000360000000,0.000000,0.011523
0.000362000000,0.000000,-0.063704
0.000364000000,0.000000,-0.006411
0.000366000000,0.000000,-0.012268
0.000368000000,0.000000,0.020421
0.000370000000,0.000000,-0.041896
0.000372000000,0.000000,0.002360
0.000374000000,0.000000,0.016738
0.000376000000,0.000000,0.053765
0.000378000000,0.000000,-0.054522
0.000380000000,0.000000,0.004538
0.000382000000,0.000000,0.067241
0.000384000000,0.000000,0.013966
0.000386000000,0.000000,-0.117851
0.000388000000,0.000000,-0.000414
0.000390000000,0.000000,0.014074
0.000392000000,0.000000,0.020130
0.000394000000,0.000000,-0.000609
0.000396000000,0.000000,-0.004044
0.000398000000,0.000000,0.048817
0.000400000000,0.000000,0.060376
0.000402000000,0.000000,-0.028825
0.000404000000,0.000000,-0.089402
0.000406000000,0.000000,0.031661
0.000408000000,0.000000,0.119886
0.000410000000,0.000000,-0.014604
0.000412000000,0.000000,-0.062687
0.000414000000,0.000000,0.029268
0.000416000000,0.000000,-0.015761
0.000418000000,0.000000,-0.022760
0.000420000000,0.000000,-0.015706
0.000422000000,0.000000,0.014269
0.000424000000,0.000000,0.031030
0.000426000000,0.000000,0.018940
0.000428000000,0.000000,-0.019100
0.000430000000,0.000000,-0.030406
0.000432000000,0.000000,-0.026294
0.000434000000,0.000000,0.030179
0.000436000000,0.000000,-0.018392
0.000438000000,0.000000,-0.052378
0.000440000000,0.000000,0.001624
0.000442000000,0.000000,0.006068
0.000444000000,0.000000,0.003283
0.000446000000,0.000000,-0.025595
0.000448000000,0.000000,0.043987
0.000450000000,0.000000,-0.013937
0.000452000000,0.000000,-0.053606
0.000454000000,0.000000,-0.030645
0.000456000000,0.000000,-0.014120
0.000458000000,0.000000,0.013604
0.000460000000,0.000000,-0.063257
0.000462000000,0.000000,0.068611
0.000464000000,0.000000,-0.062762
0.000466000000,0.000000,-0.025645
0.000468000000,0.000000,-0.006355
0.000470000000,0.000000,-0.069629
0.000472000000,0.000000,0.010700
0.000474000000,0.000000,-0.040353
0.000476000000,0.000000,0.018488
0.000478000000,0.000000,0.115423
0.000480000000,0.000000,-0.031117
0.000482000000,0.000000,0.005247
0.000484000000,0.000000,-0.065715
0.000486000000,0.000000,0.043514
0.000488000000,0.000000,0.022854
0.000490000000,0.000000,0.031868
0.000492000000,0.000000,0.000399
0.000494000000,0.000000,-0.030257
0.000496000000,0.000000,-0.014625
0.000498000000,0.000000,-0.081004
0.000500000000,0.000000,-0.069671
0.000502000000,0.000000,-0.094336
0.000504000000,0.000000,0.006460
0.000506000000,0.000000,0.102671
0.000508000000,0.000000,-0.056797
0.000510000000,0.000000,-0.010721
0.000512000000,0.000000,-0.028997
0.000514000000,0.000000,-0.026304
0.000516000000,0.000000,-0.011185
0.000518000000,0.000000,0.041949
0.000520000000,0.000000,0.009586
0.000522000000,0.000000,0.026169
0.000524000000,0.000000,0.027866
0.000526000000,0.000000,-0.058965
0.000528000000,0.000000,-0.036145
0.000530000000,0.000000,0.006007
0.000532000000,0.000000,0.038326
0.000534000000,0.000000,-0.093980
0.000536000000,0.000000,0.006980
0.000538000000,0.000000,0.037571
0.000540000000,0.000000,-0.013235
0.000542000000,0.000000,-0.069326
0.000544000000,0.000000,-0.062457
0.000546000000,0.000000,-0.085720
0.000548000000,0.000000,-0.038968
0.000550000000,0.000000,-0.055401
0.000552000000,0.000000,0.015302
0.000554000000,0.000000,0.008767
0.000556000000,0.000000,-0.019074
0.000558000000,0.000000,0.026943
0.000560000000,0.000000,0.034935
0.000562000000,0.000000,-0.028316
0.000564000000,0.000000,0.049367
0.000566000000,0.000000,0.022460
0.000568000000,0.000000,-0.006413
0.000570000000,0.000000,-0.013039
0.000572000000,0.000000,0.081096
0.000574000000,0.000000,-0.108367
0.000576000000,0.000000,-0.052656
0.000578000000,0.000000,-0.034424
0.000580000000,0.000000,0.011983
0.000582000000,0.000000,-0.023867
0.000584000000,0.000000,-0.032259
0.000586000000,0.000000,0.032623
0.000588000000,0.000000,-0.046819
0.000590000000,0.000000,-0.030087
0.000592000000,0.000000,-0.004601
0.000594000000,0.000000,-0.077859
0.000596000000,0.000000,-0.152050
0.000598000000,0.000000,-0.066388
0.000600000000,0.000000,0.053144
0.000602000000,0.000000,-0.061592
0.000604000000,0.000000,-0.036335
0.000606000000,0.000000,0.044894
0.000608000000,0.000000,-0.035441
0.000610000000,0.000000,-0.062247
0.000612000000,0.000000,-0.072107
0.000614000000,0.000000,0.037666
0.000616000000,0.000000,-0.015041
0.000618000000,0.000000,0.000185
0.000620000000,0.000000,0.008722
0.000622000000,0.000000,0.016443
0.000624000000,0.000000,-0.031303
0.000626000000,0.000000,-0.145156
0.000628000000,0.000000,0.022741
0.000630000000,0.000000,-0.026548
0.000632000000,0.000000,0.004397
0.000634000000,0.000000,0.030902
0.000636000000,0.000000,0.091377
0.000638000000,0.000000,0.045061
0.000640000000,0.000000,-0.088682
0.000642000000,0.000000,0.070828
0.000644000000,0.000000,0.024539
0.000646000000,0.000000,0.019845
0.000648000000,0.000000,-0.078494
0.000650000000,0.000000,0.093420
0.000652000000,0.000000,0.072461
0.000654000000,0.000000,-0.051808
0.000656000000,0.000000,-0.048135
0.000658000000,0.000000,-0.029303
0.000660000000,0.000000,-0.119859
0.000662000000,0.000000,-0.003984
0.000664000000,0.000000,-0.023003
0.000666000000,0.000000,-0.039998
0.000668000000,0.000000,0.002680
0.000670000000,0.000000,-0.019012
0.000672000000,0.000000,-0.048008
0.000674000000,0.000000,-0.020365
0.000676000000,0.000000,0.002892
0.000678000000,0.000000,0.103731
0.000680000000,0.000000,0.016392
0.000682000000,0.000000,0.046789
0.000684000000,0.000000,-0.067074
0.000686000000,0.000000,0.003094
0.000688000000,0.000000,-0.090566
0.000690000000,0.000000,-0.041034
0.000692000000,0.000000,0.000087
0.000694000000,0.000000,-0.057548
0.000696000000,0.000000,0.048987
0.000698000000,0.000000,0.044382
0.000700000000,0.000000,-0.017202
0.000702000000,0.000000,-0.051246
0.000704000000,0.000000,0.040282
0.000706000000,0.000000,0.126853
0.000708000000,0.000000,0.026574
0.000710000000,0.000000,-0.084385
0.000712000000,0.000000,-0.016627
0.000714000000,0.000000,0.022502
0.000716000000,0.000000,-0.137966
0.000718000000,0.000000,-0.009893
0.000720000000,0.000000,0.031116
0.000722000000,0.000000,-0.041834
0.000724000000,0.000000,0.080367
0.000726000000,0.000000,0.056802
0.000728000000,0.000000,0.086605
0.000730000000,0.000000,0.024961
0.000732000000,0.000000,0.062065
0.000734000000,0.000000,-0.018781
0.000736000000,0.000000,-0.076274
0.000738000000,0.000000,0.070158
0.000740000000,0.000000,0.063290
0.000742000000,0.000000,0.004923
0.000744000000,0.000000,-0.012402
0.000746000000,0.000000,0.006242
0.000748000000,0.000000,-0.093991
0.000750000000,0.000000,0.021415
0.000752000000,0.000000,-0.102129
0.000754000000,0.000000,0.057813
0.000756000000,0.000000,-0.115520
0.000758000000,0.000000,-0.021193
0.000760000000,0.000000,-0.021132
0.000762000000,0.000000,-0.054468
0.000764000000,0.000000,-0.051534
0.000766000000,0.000000,-0.055846
0.000768000000,0.000000,-0.127523
0.000770000000,0.000000,-0.065063
0.000772000000,0.000000,0.039022
0.000774000000,0.000000,-0.062620
0.000776000000,0.000000,0.003602
0.000778000000,0.000000,0.053927
0.000780000000,0.000000,-0.010732
0.000782000000,0.000000,0.025717
0.000784000000,0.000000,-0.019537
0.000786000000,0.000000,0.004172
0.000788000000,0.000000,-0.043984
0.000790000000,0.000000,-0.009946
0.000792000000,0.000000,0.042763
0.000794000000,0.000000,0.026935
0.000796000000,0.000000,0.086889
0.000798000000,0.000000,0.005905
0.000800000000,0.000000,0.005413
0.000802000000,0.000000,0.053447
0.000804000000,0.000000,-0.051714
0.000806000000,0.000000,-0.067138
0.000808000000,0.000000,-0.018188
0.000810000000,0.000000,-0.051160
0.000812000000,0.000000,-0.049997
0.000814000000,0.000000,-0.054077
0.000816000000,0.000000,-0.004393
0.000818000000,0.000000,0.071021
0.000820000000,0.000000,0.002078
0.000822000000,0.000000,-0.033777
0.000824000000,0.000000,-0.011642
0.000826000000,0.000000,-0.073729
0.000828000000,0.000000,0.014256
0.000830000000,0.000000,0.043521
0.000832000000,0.000000,0.065732
0.000834000000,0.000000,-0.064947
0.000836000000,0.000000,0.050812
0.000838000000,0.000000,-0.019893
0.000840000000,0.000000,0.017809
0.000842000000,0.000000,0.012531
0.000844000000,0.000000,-0.093184
0.000846000000,0.000000,0.006995
0.000848000000,0.000000,-0.058543
0.000850000000,0.000000,-0.058971
0.000852000000,0.000000,-0.104989
0.000854000000,0.000000,0.005171
0.000856000000,0.000000,-0.009252
0.000858000000,0.000000,0.066792
0.000860000000,0.000000,0.008096
0.000862000000,0.000000,0.051442
0.000864000000,0.000000,0.036230
0.000866000000,0.000000,-0.050083
0.000868000000,0.000000,-0.005130
0.000870000000,0.000000,-0.021004
0.000872000000,0.000000,0.027973
0.000874000000,0.000000,0.091751
0.000876000000,0.000000,0.002117
0.000878000000,0.000000,0.040133
0.000880000000,0.000000,0.050481
0.000882000000,0.000000,-0.018196
0.000884000000,0.000000,0.070444
0.000886000000,0.000000,-0.004657
0.000888000000,0.000000,0.010080
0.000890000000,0.000000,0.064113
0.000892000000,0.000000,0.040665
0.000894000000,0.000000,-0.089650
0.000896000000,0.000000,-0.047246
0.000898000000,0.000000,0.008571
0.000900000000,0.000000,0.023131
0.000902000000,0.000000,-0.003390
0.000904000000,0.000000,-0.033721
0.000906000000,0.000000,-0.008660
0.000908000000,0.000000,-0.022014
0.000910000000,0.000000,0.050489
0.000912000000,0.000000,-0.046477
0.000914000000,0.000000,0.019513
0.000916000000,0.000000,0.007212
0.000918000000,0.000000,-0.019492
0.000920000000,0.000000,0.056157
0.000922000000,0.000000,0.019590
0.000924000000,0.000000,-0.069727
0.000926000000,0.000000,0.022996
0.000928000000,0.000000,-0.091614
0.000930000000,0.000000,-0.038482
0.000932000000,0.000000,-0.003937
0.000934000000,0.000000,0.030388
0.000936000000,0.000000,0.017777
0.000938000000,0.000000,0.047124
0.000940000000,0.000000,-0.019726
0.000942000000,0.000000,0.047233
0.000944000000,0.000000,-0.008073
0.000946000000,0.000000,0.010193
0.000948000000,0.000000,0.080023
0.000950000000,0.000000,-0.019909
0.000952000000,0.000000,0.045199
0.000954000000,0.000000,-0.076062
0.000956000000,0.000000,-0.072024
0.000958000000,0.000000,0.028840
0.000960000000,0.000000,-0.011162
0.000962000000,0.000000,-0.023616
0.000964000000,0.000000,0.028657
0.000966000000,0.000000,0.032276
0.000968000000,0.000000,-0.038146
0.000970000000,0.000000,0.006957
0.000972000000,0.000000,0.003366
0.000974000000,0.000000,-0.061408
0.000976000000,0.000000,-0.080881
0.000978000000,0.000000,0.001439
0.000980000000,0.000000,0.027336
0.000982000000,0.000000,0.037000
0.000984000000,0.000000,0.037736
0.000986000000,0.000000,-0.036123
0.000988000000,0.000000,0.042475
0.000990000000,0.000000,0.122679
0.000992000000,0.000000,0.014396
0.000994000000,0.000000,0.050245
0.000996000000,0.000000,0.041988
0.000998000000,0.000000,-0.011015
0.001000000000,0.000000,-0.032859
0.001002000000,0.000309,-0.065939
0.001004000000,0.002166,-0.033894
0.001006000000,0.005754,-0.030985
0.001008000000,0.009261,-0.022552
0.001010000000,0.009382,0.073203
0.001012000000,0.002874,0.031066
0.001014000000,-0.011457,-0.020751
0.001016000000,-0.031222,0.019796
0.001018000000,-0.050193,0.060493
0.001020000000,-0.059752,-0.019528
0.001022000000,-0.051805,0.021328
0.001024000000,-0.022287,-0.005913
0.001026000000,0.026016,-0.068425
0.001028000000,0.082571,0.033993
0.001030000000,0.130869,0.070849
0.001032000000,0.152762,0.005028
0.001034000000,0.134311,0.032501
0.001036000000,0.071397,0.025052
0.001038000000,-0.026867,0.012580
0.001040000000,-0.138434,0.074033
0.001042000000,-0.232856,0.015551
0.001044000000,-0.279251,0.029124
0.001046000000,-0.255681,0.078496
0.001048000000,-0.157219,0.033734
0.001050000000,0.000000,-0.016288
0.001052000000,0.180500,0.054344
0.001054000000,0.337183,0.023614
0.001056000000,0.423449,-0.016964
0.001058000000,0.406644,-0.012582
0.001060000000,0.279007,0.011811
0.001062000000,0.062667,0.063272
0.001064000000,-0.193385,-0.023462
0.001066000000,-0.424232,-0.042401
0.001068000000,-0.565516,0.040134
0.001070000000,-0.571251,0.008226
0.001072000000,-0.428065,0.000766
0.001074000000,-0.161569,-0.108101
0.001076000000,0.167531,0.056836
0.001078000000,0.477251,0.007013
0.001080000000,0.684948,0.074980
0.001082000000,0.729497,0.011069
0.001084000000,0.589044,0.069617
0.001086000000,0.289211,-0.089424
0.001088000000,-0.101025,0.021557
0.001090000000,-0.485326,-0.049176
0.001092000000,-0.764111,0.027811
0.001094000000,-0.860695,0.006098
0.001096000000,-0.742484,0.053685
0.001098000000,-0.431356,0.038794
0.001100000000,0.000000,-0.002820
0.001102000000,0.445296,-0.020102
0.001104000000,0.791282,0.013873
0.001106000000,0.947030,-0.016690
0.001108000000,0.868162,0.034007
0.001110000000,0.569491,0.000291
0.001112000000,0.122459,-0.049687
0.001114000000,-0.362249,0.026089
0.001116000000,-0.762627,0.067263
0.001118000000,-0.976624,-0.022612
0.001120000000,-0.948617,-0.061802
0.001122000000,-0.684108,-0.060718
0.001124000000,-0.248690,-0.074076
0.001126000000,0.248530,-0.070707
0.001128000000,0.682791,-0.049606
0.001130000000,0.945573,-0.080224
0.001132000000,0.972234,0.000986
0.001134000000,0.758215,0.077377
0.001136000000,0.359683,-0.027214
0.001138000000,-0.121432,-0.017788
0.001140000000,-0.563968,0.004609
0.001142000000,-0.858592,-0.005379
0.001144000000,-0.935324,-0.046533
0.001146000000,-0.780431,0.021422
0.001148000000,-0.438580,0.018269
0.001150000000,-0.000000,-0.046255
0.001152000000,0.423644,0.042693
0.001154000000,0.728145,0.006885
0.001156000000,0.842817,-0.035097
0.001158000000,0.747103,-0.034137
0.001160000000,0.473786,0.059539
0.001162000000,0.098466,-0.003467
0.001164000000,-0.281425,0.045014
0.001166000000,-0.572222,0.025562
0.001168000000,-0.707440,0.003242
0.001170000000,-0.663056,0.050019
0.001172000000,-0.461147,-0.012617
0.001174000000,-0.161569,0.057193
0.001176000000,0.155512,-0.018114
0.001178000000,0.411173,0.023298
0.001180000000,0.547536,-0.031042
0.001182000000,0.540832,0.040313
0.001184000000,0.404770,0.050973
0.001186000000,0.184062,0.003276
0.001188000000,-0.059493,0.000541
0.001190000000,-0.264160,0.006475
0.001192000000,-0.383906,0.031458
0.001194000000,-0.398563,-0.041212
0.001196000000,-0.316347,0.032278
0.001198000000,-0.168767,0.030176
0.001200000000,0.000000,-0.004484
0.001202000000,0.145886,0.001962
0.001204000000,0.236245,-0.073622
0.001206000000,0.256841,-0.007844
0.001208000000,0.213103,0.029303
0.001210000000,0.126001,-0.009332
0.001212000000,0.024308,0.102235
0.001214000000,-0.064169,-0.080244
0.001216000000,-0.119828,0.028660
0.001218000000,-0.135166,0.043474
0.001220000000,-0.114717,0.079862
0.001222000000,-0.071612,-0.070327
0.001224000000,-0.022287,0.011020
0.001226000000,0.018820,-0.042143
0.001228000000,0.043008,0.034755
0.001230000000,0.048597,0.030677
0.001232000000,0.039803,-0.048067
0.001234000000,0.023981,0.073117
0.001236000000,0.008441,-0.122591
0.001238000000,-0.002000,0.056328
0.001240000000,-0.006016,0.029052
0.001242000000,-0.005217,0.117989
0.001244000000,-0.002560,0.069577
0.001246000000,-0.000542,0.024762
0.001248000000,-0.000000,0.007397
0.001250000000,0.000000,0.028836
0.001252000000,0.000000,0.018489
0.001254000000,0.000000,0.056409
0.001256000000,0.000000,-0.062116
0.001258000000,0.000000,-0.016326
0.001260000000,0.000000,0.013450
0.001262000000,0.000000,0.029585
0.001264000000,0.000000,-0.065678
0.001266000000,0.000000,-0.036589
0.001268000000,0.000000,-0.038882
0.001270000000,0.000000,0.048257
0.001272000000,0.000000,-0.062707
0.001274000000,0.000000,-0.066106
0.001276000000,0.000000,0.003199
0.001278000000,0.000000,0.023155
0.001280000000,0.000000,-0.075376
0.001282000000,0.000000,0.051788
0.001284000000,0.000000,-0.088023
0.001286000000,0.000000,-0.088370
0.001288000000,0.000000,0.053603
0.001290000000,0.000000,0.101720
0.001292000000,0.000000,0.040960
0.001294000000,0.000000,-0.075597
0.001296000000,0.000000,-0.034122
0.001298000000,0.000000,-0.041956
0.001300000000,0.000000,0.081175
0.001302000000,0.000000,-0.005202
0.001304000000,0.000000,0.038125
0.001306000000,0.000000,0.016318
0.001308000000,0.000000,0.048122
0.001310000000,0.000000,0.046584
0.001312000000,0.000000,0.007549
0.001314000000,0.000000,0.083936
0.001316000000,0.000000,0.078162
0.001318000000,0.000000,-0.020169
0.001320000000,0.000000,-0.012719
0.001322000000,0.000000,-0.088356
0.001324000000,0.000000,-0.025908
0.001326000000,0.000000,0.015575
0.001328000000,0.000000,-0.031559
0.001330000000,0.000000,0.031130
0.001332000000,0.000000,0.003841
0.001334000000,0.000000,-0.005652
0.001336000000,0.000000,0.101031
0.001338000000,0.000000,-0.025091
0.001340000000,0.000000,-0.071128
0.001342000000,0.000000,-0.063075
0.001344000000,0.000000,0.028786
0.001346000000,0.000000,-0.020569
0.001348000000,0.000000,0.037509
0.001350000000,0.000000,-0.026286
0.001352000000,0.000000,0.000457
0.001354000000,0.000000,0.069628
0.001356000000,0.000000,-0.045386
0.001358000000,0.000000,-0.002737
0.001360000000,0.000000,0.056015
0.001362000000,0.000000,-0.013715
0.001364000000,0.000000,-0.027669
0.001366000000,0.000000,0.056629
0.001368000000,0.000000,0.057030
0.001370000000,0.000000,-0.006680
0.001372000000,0.000000,-0.039280
0.001374000000,0.000000,0.026099
0.001376000000,0.000000,-0.069493
0.001378000000,0.000000,0.053172
0.001380000000,0.000000,-0.028555
0.001382000000,0.000000,0.027331
0.001384000000,0.000000,-0.039330
0.001386000000,0.000000,0.064765
0.001388000000,0.000000,-0.042738
0.001390000000,0.000000,-0.017268
0.001392000000,0.000000,-0.029617
0.001394000000,0.000000,0.004191
0.001396000000,0.000000,-0.058589
0.001398000000,0.000000,0.018039
0.001400000000,0.000000,0.025734
0.001402000000,0.000000,0.088235
0.001404000000,0.000000,0.125628
0.001406000000,0.000000,0.085256
0.001408000000,0.000000,-0.014835
0.001410000000,0.000000,0.004141
0.001412000000,0.000000,0.002561
0.001414000000,0.000000,0.069776
0.001416000000,0.000000,-0.080626
0.001418000000,0.000000,-0.021939
0.001420000000,0.000000,-0.010653
0.001422000000,0.000000,0.018075
0.001424000000,0.000000,0.031218
0.001426000000,0.000000,-0.024506
0.001428000000,0.000000,0.038003
0.001430000000,0.000000,-0.050294
0.001432000000,0.000000,-0.006492
0.001434000000,0.000000,0.050690
0.001436000000,0.000000,-0.010098
0.001438000000,0.000000,0.034654
0.001440000000,0.000000,0.019102
0.001442000000,0.000000,-0.046570
0.001444000000,0.000000,-0.043003
0.001446000000,0.000000,0.047864
0.001448000000,0.000000,0.031476
0.001450000000,0.000000,0.021526
0.001452000000,0.000000,0.037338
0.001454000000,0.000000,0.030063
0.001456000000,0.000000,0.001177
0.001458000000,0.000000,-0.011874
0.001460000000,0.000000,0.073630
0.001462000000,0.000000,-0.072860
0.001464000000,0.000000,0.077004
0.001466000000,0.000000,-0.052223
0.001468000000,0.000000,-0.037054
0.001470000000,0.000000,-0.000239
0.001472000000,0.000000,0.010588
0.001474000000,0.000000,-0.105309
0.001476000000,0.000000,-0.006870
0.001478000000,0.000000,-0.007911
0.001480000000,0.000000,-0.097373
0.001482000000,0.000000,0.039188
0.001484000000,0.000000,0.059878
0.001486000000,0.000000,0.118925
0.001488000000,0.000000,-0.012945
0.001490000000,0.000000,-0.015806
0.001492000000,0.000000,0.035209
0.001494000000,0.000000,0.044888
0.001496000000,0.000000,-0.054297
0.001498000000,0.000000,-0.016730
0.001500000000,0.000000,0.030205
0.001502000000,0.000000,0.042720
0.001504000000,0.000000,0.010414
0.001506000000,0.000000,0.012234
0.001508000000,0.000000,-0.036347
0.001510000000,0.000000,-0.055605
0.001512000000,0.000000,0.063297
0.001514000000,0.000000,-0.058287
0.001516000000,0.000000,-0.016947
0.001518000000,0.000000,-0.033718
0.001520000000,0.000000,0.047576
0.001522000000,0.000000,-0.091074
0.001524000000,0.000000,0.009364
0.001526000000,0.000000,-0.042873
0.001528000000,0.000000,0.091742
0.001530000000,0.000000,-0.059608
0.001532000000,0.000000,-0.032940
0.001534000000,0.000000,0.009838
0.001536000000,0.000000,0.017079
0.001538000000,0.000000,0.084875
0.001540000000,0.000000,-0.047588
0.001542000000,0.000000,0.035160
0.001544000000,0.000000,0.031558
0.001546000000,0.000000,-0.016574
0.001548000000,0.000000,0.003585
0.001550000000,0.000000,0.016471
0.001552000000,0.000000,0.031906
0.001554000000,0.000000,-0.000382
0.001556000000,0.000000,0.056628
0.001558000000,0.000000,-0.010876
0.001560000000,0.000000,-0.002310
0.001562000000,0.000000,-0.001095
0.001564000000,0.000000,0.002769
0.001566000000,0.000000,0.045882
0.001568000000,0.000000,0.067831
0.001570000000,0.000000,-0.110049
0.001572000000,0.000000,0.071749
0.001574000000,0.000000,0.062507
0.001576000000,0.000000,-0.081481
0.001578000000,0.000000,0.045009
0.001580000000,0.000000,-0.012916
0.001582000000,0.000000,-0.064625
0.001584000000,0.000000,-0.001069
0.001586000000,0.000000,0.071392
0.001588000000,0.000000,0.060463
0.001590000000,0.000000,-0.040312
0.001592000000,0.000000,0.008623
0.001594000000,0.000000,0.038462
0.001596000000,0.000000,0.054977
0.001598000000,0.000000,-0.020555
0.001600000000,0.000000,-0.019205
0.001602000000,0.000000,-0.009517
0.001604000000,0.000000,-0.012841
0.001606000000,0.000000,-0.079600
0.001608000000,0.000000,-0.011014
0.001610000000,0.000000,0.027303
0.001612000000,0.000000,-0.043110
0.001614000000,0.000000,-0.090303
0.001616000000,0.000000,-0.041509
0.001618000000,0.000000,-0.023433
0.001620000000,0.000000,0.025430
0.001622000000,0.000000,-0.066045
0.001624000000,0.000000,-0.118590
0.001626000000,0.000000,0.054882
0.001628000000,0.000000,-0.079420
0.001630000000,0.000000,0.002615
0.001632000000,0.000000,0.026570
0.001634000000,0.000000,0.028111
0.001636000000,0.000000,-0.037162
0.001638000000,0.000000,-0.064959
0.001640000000,0.000000,0.093302
0.001642000000,0.000000,0.047513
0.001644000000,0.000000,-0.029206
0.001646000000,0.000000,0.034824
0.001648000000,0.000000,-0.039029
0.001650000000,0.000000,0.018122
0.001652000000,0.000000,-0.022854
0.001654000000,0.000000,-0.024298
0.001656000000,0.000000,0.007003
0.001658000000,0.000000,-0.032272
0.001660000000,0.000000,0.043585
0.001662000000,0.000000,-0.052234
0.001664000000,0.000000,0.023652
0.001666000000,0.000000,0.019868
0.001668000000,0.000000,0.060178
0.001670000000,0.000000,-0.052567
0.001672000000,0.000000,-0.017694
0.001674000000,0.000000,0.048023
0.001676000000,0.000000,-0.032280
0.001678000000,0.000000,0.065363
0.001680000000,0.000000,0.004366
0.001682000000,0.000000,-0.020599
0.001684000000,0.000000,-0.008337
0.001686000000,0.000000,0.023565
0.001688000000,0.000000,-0.014845
0.001690000000,0.000000,-0.002584
0.001692000000,0.000000,-0.028060
0.001694000000,0.000000,-0.059681
0.001696000000,0.000000,0.042421
0.001698000000,0.000000,-0.036831
0.001700000000,0.000000,-0.023675
0.001702000000,0.000000,-0.103370
0.001704000000,0.000000,0.153718
0.001706000000,0.000000,-0.002955
0.001708000000,0.000000,0.060281
0.001710000000,0.000000,-0.036976
0.001712000000,0.000000,0.010136
0.001714000000,0.000000,-0.030290
0.001716000000,0.000000,-0.041141
0.001718000000,0.000000,0.016615
0.001720000000,0.000000,-0.022656
0.001722000000,0.000000,-0.009021
0.001724000000,0.000000,-0.027584
0.001726000000,0.000000,-0.002336
0.001728000000,0.000000,0.030410
0.001730000000,0.000000,-0.023549
0.001732000000,0.000000,-0.014622
0.001734000000,0.000000,0.079709
0.001736000000,0.000000,-0.027864
0.001738000000,0.000000,-0.066524
0.001740000000,0.000000,0.062289
0.001742000000,0.000000,0.026462
0.001744000000,0.000000,0.077639
0.001746000000,0.000000,0.093465
0.001748000000,0.000000,0.030067
0.001750000000,0.000000,-0.009869
0.001752000000,0.000000,-0.019042
0.001754000000,0.000000,0.087568
0.001756000000,0.000000,0.006732
0.001758000000,0.000000,0.007701
0.001760000000,0.000000,0.066472
0.001762000000,0.000000,-0.060688
0.001764000000,0.000000,-0.075877
0.001766000000,0.000000,0.024406
0.001768000000,0.000000,0.000137
0.001770000000,0.000000,-0.110095
0.001772000000,0.000000,0.045992
0.001774000000,0.000000,0.027891
0.001776000000,0.000000,-0.041997
0.001778000000,0.000000,-0.090232
0.001780000000,0.000000,-0.015522
0.001782000000,0.000000,0.026216
0.001784000000,0.000000,0.022016
0.001786000000,0.000000,-0.013003
0.001788000000,0.000000,-0.008872
0.001790000000,0.000000,-0.032786
0.001792000000,0.000000,-0.011453
0.001794000000,0.000000,-0.011963
0.001796000000,0.000000,-0.003837
0.001798000000,0.000000,0.006323
0.001800000000,0.000000,-0.017640
0.001802000000,0.000000,-0.016020
0.001804000000,0.000000,0.065407
0.001806000000,0.000000,-0.015620
0.001808000000,0.000000,-0.081141
0.001810000000,0.000000,-0.023567
0.001812000000,0.000000,-0.020775
0.001814000000,0.000000,-0.005539
0.001816000000,0.000000,0.033077
0.001818000000,0.000000,-0.040966
0.001820000000,0.000000,-0.116976
0.001822000000,0.000000,0.029302
0.001824000000,0.000000,-0.002728
0.001826000000,0.000000,-0.035221
0.001828000000,0.000000,0.028190
0.001830000000,0.000000,-0.016401
0.001832000000,0.000000,0.004139
0.001834000000,0.000000,-0.092415
0.001836000000,0.000000,-0.018742
0.001838000000,0.000000,-0.001845
0.001840000000,0.000000,-0.035520
0.001842000000,0.000000,0.125228
0.001844000000,0.000000,0.055047
0.001846000000,0.000000,0.014547
0.001848000000,0.000000,0.031856
0.001850000000,0.000000,-0.067394
0.001852000000,0.000000,0.040346
0.001854000000,0.000000,-0.030619
0.001856000000,0.000000,0.004487
0.001858000000,0.000000,0.036535
0.001860000000,0.000000,0.044117
0.001862000000,0.000000,-0.013542
0.001864000000,0.000000,0.021076
0.001866000000,0.000000,-0.038258
0.001868000000,0.000000,-0.070625
0.001870000000,0.000000,0.044200
0.001872000000,0.000000,-0.039336
0.001874000000,0.000000,0.049925
0.001876000000,0.000000,0.076815
0.001878000000,0.000000,0.075944
0.001880000000,0.000000,0.042139
0.001882000000,0.000000,0.041540
0.001884000000,0.000000,-0.000714
0.001886000000,0.000000,-0.022915
0.001888000000,0.000000,-0.023138
0.001890000000,0.000000,0.035587
0.001892000000,0.000000,-0.073726
0.001894000000,0.000000,-0.065435
0.001896000000,0.000000,0.114004
0.001898000000,0.000000,-0.065222
0.001900000000,0.000000,0.056347
0.001902000000,0.000000,0.028368
0.001904000000,0.000000,0.071874
0.001906000000,0.000000,-0.050711
0.001908000000,0.000000,0.036902
0.001910000000,0.000000,0.022249
0.001912000000,0.000000,-0.012831
0.001914000000,0.000000,0.088860
0.001916000000,0.000000,-0.131764
0.001918000000,0.000000,-0.008206
0.001920000000,0.000000,-0.008430
0.001922000000,0.000000,0.061819
0.001924000000,0.000000,0.014978
0.001926000000,0.000000,-0.046151
0.001928000000,0.000000,-0.052828
0.001930000000,0.000000,-0.031986
0.001932000000,0.000000,0.033246
0.001934000000,0.000000,-0.033630
0.001936000000,0.000000,0.012548
0.001938000000,0.000000,0.009020
0.001940000000,0.000000,-0.020943
0.001942000000,0.000000,0.075230
0.001944000000,0.000000,0.081600
0.001946000000,0.000000,-0.007286
0.001948000000,0.000000,-0.050959
0.001950000000,0.000000,0.001596
0.001952000000,0.000000,0.101875
0.001954000000,0.000000,-0.008904
0.001956000000,0.000000,0.005882
0.001958000000,0.000000,-0.049519
0.001960000000,0.000000,0.034196
0.001962000000,0.000000,0.008546
0.001964000000,0.000000,-0.032782
0.001966000000,0.000000,-0.014716
0.001968000000,0.000000,-0.016325
0.001970000000,0.000000,-0.029562
0.001972000000,0.000000,-0.010012
0.001974000000,0.000000,-0.092446
0.001976000000,0.000000,-0.047511
0.001978000000,0.000000,-0.053041
0.001980000000,0.000000,-0.096289
0.001982000000,0.000000,0.059770
0.001984000000,0.000000,0.015537
0.001986000000,0.000000,0.024376
0.001988000000,0.000000,-0.040648
0.001990000000,0.000000,0.106543
0.001992000000,0.000000,0.113715
0.001994000000,0.000000,0.039965
0.001996000000,0.000000,0.025825
0.001998000000,0.000000,0.031600
0.002000000000,0.000000,0.048091
0.002002000000,0.000000,-0.037631
0.002004000000,0.000000,0.024933
0.002006000000,0.000000,0.084059
0.002008000000,0.000000,-0.045446
0.002010000000,0.000000,-0.033213
0.002012000000,0.000000,0.033284
0.002014000000,0.000000,-0.047915
0.002016000000,0.000000,0.043093
0.002018000000,0.000000,-0.013523
0.002020000000,0.000000,-0.000849
0.002022000000,0.000000,-0.004519
0.002024000000,0.000000,-0.032984
0.002026000000,0.000000,-0.125391
0.002028000000,0.000000,0.002874
0.002030000000,0.000000,0.017371
0.002032000000,0.000000,-0.012216
0.002034000000,0.000000,-0.040921
0.002036000000,0.000000,0.028677
0.002038000000,0.000000,-0.045786
0.002040000000,0.000000,-0.012036
0.002042000000,0.000000,-0.010825
0.002044000000,0.000000,0.005393
0.002046000000,0.000000,-0.004375
0.002048000000,0.000000,-0.060227
0.002050000000,0.000000,-0.062570
0.002052000000,0.000000,0.013366
0.002054000000,0.000000,-0.002066
0.002056000000,0.000000,0.004833
0.002058000000,0.000000,0.026210
0.002060000000,0.000000,0.021309
0.002062000000,0.000000,-0.102767
0.002064000000,0.000000,-0.030544
0.002066000000,0.000000,0.070892
0.002068000000,0.000000,-0.029067
0.002070000000,0.000000,-0.016053
0.002072000000,0.000000,0.043670
0.002074000000,0.000000,-0.007162
0.002076000000,0.000000,-0.048226
0.002078000000,0.000000,0.031044
0.002080000000,0.000000,0.048522
0.002082000000,0.000000,0.010309
0.002084000000,0.000000,0.048668
0.002086000000,0.000000,0.001566
0.002088000000,0.000000,-0.050949
0.002090000000,0.000000,-0.037731
0.002092000000,0.000000,0.053873
0.002094000000,0.000000,0.025057
0.002096000000,0.000000,-0.028718
0.002098000000,0.000000,0.035904
0.002100000000,0.000000,0.061959
0.002102000000,0.000000,-0.058362
0.002104000000,0.000000,-0.131318
0.002106000000,0.000000,0.048560
0.002108000000,0.000000,0.029260
0.002110000000,0.000000,0.048853
0.002112000000,0.000000,-0.069192
0.002114000000,0.000000,0.013977
0.002116000000,0.000000,0.062657
0.002118000000,0.000000,0.091883
0.002120000000,0.000000,0.000080
0.002122000000,0.000000,0.055500
0.002124000000,0.000000,0.014251
0.002126000000,0.000000,-0.003593
0.002128000000,0.000000,0.063506
0.002130000000,0.000000,0.028501
0.002132000000,0.000000,0.016473
0.002134000000,0.000000,0.039433
0.002136000000,0.000000,0.122713
0.002138000000,0.000000,0.057615
0.002140000000,0.000000,-0.021083
0.002142000000,0.000000,-0.035431
0.002144000000,0.000000,-0.030319
0.002146000000,0.000000,0.094394
0.002148000000,0.000000,0.011527
0.002150000000,0.000000,-0.062672
0.002152000000,0.000000,0.050276
0.002154000000,0.000000,-0.020056
0.002156000000,0.000000,-0.032652
0.002158000000,0.000000,0.004284
0.002160000000,0.000000,0.016614
0.002162000000,0.000000,0.016085
0.002164000000,0.000000,-0.010502
0.002166000000,0.000000,-0.091951
0.002168000000,0.000000,0.028170
0.002170000000,0.000000,0.059235
0.002172000000,0.000000,0.108840
0.002174000000,0.000000,-0.006293
0.002176000000,0.000000,0.036138
0.002178000000,0.000000,0.059993
0.002180000000,0.000000,-0.063247
0.002182000000,0.000000,-0.006691
0.002184000000,0.000000,0.003504
0.002186000000,0.000000,0.071546
0.002188000000,0.000000,0.044645
0.002190000000,0.000000,0.001690
0.002192000000,0.000000,-0.073067
0.002194000000,0.000000,-0.032611
0.002196000000,0.000000,0.014856
0.002198000000,0.000000,-0.062406
0.002200000000,0.000000,0.027238
0.002202000000,0.000000,-0.002983
0.002204000000,0.000000,0.053661
0.002206000000,0.000000,0.017624
0.002208000000,0.000000,0.046439
0.002210000000,0.000000,-0.016998
0.002212000000,0.000000,-0.011482
0.002214000000,0.000000,-0.078972
0.002216000000,0.000000,0.051406
0.002218000000,0.000000,0.022865
0.002220000000,0.000000,0.043210
0.002222000000,0.000000,-0.007766
0.002224000000,0.000000,-0.095305
0.002226000000,0.000000,0.014295
0.002228000000,0.000000,-0.044079
0.002230000000,0.000000,0.033278
0.002232000000,0.000000,-0.012902
0.002234000000,0.000000,-0.034126
0.002236000000,0.000000,-0.020360
0.002238000000,0.000000,-0.029223
0.002240000000,0.000000,-0.030729
0.002242000000,0.000000,0.069253
0.002244000000,0.000000,-0.028692
0.002246000000,0.000000,0.096458
0.002248000000,0.000000,-0.014386
0.002250000000,0.000000,0.089213
0.002252000000,0.000000,0.057216
0.002254000000,0.000000,-0.000868
0.002256000000,0.000000,-0.040041
0.002258000000,0.000000,-0.019542
0.002260000000,0.000000,0.056320
0.002262000000,0.000000,0.041936
0.002264000000,0.000000,-0.005040
0.002266000000,0.000000,0.016116
0.002268000000,0.000000,0.001133
0.002270000000,0.000000,-0.025953
0.002272000000,0.000000,0.031075
0.002274000000,0.000000,0.001369
0.002276000000,0.000000,-0.000891
0.002278000000,0.000000,-0.045789
0.002280000000,0.000000,0.014585
0.002282000000,0.000000,0.053080
0.002284000000,0.000000,-0.122086
0.002286000000,0.000000,0.096766
0.002288000000,0.000000,0.024047
0.002290000000,0.000000,-0.130637
0.002292000000,0.000000,0.071627
0.002294000000,0.000000,-0.044923
0.002296000000,0.000000,0.104304
0.002298000000,0.000000,0.027729
0.002300000000,0.000000,0.048949
0.002302000000,0.000000,0.026209
0.002304000000,0.000000,-0.038031
0.002306000000,0.000000,0.072597
0.002308000000,0.000000,0.019247
0.002310000000,0.000000,-0.017115
0.002312000000,0.000000,-0.019846
0.002314000000,0.000000,0.092936
0.002316000000,0.000000,0.027445
0.002318000000,0.000000,-0.064544
0.002320000000,0.000000,0.046396
0.002322000000,0.000000,0.003293
0.002324000000,0.000000,-0.092959
0.002326000000,0.000000,-0.029191
0.002328000000,0.000000,0.111938
0.002330000000,0.000000,0.001243
0.002332000000,0.000000,-0.029218
0.002334000000,0.000000,-0.046051
0.002336000000,0.000000,0.008108
0.002338000000,0.000000,-0.004106
0.002340000000,0.000000,0.076880
0.002342000000,0.000000,0.017189
0.002344000000,0.000000,-0.017874
0.002346000000,0.000000,0.051582
0.002348000000,0.000000,0.000347
0.002350000000,0.000000,0.048570
0.002352000000,0.000000,-0.020143
0.002354000000,0.000000,-0.016257
0.002356000000,0.000000,0.024514
0.002358000000,0.000000,0.031288
0.002360000000,0.000000,-0.043106
0.002362000000,0.000000,0.017229
0.002364000000,0.000000,-0.000034
0.002366000000,0.000000,0.024958
0.002368000000,0.000000,0.000354
0.002370000000,0.000000,-0.024879
0.002372000000,0.000000,0.081426
0.002374000000,0.000000,0.017863
0.002376000000,0.000000,-0.042776
0.002378000000,0.000000,-0.002126
0.002380000000,0.000000,-0.005136
0.002382000000,0.000000,-0.011358
0.002384000000,0.000000,-0.195331
0.002386000000,0.000000,0.018792
0.002388000000,0.000000,-0.041641
0.002390000000,0.000000,0.036526
0.002392000000,0.000000,0.017554
0.002394000000,0.000000,0.028230
0.002396000000,0.000000,-0.018366
0.002398000000,0.000000,-0.042791
0.002400000000,0.000000,0.103519
0.002402000000,0.000000,-0.047995
0.002404000000,0.000000,0.109748
0.002406000000,0.000000,-0.035298
0.002408000000,0.000000,0.047845
0.002410000000,0.000000,-0.029091
0.002412000000,0.000000,-0.016049
0.002414000000,0.000000,0.081213
0.002416000000,0.000000,-0.004218
0.002418000000,0.000000,-0.007030
0.002420000000,0.000000,-0.076309
0.002422000000,0.000000,0.009139
0.002424000000,0.000000,-0.058118
0.002426000000,0.000000,-0.106402
0.002428000000,0.000000,-0.063913
0.002430000000,0.000000,-0.019253
0.002432000000,0.000000,-0.002375
0.002434000000,0.000000,-0.011657
0.002436000000,0.000000,-0.139945
0.002438000000,0.000000,-0.006667
0.002440000000,0.000000,0.002487
0.002442000000,0.000000,0.018262
0.002444000000,0.000000,0.031121
0.002446000000,0.000000,0.005043
0.002448000000,0.000000,-0.028528
0.002450000000,0.000000,-0.002246
0.002452000000,0.000000,-0.035682
0.002454000000,0.000000,0.041479
0.002456000000,0.000000,-0.006772
0.002458000000,0.000000,-0.013170
0.002460000000,0.000000,-0.002909
0.002462000000,0.000000,-0.030669
0.002464000000,0.000000,0.125031
0.002466000000,0.000000,0.007195
0.002468000000,0.000000,-0.081022
0.002470000000,0.000000,-0.055077
0.002472000000,0.000000,-0.013609
0.002474000000,0.000000,-0.001354
0.002476000000,0.000000,-0.050778
0.002478000000,0.000000,-0.010794
0.002480000000,0.000000,0.058448
0.002482000000,0.000000,-0.062369
0.002484000000,0.000000,-0.020864
0.002486000000,0.000000,-0.003472
0.002488000000,0.000000,0.073491
0.002490000000,0.000000,0.094150
0.002492000000,0.000000,0.142212
0.002494000000,0.000000,0.111454
0.002496000000,0.000000,-0.047868
0.002498000000,0.000000,-0.060944
0.002500000000,0.000000,-0.000424
0.002502000000,0.000000,-0.043028
0.002504000000,0.000000,0.019332
0.002506000000,0.000000,-0.035266
0.002508000000,0.000000,0.051448
0.002510000000,0.000000,0.093837
0.002512000000,0.000000,0.166515
0.002514000000,0.000000,0.250243
0.002516000000,0.000000,0.085439
0.002518000000,0.000000,0.157926
0.002520000000,0.000000,-0.016951
0.002522000000,0.000000,-0.152417
0.002524000000,0.000000,-0.107498
0.002526000000,0.000000,-0.246785
0.002528000000,0.000000,-0.193554
0.002530000000,0.000000,-0.160246
0.002532000000,0.000000,-0.048757
0.002534000000,0.000000,0.126888
0.002536000000,0.000000,0.104372
0.002538000000,0.000000,0.250492
0.002540000000,0.000000,0.257145
0.002542000000,0.000000,0.145496
0.002544000000,0.000000,0.008447
0.002546000000,0.000000,-0.003522
0.002548000000,0.000000,-0.223218
0.002550000000,0.000000,-0.269161
0.002552000000,0.000000,-0.376142
0.002554000000,0.000000,-0.265296
0.002556000000,0.000000,-0.087570
0.002558000000,0.000000,0.006886
0.002560000000,0.000000,0.112474
0.002562000000,0.000000,0.236129
0.002564000000,0.000000,0.406324
0.002566000000,0.000000,0.300385
0.002568000000,0.000000,0.142475
0.002570000000,0.000000,0.063355
0.002572000000,0.000000,-0.143696
0.002574000000,0.000000,-0.269226
0.002576000000,0.000000,-0.322744
0.002578000000,0.000000,-0.299238
0.002580000000,0.000000,-0.195636
0.002582000000,0.000000,-0.106117
0.002584000000,0.000000,0.105755
0.002586000000,0.000000,0.230238
0.002588000000,0.000000,0.312939
0.002590000000,0.000000,0.231497
0.002592000000,0.000000,0.246230
0.002594000000,0.000000,0.151473
0.002596000000,0.000000,-0.102713
0.002598000000,0.000000,-0.180824
0.002600000000,0.000000,-0.262290
0.002602000000,0.000000,-0.350218
0.002604000000,0.000000,-0.256621
0.002606000000,0.000000,-0.121569
0.002608000000,0.000000,-0.074761
0.002610000000,0.000000,0.086108
0.002612000000,0.000000,0.299067
0.002614000000,0.000000,0.268826
0.002616000000,0.000000,0.259908
0.002618000000,0.000000,0.104254
0.002620000000,0.000000,-0.027422
0.002622000000,0.000000,-0.068042
0.002624000000,0.000000,-0.237367
0.002626000000,0.000000,-0.227241
0.002628000000,0.000000,-0.292139
0.002630000000,0.000000,-0.081537
0.002632000000,0.000000,0.014284
0.002634000000,0.000000,0.062941
0.002636000000,0.000000,0.118755
0.002638000000,0.000000,0.101315
0.002640000000,0.000000,0.181049
0.002642000000,0.000000,0.118575
0.002644000000,0.000000,0.065568
0.002646000000,0.000000,0.021255
0.002648000000,0.000000,-0.116101
0.002650000000,0.000000,-0.073865
0.002652000000,0.000000,-0.056305
0.002654000000,0.000000,-0.112792
0.002656000000,0.000000,-0.115948
0.002658000000,0.000000,0.047382
0.002660000000,0.000000,-0.052332
0.002662000000,0.000000,0.089500
0.002664000000,0.000000,0.110086
0.002666000000,0.000000,0.064926
0.002668000000,0.000000,0.044617
0.002670000000,0.000000,-0.072456
0.002672000000,0.000000,-0.006298
0.002674000000,0.000000,-0.071905
0.002676000000,0.000000,-0.060109
0.002678000000,0.000000,-0.005254
0.002680000000,0.000000,0.021294
0.002682000000,0.000000,-0.137050
0.002684000000,0.000000,0.016352
0.002686000000,0.000000,0.027656
0.002688000000,0.000000,-0.011492
0.002690000000,0.000000,-0.016469
0.002692000000,0.000000,0.007840
0.002694000000,0.000000,-0.024160
0.002696000000,0.000000,-0.018978
0.002698000000,0.000000,0.025286
0.002700000000,0.000000,-0.023502
0.002702000000,0.000000,0.006454
0.002704000000,0.000000,0.006613
0.002706000000,0.000000,-0.012852
0.002708000000,0.000000,0.013285
0.002710000000,0.000000,-0.047764
0.002712000000,0.000000,-0.041807
0.002714000000,0.000000,0.011324
0.002716000000,0.000000,0.069600
0.002718000000,0.000000,-0.006069
0.002720000000,0.000000,0.048845
0.002722000000,0.000000,0.007170
0.002724000000,0.000000,-0.039100
0.002726000000,0.000000,-0.010483
0.002728000000,0.000000,-0.016478
0.002730000000,0.000000,0.005064
0.002732000000,0.000000,0.004933
0.002734000000,0.000000,0.048260
0.002736000000,0.000000,0.052025
0.002738000000,0.000000,-0.122516
0.002740000000,0.000000,0.006852
0.002742000000,0.000000,0.028826
0.002744000000,0.000000,-0.007127
0.002746000000,0.000000,-0.038247
0.002748000000,0.000000,-0.059726
0.002750000000,0.000000,-0.050607
0.002752000000,0.000000,-0.075943
0.002754000000,0.000000,-0.036857
0.002756000000,0.000000,-0.006633
0.002758000000,0.000000,-0.126101
0.002760000000,0.000000,0.120831
0.002762000000,0.000000,0.137487
0.002764000000,0.000000,-0.030165
0.002766000000,0.000000,-0.024428
0.002768000000,0.000000,0.020512
0.002770000000,0.000000,0.082165
0.002772000000,0.000000,0.063154
0.002774000000,0.000000,-0.045683
0.002776000000,0.000000,0.023735
0.002778000000,0.000000,-0.005077
0.002780000000,0.000000,0.033903
0.002782000000,0.000000,0.104659
0.002784000000,0.000000,0.089663
0.002786000000,0.000000,-0.015118
0.002788000000,0.000000,-0.059415
0.002790000000,0.000000,-0.011852
0.002792000000,0.000000,-0.054565
0.002794000000,0.000000,0.034622
0.002796000000,0.000000,-0.034025
0.002798000000,0.000000,-0.018955
0.002800000000,0.000000,-0.020894
0.002802000000,0.000000,-0.034401
0.002804000000,0.000000,0.031475
0.002806000000,0.000000,-0.097406
0.002808000000,0.000000,-0.028505
0.002810000000,0.000000,-0.037407
0.002812000000,0.000000,0.041991
0.002814000000,0.000000,-0.012182
0.002816000000,0.000000,0.075557
0.002818000000,0.000000,0.016752
0.002820000000,0.000000,-0.002314
0.002822000000,0.000000,0.021316
0.002824000000,0.000000,0.079543
0.002826000000,0.000000,-0.082964
0.002828000000,0.000000,-0.036256
0.002830000000,0.000000,-0.052865
0.002832000000,0.000000,-0.007031
0.002834000000,0.000000,0.013370
0.002836000000,0.000000,0.035964
0.002838000000,0.000000,0.016443
0.002840000000,0.000000,-0.063443
0.002842000000,0.000000,0.053213
0.002844000000,0.000000,-0.040009
0.002846000000,0.000000,0.025323
0.002848000000,0.000000,0.031519
0.002850000000,0.000000,0.077004
0.002852000000,0.000000,0.097503
0.002854000000,0.000000,-0.010480
0.002856000000,0.000000,-0.047490
0.002858000000,0.000000,-0.035885
0.002860000000,0.000000,-0.108071
0.002862000000,0.000000,0.035021
0.002864000000,0.000000,0.110561
0.002866000000,0.000000,0.031466
0.002868000000,0.000000,0.066827
0.002870000000,0.000000,0.024847
0.002872000000,0.000000,0.072841
0.002874000000,0.000000,-0.029965
0.002876000000,0.000000,0.059477
0.002878000000,0.000000,0.037992
0.002880000000,0.000000,-0.048290
0.002882000000,0.000000,0.027485
0.002884000000,0.000000,0.000783
0.002886000000,0.000000,-0.012635
0.002888000000,0.000000,0.062325
0.002890000000,0.000000,0.005217
0.002892000000,0.000000,0.094827
0.002894000000,0.000000,0.035441
0.002896000000,0.000000,-0.004857
0.002898000000,0.000000,0.004578
0.002900000000,0.000000,0.042634
0.002902000000,0.000000,0.026909
0.002904000000,0.000000,0.033083
0.002906000000,0.000000,-0.009403
0.002908000000,0.000000,0.002645
0.002910000000,0.000000,0.125904
0.002912000000,0.000000,0.056193
0.002914000000,0.000000,0.002741
0.002916000000,0.000000,-0.001781
0.002918000000,0.000000,-0.000602
0.002920000000,0.000000,-0.011803
0.002922000000,0.000000,-0.052301
0.002924000000,0.000000,-0.012132
0.002926000000,0.000000,-0.035741
0.002928000000,0.000000,-0.083627
0.002930000000,0.000000,0.023582
0.002932000000,0.000000,-0.078373
0.002934000000,0.000000,0.050347
0.002936000000,0.000000,-0.039342
0.002938000000,0.000000,0.025369
0.002940000000,0.000000,-0.058701
0.002942000000,0.000000,0.069619
0.002944000000,0.000000,0.069464
0.002946000000,0.000000,-0.050682
0.002948000000,0.000000,0.066845
0.002950000000,0.000000,0.016913
0.002952000000,0.000000,0.004410
0.002954000000,0.000000,0.073457
0.002956000000,0.000000,0.017663
0.002958000000,0.000000,0.013105
0.002960000000,0.000000,-0.060112
0.002962000000,0.000000,0.039132
0.002964000000,0.000000,0.092181
0.002966000000,0.000000,0.022723
0.002968000000,0.000000,-0.001072
0.002970000000,0.000000,-0.009164
0.002972000000,0.000000,-0.058860
0.002974000000,0.000000,-0.006124
0.002976000000,0.000000,-0.008072
0.002978000000,0.000000,-0.013616
0.002980000000,0.000000,0.018147
0.002982000000,0.000000,0.063235
0.002984000000,0.000000,0.099477
0.002986000000,0.000000,0.106562
0.002988000000,0.000000,-0.064891
0.002990000000,0.000000,0.007339
0.002992000000,0.000000,0.129892
0.002994000000,0.000000,-0.002850
0.002996000000,0.000000,0.071687
0.002998000000,0.000000,0.007233
0.003000000000,0.000000,0.026241
0.003002000000,0.000000,-0.019178
0.003004000000,0.000000,0.102793
0.003006000000,0.000000,0.029798
0.003008000000,0.000000,-0.046276
0.003010000000,0.000000,-0.092478
0.003012000000,0.000000,-0.052586
0.003014000000,0.000000,-0.064820
0.003016000000,0.000000,0.011004
0.003018000000,0.000000,0.024716
0.003020000000,0.000000,-0.040705
0.003022000000,0.000000,0.016357
0.003024000000,0.000000,0.049796
0.003026000000,0.000000,0.011381
0.003028000000,0.000000,-0.000143
0.003030000000,0.000000,0.059745
0.003032000000,0.000000,-0.084410
0.003034000000,0.000000,-0.030766
0.003036000000,0.000000,-0.024393
0.003038000000,0.000000,0.001526
0.003040000000,0.000000,0.022255
0.003042000000,0.000000,-0.051191
0.003044000000,0.000000,0.094178
0.003046000000,0.000000,0.010867
0.003048000000,0.000000,-0.099971
0.003050000000,0.000000,0.041024
0.003052000000,0.000000,-0.009602
0.003054000000,0.000000,0.071359
0.003056000000,0.000000,0.047636
0.003058000000,0.000000,-0.093299
0.003060000000,0.000000,-0.042177
0.003062000000,0.000000,0.003999
0.003064000000,0.000000,-0.059903
0.003066000000,0.000000,-0.052598
0.003068000000,0.000000,0.011847
0.003070000000,0.000000,-0.005512
0.003072000000,0.000000,0.027747
0.003074000000,0.000000,0.035723
0.003076000000,0.000000,-0.062403
0.003078000000,0.000000,0.081256
0.003080000000,0.000000,0.044603
0.003082000000,0.000000,0.091636
0.003084000000,0.000000,-0.032904
0.003086000000,0.000000,0.140135
0.003088000000,0.000000,0.036208
0.003090000000,0.000000,-0.020842
0.003092000000,0.000000,-0.049017
0.003094000000,0.000000,-0.018608
0.003096000000,0.000000,-0.104937
0.003098000000,0.000000,0.078813
0.003100000000,0.000000,-0.033115
0.003102000000,0.000000,-0.014481
0.003104000000,0.000000,-0.020398
0.003106000000,0.000000,-0.033731
0.003108000000,0.000000,0.052119
0.003110000000,0.000000,-0.089331
0.003112000000,0.000000,0.011999
0.003114000000,0.000000,0.021542
0.003116000000,0.000000,-0.027931
0.003118000000,0.000000,-0.089935
0.003120000000,0.000000,-0.045610
0.003122000000,0.000000,0.005060
0.003124000000,0.000000,0.000628
0.003126000000,0.000000,-0.017444
0.003128000000,0.000000,-0.013119
0.003130000000,0.000000,0.006556
0.003132000000,0.000000,0.094399
0.003134000000,0.000000,-0.031016
0.003136000000,0.000000,-0.034136
0.003138000000,0.000000,-0.001187
0.003140000000,0.000000,0.037061
0.003142000000,0.000000,-0.013955
0.003144000000,0.000000,-0.064318
0.003146000000,0.000000,0.015348
0.003148000000,0.000000,0.006820
0.003150000000,0.000000,0.034788
0.003152000000,0.000000,-0.061124
0.003154000000,0.000000,-0.020821
0.003156000000,0.000000,-0.037271
0.003158000000,0.000000,-0.127371
0.003160000000,0.000000,-0.014879
0.003162000000,0.000000,-0.042097
0.003164000000,0.000000,-0.009977
0.003166000000,0.000000,-0.076095
0.003168000000,0.000000,0.033941
0.003170000000,0.000000,0.044522
0.003172000000,0.000000,-0.056939
0.003174000000,0.000000,0.035040
0.003176000000,0.000000,-0.064385
0.003178000000,0.000000,-0.069118
0.003180000000,0.000000,-0.074699
0.003182000000,0.000000,0.017919
0.003184000000,0.000000,0.018816
0.003186000000,0.000000,-0.013657
0.003188000000,0.000000,0.039662
0.003190000000,0.000000,-0.074118
0.003192000000,0.000000,-0.012304
0.003194000000,0.000000,-0.020351
0.003196000000,0.000000,0.019383
0.003198000000,0.000000,-0.002032
0.003200000000,0.000000,0.017779
0.003202000000,0.000000,-0.062564
0.003204000000,0.000000,0.003570
0.003206000000,0.000000,0.018828
0.003208000000,0.000000,0.073650
0.003210000000,0.000000,-0.074765
0.003212000000,0.000000,0.013790
0.003214000000,0.000000,-0.023572
0.003216000000,0.000000,-0.001607
0.003218000000,0.000000,-0.131506
0.003220000000,0.000000,-0.029222
0.003222000000,0.000000,-0.026742
0.003224000000,0.000000,-0.059493
0.003226000000,0.000000,-0.037204
0.003228000000,0.000000,0.084737
0.003230000000,0.000000,0.040907
0.003232000000,0.000000,-0.017967
0.003234000000,0.000000,0.077282
0.003236000000,0.000000,0.026425
0.003238000000,0.000000,-0.057288
0.003240000000,0.000000,0.031346
0.003242000000,0.000000,0.014035
0.003244000000,0.000000,-0.073768
0.003246000000,0.000000,-0.041952
0.003248000000,0.000000,-0.042857
0.003250000000,0.000000,-0.044034
0.003252000000,0.000000,0.028791
0.003254000000,0.000000,-0.053461
0.003256000000,0.000000,-0.074640
0.003258000000,0.000000,-0.027310
0.003260000000,0.000000,0.011114
0.003262000000,0.000000,0.066643
0.003264000000,0.000000,0.049072
0.003266000000,0.000000,-0.032059
0.003268000000,0.000000,-0.099477
0.003270000000,0.000000,0.018943
0.003272000000,0.000000,-0.109915
0.003274000000,0.000000,0.080320
0.003276000000,0.000000,0.076100
0.003278000000,0.000000,-0.062525
0.003280000000,0.000000,-0.029794
0.003282000000,0.000000,-0.015531
0.003284000000,0.000000,-0.118178
0.003286000000,0.000000,-0.012538
0.003288000000,0.000000,-0.026903
0.003290000000,0.000000,0.017189
0.003292000000,0.000000,0.058069
0.003294000000,0.000000,-0.022276
0.003296000000,0.000000,0.061694
0.003298000000,0.000000,-0.112533
0.003300000000,0.000000,-0.019056
0.003302000000,0.000000,0.052882
0.003304000000,0.000000,0.005875
0.003306000000,0.000000,0.099615
0.003308000000,0.000000,-0.015016
0.003310000000,0.000000,0.078048
0.003312000000,0.000000,-0.040498
0.003314000000,0.000000,-0.006256
0.003316000000,0.000000,-0.028456
0.003318000000,0.000000,-0.066726
0.003320000000,0.000000,-0.076335
0.003322000000,0.000000,-0.079014
0.003324000000,0.000000,0.001961
0.003326000000,0.000000,-0.083277
0.003328000000,0.000000,0.120603
0.003330000000,0.000000,0.057982
0.003332000000,0.000000,-0.024046
0.003334000000,0.000000,0.048658
0.003336000000,0.000000,0.022765
0.003338000000,0.000000,-0.004204
0.003340000000,0.000000,-0.043037
0.003342000000,0.000000,-0.057333
0.003344000000,0.000000,-0.058164
0.003346000000,0.000000,0.041292
0.003348000000,0.000000,0.012465
0.003350000000,0.000000,0.054499
0.003352000000,0.000000,0.056259
0.003354000000,0.000000,0.026490
0.003356000000,0.000000,0.106009
0.003358000000,0.000000,0.040819
0.003360000000,0.000000,0.028269
0.003362000000,0.000000,-0.064570
0.003364000000,0.000000,-0.067598
0.003366000000,0.000000,0.040138
0.003368000000,0.000000,0.101902
0.003370000000,0.000000,-0.007881
0.003372000000,0.000000,0.008323
0.003374000000,0.000000,-0.048829
0.003376000000,0.000000,0.043861
0.003378000000,0.000000,-0.024512
0.003380000000,0.000000,0.000440
0.003382000000,0.000000,0.009342
0.003384000000,0.000000,0.003903
0.003386000000,0.000000,0.056044
0.003388000000,0.000000,0.022245
0.003390000000,0.000000,-0.055709
0.003392000000,0.000000,-0.040204
0.003394000000,0.000000,0.049854
0.003396000000,0.000000,0.069296
0.003398000000,0.000000,0.012131
0.003400000000,0.000000,0.062231
0.003402000000,0.000000,0.012950
0.003404000000,0.000000,0.019837
0.003406000000,0.000000,-0.034427
0.003408000000,0.000000,0.048461
0.003410000000,0.000000,0.016193
0.003412000000,0.000000,-0.073472
0.003414000000,0.000000,-0.036985
0.003416000000,0.000000,-0.054077
0.003418000000,0.000000,-0.053001
0.003420000000,0.000000,-0.029392
0.003422000000,0.000000,0.006764
0.003424000000,0.000000,0.028866
0.003426000000,0.000000,-0.040708
0.003428000000,0.000000,0.027436
0.003430000000,0.000000,-0.020087
0.003432000000,0.000000,-0.006860
0.003434000000,0.000000,-0.009014
0.003436000000,0.000000,0.024374
0.003438000000,0.000000,0.022606
0.003440000000,0.000000,-0.099688
0.003442000000,0.000000,0.019291
0.003444000000,0.000000,-0.001470
0.003446000000,0.000000,0.025378
0.003448000000,0.000000,-0.012566
0.003450000000,0.000000,-0.073435
0.003452000000,0.000000,0.062027
0.003454000000,0.000000,0.019165
0.003456000000,0.000000,-0.021450
0.003458000000,0.000000,-0.059475
0.003460000000,0.000000,-0.005937
0.003462000000,0.000000,0.066392
0.003464000000,0.000000,0.015365
0.003466000000,0.000000,0.031943
0.003468000000,0.000000,-0.014997
0.003470000000,0.000000,-0.059378
0.003472000000,0.000000,-0.000032
0.003474000000,0.000000,0.017784
0.003476000000,0.000000,0.098201
0.003478000000,0.000000,0.025929
0.003480000000,0.000000,-0.009768
0.003482000000,0.000000,-0.003271
0.003484000000,0.000000,0.027969
0.003486000000,0.000000,0.012860
0.003488000000,0.000000,-0.041603
0.003490000000,0.000000,-0.022203
0.003492000000,0.000000,-0.052457
0.003494000000,0.000000,0.048274
0.003496000000,0.000000,0.047881
0.003498000000,0.000000,0.024077
0.003500000000,0.000000,0.001849
0.003502000000,0.000000,0.025158
0.003504000000,0.000000,-0.070995
0.003506000000,0.000000,0.053553
0.003508000000,0.000000,-0.005454
0.003510000000,0.000000,-0.015410
0.003512000000,0.000000,-0.061660
0.003514000000,0.000000,-0.027142
0.003516000000,0.000000,-0.089741
0.003518000000,0.000000,-0.070300
0.003520000000,0.000000,0.012707
0.003522000000,0.000000,0.028014
0.003524000000,0.000000,-0.028501
0.003526000000,0.000000,-0.012027
0.003528000000,0.000000,0.071448
0.003530000000,0.000000,-0.011507
0.003532000000,0.000000,-0.030369
0.003534000000,0.000000,0.061768
0.003536000000,0.000000,-0.022832
0.003538000000,0.000000,-0.041891
0.003540000000,0.000000,-0.093041
0.003542000000,0.000000,0.011666
0.003544000000,0.000000,-0.049194
0.003546000000,0.000000,-0.052474
0.003548000000,0.000000,-0.013799
0.003550000000,0.000000,0.037246
0.003552000000,0.000000,-0.048480
0.003554000000,0.000000,-0.072551
0.003556000000,0.000000,-0.043093
0.003558000000,0.000000,-0.088878
0.003560000000,0.000000,0.076628
0.003562000000,0.000000,-0.131274
0.003564000000,0.000000,-0.028581
0.003566000000,0.000000,-0.128401
0.003568000000,0.000000,-0.114739
0.003570000000,0.000000,0.034874
0.003572000000,0.000000,-0.008070
0.003574000000,0.000000,-0.003688
0.003576000000,0.000000,0.009117
0.003578000000,0.000000,-0.036659
0.003580000000,0.000000,-0.019584
0.003582000000,0.000000,-0.033340
0.003584000000,0.000000,-0.028088
0.003586000000,0.000000,-0.047764
0.003588000000,0.000000,0.074986
0.003590000000,0.000000,0.029126
0.003592000000,0.000000,0.062140
0.003594000000,0.000000,-0.024945
0.003596000000,0.000000,0.021850
0.003598000000,0.000000,-0.051018
0.003600000000,0.000000,0.068706
0.003602000000,0.000000,0.022971
0.003604000000,0.000000,0.049488
0.003606000000,0.000000,-0.007734
0.003608000000,0.000000,-0.068491
0.003610000000,0.000000,-0.097934
0.003612000000,0.000000,-0.031589
0.003614000000,0.000000,-0.041751
0.003616000000,0.000000,-0.021716
0.003618000000,0.000000,-0.041013
0.003620000000,0.000000,0.171885
0.003622000000,0.000000,-0.011830
0.003624000000,0.000000,-0.000039
0.003626000000,0.000000,0.080722
0.003628000000,0.000000,0.017928
0.003630000000,0.000000,0.066864
0.003632000000,0.000000,-0.025614
0.003634000000,0.000000,-0.051860
0.003636000000,0.000000,0.032813
0.003638000000,0.000000,0.018503
0.003640000000,0.000000,-0.036671
0.003642000000,0.000000,-0.081524
0.003644000000,0.000000,-0.042507
0.003646000000,0.000000,-0.035131
0.003648000000,0.000000,-0.011645
0.003650000000,0.000000,0.044940
0.003652000000,0.000000,-0.049585
0.003654000000,0.000000,-0.023698
0.003656000000,0.000000,-0.075115
0.003658000000,0.000000,0.031109
0.003660000000,0.000000,0.041441
0.003662000000,0.000000,-0.054586
0.003664000000,0.000000,-0.004866
0.003666000000,0.000000,0.038766
0.003668000000,0.000000,-0.034102
0.003670000000,0.000000,-0.005051
0.003672000000,0.000000,-0.030706
0.003674000000,0.000000,0.021539
0.003676000000,0.000000,-0.032956
0.003678000000,0.000000,-0.042841
0.003680000000,0.000000,0.052070
0.003682000000,0.000000,0.015454
0.003684000000,0.000000,-0.054366
0.003686000000,0.000000,0.038975
0.003688000000,0.000000,0.014589
0.003690000000,0.000000,-0.004145
0.003692000000,0.000000,0.037545
0.003694000000,0.000000,-0.068186
0.003696000000,0.000000,0.132550
0.003698000000,0.000000,-0.050257
0.003700000000,0.000000,-0.032478
0.003702000000,0.000000,0.005760
0.003704000000,0.000000,0.004973
0.003706000000,0.000000,-0.070172
0.003708000000,0.000000,-0.049330
0.003710000000,0.000000,-0.010493
0.003712000000,0.000000,-0.036629
0.003714000000,0.000000,0.042642
0.003716000000,0.000000,0.039891
0.003718000000,0.000000,0.005869
0.003720000000,0.000000,-0.037240
0.003722000000,0.000000,0.045417
0.003724000000,0.000000,-0.008738
0.003726000000,0.000000,-0.028122
0.003728000000,0.000000,0.043418
0.003730000000,0.000000,-0.061137
0.003732000000,0.000000,0.050529
0.003734000000,0.000000,0.008587
0.003736000000,0.000000,-0.122236
0.003738000000,0.000000,0.015842
0.003740000000,0.000000,-0.045121
0.003742000000,0.000000,-0.051303
0.003744000000,0.000000,-0.016204
0.003746000000,0.000000,-0.023584
0.003748000000,0.000000,0.035445
0.003750000000,0.000000,0.027293
0.003752000000,0.000000,-0.094466
0.003754000000,0.000000,0.057218
0.003756000000,0.000000,0.044101
0.003758000000,0.000000,0.013042
0.003760000000,0.000000,0.097583
0.003762000000,0.000000,0.007991
0.003764000000,0.000000,0.006833
0.003766000000,0.000000,0.075920
0.003768000000,0.000000,0.041247
0.003770000000,0.000000,0.019551
0.003772000000,0.000000,0.015959
0.003774000000,0.000000,-0.125496
0.003776000000,0.000000,-0.051252
0.003778000000,0.000000,-0.012419
0.003780000000,0.000000,-0.072853
0.003782000000,0.000000,-0.036197
0.003784000000,0.000000,0.033007
0.003786000000,0.000000,0.054620
0.003788000000,0.000000,0.102040
0.003790000000,0.000000,0.031393
0.003792000000,0.000000,0.045928
0.003794000000,0.000000,0.062105
0.003796000000,0.000000,0.098218
0.003798000000,0.000000,0.027581
0.003800000000,0.000000,0.031117
0.003802000000,0.000000,-0.053920
0.003804000000,0.000000,-0.017039
0.003806000000,0.000000,0.040612
0.003808000000,0.000000,-0.102900
0.003810000000,0.000000,0.002741
0.003812000000,0.000000,0.039486
0.003814000000,0.000000,0.051655
0.003816000000,0.000000,0.012724
0.003818000000,0.000000,-0.071796
0.003820000000,0.000000,-0.018843
0.003822000000,0.000000,-0.065690
0.003824000000,0.000000,0.035371
0.003826000000,0.000000,-0.066100
0.003828000000,0.000000,0.018595
0.003830000000,0.000000,-0.018343
0.003832000000,0.000000,0.005146
0.003834000000,0.000000,0.078775
0.003836000000,0.000000,-0.044601
0.003838000000,0.000000,-0.058503
0.003840000000,0.000000,0.001531
0.003842000000,0.000000,-0.082274
0.003844000000,0.000000,-0.020578
0.003846000000,0.000000,-0.004486
0.003848000000,0.000000,-0.030709
0.003850000000,0.000000,-0.033526
0.003852000000,0.000000,-0.038074
0.003854000000,0.000000,0.102631
0.003856000000,0.000000,-0.071074
0.003858000000,0.000000,-0.009186
0.003860000000,0.000000,0.037053
0.003862000000,0.000000,0.060455
0.003864000000,0.000000,-0.052192
0.003866000000,0.000000,-0.080939
0.003868000000,0.000000,-0.036910
0.003870000000,0.000000,0.038902
0.003872000000,0.000000,-0.027757
0.003874000000,0.000000,-0.062907
0.003876000000,0.000000,-0.031252
0.003878000000,0.000000,-0.109247
0.003880000000,0.000000,0.056374
0.003882000000,0.000000,0.018410
0.003884000000,0.000000,0.023193
0.003886000000,0.000000,0.100004
0.003888000000,0.000000,-0.068552
0.003890000000,0.000000,-0.060254
0.003892000000,0.000000,0.064292
0.003894000000,0.000000,0.074337
0.003896000000,0.000000,-0.038821
0.003898000000,0.000000,-0.024109
0.003900000000,0.000000,-0.014575
0.003902000000,0.000000,0.044700
0.003904000000,0.000000,-0.044390
0.003906000000,0.000000,-0.085123
0.003908000000,0.000000,-0.118484
0.003910000000,0.000000,0.010157
0.003912000000,0.000000,0.053535
0.003914000000,0.000000,0.071278
0.003916000000,0.000000,-0.016578
0.003918000000,0.000000,0.018829
0.003920000000,0.000000,-0.007636
0.003922000000,0.000000,0.059324
0.003924000000,0.000000,-0.068439
0.003926000000,0.000000,0.008084
0.003928000000,0.000000,-0.016246
0.003930000000,0.000000,0.049643
0.003932000000,0.000000,-0.005881
0.003934000000,0.000000,-0.054368
0.003936000000,0.000000,0.107000
0.003938000000,0.000000,0.058186
0.003940000000,0.000000,-0.088908
0.003942000000,0.000000,0.028251
0.003944000000,0.000000,0.063371
0.003946000000,0.000000,-0.093686
0.003948000000,0.000000,-0.107301
0.003950000000,0.000000,-0.047988
0.003952000000,0.000000,-0.040156
0.003954000000,0.000000,-0.055088
0.003956000000,0.000000,0.050260
0.003958000000,0.000000,-0.031205
0.003960000000,0.000000,-0.050522
0.003962000000,0.000000,-0.030697
0.003964000000,0.000000,0.098229
0.003966000000,0.000000,0.065481
0.003968000000,0.000000,-0.030672
0.003970000000,0.000000,-0.052291
0.003972000000,0.000000,-0.004877
0.003974000000,0.000000,-0.034386
0.003976000000,0.000000,0.036745
0.003978000000,0.000000,0.052555
0.003980000000,0.000000,0.003311
0.003982000000,0.000000,-0.018302
0.003984000000,0.000000,0.023311
0.003986000000,0.000000,-0.047960
0.003988000000,0.000000,-0.065684
0.003990000000,0.000000,0.036495
0.003992000000,0.000000,0.037096
0.003994000000,0.000000,0.020182
0.003996000000,0.000000,-0.052028
0.003998000000,0.000000,0.051479
0.004000000000,0.000000,0.018857
0.004002000000,0.000000,0.008873
0.004004000000,0.000000,-0.041861
0.004006000000,0.000000,0.044744
0.004008000000,0.000000,-0.014881
0.004010000000,0.000000,0.044994
0.004012000000,0.000000,-0.059800
0.004014000000,0.000000,0.105450
0.004016000000,0.000000,0.045842
0.004018000000,0.000000,0.059599
0.004020000000,0.000000,-0.046791
0.004022000000,0.000000,-0.072758
0.004024000000,0.000000,-0.108631
0.004026000000,0.000000,0.098309
0.004028000000,0.000000,-0.049437
0.004030000000,0.000000,-0.019001
0.004032000000,0.000000,0.018796
0.004034000000,0.000000,0.045743
0.004036000000,0.000000,0.098710
0.004038000000,0.000000,0.071058
0.004040000000,0.000000,0.055182
0.004042000000,0.000000,0.030403
0.004044000000,0.000000,0.102481
0.004046000000,0.000000,-0.030968
0.004048000000,0.000000,-0.004790
0.004050000000,0.000000,-0.076207
0.004052000000,0.000000,-0.033660
0.004054000000,0.000000,-0.007174
0.004056000000,0.000000,-0.012965
0.004058000000,0.000000,-0.123321
0.004060000000,0.000000,-0.049080
0.004062000000,0.000000,0.129351
0.004064000000,0.000000,0.112665
0.004066000000,0.000000,0.013044
0.004068000000,0.000000,0.081908
0.004070000000,0.000000,-0.034077
0.004072000000,0.000000,-0.055299
0.004074000000,0.000000,-0.004869
0.004076000000,0.000000,-0.022886
0.004078000000,0.000000,-0.043753
0.004080000000,0.000000,-0.014350
0.004082000000,0.000000,-0.009139
0.004084000000,0.000000,0.035840
0.004086000000,0.000000,-0.030382
0.004088000000,0.000000,-0.021456
0.004090000000,0.000000,0.029962
0.004092000000,0.000000,0.054023
0.004094000000,0.000000,-0.039650
0.004096000000,0.000000,0.057892
0.004098000000,0.000000,-0.102743
0.004100000000,0.000000,-0.000312
0.004102000000,0.000000,0.042703
0.004104000000,0.000000,0.003898
0.004106000000,0.000000,0.083461
0.004108000000,0.000000,-0.057059
0.004110000000,0.000000,-0.034008
0.004112000000,0.000000,-0.015241
0.004114000000,0.000000,0.037475
0.004116000000,0.000000,-0.047738
0.004118000000,0.000000,-0.097925
0.004120000000,0.000000,-0.086742
0.004122000000,0.000000,-0.065464
0.004124000000,0.000000,-0.066445
0.004126000000,0.000000,0.032883
0.004128000000,0.000000,0.080446
0.004130000000,0.000000,-0.040660
0.004132000000,0.000000,-0.009033
0.004134000000,0.000000,0.062950
0.004136000000,0.000000,-0.012870
0.004138000000,0.000000,0.044516
0.004140000000,0.000000,0.038656
0.004142000000,0.000000,-0.062399
0.004144000000,0.000000,-0.006575
0.004146000000,0.000000,-0.039829
0.004148000000,0.000000,0.055742
0.004150000000,0.000000,-0.080509
0.004152000000,0.000000,0.003209
0.004154000000,0.000000,0.043309
0.004156000000,0.000000,-0.034005
0.004158000000,0.000000,0.122213
0.004160000000,0.000000,0.032766
0.004162000000,0.000000,-0.032734
0.004164000000,0.000000,0.077862
0.004166000000,0.000000,-0.002814
0.004168000000,0.000000,-0.044993
0.004170000000,0.000000,0.042088
0.004172000000,0.000000,0.053804
0.004174000000,0.000000,-0.069585
0.004176000000,0.000000,0.048962
0.004178000000,0.000000,0.029298
0.004180000000,0.000000,0.060188
0.004182000000,0.000000,0.001983
0.004184000000,0.000000,-0.061072
0.004186000000,0.000000,-0.011960
0.004188000000,0.000000,-0.015924
0.004190000000,0.000000,0.191205
0.004192000000,0.000000,0.048848
0.004194000000,0.000000,-0.139467
0.004196000000,0.000000,-0.088022
0.004198000000,0.000000,-0.041222
0.004200000000,0.000000,0.066755
0.004202000000,0.000000,0.031255
0.004204000000,0.000000,-0.053756
0.004206000000,0.000000,0.000944
0.004208000000,0.000000,-0.008107
0.004210000000,0.000000,0.009490
0.004212000000,0.000000,-0.072606
0.004214000000,0.000000,0.039039
0.004216000000,0.000000,-0.016197
0.004218000000,0.000000,0.012057
0.004220000000,0.000000,-0.012378
0.004222000000,0.000000,-0.013222
0.004224000000,0.000000,0.014474
0.004226000000,0.000000,-0.007919
0.004228000000,0.000000,0.013232
0.004230000000,0.000000,-0.041643
0.004232000000,0.000000,-0.033568
0.004234000000,0.000000,0.015324
0.004236000000,0.000000,0.061257
0.004238000000,0.000000,-0.017727
0.004240000000,0.000000,-0.045991
0.004242000000,0.000000,-0.056818
0.004244000000,0.000000,-0.035998
0.004246000000,0.000000,-0.051920
0.004248000000,0.000000,0.001902
0.004250000000,0.000000,0.024932
0.004252000000,0.000000,0.055783
0.004254000000,0.000000,-0.005277
0.004256000000,0.000000,0.034995
0.004258000000,0.000000,0.043078
0.004260000000,0.000000,-0.037910
0.004262000000,0.000000,0.002009
0.004264000000,0.000000,0.048230
0.004266000000,0.000000,0.000351
0.004268000000,0.000000,-0.015740
0.004270000000,0.000000,0.022944
0.004272000000,0.000000,0.094084
0.004274000000,0.000000,-0.020990
0.004276000000,0.000000,0.121321
0.004278000000,0.000000,0.058258
0.004280000000,0.000000,-0.056497
0.004282000000,0.000000,0.047791
0.004284000000,0.000000,-0.036004
0.004286000000,0.000000,-0.082795
0.004288000000,0.000000,-0.039516
0.004290000000,0.000000,-0.000485
0.004292000000,0.000000,-0.096015
0.004294000000,0.000000,0.113376
0.004296000000,0.000000,-0.038350
0.004298000000,0.000000,-0.020946
0.004300000000,0.000000,-0.057027
0.004302000000,0.000000,-0.002691
0.004304000000,0.000000,-0.085839
0.004306000000,0.000000,0.007654
0.004308000000,0.000000,0.083414
0.004310000000,0.000000,-0.007911
0.004312000000,0.000000,0.018073
0.004314000000,0.000000,-0.029759
0.004316000000,0.000000,0.093107
0.004318000000,0.000000,0.023911
0.004320000000,0.000000,0.048150
0.004322000000,0.000000,0.026258
0.004324000000,0.000000,0.018548
0.004326000000,0.000000,0.068380
0.004328000000,0.000000,0.042269
0.004330000000,0.000000,-0.021223
0.004332000000,0.000000,0.020832
0.004334000000,0.000000,0.055259
0.004336000000,0.000000,0.092110
0.004338000000,0.000000,-0.082707
0.004340000000,0.000000,0.057506
0.004342000000,0.000000,0.004003
0.004344000000,0.000000,-0.100967
0.004346000000,0.000000,0.035151
0.004348000000,0.000000,0.004004
0.004350000000,0.000000,-0.080984
0.004352000000,0.000000,-0.014453
0.004354000000,0.000000,-0.007979
0.004356000000,0.000000,-0.050806
0.004358000000,0.000000,-0.040080
0.004360000000,0.000000,0.021882
0.004362000000,0.000000,0.009793
0.004364000000,0.000000,0.062664
0.004366000000,0.000000,-0.007503
0.004368000000,0.000000,0.132433
0.004370000000,0.000000,0.004622
0.004372000000,0.000000,-0.024093
0.004374000000,0.000000,0.069194
0.004376000000,0.000000,-0.074044
0.004378000000,0.000000,-0.004549
0.004380000000,0.000000,-0.013051
0.004382000000,0.000000,-0.050253
0.004384000000,0.000000,-0.075106
0.004386000000,0.000000,-0.119057
0.004388000000,0.000000,0.052734
0.004390000000,0.000000,0.040190
0.004392000000,0.000000,-0.014646
0.004394000000,0.000000,-0.035618
0.004396000000,0.000000,0.039472
0.004398000000,0.000000,-0.051052
0.004400000000,0.000000,0.000104
0.004402000000,0.000000,0.080306
0.004404000000,0.000000,0.013612
0.004406000000,0.000000,0.057831
0.004408000000,0.000000,0.010116
0.004410000000,0.000000,0.018209
0.004412000000,0.000000,-0.024894
0.004414000000,0.000000,-0.025127
0.004416000000,0.000000,0.030294
0.004418000000,0.000000,0.031121
0.004420000000,0.000000,0.142147
0.004422000000,0.000000,-0.061443
0.004424000000,0.000000,-0.069834
0.004426000000,0.000000,0.101588
0.004428000000,0.000000,-0.011794
0.004430000000,0.000000,0.005416
0.004432000000,0.000000,0.094745
0.004434000000,0.000000,0.007399
0.004436000000,0.000000,-0.031872
0.004438000000,0.000000,-0.049338
0.004440000000,0.000000,-0.092750
0.004442000000,0.000000,0.002148
0.004444000000,0.000000,0.031305
0.004446000000,0.000000,0.008010
0.004448000000,0.000000,-0.011248
0.004450000000,0.000000,-0.057894
0.004452000000,0.000000,-0.003132
0.004454000000,0.000000,-0.008129
0.004456000000,0.000000,0.010415
0.004458000000,0.000000,-0.123059
0.004460000000,0.000000,0.081314
0.004462000000,0.000000,-0.049250
0.004464000000,0.000000,-0.012184
0.004466000000,0.000000,0.029327
0.004468000000,0.000000,-0.088171
0.004470000000,0.000000,0.045880
0.004472000000,0.000000,0.002629
0.004474000000,0.000000,-0.049013
0.004476000000,0.000000,0.012579
0.004478000000,0.000000,-0.078483
0.004480000000,0.000000,0.013238
0.004482000000,0.000000,0.108221
0.004484000000,0.000000,-0.049867
0.004486000000,0.000000,-0.030029
0.004488000000,0.000000,0.077152
0.004490000000,0.000000,0.021059
0.004492000000,0.000000,-0.020495
0.004494000000,0.000000,0.003091
0.004496000000,0.000000,0.076524
0.004498000000,0.000000,0.008330
0.004500000000,0.000000,0.000448
0.004502000000,0.000000,0.018472
0.004504000000,0.000000,-0.026306
0.004506000000,0.000000,-0.022439
0.004508000000,0.000000,-0.032199
0.004510000000,0.000000,0.018131
0.004512000000,0.000000,0.048405
0.004514000000,0.000000,-0.103001
0.004516000000,0.000000,-0.047320
0.004518000000,0.000000,0.040117
0.004520000000,0.000000,0.027168
0.004522000000,0.000000,-0.000830
0.004524000000,0.000000,-0.027491
0.004526000000,0.000000,-0.021664
0.004528000000,0.000000,-0.049254
0.004530000000,0.000000,-0.038443
0.004532000000,0.000000,-0.017294
0.004534000000,0.000000,-0.011000
0.004536000000,0.000000,0.042109
0.004538000000,0.000000,0.048390
0.004540000000,0.000000,0.062196
0.004542000000,0.000000,-0.017532
0.004544000000,0.000000,-0.048840
0.004546000000,0.000000,0.112941
0.004548000000,0.000000,0.004800
0.004550000000,0.000000,0.027006
0.004552000000,0.000000,-0.028513
0.004554000000,0.000000,0.066767
0.004556000000,0.000000,-0.079771
0.004558000000,0.000000,-0.008564
0.004560000000,0.000000,-0.038393
0.004562000000,0.000000,0.047204
0.004564000000,0.000000,-0.070458
0.004566000000,0.000000,0.004263
0.004568000000,0.000000,-0.025019
0.004570000000,0.000000,0.014834
0.004572000000,0.000000,-0.016306
0.004574000000,0.000000,-0.005077
0.004576000000,0.000000,0.059130
0.004578000000,0.000000,0.024998
0.004580000000,0.000000,0.060132
0.004582000000,0.000000,0.011236
0.004584000000,0.000000,0.006927
0.004586000000,0.000000,0.029102
0.004588000000,0.000000,-0.008754
0.004590000000,0.000000,0.022579
0.004592000000,0.000000,-0.062022
0.004594000000,0.000000,0.029075
0.004596000000,0.000000,0.029936
0.004598000000,0.000000,-0.124027
0.004600000000,0.000000,-0.039961
0.004602000000,0.000000,-0.024443
0.004604000000,0.000000,-0.000234
0.004606000000,0.000000,0.026741
0.004608000000,0.000000,0.020435
0.004610000000,0.000000,0.065923
0.004612000000,0.000000,0.038788
0.004614000000,0.000000,-0.027230
0.004616000000,0.000000,-0.028254
0.004618000000,0.000000,0.072509
0.004620000000,0.000000,0.005363
0.004622000000,0.000000,0.049183
0.004624000000,0.000000,0.020635
0.004626000000,0.000000,-0.002999
0.004628000000,0.000000,-0.035302
0.004630000000,0.000000,0.116856
0.004632000000,0.000000,-0.029329
0.004634000000,0.000000,-0.003580
0.004636000000,0.000000,-0.029037
0.004638000000,0.000000,0.005037
0.004640000000,0.000000,0.028121
0.004642000000,0.000000,-0.010238
0.004644000000,0.000000,0.013999
0.004646000000,0.000000,-0.045132
0.004648000000,0.000000,-0.034760
0.004650000000,0.000000,-0.007849
0.004652000000,0.000000,-0.022615
0.004654000000,0.000000,0.059305
0.004656000000,0.000000,-0.050667
0.004658000000,0.000000,-0.055814
0.004660000000,0.000000,0.046927
0.004662000000,0.000000,0.103022
0.004664000000,0.000000,0.068081
0.004666000000,0.000000,0.011159
0.004668000000,0.000000,0.025204
0.004670000000,0.000000,-0.004226
0.004672000000,0.000000,0.026566
0.004674000000,0.000000,0.041767
0.004676000000,0.000000,-0.048036
0.004678000000,0.000000,0.040978
0.004680000000,0.000000,-0.039553
0.004682000000,0.000000,0.059605
0.004684000000,0.000000,-0.050611
0.004686000000,0.000000,0.012484
0.004688000000,0.000000,-0.054650
0.004690000000,0.000000,0.008568
0.004692000000,0.000000,-0.000556
0.004694000000,0.000000,0.041105
0.004696000000,0.000000,0.039775
0.004698000000,0.000000,-0.000646
0.004700000000,0.000000,-0.019550
0.004702000000,0.000000,0.025419
0.004704000000,0.000000,-0.096985
0.004706000000,0.000000,-0.068693
0.004708000000,0.000000,-0.072093
0.004710000000,0.000000,-0.076428
0.004712000000,0.000000,-0.014050
0.004714000000,0.000000,0.052531
0.004716000000,0.000000,-0.029769
0.004718000000,0.000000,0.032116
0.004720000000,0.000000,0.073549
0.004722000000,0.000000,0.050032
0.004724000000,0.000000,0.004642
0.004726000000,0.000000,0.016969
0.004728000000,0.000000,-0.088119
0.004730000000,0.000000,0.108568
0.004732000000,0.000000,0.060600
0.004734000000,0.000000,0.062517
0.004736000000,0.000000,-0.038487
0.004738000000,0.000000,-0.015435
0.004740000000,0.000000,-0.016966
0.004742000000,0.000000,-0.108838
0.004744000000,0.000000,-0.081582
0.004746000000,0.000000,-0.043560
0.004748000000,0.000000,0.101160
0.004750000000,0.000000,0.036374
0.004752000000,0.000000,-0.012254
0.004754000000,0.000000,-0.003504
0.004756000000,0.000000,0.003406
0.004758000000,0.000000,0.029734
0.004760000000,0.000000,-0.034678
0.004762000000,0.000000,0.054860
0.004764000000,0.000000,-0.052590
0.004766000000,0.000000,-0.088894
0.004768000000,0.000000,0.028410
0.004770000000,0.000000,0.071986
0.004772000000,0.000000,-0.014674
0.004774000000,0.000000,-0.048587
0.004776000000,0.000000,-0.013990
0.004778000000,0.000000,0.016180
0.004780000000,0.000000,0.079884
0.004782000000,0.000000,-0.004795
0.004784000000,0.000000,0.016223
0.004786000000,0.000000,0.063390
0.004788000000,0.000000,0.047712
0.004790000000,0.000000,0.044985
0.004792000000,0.000000,-0.034397
0.004794000000,0.000000,-0.011519
0.004796000000,0.000000,0.050274
0.004798000000,0.000000,-0.001265
0.004800000000,0.000000,-0.023431
0.004802000000,0.000000,0.083550
0.004804000000,0.000000,0.017998
0.004806000000,0.000000,0.062108
0.004808000000,0.000000,0.042489
0.004810000000,0.000000,0.013694
0.004812000000,0.000000,-0.018309
0.004814000000,0.000000,0.048883
0.004816000000,0.000000,-0.010555
0.004818000000,0.000000,0.013720
0.004820000000,0.000000,0.076870
0.004822000000,0.000000,-0.013392
0.004824000000,0.000000,-0.005207
0.004826000000,0.000000,-0.006806
0.004828000000,0.000000,-0.012704
0.004830000000,0.000000,-0.052669
0.004832000000,0.000000,0.070192
0.004834000000,0.000000,0.017197
0.004836000000,0.000000,-0.050045
0.004838000000,0.000000,-0.080936
0.004840000000,0.000000,0.008552
0.004842000000,0.000000,0.027750
0.004844000000,0.000000,-0.065002
0.004846000000,0.000000,-0.042835
0.004848000000,0.000000,-0.041761
0.004850000000,0.000000,-0.077065
0.004852000000,0.000000,-0.011613
0.004854000000,0.000000,0.005926
0.004856000000,0.000000,0.043482
0.004858000000,0.000000,-0.022481
0.004860000000,0.000000,-0.045605
0.004862000000,0.000000,-0.021161
0.004864000000,0.000000,0.048286
0.004866000000,0.000000,0.032742
0.004868000000,0.000000,-0.101154
0.004870000000,0.000000,-0.019640
0.004872000000,0.000000,-0.019030
0.004874000000,0.000000,0.015693
0.004876000000,0.000000,-0.033645
0.004878000000,0.000000,-0.051241
0.004880000000,0.000000,0.021873
0.004882000000,0.000000,-0.014633
0.004884000000,0.000000,0.007386
0.004886000000,0.000000,-0.074486
0.004888000000,0.000000,0.028476
0.004890000000,0.000000,-0.084816
0.004892000000,0.000000,0.065921
0.004894000000,0.000000,-0.063022
0.004896000000,0.000000,0.041198
0.004898000000,0.000000,0.095538
0.004900000000,0.000000,-0.012524
0.004902000000,0.000000,0.008576
0.004904000000,0.000000,0.060650
0.004906000000,0.000000,0.029959
0.004908000000,0.000000,0.084791
0.004910000000,0.000000,0.010792
0.004912000000,0.000000,-0.025568
0.004914000000,0.000000,0.070177
0.004916000000,0.000000,-0.008761
0.004918000000,0.000000,0.017412
0.004920000000,0.000000,-0.078255
0.004922000000,0.000000,0.127305
0.004924000000,0.000000,0.039435
0.004926000000,0.000000,0.070511
0.004928000000,0.000000,0.100255
0.004930000000,0.000000,0.010969
0.004932000000,0.000000,-0.004221
0.004934000000,0.000000,-0.001159
0.004936000000,0.000000,-0.019421
0.004938000000,0.000000,-0.051030
0.004940000000,0.000000,-0.028210
0.004942000000,0.000000,0.058904
0.004944000000,0.000000,0.020035
0.004946000000,0.000000,0.052046
0.004948000000,0.000000,-0.043633
0.004950000000,0.000000,-0.042824
0.004952000000,0.000000,-0.014834
0.004954000000,0.000000,-0.070494
0.004956000000,0.000000,-0.004484
0.004958000000,0.000000,-0.050345
0.004960000000,0.000000,0.044503
0.004962000000,0.000000,-0.028522
0.004964000000,0.000000,0.012124
0.004966000000,0.000000,-0.015546
0.004968000000,0.000000,0.050416
0.004970000000,0.000000,0.043221
0.004972000000,0.000000,-0.068704
0.004974000000,0.000000,-0.001832
0.004976000000,0.000000,-0.031705
0.004978000000,0.000000,0.013140
0.004980000000,0.000000,-0.067208
0.004982000000,0.000000,-0.014730
0.004984000000,0.000000,-0.066046
0.004986000000,0.000000,-0.013674
0.004988000000,0.000000,-0.004346
0.004990000000,0.000000,-0.023367
0.004992000000,0.000000,0.045654
0.004994000000,0.000000,0.017553
0.004996000000,0.000000,0.013173
0.004998000000,0.000000,-0.033678
0.005000000000,0.000000,0.079374
0.005002000000,0.000000,-0.037852
0.005004000000,0.000000,-0.016429
0.005006000000,0.000000,-0.036700
0.005008000000,0.000000,-0.099320
0.005010000000,0.000000,0.007222
0.005012000000,0.000000,0.011486
0.005014000000,0.000000,0.026132
0.005016000000,0.000000,-0.018642
0.005018000000,0.000000,0.039541
0.005020000000,0.000000,0.006296
0.005022000000,0.000000,0.020332
0.005024000000,0.000000,-0.021543
0.005026000000,0.000000,-0.089431
0.005028000000,0.000000,0.064335
0.005030000000,0.000000,0.040413
0.005032000000,0.000000,0.083548
0.005034000000,0.000000,0.078763
0.005036000000,0.000000,0.054763
0.005038000000,0.000000,-0.012170
0.005040000000,0.000000,-0.001914
0.005042000000,0.000000,-0.043785
0.005044000000,0.000000,-0.015493
0.005046000000,0.000000,-0.048991
0.005048000000,0.000000,-0.057363
0.005050000000,0.000000,0.015970
0.005052000000,0.000000,0.050753
0.005054000000,0.000000,-0.038928
0.005056000000,0.000000,0.092590
0.005058000000,0.000000,-0.021374
0.005060000000,0.000000,0.015701
0.005062000000,0.000000,0.031190
0.005064000000,0.000000,0.036891
0.005066000000,0.000000,-0.007894
0.005068000000,0.000000,0.077003
0.005070000000,0.000000,-0.098100
0.005072000000,0.000000,-0.021882
0.005074000000,0.000000,-0.043973
0.005076000000,0.000000,-0.044680
0.005078000000,0.000000,-0.030870
0.005080000000,0.000000,0.115855
0.005082000000,0.000000,-0.009469
0.005084000000,0.000000,-0.063226
0.005086000000,0.000000,0.060070
0.005088000000,0.000000,0.067814
0.005090000000,0.000000,0.051107
0.005092000000,0.000000,-0.040243
0.005094000000,0.000000,-0.010118
0.005096000000,0.000000,0.002861
0.005098000000,0.000000,0.073620
0.005100000000,0.000000,0.025218
0.005102000000,0.000000,-0.016841
0.005104000000,0.000000,-0.058825
0.005106000000,0.000000,-0.004522
0.005108000000,0.000000,0.057285
0.005110000000,0.000000,0.093363
0.005112000000,0.000000,0.031564
0.005114000000,0.000000,-0.019995
0.005116000000,0.000000,-0.060491
0.005118000000,0.000000,0.052629
0.005120000000,0.000000,-0.060436
0.005122000000,0.000000,-0.082204
0.005124000000,0.000000,-0.035299
0.005126000000,0.000000,-0.045767
0.005128000000,0.000000,0.029040
0.005130000000,0.000000,-0.052847
0.005132000000,0.000000,0.002758
0.005134000000,0.000000,0.020375
0.005136000000,0.000000,0.016211
0.005138000000,0.000000,-0.013548
0.005140000000,0.000000,-0.048416
0.005142000000,0.000000,0.022708
0.005144000000,0.000000,-0.001439
0.005146000000,0.000000,-0.051621
0.005148000000,0.000000,0.043333
0.005150000000,0.000000,0.029475
0.005152000000,0.000000,0.067195
0.005154000000,0.000000,0.015753
0.005156000000,0.000000,-0.051735
0.005158000000,0.000000,-0.005675
0.005160000000,0.000000,0.016456
0.005162000000,0.000000,0.008079
0.005164000000,0.000000,0.056264
0.005166000000,0.000000,0.009746
0.005168000000,0.000000,-0.066114
0.005170000000,0.000000,-0.012253
0.005172000000,0.000000,0.000449
0.005174000000,0.000000,-0.027635
0.005176000000,0.000000,0.020986
0.005178000000,0.000000,-0.018334
0.005180000000,0.000000,0.077141
0.005182000000,0.000000,-0.034314
0.005184000000,0.000000,0.095226
0.005186000000,0.000000,-0.047796
0.005188000000,0.000000,0.008946
0.005190000000,0.000000,-0.030839
0.005192000000,0.000000,0.063853
0.005194000000,0.000000,0.046188
0.005196000000,0.000000,0.016121
0.005198000000,0.000000,-0.069969
0.005200000000,0.000000,0.001519
0.005202000000,0.000000,0.038220
0.005204000000,0.000000,-0.078200
0.005206000000,0.000000,-0.045257
0.005208000000,0.000000,-0.002186
0.005210000000,0.000000,-0.011077
0.005212000000,0.000000,0.076894
0.005214000000,0.000000,0.007700
0.005216000000,0.000000,-0.086104
0.005218000000,0.000000,-0.041837
0.005220000000,0.000000,0.014711
0.005222000000,0.000000,-0.003176
0.005224000000,0.000000,0.000846
0.005226000000,0.000000,-0.048447
0.005228000000,0.000000,0.012936
0.005230000000,0.000000,0.002855
0.005232000000,0.000000,0.023003
0.005234000000,0.000000,0.029911
0.005236000000,0.000000,-0.021062
0.005238000000,0.000000,0.011695
0.005240000000,0.000000,-0.026643
0.005242000000,0.000000,-0.058571
0.005244000000,0.000000,0.014026
0.005246000000,0.000000,0.013497
0.005248000000,0.000000,0.034774
0.005250000000,0.000000,0.015389
0.005252000000,0.000000,-0.022220
0.005254000000,0.000000,0.016624
0.005256000000,0.000000,-0.014383
0.005258000000,0.000000,-0.036306
0.005260000000,0.000000,0.017805
0.005262000000,0.000000,-0.043008
0.005264000000,0.000000,0.055567
0.005266000000,0.000000,-0.017162
0.005268000000,0.000000,-0.005477
0.005270000000,0.000000,0.074498
0.005272000000,0.000000,0.026868
0.005274000000,0.000000,-0.004538
0.005276000000,0.000000,0.034206
0.005278000000,0.000000,0.001130
0.005280000000,0.000000,0.045178
0.005282000000,0.000000,0.130290
0.005284000000,0.000000,-0.073254
0.005286000000,0.000000,0.001370
0.005288000000,0.000000,0.012956
0.005290000000,0.000000,-0.059214
0.005292000000,0.000000,-0.047976
0.005294000000,0.000000,0.020204
0.005296000000,0.000000,-0.072465
0.005298000000,0.000000,-0.013962
0.005300000000,0.000000,-0.020321
0.005302000000,0.000000,0.021197
0.005304000000,0.000000,0.073099
0.005306000000,0.000000,-0.075288
0.005308000000,0.000000,0.005132
0.005310000000,0.000000,-0.034271
0.005312000000,0.000000,0.007042
0.005314000000,0.000000,0.058325
0.005316000000,0.000000,-0.050989
0.005318000000,0.000000,0.028851
0.005320000000,0.000000,-0.073938
0.005322000000,0.000000,0.001643
0.005324000000,0.000000,-0.034507
0.005326000000,0.000000,-0.000901
0.005328000000,0.000000,0.000075
0.005330000000,0.000000,0.027922
0.005332000000,0.000000,-0.073763
0.005334000000,0.000000,-0.047523
0.005336000000,0.000000,0.025178
0.005338000000,0.000000,0.039586
0.005340000000,0.000000,-0.029882
0.005342000000,0.000000,-0.066870
0.005344000000,0.000000,-0.105382
0.005346000000,0.000000,0.008779
0.005348000000,0.000000,0.001408
0.005350000000,0.000000,-0.018504
0.005352000000,0.000000,-0.010072
0.005354000000,0.000000,-0.026759
0.005356000000,0.000000,0.035169
0.005358000000,0.000000,0.024578
0.005360000000,0.000000,0.014918
0.005362000000,0.000000,0.047514
0.005364000000,0.000000,-0.004485
0.005366000000,0.000000,-0.001311
0.005368000000,0.000000,-0.027705
0.005370000000,0.000000,0.025295
0.005372000000,0.000000,0.061079
0.005374000000,0.000000,-0.081772
0.005376000000,0.000000,0.047090
0.005378000000,0.000000,-0.041523
0.005380000000,0.000000,0.002722
0.005382000000,0.000000,-0.055389
0.005384000000,0.000000,0.029281
0.005386000000,0.000000,0.056839
0.005388000000,0.000000,-0.002285
0.005390000000,0.000000,0.001348
0.005392000000,0.000000,-0.039186
0.005394000000,0.000000,0.026517
0.005396000000,0.000000,-0.009660
0.005398000000,0.000000,-0.101411
0.005400000000,0.000000,0.044172
0.005402000000,0.000000,0.052977
0.005404000000,0.000000,-0.046211
0.005406000000,0.000000,-0.019627
0.005408000000,0.000000,-0.011525
0.005410000000,0.000000,0.004193
0.005412000000,0.000000,-0.061009
0.005414000000,0.000000,0.004978
0.005416000000,0.000000,-0.003837
0.005418000000,0.000000,0.021120
0.005420000000,0.000000,0.026430
0.005422000000,0.000000,-0.005731
0.005424000000,0.000000,-0.090395
0.005426000000,0.000000,0.011000
0.005428000000,0.000000,-0.057865
0.005430000000,0.000000,-0.001861
0.005432000000,0.000000,0.026478
0.005434000000,0.000000,-0.004372
0.005436000000,0.000000,-0.077913
0.005438000000,0.000000,-0.023977
0.005440000000,0.000000,-0.031516
0.005442000000,0.000000,-0.064375
0.005444000000,0.000000,-0.006341
0.005446000000,0.000000,-0.015000
0.005448000000,0.000000,0.035815
0.005450000000,0.000000,-0.044909
0.005452000000,0.000000,0.002937
0.005454000000,0.000000,-0.014186
0.005456000000,0.000000,-0.023594
0.005458000000,0.000000,0.058363
0.005460000000,0.000000,0.005328
0.005462000000,0.000000,0.006473
0.005464000000,0.000000,-0.047531
0.005466000000,0.000000,-0.064649
0.005468000000,0.000000,0.016454
0.005470000000,0.000000,0.035045
0.005472000000,0.000000,-0.026388
0.005474000000,0.000000,0.011084
0.005476000000,0.000000,-0.026774
0.005478000000,0.000000,0.037140
0.005480000000,0.000000,-0.020150
0.005482000000,0.000000,-0.055378
0.005484000000,0.000000,-0.031272
0.005486000000,0.000000,0.049568
0.005488000000,0.000000,0.056385
0.005490000000,0.000000,0.044809
0.005492000000,0.000000,0.033110
0.005494000000,0.000000,0.012427
0.005496000000,0.000000,0.032284
0.005498000000,0.000000,-0.024673
0.005500000000,0.000000,-0.050309
0.005502000000,0.000000,-0.022456
0.005504000000,0.000000,-0.029761
0.005506000000,0.000000,-0.058743
0.005508000000,0.000000,0.011128
0.005510000000,0.000000,0.031571
0.005512000000,0.000000,-0.043635
0.005514000000,0.000000,-0.043884
0.005516000000,0.000000,0.109402
0.005518000000,0.000000,0.001077
0.005520000000,0.000000,0.005049
0.005522000000,0.000000,0.053956
0.005524000000,0.000000,0.029701
0.005526000000,0.000000,0.041044
0.005528000000,0.000000,-0.007848
0.005530000000,0.000000,-0.084853
0.005532000000,0.000000,0.013575
0.005534000000,0.000000,0.098652
0.005536000000,0.000000,0.071690
0.005538000000,0.000000,0.079276
0.005540000000,0.000000,-0.038839
0.005542000000,0.000000,0.010981
0.005544000000,0.000000,0.061786
0.005546000000,0.000000,0.036329
0.005548000000,0.000000,0.013826
0.005550000000,0.000000,-0.004255
0.005552000000,0.000000,0.086704
0.005554000000,0.000000,-0.104984
0.005556000000,0.000000,-0.078285
0.005558000000,0.000000,0.043092
0.005560000000,0.000000,-0.036122
0.005562000000,0.000000,-0.015847
0.005564000000,0.000000,-0.011839
0.005566000000,0.000000,-0.031994
0.005568000000,0.000000,0.030297
0.005570000000,0.000000,0.041684
0.005572000000,0.000000,0.003397
0.005574000000,0.000000,-0.067993
0.005576000000,0.000000,-0.032405
0.005578000000,0.000000,0.058645
0.005580000000,0.000000,0.035015
0.005582000000,0.000000,-0.040629
0.005584000000,0.000000,-0.042098
0.005586000000,0.000000,-0.023646
0.005588000000,0.000000,-0.026930
0.005590000000,0.000000,0.040494
0.005592000000,0.000000,-0.058555
0.005594000000,0.000000,-0.040956
0.005596000000,0.000000,0.037239
0.005598000000,0.000000,0.089234
0.005600000000,0.000000,-0.017212
0.005602000000,0.000000,0.042484
0.005604000000,0.000000,-0.022220
0.005606000000,0.000000,-0.098585
0.005608000000,0.000000,-0.010664
0.005610000000,0.000000,0.015031
0.005612000000,0.000000,0.041321
0.005614000000,0.000000,-0.026312
0.005616000000,0.000000,0.089192
0.005618000000,0.000000,-0.079901
0.005620000000,0.000000,0.023634
0.005622000000,0.000000,-0.058199
0.005624000000,0.000000,0.023750
0.005626000000,0.000000,-0.046273
0.005628000000,0.000000,0.031785
0.005630000000,0.000000,0.025033
0.005632000000,0.000000,0.045477
0.005634000000,0.000000,-0.052707
0.005636000000,0.000000,0.026071
0.005638000000,0.000000,-0.096709
0.005640000000,0.000000,0.006134
0.005642000000,0.000000,-0.018444
0.005644000000,0.000000,-0.026796
0.005646000000,0.000000,0.015601
0.005648000000,0.000000,-0.091300
0.005650000000,0.000000,-0.052156
0.005652000000,0.000000,-0.055532
0.005654000000,0.000000,-0.016131
0.005656000000,0.000000,-0.018171
0.005658000000,0.000000,-0.019129
0.005660000000,0.000000,0.061138
0.005662000000,0.000000,-0.057270
0.005664000000,0.000000,-0.015882
0.005666000000,0.000000,0.037178
0.005668000000,0.000000,0.027114
0.005670000000,0.000000,-0.002814
0.005672000000,0.000000,0.038487
0.005674000000,0.000000,-0.008004
0.005676000000,0.000000,0.046004
0.005678000000,0.000000,-0.104855
0.005680000000,0.000000,0.098795
0.005682000000,0.000000,0.061487
0.005684000000,0.000000,-0.012208
0.005686000000,0.000000,0.001523
0.005688000000,0.000000,-0.057950
0.005690000000,0.000000,-0.000180
0.005692000000,0.000000,-0.063797
0.005694000000,0.000000,-0.018821
0.005696000000,0.000000,0.018212
0.005698000000,0.000000,0.016003
0.005700000000,0.000000,0.061515
0.005702000000,0.000000,-0.038731
0.005704000000,0.000000,-0.033807
0.005706000000,0.000000,-0.011994
0.005708000000,0.000000,-0.001675
0.005710000000,0.000000,0.031893
0.005712000000,0.000000,-0.031987
0.005714000000,0.000000,0.110182
0.005716000000,0.000000,0.114117
0.005718000000,0.000000,-0.027505
0.005720000000,0.000000,0.036281
0.005722000000,0.000000,-0.072881
0.005724000000,0.000000,-0.016932
0.005726000000,0.000000,-0.085365
0.005728000000,0.000000,-0.005549
0.005730000000,0.000000,-0.053226
0.005732000000,0.000000,-0.003688
0.005734000000,0.000000,0.029033
0.005736000000,0.000000,0.077378
0.005738000000,0.000000,-0.087816
0.005740000000,0.000000,-0.071608
0.005742000000,0.000000,0.000373
0.005744000000,0.000000,-0.066015
0.005746000000,0.000000,0.087044
0.005748000000,0.000000,-0.048325
0.005750000000,0.000000,-0.087122
0.005752000000,0.000000,0.039111
0.005754000000,0.000000,0.062158
0.005756000000,0.000000,-0.011604
0.005758000000,0.000000,0.085569
0.005760000000,0.000000,-0.019384
0.005762000000,0.000000,-0.053913
0.005764000000,0.000000,0.004682
0.005766000000,0.000000,0.058735
0.005768000000,0.000000,0.009909
0.005770000000,0.000000,-0.038873
0.005772000000,0.000000,-0.050058
0.005774000000,0.000000,-0.027043
0.005776000000,0.000000,-0.022161
0.005778000000,0.000000,-0.056952
0.005780000000,0.000000,-0.009283
0.005782000000,0.000000,0.048954
0.005784000000,0.000000,-0.024865
0.005786000000,0.000000,-0.017892
0.005788000000,0.000000,0.017283
0.005790000000,0.000000,-0.078124
0.005792000000,0.000000,-0.021755
0.005794000000,0.000000,0.028305
0.005796000000,0.000000,-0.059765
0.005798000000,0.000000,-0.023356
0.005800000000,0.000000,0.032565
0.005802000000,0.000000,0.019268
0.005804000000,0.000000,-0.009081
0.005806000000,0.000000,0.079857
0.005808000000,0.000000,0.009182
0.005810000000,0.000000,0.055726
0.005812000000,0.000000,0.095626
0.005814000000,0.000000,-0.036004
0.005816000000,0.000000,-0.044000
0.005818000000,0.000000,0.079313
0.005820000000,0.000000,-0.036219
0.005822000000,0.000000,-0.029581
0.005824000000,0.000000,-0.047013
0.005826000000,0.000000,-0.001300
0.005828000000,0.000000,-0.020135
0.005830000000,0.000000,0.060170
0.005832000000,0.000000,0.016483
0.005834000000,0.000000,-0.030232
0.005836000000,0.000000,0.106056
0.005838000000,0.000000,0.066941
0.005840000000,0.000000,0.018727
0.005842000000,0.000000,0.017619
0.005844000000,0.000000,0.002578
0.005846000000,0.000000,0.070000
0.005848000000,0.000000,-0.071095
0.005850000000,0.000000,0.025575
0.005852000000,0.000000,0.052825
0.005854000000,0.000000,-0.017235
0.005856000000,0.000000,-0.037630
0.005858000000,0.000000,0.106260
0.005860000000,0.000000,0.011077
0.005862000000,0.000000,-0.044599
0.005864000000,0.000000,-0.033080
0.005866000000,0.000000,-0.026348
0.005868000000,0.000000,0.035787
0.005870000000,0.000000,0.025898
0.005872000000,0.000000,0.044428
0.005874000000,0.000000,0.076555
0.005876000000,0.000000,-0.012904
0.005878000000,0.000000,0.022177
0.005880000000,0.000000,0.012044
0.005882000000,0.000000,-0.002233
0.005884000000,0.000000,0.047338
0.005886000000,0.000000,0.069351
0.005888000000,0.000000,-0.052980
0.005890000000,0.000000,-0.055825
0.005892000000,0.000000,0.056895
0.005894000000,0.000000,0.079204
0.005896000000,0.000000,-0.013120
0.005898000000,0.000000,0.050723
0.005900000000,0.000000,0.033967
0.005902000000,0.000000,-0.008854
0.005904000000,0.000000,-0.085232
0.005906000000,0.000000,-0.010202
0.005908000000,0.000000,0.007903
0.005910000000,0.000000,0.017257
0.005912000000,0.000000,-0.118976
0.005914000000,0.000000,-0.017935
0.005916000000,0.000000,-0.013988
0.005918000000,0.000000,-0.001130
0.005920000000,0.000000,0.106276
0.005922000000,0.000000,0.008107
0.005924000000,0.000000,0.006006
0.005926000000,0.000000,-0.040894
0.005928000000,0.000000,0.005461
0.005930000000,0.000000,-0.107759
0.005932000000,0.000000,-0.063776
0.005934000000,0.000000,0.074813
0.005936000000,0.000000,-0.015556
0.005938000000,0.000000,0.042697
0.005940000000,0.000000,0.051958
0.005942000000,0.000000,0.055848
0.005944000000,0.000000,-0.018362
0.005946000000,0.000000,-0.021873
0.005948000000,0.000000,0.083420
0.005950000000,0.000000,-0.044774
0.005952000000,0.000000,-0.004240
0.005954000000,0.000000,0.065737
0.005956000000,0.000000,0.015468
0.005958000000,0.000000,-0.030695
0.005960000000,0.000000,0.028217
0.005962000000,0.000000,0.073164
0.005964000000,0.000000,0.054082
0.005966000000,0.000000,0.022860
0.005968000000,0.000000,-0.070738
0.005970000000,0.000000,-0.014101
0.005972000000,0.000000,-0.078881
0.005974000000,0.000000,-0.015377
0.005976000000,0.000000,0.059096
0.005978000000,0.000000,-0.027344
0.005980000000,0.000000,-0.058234
0.005982000000,0.000000,0.003958
0.005984000000,0.000000,0.030171
0.005986000000,0.000000,-0.000688
0.005988000000,0.000000,-0.035438
0.005990000000,0.000000,0.022795
0.005992000000,0.000000,-0.041185
0.005994000000,0.000000,0.054768
0.005996000000,0.000000,-0.020732
0.005998000000,0.000000,-0.042907
0.006000000000,0.000000,0.000313
0.006002000000,0.000000,-0.063539
0.006004000000,0.000000,-0.052232
0.006006000000,0.000000,0.068725
0.006008000000,0.000000,-0.059172
0.006010000000,0.000000,0.018711
0.006012000000,0.000000,0.017730
0.006014000000,0.000000,0.013970
0.006016000000,0.000000,-0.000571
0.006018000000,0.000000,0.010349
0.006020000000,0.000000,-0.049124
0.006022000000,0.000000,0.018193
0.006024000000,0.000000,0.021541
0.006026000000,0.000000,0.055002
0.006028000000,0.000000,0.006003
0.006030000000,0.000000,-0.042226
0.006032000000,0.000000,-0.014464
0.006034000000,0.000000,-0.071115
0.006036000000,0.000000,0.069920
0.006038000000,0.000000,-0.015498
0.006040000000,0.000000,-0.025397
0.006042000000,0.000000,-0.032570
0.006044000000,0.000000,-0.025679
0.006046000000,0.000000,-0.024370
0.006048000000,0.000000,0.004282
0.006050000000,0.000000,-0.024275
0.006052000000,0.000000,-0.040421
0.006054000000,0.000000,-0.058758
0.006056000000,0.000000,-0.041109
0.006058000000,0.000000,0.006093
0.006060000000,0.000000,0.024358
0.006062000000,0.000000,0.063841
0.006064000000,0.000000,-0.088670
0.006066000000,0.000000,-0.036568
0.006068000000,0.000000,-0.011722
0.006070000000,0.000000,-0.028729
0.006072000000,0.000000,0.025766
0.006074000000,0.000000,-0.026357
0.006076000000,0.000000,0.038491
0.006078000000,0.000000,0.002338
0.006080000000,0.000000,0.018421
0.006082000000,0.000000,-0.059069
0.006084000000,0.000000,-0.056745
0.006086000000,0.000000,-0.009481
0.006088000000,0.000000,-0.030836
0.006090000000,0.000000,-0.007197
0.006092000000,0.000000,-0.032536
0.006094000000,0.000000,0.026793
0.006096000000,0.000000,0.016420
0.006098000000,0.000000,-0.009050
0.006100000000,0.000000,0.010213
0.006102000000,0.000000,-0.046088
0.006104000000,0.000000,-0.032439
0.006106000000,0.000000,0.036152
0.006108000000,0.000000,-0.079314
0.006110000000,0.000000,-0.027035
0.006112000000,0.000000,-0.049351
0.006114000000,0.000000,-0.031530
0.006116000000,0.000000,0.012772
0.006118000000,0.000000,-0.044784
0.006120000000,0.000000,-0.009886
0.006122000000,0.000000,0.032035
0.006124000000,0.000000,0.019834
0.006126000000,0.000000,0.056115
0.006128000000,0.000000,0.024883
0.006130000000,0.000000,-0.095347
0.006132000000,0.000000,0.097618
0.006134000000,0.000000,0.009826
0.006136000000,0.000000,0.079459
0.006138000000,0.000000,-0.008393
0.006140000000,0.000000,-0.014189
0.006142000000,0.000000,0.022948
0.006144000000,0.000000,0.067790
0.006146000000,0.000000,-0.057903
0.006148000000,0.000000,0.088428
0.006150000000,0.000000,0.046853
0.006152000000,0.000000,-0.035364
0.006154000000,0.000000,-0.034524
0.006156000000,0.000000,0.021353
0.006158000000,0.000000,-0.055355
0.006160000000,0.000000,-0.039289
0.006162000000,0.000000,0.121874
0.006164000000,0.000000,-0.044493
0.006166000000,0.000000,0.018744
0.006168000000,0.000000,-0.054090
0.006170000000,0.000000,0.014283
0.006172000000,0.000000,0.034802
0.006174000000,0.000000,0.043798
0.006176000000,0.000000,0.038845
0.006178000000,0.000000,0.056056
0.006180000000,0.000000,-0.050921
0.006182000000,0.000000,-0.078253
0.006184000000,0.000000,0.073728
0.006186000000,0.000000,-0.017912
0.006188000000,0.000000,-0.033544
0.006190000000,0.000000,-0.030419
0.006192000000,0.000000,0.007552
0.006194000000,0.000000,0.010198
0.006196000000,0.000000,-0.076062
0.006198000000,0.000000,-0.006662
0.006200000000,0.000000,-0.065312
0.006202000000,0.000000,0.046828
0.006204000000,0.000000,0.040238
0.006206000000,0.000000,-0.017989
0.006208000000,0.000000,-0.041325
0.006210000000,0.000000,-0.006841
0.006212000000,0.000000,-0.001770
0.006214000000,0.000000,0.025585
0.006216000000,0.000000,-0.044545
0.006218000000,0.000000,0.099570
0.006220000000,0.000000,-0.044589
0.006222000000,0.000000,0.074830
0.006224000000,0.000000,-0.090812
0.006226000000,0.000000,0.003217
0.006228000000,0.000000,0.002898
0.006230000000,0.000000,-0.108358
0.006232000000,0.000000,-0.088372
0.006234000000,0.000000,0.042107
0.006236000000,0.000000,0.031554
0.006238000000,0.000000,0.001319
0.006240000000,0.000000,0.000487
0.006242000000,0.000000,0.009170
0.006244000000,0.000000,-0.035082
0.006246000000,0.000000,-0.035897
0.006248000000,0.000000,-0.014681
0.006250000000,0.000000,0.074149
0.006252000000,0.000000,0.026805
0.006254000000,0.000000,-0.019712
0.006256000000,0.000000,-0.033840
0.006258000000,0.000000,0.045759
0.006260000000,0.000000,-0.006171
0.006262000000,0.000000,-0.053511
0.006264000000,0.000000,0.007360
0.006266000000,0.000000,0.024986
0.006268000000,0.000000,-0.022265
0.006270000000,0.000000,0.041112
0.006272000000,0.000000,-0.016580
0.006274000000,0.000000,0.036659
0.006276000000,0.000000,0.059078
0.006278000000,0.000000,0.063493
0.006280000000,0.000000,-0.048653
0.006282000000,0.000000,0.009763
0.006284000000,0.000000,0.030256
0.006286000000,0.000000,-0.041528
0.006288000000,0.000000,-0.080338
0.006290000000,0.000000,0.017884
0.006292000000,0.000000,0.043554
0.006294000000,0.000000,0.021061
0.006296000000,0.000000,-0.094923
0.006298000000,0.000000,-0.047409
0.006300000000,0.000000,-0.207298
0.006302000000,0.000000,-0.006907
0.006304000000,0.000000,0.006535
0.006306000000,0.000000,-0.005495
0.006308000000,0.000000,-0.021382
0.006310000000,0.000000,0.050198
0.006312000000,0.000000,-0.004248
0.006314000000,0.000000,0.004272
0.006316000000,0.000000,0.021066
0.006318000000,0.000000,0.041953
0.006320000000,0.000000,-0.019184
0.006322000000,0.000000,0.037423
0.006324000000,0.000000,0.010367
0.006326000000,0.000000,-0.040959
0.006328000000,0.000000,-0.020848
0.006330000000,0.000000,0.006369
0.006332000000,0.000000,-0.004247
0.006334000000,0.000000,0.028206
0.006336000000,0.000000,-0.006106
0.006338000000,0.000000,0.006265
0.006340000000,0.000000,0.089592
0.006342000000,0.000000,0.002939
0.006344000000,0.000000,0.055200
0.006346000000,0.000000,0.045461
0.006348000000,0.000000,0.028522
0.006350000000,0.000000,-0.051274
0.006352000000,0.000000,0.011894
0.006354000000,0.000000,0.035894
0.006356000000,0.000000,-0.034426
0.006358000000,0.000000,-0.028301
0.006360000000,0.000000,0.042568
0.006362000000,0.000000,-0.018200
0.006364000000,0.000000,0.036793
0.006366000000,0.000000,0.072034
0.006368000000,0.000000,-0.062943
0.006370000000,0.000000,0.086464
0.006372000000,0.000000,0.005585
0.006374000000,0.000000,0.001355
0.006376000000,0.000000,-0.000145
0.006378000000,0.000000,-0.028997
0.006380000000,0.000000,-0.036864
0.006382000000,0.000000,0.034408
0.006384000000,0.000000,-0.052313
0.006386000000,0.000000,0.022955
0.006388000000,0.000000,0.042737
0.006390000000,0.000000,-0.053661
0.006392000000,0.000000,-0.028599
0.006394000000,0.000000,0.062463
0.006396000000,0.000000,0.007007
0.006398000000,0.000000,-0.008434
0.006400000000,0.000000,0.001364
0.006402000000,0.000000,0.012205
0.006404000000,0.000000,0.023968
0.006406000000,0.000000,-0.034064
0.006408000000,0.000000,0.074876
0.006410000000,0.000000,0.034845
0.006412000000,0.000000,-0.027213
0.006414000000,0.000000,-0.020068
0.006416000000,0.000000,-0.053324
0.006418000000,0.000000,-0.006002
0.006420000000,0.000000,0.006313
0.006422000000,0.000000,0.011077
0.006424000000,0.000000,0.005322
0.006426000000,0.000000,0.010611
0.006428000000,0.000000,0.089454
0.006430000000,0.000000,0.036712
0.006432000000,0.000000,0.021055
0.006434000000,0.000000,-0.011123
0.006436000000,0.000000,0.086703
0.006438000000,0.000000,0.063004
0.006440000000,0.000000,-0.014597
0.006442000000,0.000000,0.022330
0.006444000000,0.000000,-0.044140
0.006446000000,0.000000,0.011658
0.006448000000,0.000000,0.009010
0.006450000000,0.000000,0.009633
0.006452000000,0.000000,0.024925
0.006454000000,0.000000,-0.063114
0.006456000000,0.000000,-0.032620
0.006458000000,0.000000,0.030306
0.006460000000,0.000000,0.049521
0.006462000000,0.000000,0.000779
0.006464000000,0.000000,-0.072443
0.006466000000,0.000000,-0.000471
0.006468000000,0.000000,0.047132
0.006470000000,0.000000,-0.035344
0.006472000000,0.000000,0.057991
0.006474000000,0.000000,-0.022002
0.006476000000,0.000000,0.097107
0.006478000000,0.000000,-0.068334
0.006480000000,0.000000,-0.144149
0.006482000000,0.000000,-0.058680
0.006484000000,0.000000,-0.001815
0.006486000000,0.000000,0.050261
0.006488000000,0.000000,-0.033314
0.006490000000,0.000000,-0.051962
0.006492000000,0.000000,0.017182
0.006494000000,0.000000,-0.066140
0.006496000000,0.000000,-0.027398
0.006498000000,0.000000,0.108487
0.006500000000,0.000000,-0.038973
0.006502000000,0.000000,0.019858
0.006504000000,0.000000,0.036802
0.006506000000,0.000000,-0.015067
0.006508000000,0.000000,0.054137
0.006510000000,0.000000,0.068452
0.006512000000,0.000000,-0.052393
0.006514000000,0.000000,-0.040148
0.006516000000,0.000000,-0.044801
0.006518000000,0.000000,0.083040
0.006520000000,0.000000,0.014297
0.006522000000,0.000000,0.029583
0.006524000000,0.000000,0.071079
0.006526000000,0.000000,0.061050
0.006528000000,0.000000,-0.072678
0.006530000000,0.000000,-0.005812
0.006532000000,0.000000,0.023737
0.006534000000,0.000000,-0.032719
0.006536000000,0.000000,-0.058698
0.006538000000,0.000000,0.043517
0.006540000000,0.000000,-0.094412
0.006542000000,0.000000,0.003777
0.006544000000,0.000000,0.021115
0.006546000000,0.000000,0.076442
0.006548000000,0.000000,-0.059361
0.006550000000,0.000000,-0.004285
0.006552000000,0.000000,-0.007273
0.006554000000,0.000000,-0.010468
0.006556000000,0.000000,-0.063981
0.006558000000,0.000000,-0.064641
0.006560000000,0.000000,-0.060212
0.006562000000,0.000000,0.019772
0.006564000000,0.000000,0.008174
0.006566000000,0.000000,-0.009691
0.006568000000,0.000000,-0.005024
0.006570000000,0.000000,-0.034702
0.006572000000,0.000000,-0.057221
0.006574000000,0.000000,0.016442
0.006576000000,0.000000,0.015212
0.006578000000,0.000000,-0.041348
0.006580000000,0.000000,-0.037504
0.006582000000,0.000000,-0.003439
0.006584000000,0.000000,-0.016838
0.006586000000,0.000000,0.009893
0.006588000000,0.000000,-0.002001
0.006590000000,0.000000,0.052822
0.006592000000,0.000000,-0.014715
0.006594000000,0.000000,-0.027309
0.006596000000,0.000000,-0.019988
0.006598000000,0.000000,0.033055
0.006600000000,0.000000,0.038781
0.006602000000,0.000000,-0.041929
0.006604000000,0.000000,0.071965
0.006606000000,0.000000,0.020461
0.006608000000,0.000000,-0.025346
0.006610000000,0.000000,-0.067557
0.006612000000,0.000000,0.065633
0.006614000000,0.000000,-0.011365
0.006616000000,0.000000,-0.036058
0.006618000000,0.000000,0.047311
0.006620000000,0.000000,-0.018246
0.006622000000,0.000000,0.022346
0.006624000000,0.000000,-0.008592
0.006626000000,0.000000,-0.053012
0.006628000000,0.000000,-0.017725
0.006630000000,0.000000,-0.003908
0.006632000000,0.000000,-0.021858
0.006634000000,0.000000,0.108732
0.006636000000,0.000000,0.016117
0.006638000000,0.000000,0.067101
0.006640000000,0.000000,-0.021101
0.006642000000,0.000000,-0.019572
0.006644000000,0.000000,-0.005603
0.006646000000,0.000000,0.027843
0.006648000000,0.000000,0.130968
0.006650000000,0.000000,-0.047316
0.006652000000,0.000000,-0.040903
0.006654000000,0.000000,0.030427
0.006656000000,0.000000,0.063724
0.006658000000,0.000000,-0.010163
0.006660000000,0.000000,0.001715
0.006662000000,0.000000,-0.044157
0.006664000000,0.000000,-0.069352
0.006666000000,0.000000,-0.118892
0.006668000000,0.000000,0.042647
0.006670000000,0.000000,-0.067817
0.006672000000,0.000000,-0.000849
0.006674000000,0.000000,-0.002996
0.006676000000,0.000000,0.010947
0.006678000000,0.000000,0.002144
0.006680000000,0.000000,-0.007624
0.006682000000,0.000000,0.001441
0.006684000000,0.000000,-0.018141
0.006686000000,0.000000,0.134355
0.006688000000,0.000000,0.048529
0.006690000000,0.000000,0.019040
0.006692000000,0.000000,-0.025443
0.006694000000,0.000000,0.059664
0.006696000000,0.000000,-0.023919
0.006698000000,0.000000,0.079988
0.006700000000,0.000000,0.085219
0.006702000000,0.000000,0.042202
0.006704000000,0.000000,0.036231
0.006706000000,0.000000,-0.026166
0.006708000000,0.000000,-0.029447
0.006710000000,0.000000,0.038020
0.006712000000,0.000000,-0.006505
0.006714000000,0.000000,-0.014376
0.006716000000,0.000000,0.007077
0.006718000000,0.000000,-0.030728
0.006720000000,0.000000,-0.002431
0.006722000000,0.000000,-0.043687
0.006724000000,0.000000,0.000672
0.006726000000,0.000000,0.043086
0.006728000000,0.000000,0.104233
0.006730000000,0.000000,0.027638
0.006732000000,0.000000,0.103846
0.006734000000,0.000000,-0.020543
0.006736000000,0.000000,0.001966
0.006738000000,0.000000,-0.061870
0.006740000000,0.000000,0.010166
0.006742000000,0.000000,0.084350
0.006744000000,0.000000,-0.031299
0.006746000000,0.000000,0.031501
0.006748000000,0.000000,0.038171
0.006750000000,0.000000,0.092805
0.006752000000,0.000000,-0.044266
0.006754000000,0.000000,-0.020317
0.006756000000,0.000000,0.028868
0.006758000000,0.000000,0.044193
0.006760000000,0.000000,-0.018053
0.006762000000,0.000000,-0.118667
0.006764000000,0.000000,0.045424
0.006766000000,0.000000,-0.007622
0.006768000000,0.000000,0.033041
0.006770000000,0.000000,-0.007072
0.006772000000,0.000000,-0.053446
0.006774000000,0.000000,-0.020652
0.006776000000,0.000000,0.013158
0.006778000000,0.000000,-0.023138
0.006780000000,0.000000,0.024333
0.006782000000,0.000000,-0.054418
0.006784000000,0.000000,0.028685
0.006786000000,0.000000,0.016700
0.006788000000,0.000000,0.021489
0.006790000000,0.000000,0.058305
0.006792000000,0.000000,0.046571
0.006794000000,0.000000,-0.020784
0.006796000000,0.000000,0.014226
0.006798000000,0.000000,0.041505
0.006800000000,0.000000,-0.000968
0.006802000000,0.000000,-0.077697
0.006804000000,0.000000,0.082878
0.006806000000,0.000000,-0.001689
0.006808000000,0.000000,0.010339
0.006810000000,0.000000,-0.077973
0.006812000000,0.000000,0.017555
0.006814000000,0.000000,0.057384
0.006816000000,0.000000,0.012984
0.006818000000,0.000000,-0.057079
0.006820000000,0.000000,0.079365
0.006822000000,0.000000,-0.055592
0.006824000000,0.000000,-0.022831
0.006826000000,0.000000,-0.014542
0.006828000000,0.000000,0.118791
0.006830000000,0.000000,-0.005899
0.006832000000,0.000000,0.010235
0.006834000000,0.000000,0.003979
0.006836000000,0.000000,0.122091
0.006838000000,0.000000,-0.041878
0.006840000000,0.000000,0.060218
0.006842000000,0.000000,0.077115
0.006844000000,0.000000,0.005129
0.006846000000,0.000000,0.055479
0.006848000000,0.000000,-0.026621
0.006850000000,0.000000,-0.059252
0.006852000000,0.000000,-0.109491
0.006854000000,0.000000,-0.012496
0.006856000000,0.000000,0.042930
0.006858000000,0.000000,-0.056391
0.006860000000,0.000000,-0.030420
0.006862000000,0.000000,-0.042192
0.006864000000,0.000000,0.074551
0.006866000000,0.000000,0.023448
0.006868000000,0.000000,0.049152
0.006870000000,0.000000,0.051200
0.006872000000,0.000000,-0.014632
0.006874000000,0.000000,0.072848
0.006876000000,0.000000,-0.011014
0.006878000000,0.000000,0.013723
0.006880000000,0.000000,-0.055178
0.006882000000,0.000000,-0.015672
0.006884000000,0.000000,-0.058642
0.006886000000,0.000000,-0.041478
0.006888000000,0.000000,-0.049618
0.006890000000,0.000000,0.007910
0.006892000000,0.000000,0.038849
0.006894000000,0.000000,0.025701
0.006896000000,0.000000,-0.043573
0.006898000000,0.000000,-0.082566
0.006900000000,0.000000,0.033543
0.006902000000,0.000000,-0.081158
0.006904000000,0.000000,0.071244
0.006906000000,0.000000,-0.078085
0.006908000000,0.000000,-0.009158
0.006910000000,0.000000,-0.058449
0.006912000000,0.000000,0.048930
0.006914000000,0.000000,-0.004905
0.006916000000,0.000000,0.029370
0.006918000000,0.000000,-0.006078
0.006920000000,0.000000,0.056533
0.006922000000,0.000000,0.132021
0.006924000000,0.000000,-0.047501
0.006926000000,0.000000,-0.042171
0.006928000000,0.000000,-0.003686
0.006930000000,0.000000,0.006389
0.006932000000,0.000000,0.057811
0.006934000000,0.000000,0.029645
0.006936000000,0.000000,0.047554
0.006938000000,0.000000,0.052753
0.006940000000,0.000000,0.010868
0.006942000000,0.000000,0.011625
0.006944000000,0.000000,-0.000268
0.006946000000,0.000000,0.025978
0.006948000000,0.000000,0.012811
0.006950000000,0.000000,0.023018
0.006952000000,0.000000,0.012355
0.006954000000,0.000000,0.044868
0.006956000000,0.000000,-0.004056
0.006958000000,0.000000,-0.054700
0.006960000000,0.000000,0.076232
0.006962000000,0.000000,0.016898
0.006964000000,0.000000,0.064811
0.006966000000,0.000000,0.003329
0.006968000000,0.000000,0.090091
0.006970000000,0.000000,-0.001037
0.006972000000,0.000000,0.000681
0.006974000000,0.000000,-0.080792
0.006976000000,0.000000,0.039203
0.006978000000,0.000000,0.024700
0.006980000000,0.000000,0.000432
0.006982000000,0.000000,-0.065300
0.006984000000,0.000000,0.022114
0.006986000000,0.000000,-0.009498
0.006988000000,0.000000,0.060080
0.006990000000,0.000000,-0.058745
0.006992000000,0.000000,-0.005130
0.006994000000,0.000000,0.064811
0.006996000000,0.000000,0.063515
0.006998000000,0.000000,0.044703
0.007000000000,0.000000,-0.056711
0.007002000000,0.000000,0.011219
0.007004000000,0.000000,0.027195
0.007006000000,0.000000,0.000738
0.007008000000,0.000000,0.031181
0.007010000000,0.000000,0.106062
0.007012000000,0.000000,-0.029588
0.007014000000,0.000000,0.003127
0.007016000000,0.000000,-0.036456
0.007018000000,0.000000,0.023189
0.007020000000,0.000000,-0.104004
0.007022000000,0.000000,0.013887
0.007024000000,0.000000,0.099310
0.007026000000,0.000000,-0.043720
0.007028000000,0.000000,-0.009436
0.007030000000,0.000000,-0.025835
0.007032000000,0.000000,-0.014878
0.007034000000,0.000000,0.018926
0.007036000000,0.000000,-0.015836
0.007038000000,0.000000,0.012403
0.007040000000,0.000000,0.050699
0.007042000000,0.000000,0.100368
0.007044000000,0.000000,0.021284
0.007046000000,0.000000,0.069477
0.007048000000,0.000000,-0.113098
0.007050000000,0.000000,-0.013158
0.007052000000,0.000000,0.019666
0.007054000000,0.000000,-0.001542
0.007056000000,0.000000,-0.079438
0.007058000000,0.000000,0.029042
0.007060000000,0.000000,-0.013382
0.007062000000,0.000000,0.054727
0.007064000000,0.000000,0.048203
0.007066000000,0.000000,0.003348
0.007068000000,0.000000,-0.026769
0.007070000000,0.000000,-0.025133
0.007072000000,0.000000,0.083567
0.007074000000,0.000000,0.034980
0.007076000000,0.000000,-0.043518
0.007078000000,0.000000,0.045848
0.007080000000,0.000000,0.001307
0.007082000000,0.000000,0.058142
0.007084000000,0.000000,-0.075262
0.007086000000,0.000000,-0.014004
0.007088000000,0.000000,0.051659
0.007090000000,0.000000,-0.007619
0.007092000000,0.000000,0.035082
0.007094000000,0.000000,0.017051
0.007096000000,0.000000,-0.000167
0.007098000000,0.000000,0.031225
0.007100000000,0.000000,0.017998
0.007102000000,0.000000,0.064948
0.007104000000,0.000000,-0.104657
0.007106000000,0.000000,0.098012
0.007108000000,0.000000,-0.023487
0.007110000000,0.000000,-0.041135
0.007112000000,0.000000,0.067373
0.007114000000,0.000000,-0.076426
0.007116000000,0.000000,-0.042754
0.007118000000,0.000000,0.070000
0.007120000000,0.000000,-0.075692
0.007122000000,0.000000,-0.041643
0.007124000000,0.000000,0.037286
0.007126000000,0.000000,0.030948
0.007128000000,0.000000,-0.063414
0.007130000000,0.000000,-0.062992
0.007132000000,0.000000,0.056647
0.007134000000,0.000000,-0.025345
0.007136000000,0.000000,-0.069897
0.007138000000,0.000000,-0.030626
0.007140000000,0.000000,-0.002327
0.007142000000,0.000000,0.095110
0.007144000000,0.000000,-0.028834
0.007146000000,0.000000,0.010541
0.007148000000,0.000000,-0.064687
0.007150000000,0.000000,0.017235
0.007152000000,0.000000,-0.040509
0.007154000000,0.000000,0.022608
0.007156000000,0.000000,0.027450
0.007158000000,0.000000,-0.004023
0.007160000000,0.000000,-0.032603
0.007162000000,0.000000,0.010774
0.007164000000,0.000000,-0.049726
0.007166000000,0.000000,-0.005847
0.007168000000,0.000000,0.003452
0.007170000000,0.000000,-0.062844
0.007172000000,0.000000,-0.039642
0.007174000000,0.000000,-0.031645
0.007176000000,0.000000,-0.073442
0.007178000000,0.000000,-0.030186
0.007180000000,0.000000,-0.089846
0.007182000000,0.000000,0.023877
0.007184000000,0.000000,0.119828
0.007186000000,0.000000,0.043472
0.007188000000,0.000000,0.002585
0.007190000000,0.000000,-0.051028
0.007192000000,0.000000,-0.018049
0.007194000000,0.000000,-0.069742
0.007196000000,0.000000,0.000192
0.007198000000,0.000000,-0.033194
0.007200000000,0.000000,-0.064973
0.007202000000,0.000000,-0.114937
0.007204000000,0.000000,0.013526
0.007206000000,0.000000,-0.046655
0.007208000000,0.000000,0.071233
0.007210000000,0.000000,-0.002143
0.007212000000,0.000000,0.042745
0.007214000000,0.000000,0.075556
0.007216000000,0.000000,0.015858
0.007218000000,0.000000,-0.011115
0.007220000000,0.000000,-0.022790
0.007222000000,0.000000,-0.092656
0.007224000000,0.000000,-0.011400
0.007226000000,0.000000,0.006783
0.007228000000,0.000000,0.051007
0.007230000000,0.000000,0.007419
0.007232000000,0.000000,-0.044313
0.007234000000,0.000000,0.031402
0.007236000000,0.000000,-0.026076
0.007238000000,0.000000,0.006996
0.007240000000,0.000000,-0.009063
0.007242000000,0.000000,0.009090
0.007244000000,0.000000,-0.026124
0.007246000000,0.000000,-0.033430
0.007248000000,0.000000,0.017833
0.007250000000,0.000000,0.019342
0.007252000000,0.000000,-0.033797
0.007254000000,0.000000,-0.074598
0.007256000000,0.000000,0.061759
0.007258000000,0.000000,0.014104
0.007260000000,0.000000,0.017800
0.007262000000,0.000000,-0.010088
0.007264000000,0.000000,-0.022150
0.007266000000,0.000000,-0.001901
0.007268000000,0.000000,0.003530
0.007270000000,0.000000,-0.057789
0.007272000000,0.000000,-0.066484
0.007274000000,0.000000,-0.001706
0.007276000000,0.000000,0.002638
0.007278000000,0.000000,-0.000224
0.007280000000,0.000000,0.064057
0.007282000000,0.000000,0.011565
0.007284000000,0.000000,-0.019576
0.007286000000,0.000000,-0.010549
0.007288000000,0.000000,-0.002231
0.007290000000,0.000000,0.003681
0.007292000000,0.000000,-0.029820
0.007294000000,0.000000,-0.000260
0.007296000000,0.000000,-0.018415
0.007298000000,0.000000,0.109513
0.007300000000,0.000000,-0.009928
0.007302000000,0.000000,-0.042960
0.007304000000,0.000000,-0.106864
0.007306000000,0.000000,0.048300
0.007308000000,0.000000,-0.009445
0.007310000000,0.000000,-0.021383
0.007312000000,0.000000,-0.037996
0.007314000000,0.000000,-0.046234
0.007316000000,0.000000,-0.013311
0.007318000000,0.000000,0.024023
0.007320000000,0.000000,0.002296
0.007322000000,0.000000,-0.010757
0.007324000000,0.000000,-0.011091
0.007326000000,0.000000,-0.083027
0.007328000000,0.000000,0.028168
0.007330000000,0.000000,0.000726
0.007332000000,0.000000,0.029019
0.007334000000,0.000000,0.082167
0.007336000000,0.000000,0.107136
0.007338000000,0.000000,0.030946
0.007340000000,0.000000,0.025125
0.007342000000,0.000000,0.036073
0.007344000000,0.000000,0.088889
0.007346000000,0.000000,0.030121
0.007348000000,0.000000,-0.046489
0.007350000000,0.000000,0.017419
0.007352000000,0.000000,-0.038461
0.007354000000,0.000000,-0.037149
0.007356000000,0.000000,-0.008839
0.007358000000,0.000000,0.010748
0.007360000000,0.000000,-0.047946
0.007362000000,0.000000,-0.017598
0.007364000000,0.000000,-0.006693
0.007366000000,0.000000,0.114202
0.007368000000,0.000000,-0.051273
0.007370000000,0.000000,0.061978
0.007372000000,0.000000,-0.034763
0.007374000000,0.000000,0.037676
0.007376000000,0.000000,-0.013440
0.007378000000,0.000000,-0.052034
0.007380000000,0.000000,0.047728
0.007382000000,0.000000,0.068176
0.007384000000,0.000000,-0.056683
0.007386000000,0.000000,0.018183
0.007388000000,0.000000,-0.046898
0.007390000000,0.000000,0.029354
0.007392000000,0.000000,-0.099075
0.007394000000,0.000000,-0.037254
0.007396000000,0.000000,0.018026
0.007398000000,0.000000,0.005702
0.007400000000,0.000000,-0.017134
0.007402000000,0.000000,0.010482
0.007404000000,0.000000,0.024414
0.007406000000,0.000000,0.059335
0.007408000000,0.000000,0.019787
0.007410000000,0.000000,-0.016765
0.007412000000,0.000000,-0.008562
0.007414000000,0.000000,0.000917
0.007416000000,0.000000,0.007799
0.007418000000,0.000000,0.011612
0.007420000000,0.000000,-0.026557
0.007422000000,0.000000,-0.129078
0.007424000000,0.000000,0.029526
0.007426000000,0.000000,0.012035
0.007428000000,0.000000,0.012839
0.007430000000,0.000000,0.079651
0.007432000000,0.000000,-0.014572
0.007434000000,0.000000,-0.000984
0.007436000000,0.000000,0.096301
0.007438000000,0.000000,0.023578
0.007440000000,0.000000,-0.038473
0.007442000000,0.000000,0.014277
0.007444000000,0.000000,-0.049374
0.007446000000,0.000000,0.029950
0.007448000000,0.000000,-0.080910
0.007450000000,0.000000,-0.077940
0.007452000000,0.000000,-0.001317
0.007454000000,0.000000,0.021383
0.007456000000,0.000000,0.030553
0.007458000000,0.000000,-0.100900
0.007460000000,0.000000,-0.034008
0.007462000000,0.000000,0.025315
0.007464000000,0.000000,0.018314
0.007466000000,0.000000,0.078596
0.007468000000,0.000000,0.005639
0.007470000000,0.000000,-0.035460
0.007472000000,0.000000,-0.108476
0.007474000000,0.000000,-0.067228
0.007476000000,0.000000,0.013835
0.007478000000,0.000000,-0.024295
0.007480000000,0.000000,-0.036788
0.007482000000,0.000000,0.021537
0.007484000000,0.000000,-0.020903
0.007486000000,0.000000,-0.034360
0.007488000000,0.000000,-0.084915
0.007490000000,0.000000,0.014178
0.007492000000,0.000000,-0.101219
0.007494000000,0.000000,0.013307
0.007496000000,0.000000,-0.059009
0.007498000000,0.000000,-0.007338
0.007500000000,0.000000,-0.067602
0.007502000000,0.000000,0.000859
0.007504000000,0.000000,-0.026604
0.007506000000,0.000000,0.037726
0.007508000000,0.000000,0.007797
0.007510000000,0.000000,0.063618
0.007512000000,0.000000,0.082358
0.007514000000,0.000000,-0.017066
0.007516000000,0.000000,-0.013625
0.007518000000,0.000000,0.024452
0.007520000000,0.000000,0.054142
0.007522000000,0.000000,0.019654
0.007524000000,0.000000,0.007213
0.007526000000,0.000000,0.015241
0.007528000000,0.000000,-0.012241
0.007530000000,0.000000,-0.032738
0.007532000000,0.000000,0.060184
0.007534000000,0.000000,0.075222
0.007536000000,0.000000,0.031434
0.007538000000,0.000000,0.053593
0.007540000000,0.000000,-0.015479
0.007542000000,0.000000,-0.074602
0.007544000000,0.000000,-0.018041
0.007546000000,0.000000,0.024779
0.007548000000,0.000000,-0.089789
0.007550000000,0.000000,0.075926
0.007552000000,0.000000,0.007534
0.007554000000,0.000000,0.079650
0.007556000000,0.000000,0.142237
0.007558000000,0.000000,0.085187
0.007560000000,0.000000,0.013267
0.007562000000,0.000000,-0.035930
0.007564000000,0.000000,-0.027571
0.007566000000,0.000000,0.033315
0.007568000000,0.000000,-0.019549
0.007570000000,0.000000,-0.059431
0.007572000000,0.000000,-0.044895
0.007574000000,0.000000,0.097987
0.007576000000,0.000000,-0.024276
0.007578000000,0.000000,-0.034675
0.007580000000,0.000000,-0.062818
0.007582000000,0.000000,0.005581
0.007584000000,0.000000,0.010084
0.007586000000,0.000000,-0.053673
0.007588000000,0.000000,0.000680
0.007590000000,0.000000,0.021379
0.007592000000,0.000000,0.034536
0.007594000000,0.000000,0.010563
0.007596000000,0.000000,0.013718
0.007598000000,0.000000,0.001311
0.007600000000,0.000000,-0.011159
0.007602000000,0.000000,-0.054246
0.007604000000,0.000000,0.076975
0.007606000000,0.000000,0.004426
0.007608000000,0.000000,0.098461
0.007610000000,0.000000,-0.068915
0.007612000000,0.000000,0.039469
0.007614000000,0.000000,0.002235
0.007616000000,0.000000,0.007599
0.007618000000,0.000000,-0.170556
0.007620000000,0.000000,-0.081871
0.007622000000,0.000000,-0.011034
0.007624000000,0.000000,-0.016699
0.007626000000,0.000000,-0.049170
0.007628000000,0.000000,0.008483
0.007630000000,0.000000,-0.018801
0.007632000000,0.000000,0.025275
0.007634000000,0.000000,0.024421
0.007636000000,0.000000,-0.053315
0.007638000000,0.000000,-0.057821
0.007640000000,0.000000,-0.035448
0.007642000000,0.000000,0.099091
0.007644000000,0.000000,0.018765
0.007646000000,0.000000,0.039811
0.007648000000,0.000000,0.052142
0.007650000000,0.000000,0.007199
0.007652000000,0.000000,-0.003199
0.007654000000,0.000000,-0.019819
0.007656000000,0.000000,-0.005775
0.007658000000,0.000000,0.029184
0.007660000000,0.000000,-0.022747
0.007662000000,0.000000,0.042255
0.007664000000,0.000000,-0.024818
0.007666000000,0.000000,-0.078387
0.007668000000,0.000000,-0.012010
0.007670000000,0.000000,0.019261
0.007672000000,0.000000,0.062652
0.007674000000,0.000000,-0.015623
0.007676000000,0.000000,-0.060037
0.007678000000,0.000000,0.037723
0.007680000000,0.000000,-0.007614
0.007682000000,0.000000,-0.084575
0.007684000000,0.000000,0.028849
0.007686000000,0.000000,0.038141
0.007688000000,0.000000,-0.009193
0.007690000000,0.000000,0.023325
0.007692000000,0.000000,-0.052547
0.007694000000,0.000000,-0.056091
0.007696000000,0.000000,-0.088178
0.007698000000,0.000000,-0.038620
0.007700000000,0.000000,-0.042671
0.007702000000,0.000000,0.026529
0.007704000000,0.000000,0.011459
0.007706000000,0.000000,0.002845
0.007708000000,0.000000,-0.048226
0.007710000000,0.000000,0.008629
0.007712000000,0.000000,-0.016206
0.007714000000,0.000000,0.003329
0.007716000000,0.000000,-0.011538
0.007718000000,0.000000,-0.085799
0.007720000000,0.000000,0.008162
0.007722000000,0.000000,-0.022047
0.007724000000,0.000000,-0.055857
0.007726000000,0.000000,-0.008366
0.007728000000,0.000000,-0.010798
0.007730000000,0.000000,-0.002170
0.007732000000,0.000000,-0.090590
0.007734000000,0.000000,-0.014872
0.007736000000,0.000000,-0.023046
0.007738000000,0.000000,-0.011968
0.007740000000,0.000000,-0.080778
0.007742000000,0.000000,0.037269
0.007744000000,0.000000,-0.025506
0.007746000000,0.000000,-0.039444
0.007748000000,0.000000,0.042109
0.007750000000,0.000000,0.078529
0.007752000000,0.000000,-0.108783
0.007754000000,0.000000,-0.042802
0.007756000000,0.000000,0.006274
0.007758000000,0.000000,-0.051870
0.007760000000,0.000000,0.104600
0.007762000000,0.000000,0.013305
0.007764000000,0.000000,-0.053212
0.007766000000,0.000000,-0.048199
0.007768000000,0.000000,0.021988
0.007770000000,0.000000,0.123213
0.007772000000,0.000000,-0.012656
0.007774000000,0.000000,0.053189
0.007776000000,0.000000,0.068296
0.007778000000,0.000000,0.039598
0.007780000000,0.000000,-0.104099
0.007782000000,0.000000,-0.020812
0.007784000000,0.000000,-0.087125
0.007786000000,0.000000,0.041953
0.007788000000,0.000000,-0.053438
0.007790000000,0.000000,0.044249
0.007792000000,0.000000,0.005153
0.007794000000,0.000000,0.014647
0.007796000000,0.000000,-0.097311
0.007798000000,0.000000,0.047888
0.007800000000,0.000000,-0.031880
0.007802000000,0.000000,0.030409
0.007804000000,0.000000,0.061806
0.007806000000,0.000000,0.112526
0.007808000000,0.000000,0.024881
0.007810000000,0.000000,-0.014135
0.007812000000,0.000000,-0.065080
0.007814000000,0.000000,-0.006726
0.007816000000,0.000000,0.062041
0.007818000000,0.000000,-0.057829
0.007820000000,0.000000,-0.027440
0.007822000000,0.000000,0.035222
0.007824000000,0.000000,0.044980
0.007826000000,0.000000,-0.057395
0.007828000000,0.000000,0.092352
0.007830000000,0.000000,-0.007546
0.007832000000,0.000000,-0.002239
0.007834000000,0.000000,0.005404
0.007836000000,0.000000,0.007340
0.007838000000,0.000000,-0.115233
0.007840000000,0.000000,-0.046059
0.007842000000,0.000000,-0.099952
0.007844000000,0.000000,0.005339
0.007846000000,0.000000,0.028370
0.007848000000,0.000000,0.025788
0.007850000000,0.000000,-0.050735
0.007852000000,0.000000,-0.000221
0.007854000000,0.000000,0.032373
0.007856000000,0.000000,0.016445
0.007858000000,0.000000,0.037203
0.007860000000,0.000000,0.023707
0.007862000000,0.000000,-0.057175
0.007864000000,0.000000,-0.002823
0.007866000000,0.000000,0.005105
0.007868000000,0.000000,0.029653
0.007870000000,0.000000,-0.013929
0.007872000000,0.000000,-0.080561
0.007874000000,0.000000,0.016483
0.007876000000,0.000000,-0.060861
0.007878000000,0.000000,-0.008952
0.007880000000,0.000000,-0.033487
0.007882000000,0.000000,-0.017807
0.007884000000,0.000000,-0.021006
0.007886000000,0.000000,-0.106430
0.007888000000,0.000000,0.014835
0.007890000000,0.000000,0.067647
0.007892000000,0.000000,0.007666
0.007894000000,0.000000,-0.061594
0.007896000000,0.000000,0.071776
0.007898000000,0.000000,-0.020770
0.007900000000,0.000000,-0.085406
0.007902000000,0.000000,0.024554
0.007904000000,0.000000,0.059294
0.007906000000,0.000000,0.003545
0.007908000000,0.000000,0.041890
0.007910000000,0.000000,0.112460
0.007912000000,0.000000,0.086665
0.007914000000,0.000000,-0.049070
0.007916000000,0.000000,0.058463
0.007918000000,0.000000,-0.019394
0.007920000000,0.000000,-0.031797
0.007922000000,0.000000,0.063649
0.007924000000,0.000000,0.026398
0.007926000000,0.000000,-0.026066
0.007928000000,0.000000,0.039539
0.007930000000,0.000000,0.075023
0.007932000000,0.000000,-0.028736
0.007934000000,0.000000,0.043519
0.007936000000,0.000000,-0.015739
0.007938000000,0.000000,0.049609
0.007940000000,0.000000,-0.031802
0.007942000000,0.000000,-0.096935
0.007944000000,0.000000,-0.092984
0.007946000000,0.000000,0.037989
0.007948000000,0.000000,0.024625
0.007950000000,0.000000,0.009282
0.007952000000,0.000000,0.004639
0.007954000000,0.000000,0.053426
0.007956000000,0.000000,0.004951
0.007958000000,0.000000,0.123441
0.007960000000,0.000000,0.002111
0.007962000000,0.000000,0.006715
0.007964000000,0.000000,0.011669
0.007966000000,0.000000,-0.040574
0.007968000000,0.000000,-0.027867
0.007970000000,0.000000,-0.015604
0.007972000000,0.000000,-0.070407
0.007974000000,0.000000,0.086480
0.007976000000,0.000000,-0.019471
0.007978000000,0.000000,0.063002
0.007980000000,0.000000,-0.038892
0.007982000000,0.000000,0.065400
0.007984000000,0.000000,0.054371
0.007986000000,0.000000,-0.069456
0.007988000000,0.000000,-0.022334
0.007990000000,0.000000,-0.015479
0.007992000000,0.000000,0.005669
0.007994000000,0.000000,-0.010490
0.007996000000,0.000000,0.075256
0.007998000000,0.000000,0.073293
0.008000000000,0.000000,0.024645
0.008002000000,0.000000,-0.066066
0.008004000000,0.000000,-0.056657
0.008006000000,0.000000,-0.136100
0.008008000000,0.000000,0.102080
0.008010000000,0.000000,-0.103684
0.008012000000,0.000000,-0.022511
0.008014000000,0.000000,-0.040062
0.008016000000,0.000000,0.012679
0.008018000000,0.000000,-0.012110
0.008020000000,0.000000,0.018407
0.008022000000,0.000000,0.016821
0.008024000000,0.000000,0.035341
0.008026000000,0.000000,0.010306
0.008028000000,0.000000,0.035765
0.008030000000,0.000000,-0.073690
0.008032000000,0.000000,-0.004629
0.008034000000,0.000000,-0.032388
0.008036000000,0.000000,0.038682
0.008038000000,0.000000,-0.005273
0.008040000000,0.000000,0.007426
0.008042000000,0.000000,0.033599
0.008044000000,0.000000,0.025985
0.008046000000,0.000000,0.032082
0.008048000000,0.000000,-0.014741
0.008050000000,0.000000,-0.016012
0.008052000000,0.000000,-0.076838
0.008054000000,0.000000,-0.034656
0.008056000000,0.000000,0.050038
0.008058000000,0.000000,0.016610
0.008060000000,0.000000,0.059062
0.008062000000,0.000000,-0.010749
0.008064000000,0.000000,-0.001232
0.008066000000,0.000000,-0.085336
0.008068000000,0.000000,-0.005696
0.008070000000,0.000000,0.051861
0.008072000000,0.000000,0.056994
0.008074000000,0.000000,-0.007451
0.008076000000,0.000000,0.054010
0.008078000000,0.000000,0.097363
0.008080000000,0.000000,0.009549
0.008082000000,0.000000,0.086135
0.008084000000,0.000000,-0.068852
0.008086000000,0.000000,-0.038089
0.008088000000,0.000000,-0.036483
0.008090000000,0.000000,-0.081168
0.008092000000,0.000000,0.077121
0.008094000000,0.000000,-0.012885
0.008096000000,0.000000,-0.069140
0.008098000000,0.000000,0.043953
0.008100000000,0.000000,0.028210
0.008102000000,0.000000,-0.080708
0.008104000000,0.000000,0.049919
0.008106000000,0.000000,0.015129
0.008108000000,0.000000,0.047901
0.008110000000,0.000000,-0.048845
0.008112000000,0.000000,-0.027048
0.008114000000,0.000000,0.030463
0.008116000000,0.000000,0.037436
0.008118000000,0.000000,-0.030099
0.008120000000,0.000000,0.015554
0.008122000000,0.000000,0.018374
0.008124000000,0.000000,-0.016469
0.008126000000,0.000000,0.061115
0.008128000000,0.000000,-0.008431
0.008130000000,0.000000,-0.003948
0.008132000000,0.000000,-0.098505
0.008134000000,0.000000,0.064713
0.008136000000,0.000000,0.014071
0.008138000000,0.000000,-0.042949
0.008140000000,0.000000,0.027421
0.008142000000,0.000000,-0.104914
0.008144000000,0.000000,-0.082194
0.008146000000,0.000000,-0.027027
0.008148000000,0.000000,-0.054625
0.008150000000,0.000000,0.109796
0.008152000000,0.000000,-0.025092
0.008154000000,0.000000,-0.064077
0.008156000000,0.000000,-0.006857
0.008158000000,0.000000,-0.008499
0.008160000000,0.000000,-0.020188
0.008162000000,0.000000,-0.056362
0.008164000000,0.000000,0.035400
0.008166000000,0.000000,0.017800
0.008168000000,0.000000,0.020520
0.008170000000,0.000000,-0.057111
0.008172000000,0.000000,-0.070907
0.008174000000,0.000000,-0.001939
0.008176000000,0.000000,-0.043392
0.008178000000,0.000000,0.019493
0.008180000000,0.000000,-0.052600
0.008182000000,0.000000,0.013983
0.008184000000,0.000000,-0.075112
0.008186000000,0.000000,0.088014
0.008188000000,0.000000,-0.034031
0.008190000000,0.000000,-0.062718
0.008192000000,0.000000,0.040426
0.008194000000,0.000000,0.003002
0.008196000000,0.000000,-0.084070
0.008198000000,0.000000,-0.085099
0.008200000000,0.000000,0.058196
0.008202000000,0.000000,0.026196
0.008204000000,0.000000,-0.063599
0.008206000000,0.000000,0.026891
0.008208000000,0.000000,0.009968
0.008210000000,0.000000,0.068488
0.008212000000,0.000000,0.030512
0.008214000000,0.000000,0.006003
0.008216000000,0.000000,-0.021551
0.008218000000,0.000000,-0.099679
0.008220000000,0.000000,0.108824
0.008222000000,0.000000,0.062970
0.008224000000,0.000000,0.070517
0.008226000000,0.000000,0.007425
0.008228000000,0.000000,0.037274
0.008230000000,0.000000,-0.039845
0.008232000000,0.000000,-0.000721
0.008234000000,0.000000,-0.012797
0.008236000000,0.000000,-0.014480
0.008238000000,0.000000,-0.014472
0.008240000000,0.000000,-0.016916
0.008242000000,0.000000,-0.084665
0.008244000000,0.000000,0.003979
0.008246000000,0.000000,0.123399
0.008248000000,0.000000,-0.024692
0.008250000000,0.000000,-0.042262
0.008252000000,0.000000,-0.018044
0.008254000000,0.000000,0.030927
0.008256000000,0.000000,-0.061133
0.008258000000,0.000000,0.063998
0.008260000000,0.000000,0.013151
0.008262000000,0.000000,0.029052
0.008264000000,0.000000,-0.015232
0.008266000000,0.000000,0.006852
0.008268000000,0.000000,0.117631
0.008270000000,0.000000,-0.017889
0.008272000000,0.000000,0.061254
0.008274000000,0.000000,-0.027516
0.008276000000,0.000000,-0.070248
0.008278000000,0.000000,0.014649
0.008280000000,0.000000,0.021605
0.008282000000,0.000000,0.073804
0.008284000000,0.000000,-0.012817
0.008286000000,0.000000,-0.096965
0.008288000000,0.000000,0.056199
0.008290000000,0.000000,-0.076708
0.008292000000,0.000000,0.040707
0.008294000000,0.000000,0.143222
0.008296000000,0.000000,-0.038675
0.008298000000,0.000000,-0.086753
0.008300000000,0.000000,-0.097851
0.008302000000,0.000000,-0.016850
0.008304000000,0.000000,0.051463
0.008306000000,0.000000,0.007495
0.008308000000,0.000000,0.005379
0.008310000000,0.000000,-0.036999
0.008312000000,0.000000,0.048917
0.008314000000,0.000000,-0.088408
0.008316000000,0.000000,-0.016354
0.008318000000,0.000000,0.031120
0.008320000000,0.000000,-0.057791
0.008322000000,0.000000,0.026048
0.008324000000,0.000000,-0.059893
0.008326000000,0.000000,-0.008284
0.008328000000,0.000000,0.056121
0.008330000000,0.000000,-0.012885
0.008332000000,0.000000,-0.027755
0.008334000000,0.000000,-0.032156
0.008336000000,0.000000,0.001306
0.008338000000,0.000000,0.028814
0.008340000000,0.000000,0.081424
0.008342000000,0.000000,-0.040602
0.008344000000,0.000000,-0.048896
0.008346000000,0.000000,0.042629
0.008348000000,0.000000,0.013659
0.008350000000,0.000000,-0.004220
0.008352000000,0.000000,0.005624
0.008354000000,0.000000,0.024324
0.008356000000,0.000000,-0.011673
0.008358000000,0.000000,0.033443
0.008360000000,0.000000,0.056203
0.008362000000,0.000000,0.048490
0.008364000000,0.000000,0.038931
0.008366000000,0.000000,0.029239
0.008368000000,0.000000,0.002013
0.008370000000,0.000000,0.102788
0.008372000000,0.000000,0.033418
0.008374000000,0.000000,0.007891
0.008376000000,0.000000,-0.027867
0.008378000000,0.000000,0.063086
0.008380000000,0.000000,-0.058035
0.008382000000,0.000000,-0.007962
0.008384000000,0.000000,0.027268
0.008386000000,0.000000,-0.018797
0.008388000000,0.000000,0.126895
0.008390000000,0.000000,0.014797
0.008392000000,0.000000,-0.001609
0.008394000000,0.000000,0.026999
0.008396000000,0.000000,-0.049967
0.008398000000,0.000000,0.027366
0.008400000000,0.000000,0.045079
0.008402000000,0.000000,0.048640
0.008404000000,0.000000,-0.069755
0.008406000000,0.000000,-0.022497
0.008408000000,0.000000,-0.011944
0.008410000000,0.000000,0.047281
0.008412000000,0.000000,-0.041846
0.008414000000,0.000000,-0.042796
0.008416000000,0.000000,0.006756
0.008418000000,0.000000,0.058979
0.008420000000,0.000000,-0.012547
0.008422000000,0.000000,0.015404
0.008424000000,0.000000,-0.120499
0.008426000000,0.000000,-0.075040
0.008428000000,0.000000,0.023389
0.008430000000,0.000000,0.069278
0.008432000000,0.000000,0.032298
0.008434000000,0.000000,-0.011658
0.008436000000,0.000000,0.107652
0.008438000000,0.000000,0.047956
0.008440000000,0.000000,-0.076767
0.008442000000,0.000000,-0.006928
0.008444000000,0.000000,0.011073
0.008446000000,0.000000,0.005925
0.008448000000,0.000000,0.067033
0.008450000000,0.000000,0.010522
0.008452000000,0.000000,0.017184
0.008454000000,0.000000,0.103637
0.008456000000,0.000000,-0.069320
0.008458000000,0.000000,-0.057621
0.008460000000,0.000000,-0.018385
0.008462000000,0.000000,0.082839
0.008464000000,0.000000,0.000509
0.008466000000,0.000000,0.072316
0.008468000000,0.000000,0.086724
0.008470000000,0.000000,-0.000539
0.008472000000,0.000000,0.048946
0.008474000000,0.000000,-0.034666
0.008476000000,0.000000,0.053789
0.008478000000,0.000000,0.021301
0.008480000000,0.000000,-0.006291
0.008482000000,0.000000,0.007423
0.008484000000,0.000000,0.049051
0.008486000000,0.000000,-0.044554
0.008488000000,0.000000,0.049970
0.008490000000,0.000000,-0.057300
0.008492000000,0.000000,0.037734
0.008494000000,0.000000,-0.052343
0.008496000000,0.000000,-0.023642
0.008498000000,0.000000,0.023258
0.008500000000,0.000000,-0.038646
0.008502000000,0.000000,0.091176
0.008504000000,0.000000,-0.084844
0.008506000000,0.000000,0.024883
0.008508000000,0.000000,0.008733
0.008510000000,0.000000,-0.083361
0.008512000000,0.000000,0.000768
0.008514000000,0.000000,0.055085
0.008516000000,0.000000,-0.005364
0.008518000000,0.000000,-0.031744
0.008520000000,0.000000,-0.001180
0.008522000000,0.000000,0.011322
0.008524000000,0.000000,0.069974
0.008526000000,0.000000,0.083963
0.008528000000,0.000000,0.110087
0.008530000000,0.000000,-0.015487
0.008532000000,0.000000,0.095747
0.008534000000,0.000000,0.055224
0.008536000000,0.000000,-0.009759
0.008538000000,0.000000,0.071357
0.008540000000,0.000000,-0.027507
0.008542000000,0.000000,-0.042788
0.008544000000,0.000000,0.084963
0.008546000000,0.000000,0.002226
0.008548000000,0.000000,0.101605
0.008550000000,0.000000,-0.048165
0.008552000000,0.000000,0.085385
0.008554000000,0.000000,0.047725
0.008556000000,0.000000,0.015678
0.008558000000,0.000000,0.098314
0.008560000000,0.000000,-0.023740
0.008562000000,0.000000,0.060745
0.008564000000,0.000000,0.017606
0.008566000000,0.000000,-0.027389
0.008568000000,0.000000,0.014029
0.008570000000,0.000000,0.014017
0.008572000000,0.000000,0.033181
0.008574000000,0.000000,0.002897
0.008576000000,0.000000,-0.003254
0.008578000000,0.000000,0.050123
0.008580000000,0.000000,-0.025980
0.008582000000,0.000000,0.020674
0.008584000000,0.000000,-0.052703
0.008586000000,0.000000,-0.061359
0.008588000000,0.000000,0.009946
0.008590000000,0.000000,-0.076433
0.008592000000,0.000000,-0.049483
0.008594000000,0.000000,0.034500
0.008596000000,0.000000,0.049716
0.008598000000,0.000000,0.002061
0.008600000000,0.000000,0.043936
0.008602000000,0.000000,0.057729
0.008604000000,0.000000,0.027513
0.008606000000,0.000000,-0.075532
0.008608000000,0.000000,-0.010223
0.008610000000,0.000000,-0.000288
0.008612000000,0.000000,-0.046716
0.008614000000,0.000000,-0.000263
0.008616000000,0.000000,0.023151
0.008618000000,0.000000,-0.007452
0.008620000000,0.000000,-0.084120
0.008622000000,0.000000,0.100190
0.008624000000,0.000000,-0.025509
0.008626000000,0.000000,-0.002941
0.008628000000,0.000000,0.004733
0.008630000000,0.000000,0.056648
0.008632000000,0.000000,0.091765
0.008634000000,0.000000,-0.041584
0.008636000000,0.000000,0.013745
0.008638000000,0.000000,0.111545
0.008640000000,0.000000,0.009830
0.008642000000,0.000000,0.074775
0.008644000000,0.000000,-0.020283
0.008646000000,0.000000,-0.016814
0.008648000000,0.000000,-0.008915
0.008650000000,0.000000,0.048410
0.008652000000,0.000000,-0.025562
0.008654000000,0.000000,0.043424
0.008656000000,0.000000,-0.008107
0.008658000000,0.000000,0.002607
0.008660000000,0.000000,-0.066867
0.008662000000,0.000000,-0.040561
0.008664000000,0.000000,-0.063995
0.008666000000,0.000000,-0.016361
0.008668000000,0.000000,0.045298
0.008670000000,0.000000,-0.056245
0.008672000000,0.000000,-0.010995
0.008674000000,0.000000,-0.073564
0.008676000000,0.000000,0.037712
0.008678000000,0.000000,-0.044292
0.008680000000,0.000000,-0.038881
0.008682000000,0.000000,-0.020168
0.008684000000,0.000000,-0.044912
0.008686000000,0.000000,-0.032128
0.008688000000,0.000000,0.037695
0.008690000000,0.000000,0.010021
0.008692000000,0.000000,0.006866
0.008694000000,0.000000,-0.024495
0.008696000000,0.000000,-0.070655
0.008698000000,0.000000,-0.067637
0.008700000000,0.000000,-0.038287
0.008702000000,0.000000,0.033050
0.008704000000,0.000000,0.032495
0.008706000000,0.000000,0.017083
0.008708000000,0.000000,-0.036340
0.008710000000,0.000000,-0.047331
0.008712000000,0.000000,-0.022901
0.008714000000,0.000000,0.027667
0.008716000000,0.000000,0.073945
0.008718000000,0.000000,-0.051302
0.008720000000,0.000000,0.114867
0.008722000000,0.000000,-0.007435
0.008724000000,0.000000,0.041024
0.008726000000,0.000000,-0.032430
0.008728000000,0.000000,-0.058695
0.008730000000,0.000000,0.006895
0.008732000000,0.000000,0.001049
0.008734000000,0.000000,-0.015642
0.008736000000,0.000000,0.071537
0.008738000000,0.000000,-0.015065
0.008740000000,0.000000,-0.063626
0.008742000000,0.000000,-0.002853
0.008744000000,0.000000,-0.009025
0.008746000000,0.000000,0.034491
0.008748000000,0.000000,-0.031623
0.008750000000,0.000000,0.069071
0.008752000000,0.000000,-0.009723
0.008754000000,0.000000,0.002714
0.008756000000,0.000000,-0.011116
0.008758000000,0.000000,0.041159
0.008760000000,0.000000,-0.070756
0.008762000000,0.000000,0.007051
0.008764000000,0.000000,0.003790
0.008766000000,0.000000,0.003483
0.008768000000,0.000000,0.042416
0.008770000000,0.000000,0.025162
0.008772000000,0.000000,-0.036674
0.008774000000,0.000000,-0.066242
0.008776000000,0.000000,-0.034556
0.008778000000,0.000000,0.010057
0.008780000000,0.000000,-0.004924
0.008782000000,0.000000,-0.027745
0.008784000000,0.000000,-0.044163
0.008786000000,0.000000,0.053863
0.008788000000,0.000000,-0.020053
0.008790000000,0.000000,0.071289
0.008792000000,0.000000,-0.002791
0.008794000000,0.000000,-0.044269
0.008796000000,0.000000,0.013962
0.008798000000,0.000000,0.041503
0.008800000000,0.000000,-0.013306
0.008802000000,0.000000,0.009040
0.008804000000,0.000000,-0.106214
0.008806000000,0.000000,0.091356
0.008808000000,0.000000,0.001836
0.008810000000,0.000000,0.012547
0.008812000000,0.000000,-0.104404
0.008814000000,0.000000,0.048518
0.008816000000,0.000000,0.001124
0.008818000000,0.000000,0.012516
0.008820000000,0.000000,-0.032648
0.008822000000,0.000000,-0.014468
0.008824000000,0.000000,-0.001530
0.008826000000,0.000000,0.024410
0.008828000000,0.000000,0.049534
0.008830000000,0.000000,0.005236
0.008832000000,0.000000,-0.055850
0.008834000000,0.000000,0.036129
0.008836000000,0.000000,0.000070
0.008838000000,0.000000,0.085120
0.008840000000,0.000000,0.006211
0.008842000000,0.000000,0.011910
0.008844000000,0.000000,-0.080796
0.008846000000,0.000000,0.009081
0.008848000000,0.000000,-0.021304
0.008850000000,0.000000,0.013170
0.008852000000,0.000000,-0.065330
0.008854000000,0.000000,-0.026233
0.008856000000,0.000000,0.036880
0.008858000000,0.000000,-0.029652
0.008860000000,0.000000,-0.033827
0.008862000000,0.000000,-0.005105
0.008864000000,0.000000,-0.042005
0.008866000000,0.000000,-0.008412
0.008868000000,0.000000,-0.044057
0.008870000000,0.000000,-0.061125
0.008872000000,0.000000,-0.014107
0.008874000000,0.000000,0.052629
0.008876000000,0.000000,0.023104
0.008878000000,0.000000,0.085873
0.008880000000,0.000000,-0.028273
0.008882000000,0.000000,-0.016676
0.008884000000,0.000000,0.025681
0.008886000000,0.000000,0.119111
0.008888000000,0.000000,0.002478
0.008890000000,0.000000,0.002815
0.008892000000,0.000000,-0.015752
0.008894000000,0.000000,-0.034780
0.008896000000,0.000000,-0.064516
0.008898000000,0.000000,-0.038756
0.008900000000,0.000000,0.077963
0.008902000000,0.000000,0.029222
0.008904000000,0.000000,-0.037329
0.008906000000,0.000000,-0.058109
0.008908000000,0.000000,0.044351
0.008910000000,0.000000,0.020464
0.008912000000,0.000000,0.017051
0.008914000000,0.000000,0.002445
0.008916000000,0.000000,0.049636
0.008918000000,0.000000,0.057359
0.008920000000,0.000000,0.055022
0.008922000000,0.000000,0.009378
0.008924000000,0.000000,-0.038562
0.008926000000,0.000000,-0.053487
0.008928000000,0.000000,-0.008607
0.008930000000,0.000000,0.044434
0.008932000000,0.000000,-0.019148
0.008934000000,0.000000,0.064666
0.008936000000,0.000000,-0.029513
0.008938000000,0.000000,0.029106
0.008940000000,0.000000,-0.030831
0.008942000000,0.000000,0.081870
0.008944000000,0.000000,-0.021272
0.008946000000,0.000000,-0.046531
0.008948000000,0.000000,-0.010028
0.008950000000,0.000000,-0.031278
0.008952000000,0.000000,0.026210
0.008954000000,0.000000,-0.043640
0.008956000000,0.000000,0.018964
0.008958000000,0.000000,-0.065937
0.008960000000,0.000000,0.099505
0.008962000000,0.000000,-0.037541
0.008964000000,0.000000,0.026926
0.008966000000,0.000000,0.062629
0.008968000000,0.000000,0.082742
0.008970000000,0.000000,-0.056684
0.008972000000,0.000000,-0.023001
0.008974000000,0.000000,0.002646
0.008976000000,0.000000,0.015850
0.008978000000,0.000000,0.016307
0.008980000000,0.000000,-0.034908
0.008982000000,0.000000,0.057473
0.008984000000,0.000000,0.056479
0.008986000000,0.000000,-0.070504
0.008988000000,0.000000,0.010856
0.008990000000,0.000000,0.004724
0.008992000000,0.000000,0.027768
0.008994000000,0.000000,-0.058240
0.008996000000,0.000000,-0.008536
0.008998000000,0.000000,-0.013085
0.009000000000,0.000000,0.089213
0.009002000000,0.000000,0.016564
0.009004000000,0.000000,-0.028078
0.009006000000,0.000000,-0.031639
0.009008000000,0.000000,-0.140448
0.009010000000,0.000000,0.096286
0.009012000000,0.000000,0.012032
0.009014000000,0.000000,-0.012047
0.009016000000,0.000000,0.008470
0.009018000000,0.000000,0.009644
0.009020000000,0.000000,-0.066131
0.009022000000,0.000000,0.101359
0.009024000000,0.000000,-0.075028
0.009026000000,0.000000,-0.020774
0.009028000000,0.000000,-0.053276
0.009030000000,0.000000,0.144082
0.009032000000,0.000000,0.033898
0.009034000000,0.000000,-0.024108
0.009036000000,0.000000,-0.044952
0.009038000000,0.000000,0.058674
0.009040000000,0.000000,-0.104847
0.009042000000,0.000000,0.026265
0.009044000000,0.000000,-0.122404
0.009046000000,0.000000,0.005639
0.009048000000,0.000000,0.014137
0.009050000000,0.000000,-0.045442
0.009052000000,0.000000,0.063157
0.009054000000,0.000000,0.084486
0.009056000000,0.000000,-0.028038
0.009058000000,0.000000,0.014815
0.009060000000,0.000000,0.001405
0.009062000000,0.000000,0.057271
0.009064000000,0.000000,0.037079
0.009066000000,0.000000,0.131449
0.009068000000,0.000000,-0.012294
0.009070000000,0.000000,0.083367
0.009072000000,0.000000,-0.061402
0.009074000000,0.000000,-0.024750
0.009076000000,0.000000,0.024502
0.009078000000,0.000000,0.016556
0.009080000000,0.000000,-0.016961
0.009082000000,0.000000,0.047332
0.009084000000,0.000000,0.016485
0.009086000000,0.000000,0.011498
0.009088000000,0.000000,-0.013951
0.009090000000,0.000000,0.047129
0.009092000000,0.000000,0.014466
0.009094000000,0.000000,0.048167
0.009096000000,0.000000,0.091967
0.009098000000,0.000000,-0.015152
0.009100000000,0.000000,-0.021861
0.009102000000,0.000000,-0.011134
0.009104000000,0.000000,-0.017753
0.009106000000,0.000000,-0.091504
0.009108000000,0.000000,0.040781
0.009110000000,0.000000,-0.023021
0.009112000000,0.000000,0.027388
0.009114000000,0.000000,0.033865
0.009116000000,0.000000,-0.116668
0.009118000000,0.000000,-0.082637
0.009120000000,0.000000,-0.000944
0.009122000000,0.000000,0.044629
0.009124000000,0.000000,-0.026656
0.009126000000,0.000000,-0.098087
0.009128000000,0.000000,0.034460
0.009130000000,0.000000,-0.004402
0.009132000000,0.000000,0.022371
0.009134000000,0.000000,-0.053199
0.009136000000,0.000000,-0.006280
0.009138000000,0.000000,-0.026825
0.009140000000,0.000000,0.057980
0.009142000000,0.000000,0.006501
0.009144000000,0.000000,0.005742
0.009146000000,0.000000,-0.004792
0.009148000000,0.000000,-0.069862
0.009150000000,0.000000,-0.008883
0.009152000000,0.000000,0.004975
0.009154000000,0.000000,-0.011272
0.009156000000,0.000000,0.019470
0.009158000000,0.000000,0.044178
0.009160000000,0.000000,-0.037569
0.009162000000,0.000000,0.016254
0.009164000000,0.000000,-0.054997
0.009166000000,0.000000,0.058191
0.009168000000,0.000000,0.011598
0.009170000000,0.000000,0.060155
0.009172000000,0.000000,0.009983
0.009174000000,0.000000,0.032396
0.009176000000,0.000000,0.025328
0.009178000000,0.000000,-0.014310
0.009180000000,0.000000,-0.017090
0.009182000000,0.000000,0.004103
0.009184000000,0.000000,0.009333
0.009186000000,0.000000,-0.059927
0.009188000000,0.000000,-0.020063
0.009190000000,0.000000,-0.010212
0.009192000000,0.000000,-0.025275
0.009194000000,0.000000,0.000848
0.009196000000,0.000000,-0.082937
0.009198000000,0.000000,-0.033447
0.009200000000,0.000000,0.054975
0.009202000000,0.000000,-0.066958
0.009204000000,0.000000,-0.033149
0.009206000000,0.000000,-0.120316
0.009208000000,0.000000,0.035402
0.009210000000,0.000000,-0.040528
0.009212000000,0.000000,0.025255
0.009214000000,0.000000,0.047689
0.009216000000,0.000000,-0.048428
0.009218000000,0.000000,-0.008390
0.009220000000,0.000000,-0.031366
0.009222000000,0.000000,0.116714
0.009224000000,0.000000,-0.025840
0.009226000000,0.000000,-0.064867
0.009228000000,0.000000,-0.008323
0.009230000000,0.000000,-0.037357
0.009232000000,0.000000,0.071665
0.009234000000,0.000000,0.090187
0.009236000000,0.000000,0.091360
0.009238000000,0.000000,-0.042994
0.009240000000,0.000000,-0.048780
0.009242000000,0.000000,-0.013480
0.009244000000,0.000000,-0.028465
0.009246000000,0.000000,-0.068391
0.009248000000,0.000000,0.006168
0.009250000000,0.000000,0.073731
0.009252000000,0.000000,0.056400
0.009254000000,0.000000,0.039435
0.009256000000,0.000000,-0.070119
0.009258000000,0.000000,-0.096044
0.009260000000,0.000000,0.018869
0.009262000000,0.000000,0.124086
0.009264000000,0.000000,0.001509
0.009266000000,0.000000,-0.152640
0.009268000000,0.000000,0.094469
0.009270000000,0.000000,0.026007
0.009272000000,0.000000,0.050306
0.009274000000,0.000000,-0.058733
0.009276000000,0.000000,0.094313
0.009278000000,0.000000,0.039505
0.009280000000,0.000000,-0.014005
0.009282000000,0.000000,-0.084672
0.009284000000,0.000000,0.052745
0.009286000000,0.000000,0.020883
0.009288000000,0.000000,0.074807
0.009290000000,0.000000,-0.071625
0.009292000000,0.000000,0.029971
0.009294000000,0.000000,0.005517
0.009296000000,0.000000,-0.057192
0.009298000000,0.000000,0.026616
0.009300000000,0.000000,0.007883
0.009302000000,0.000000,-0.094814
0.009304000000,0.000000,-0.035686
0.009306000000,0.000000,-0.063518
0.009308000000,0.000000,-0.003134
0.009310000000,0.000000,0.040059
0.009312000000,0.000000,-0.019197
0.009314000000,0.000000,-0.076590
0.009316000000,0.000000,0.101053
0.009318000000,0.000000,-0.064250
0.009320000000,0.000000,0.058869
0.009322000000,0.000000,-0.056321
0.009324000000,0.000000,-0.068174
0.009326000000,0.000000,-0.014939
0.009328000000,0.000000,-0.014636
0.009330000000,0.000000,-0.056312
0.009332000000,0.000000,0.045123
0.009334000000,0.000000,-0.086256
0.009336000000,0.000000,-0.017741
0.009338000000,0.000000,0.076530
0.009340000000,0.000000,0.066375
0.009342000000,0.000000,-0.042687
0.009344000000,0.000000,0.027735
0.009346000000,0.000000,-0.042452
0.009348000000,0.000000,-0.010190
0.009350000000,0.000000,0.009812
0.009352000000,0.000000,0.043449
0.009354000000,0.000000,-0.012070
0.009356000000,0.000000,-0.092329
0.009358000000,0.000000,0.060416
0.009360000000,0.000000,0.018745
0.009362000000,0.000000,-0.050980
0.009364000000,0.000000,-0.018527
0.009366000000,0.000000,-0.009377
0.009368000000,0.000000,0.043723
0.009370000000,0.000000,-0.011981
0.009372000000,0.000000,0.042409
0.009374000000,0.000000,-0.086195
0.009376000000,0.000000,0.070745
0.009378000000,0.000000,0.078096
0.009380000000,0.000000,-0.019356
0.009382000000,0.000000,0.018239
0.009384000000,0.000000,-0.110356
0.009386000000,0.000000,0.077526
0.009388000000,0.000000,-0.083967
0.009390000000,0.000000,-0.032322
0.009392000000,0.000000,-0.055361
0.009394000000,0.000000,0.079820
0.009396000000,0.000000,-0.016015
0.009398000000,0.000000,0.082162
0.009400000000,0.000000,-0.034875
0.009402000000,0.000000,0.000668
0.009404000000,0.000000,0.017652
0.009406000000,0.000000,0.000975
0.009408000000,0.000000,-0.059602
0.009410000000,0.000000,0.091162
0.009412000000,0.000000,0.070676
0.009414000000,0.000000,-0.023291
0.009416000000,0.000000,-0.074536
0.009418000000,0.000000,-0.036706
0.009420000000,0.000000,-0.037118
0.009422000000,0.000000,0.075840
0.009424000000,0.000000,-0.005475
0.009426000000,0.000000,0.005773
0.009428000000,0.000000,0.037194
0.009430000000,0.000000,-0.083011
0.009432000000,0.000000,-0.012741
0.009434000000,0.000000,0.108000
0.009436000000,0.000000,-0.006686
0.009438000000,0.000000,0.068709
0.009440000000,0.000000,-0.179152
0.009442000000,0.000000,-0.031872
0.009444000000,0.000000,0.113156
0.009446000000,0.000000,-0.032384
0.009448000000,0.000000,0.083068
0.009450000000,0.000000,0.034042
0.009452000000,0.000000,0.016777
0.009454000000,0.000000,-0.088279
0.009456000000,0.000000,0.080819
0.009458000000,0.000000,0.059688
0.009460000000,0.000000,-0.028794
0.009462000000,0.000000,0.003426
0.009464000000,0.000000,-0.030886
0.009466000000,0.000000,0.016339
0.009468000000,0.000000,-0.035676
0.009470000000,0.000000,0.012622
0.009472000000,0.000000,-0.017196
0.009474000000,0.000000,-0.065315
0.009476000000,0.000000,0.002796
0.009478000000,0.000000,-0.053543
0.009480000000,0.000000,0.008205
0.009482000000,0.000000,0.147959
0.009484000000,0.000000,0.103499
0.009486000000,0.000000,-0.006087
0.009488000000,0.000000,0.011237
0.009490000000,0.000000,-0.037274
0.009492000000,0.000000,0.030406
0.009494000000,0.000000,-0.046815
0.009496000000,0.000000,-0.043207
0.009498000000,0.000000,0.021584
0.009500000000,0.000000,-0.041956
0.009502000000,0.000000,0.043881
0.009504000000,0.000000,0.006743
0.009506000000,0.000000,-0.077154
0.009508000000,0.000000,0.035259
0.009510000000,0.000000,0.021621
0.009512000000,0.000000,-0.131976
0.009514000000,0.000000,0.008662
0.009516000000,0.000000,-0.021340
0.009518000000,0.000000,-0.055541
0.009520000000,0.000000,0.017752
0.009522000000,0.000000,-0.088830
0.009524000000,0.000000,-0.018591
0.009526000000,0.000000,-0.045776
0.009528000000,0.000000,0.015623
0.009530000000,0.000000,0.021289
0.009532000000,0.000000,0.030776
0.009534000000,0.000000,0.022640
0.009536000000,0.000000,-0.019676
0.009538000000,0.000000,-0.048733
0.009540000000,0.000000,0.057613
0.009542000000,0.000000,-0.007310
0.009544000000,0.000000,0.093665
0.009546000000,0.000000,-0.071738
0.009548000000,0.000000,0.079216
0.009550000000,0.000000,0.069135
0.009552000000,0.000000,0.029186
0.009554000000,0.000000,-0.073307
0.009556000000,0.000000,0.034436
0.009558000000,0.000000,0.000857
0.009560000000,0.000000,0.016774
0.009562000000,0.000000,0.079650
0.009564000000,0.000000,-0.020599
0.009566000000,0.000000,0.101274
0.009568000000,0.000000,0.018497
0.009570000000,0.000000,0.042438
0.009572000000,0.000000,-0.042253
0.009574000000,0.000000,0.042633
0.009576000000,0.000000,-0.021814
0.009578000000,0.000000,0.036980
0.009580000000,0.000000,0.032415
0.009582000000,0.000000,0.018457
0.009584000000,0.000000,0.109746
0.009586000000,0.000000,-0.000773
0.009588000000,0.000000,0.008396
0.009590000000,0.000000,-0.057646
0.009592000000,0.000000,-0.014795
0.009594000000,0.000000,0.049042
0.009596000000,0.000000,-0.010702
0.009598000000,0.000000,-0.006215
0.009600000000,0.000000,-0.167090
0.009602000000,0.000000,-0.005291
0.009604000000,0.000000,0.035195
0.009606000000,0.000000,-0.143545
0.009608000000,0.000000,-0.024896
0.009610000000,0.000000,0.031685
0.009612000000,0.000000,0.004329
0.009614000000,0.000000,0.072613
0.009616000000,0.000000,-0.022571
0.009618000000,0.000000,-0.009088
0.009620000000,0.000000,0.017099
0.009622000000,0.000000,0.022081
0.009624000000,0.000000,0.004398
0.009626000000,0.000000,0.067820
0.009628000000,0.000000,-0.013862
0.009630000000,0.000000,-0.127887
0.009632000000,0.000000,0.085445
0.009634000000,0.000000,-0.042770
0.009636000000,0.000000,0.037287
0.009638000000,0.000000,-0.095549
0.009640000000,0.000000,0.022596
0.009642000000,0.000000,-0.080467
0.009644000000,0.000000,-0.049491
0.009646000000,0.000000,0.023887
0.009648000000,0.000000,-0.026944
0.009650000000,0.000000,-0.041137
0.009652000000,0.000000,-0.000779
0.009654000000,0.000000,-0.033973
0.009656000000,0.000000,-0.029709
0.009658000000,0.000000,0.060782
0.009660000000,0.000000,-0.022249
0.009662000000,0.000000,0.018324
0.009664000000,0.000000,0.045413
0.009666000000,0.000000,-0.023404
0.009668000000,0.000000,0.002878
0.009670000000,0.000000,0.068394
0.009672000000,0.000000,0.021478
0.009674000000,0.000000,-0.042453
0.009676000000,0.000000,-0.016372
0.009678000000,0.000000,-0.071554
0.009680000000,0.000000,0.017951
0.009682000000,0.000000,0.030199
0.009684000000,0.000000,-0.019528
0.009686000000,0.000000,-0.042306
0.009688000000,0.000000,-0.014380
0.009690000000,0.000000,-0.029013
0.009692000000,0.000000,-0.062156
0.009694000000,0.000000,0.027023
0.009696000000,0.000000,0.000556
0.009698000000,0.000000,0.038339
0.009700000000,0.000000,0.053741
0.009702000000,0.000000,0.015023
0.009704000000,0.000000,-0.106339
0.009706000000,0.000000,0.042643
0.009708000000,0.000000,-0.025174
0.009710000000,0.000000,-0.032510
0.009712000000,0.000000,0.034853
0.009714000000,0.000000,0.055470
0.009716000000,0.000000,-0.012487
0.009718000000,0.000000,-0.001342
0.009720000000,0.000000,0.012294
0.009722000000,0.000000,-0.071323
0.009724000000,0.000000,-0.040173
0.009726000000,0.000000,0.041251
0.009728000000,0.000000,0.071719
0.009730000000,0.000000,0.038933
0.009732000000,0.000000,0.015838
0.009734000000,0.000000,-0.003020
0.009736000000,0.000000,-0.060422
0.009738000000,0.000000,0.000813
0.009740000000,0.000000,-0.063135
0.009742000000,0.000000,-0.050134
0.009744000000,0.000000,0.038769
0.009746000000,0.000000,0.014605
0.009748000000,0.000000,0.015901
0.009750000000,0.000000,-0.055371
0.009752000000,0.000000,-0.073163
0.009754000000,0.000000,-0.034691
0.009756000000,0.000000,-0.015295
0.009758000000,0.000000,-0.037532
0.009760000000,0.000000,-0.043942
0.009762000000,0.000000,0.042507
0.009764000000,0.000000,0.001309
0.009766000000,0.000000,-0.053784
0.009768000000,0.000000,-0.039848
0.009770000000,0.000000,0.071045
0.009772000000,0.000000,0.001614
0.009774000000,0.000000,0.065203
0.009776000000,0.000000,0.063153
0.009778000000,0.000000,-0.001910
0.009780000000,0.000000,0.037187
0.009782000000,0.000000,0.055609
0.009784000000,0.000000,-0.025440
0.009786000000,0.000000,-0.030200
0.009788000000,0.000000,-0.006747
0.009790000000,0.000000,-0.019945
0.009792000000,0.000000,-0.024251
0.009794000000,0.000000,-0.008754
0.009796000000,0.000000,-0.100131
0.009798000000,0.000000,0.005611
0.009800000000,0.000000,0.000363
0.009802000000,0.000000,-0.007573
0.009804000000,0.000000,-0.041829
0.009806000000,0.000000,0.001294
0.009808000000,0.000000,-0.106794
0.009810000000,0.000000,0.005353
0.009812000000,0.000000,0.070151
0.009814000000,0.000000,0.030284
0.009816000000,0.000000,-0.071928
0.009818000000,0.000000,0.021324
0.009820000000,0.000000,0.011512
0.009822000000,0.000000,-0.029934
0.009824000000,0.000000,0.011001
0.009826000000,0.000000,-0.038713
0.009828000000,0.000000,-0.038038
0.009830000000,0.000000,0.001001
0.009832000000,0.000000,0.000725
0.009834000000,0.000000,0.001639
0.009836000000,0.000000,0.046525
0.009838000000,0.000000,-0.006810
0.009840000000,0.000000,0.086363
0.009842000000,0.000000,0.013660
0.009844000000,0.000000,0.054301
0.009846000000,0.000000,0.016034
0.009848000000,0.000000,0.024893
0.009850000000,0.000000,0.012801
0.009852000000,0.000000,-0.036272
0.009854000000,0.000000,0.000986
0.009856000000,0.000000,0.084337
0.009858000000,0.000000,0.060953
0.009860000000,0.000000,-0.088618
0.009862000000,0.000000,-0.072639
0.009864000000,0.000000,0.007962
0.009866000000,0.000000,-0.037064
0.009868000000,0.000000,0.052498
0.009870000000,0.000000,-0.080744
0.009872000000,0.000000,0.020795
0.009874000000,0.000000,0.026838
0.009876000000,0.000000,-0.054098
0.009878000000,0.000000,-0.004523
0.009880000000,0.000000,-0.016219
0.009882000000,0.000000,0.003515
0.009884000000,0.000000,0.093912
0.009886000000,0.000000,-0.044729
0.009888000000,0.000000,0.017068
0.009890000000,0.000000,0.030039
0.009892000000,0.000000,-0.041277
0.009894000000,0.000000,0.032701
0.009896000000,0.000000,-0.056360
0.009898000000,0.000000,0.029329
0.009900000000,0.000000,0.010204
0.009902000000,0.000000,0.035060
0.009904000000,0.000000,-0.051790
0.009906000000,0.000000,0.044695
0.009908000000,0.000000,-0.053604
0.009910000000,0.000000,0.067913
0.009912000000,0.000000,-0.039603
0.009914000000,0.000000,0.056044
0.009916000000,0.000000,-0.039104
0.009918000000,0.000000,0.017402
0.009920000000,0.000000,0.004097
0.009922000000,0.000000,-0.124864
0.009924000000,0.000000,-0.089903
0.009926000000,0.000000,0.009413
0.009928000000,0.000000,-0.005704
0.009930000000,0.000000,-0.039211
0.009932000000,0.000000,0.113296
0.009934000000,0.000000,-0.031691
0.009936000000,0.000000,0.104311
0.009938000000,0.000000,-0.040329
0.009940000000,0.000000,0.012480
0.009942000000,0.000000,0.051593
0.009944000000,0.000000,0.027912
0.009946000000,0.000000,-0.039728
0.009948000000,0.000000,0.004628
0.009950000000,0.000000,0.027304
0.009952000000,0.000000,0.023956
0.009954000000,0.000000,0.029112
0.009956000000,0.000000,0.035604
0.009958000000,0.000000,-0.032023
0.009960000000,0.000000,0.012732
0.009962000000,0.000000,0.024062
0.009964000000,0.000000,-0.087839
0.009966000000,0.000000,-0.043883
0.009968000000,0.000000,-0.014707
0.009970000000,0.000000,0.023469
0.009972000000,0.000000,-0.041966
0.009974000000,0.000000,-0.006688
0.009976000000,0.000000,0.036716
0.009978000000,0.000000,-0.106907
0.009980000000,0.000000,-0.044526
0.009982000000,0.000000,-0.026944
0.009984000000,0.000000,-0.012718
0.009986000000,0.000000,-0.028923
0.009988000000,0.000000,0.062896
0.009990000000,0.000000,-0.011409
0.009992000000,0.000000,-0.000567
0.009994000000,0.000000,-0.006940
0.009996000000,0.000000,-0.084540
0.009998000000,0.000000,-0.042985
