time_s,tx,rx
0.000000000000,0.000000,-0.019565
0.000002000000,0.000000,-0.014616
0.000004000000,0.000000,-0.011665
0.000006000000,0.000000,-0.013421
0.000008000000,0.000000,0.006037
0.000010000000,0.000000,0.006003
0.000012000000,0.000000,-0.002695
0.000014000000,0.000000,0.000332
0.000016000000,0.000000,0.056039
0.000018000000,0.000000,-0.009732
0.000020000000,0.000000,0.009819
0.000022000000,0.000000,0.010356
0.000024000000,0.000000,-0.013686
0.000026000000,0.000000,-0.028029
0.000028000000,0.000000,0.008577
0.000030000000,0.000000,-0.025906
0.000032000000,0.000000,-0.010985
0.000034000000,0.000000,-0.008895
0.000036000000,0.000000,0.014425
0.000038000000,0.000000,0.054364
0.000040000000,0.000000,-0.007202
0.000042000000,0.000000,0.006598
0.000044000000,0.000000,0.014950
0.000046000000,0.000000,0.023777
0.000048000000,0.000000,0.019812
0.000050000000,0.000000,-0.034855
0.000052000000,0.000000,-0.028451
0.000054000000,0.000000,-0.037965
0.000056000000,0.000000,0.019157
0.000058000000,0.000000,-0.010289
0.000060000000,0.000000,-0.039072
0.000062000000,0.000000,-0.010916
0.000064000000,0.000000,-0.018784
0.000066000000,0.000000,0.026410
0.000068000000,0.000000,0.014046
0.000070000000,0.000000,-0.009946
0.000072000000,0.000000,0.000175
0.000074000000,0.000000,-0.009285
0.000076000000,0.000000,-0.037972
0.000078000000,0.000000,-0.004136
0.000080000000,0.000000,-0.026391
0.000082000000,0.000000,-0.044678
0.000084000000,0.000000,0.000624
0.000086000000,0.000000,-0.003025
0.000088000000,0.000000,0.023725
0.000090000000,0.000000,-0.013834
0.000092000000,0.000000,-0.006319
0.000094000000,0.000000,0.015967
0.000096000000,0.000000,0.044894
0.000098000000,0.000000,0.006071
0.000100000000,0.000000,0.007165
0.000102000000,0.000000,-0.024871
0.000104000000,0.000000,-0.039213
0.000106000000,0.000000,-0.020646
0.000108000000,0.000000,-0.007321
0.000110000000,0.000000,0.008979
0.000112000000,0.000000,0.058420
0.000114000000,0.000000,0.003267
0.000116000000,0.000000,-0.012228
0.000118000000,0.000000,0.019769
0.000120000000,0.000000,-0.009752
0.000122000000,0.000000,-0.017797
0.000124000000,0.000000,0.000214
0.000126000000,0.000000,-0.014840
0.000128000000,0.000000,0.010610
0.000130000000,0.000000,-0.006084
0.000132000000,0.000000,0.009282
0.000134000000,0.000000,-0.016190
0.000136000000,0.000000,-0.009807
0.000138000000,0.000000,-0.000729
0.000140000000,0.000000,0.005035
0.000142000000,0.000000,-0.000527
0.000144000000,0.000000,0.007565
0.000146000000,0.000000,-0.000878
0.000148000000,0.000000,-0.007465
0.000150000000,0.000000,-0.022161
0.000152000000,0.000000,-0.010993
0.000154000000,0.000000,0.009502
0.000156000000,0.000000,0.015938
0.000158000000,0.000000,-0.008681
0.000160000000,0.000000,-0.002864
0.000162000000,0.000000,0.039556
0.000164000000,0.000000,0.017628
0.000166000000,0.000000,-0.004869
0.000168000000,0.000000,0.024192
0.000170000000,0.000000,-0.020407
0.000172000000,0.000000,0.006439
0.000174000000,0.000000,0.027495
0.000176000000,0.000000,0.018311
0.000178000000,0.000000,-0.006434
0.000180000000,0.000000,0.041954
0.000182000000,0.000000,0.043836
0.000184000000,0.000000,0.012285
0.000186000000,0.000000,0.014379
0.000188000000,0.000000,-0.010654
0.000190000000,0.000000,0.001872
0.000192000000,0.000000,-0.025600
0.000194000000,0.000000,0.003029
0.000196000000,0.000000,-0.014805
0.000198000000,0.000000,0.018625
0.000200000000,0.000000,-0.018353
0.000202000000,0.000000,0.002687
0.000204000000,0.000000,-0.015568
0.000206000000,0.000000,0.011679
0.000208000000,0.000000,0.016294
0.000210000000,0.000000,-0.015039
0.000212000000,0.000000,-0.026994
0.000214000000,0.000000,0.034240
0.000216000000,0.000000,0.001661
0.000218000000,0.000000,-0.011563
0.000220000000,0.000000,0.031177
0.000222000000,0.000000,-0.031419
0.000224000000,0.000000,0.017843
0.000226000000,0.000000,-0.043697
0.000228000000,0.000000,0.000771
0.000230000000,0.000000,0.007934
0.000232000000,0.000000,-0.008314
0.000234000000,0.000000,-0.013007
0.000236000000,0.000000,-0.008539
0.000238000000,0.000000,0.004113
0.000240000000,0.000000,0.002832
0.000242000000,0.000000,0.020263
0.000244000000,0.000000,-0.008440
0.000246000000,0.000000,-0.005078
0.000248000000,0.000000,0.003184
0.000250000000,0.000000,0.018854
0.000252000000,0.000000,0.033160
0.000254000000,0.000000,0.020437
0.000256000000,0.000000,0.004572
0.000258000000,0.000000,-0.003455
0.000260000000,0.000000,0.008332
0.000262000000,0.000000,0.015330
0.000264000000,0.000000,-0.011587
0.000266000000,0.000000,0.011031
0.000268000000,0.000000,-0.047003
0.000270000000,0.000000,-0.012665
0.000272000000,0.000000,0.002197
0.000274000000,0.000000,-0.001179
0.000276000000,0.000000,-0.019937
0.000278000000,0.000000,-0.014621
0.000280000000,0.000000,-0.009469
0.000282000000,0.000000,-0.010852
0.000284000000,0.000000,0.012025
0.000286000000,0.000000,0.047518
0.000288000000,0.000000,-0.002687
0.000290000000,0.000000,0.027861
0.000292000000,0.000000,0.017655
0.000294000000,0.000000,0.011460
0.000296000000,0.000000,-0.011419
0.000298000000,0.000000,0.007160
0.000300000000,0.000000,-0.000639
0.000302000000,0.000000,-0.012385
0.000304000000,0.000000,0.026360
0.000306000000,0.000000,-0.003045
0.000308000000,0.000000,-0.024342
0.000310000000,0.000000,0.031714
0.000312000000,0.000000,-0.034049
0.000314000000,0.000000,-0.005045
0.000316000000,0.000000,0.009607
0.000318000000,0.000000,0.014903
0.000320000000,0.000000,-0.014991
0.000322000000,0.000000,-0.006174
0.000324000000,0.000000,-0.012780
0.000326000000,0.000000,-0.046122
0.000328000000,0.000000,-0.007972
0.000330000000,0.000000,0.005763
0.000332000000,0.000000,0.020529
0.000334000000,0.000000,0.013933
0.000336000000,0.000000,-0.017927
0.000338000000,0.000000,0.009057
0.000340000000,0.000000,0.004429
0.000342000000,0.000000,0.012808
0.000344000000,0.000000,-0.019085
0.000346000000,0.000000,-0.013564
0.000348000000,0.000000,-0.023071
0.000350000000,0.000000,-0.013537
0.000352000000,0.000000,0.000053
0.000354000000,0.000000,-0.028721
0.000356000000,0.000000,-0.021452
0.000358000000,0.000000,-0.017047
0.000360000000,0.000000,-0.009217
0.000362000000,0.000000,-0.002896
0.000364000000,0.000000,0.001266
0.000366000000,0.000000,-0.010036
0.000368000000,0.000000,0.040841
0.000370000000,0.000000,-0.001692
0.000372000000,0.000000,0.025792
0.000374000000,0.000000,0.027611
0.000376000000,0.000000,0.022751
0.000378000000,0.000000,-0.017355
0.000380000000,0.000000,0.001036
0.000382000000,0.000000,-0.022352
0.000384000000,0.000000,0.042935
0.000386000000,0.000000,-0.008583
0.000388000000,0.000000,-0.037969
0.000390000000,0.000000,0.009906
0.000392000000,0.000000,0.015820
0.000394000000,0.000000,-0.019077
0.000396000000,0.000000,-0.030018
0.000398000000,0.000000,-0.011315
0.000400000000,0.000000,-0.001334
0.000402000000,0.000000,-0.039703
0.000404000000,0.000000,0.014388
0.000406000000,0.000000,-0.028252
0.000408000000,0.000000,-0.000177
0.000410000000,0.000000,-0.024252
0.000412000000,0.000000,0.010524
0.000414000000,0.000000,-0.010141
0.000416000000,0.000000,-0.000007
0.000418000000,0.000000,-0.003829
0.000420000000,0.000000,-0.014155
0.000422000000,0.000000,-0.052058
0.000424000000,0.000000,0.022975
0.000426000000,0.000000,0.004804
0.000428000000,0.000000,0.008802
0.000430000000,0.000000,-0.015477
0.000432000000,0.000000,-0.002821
0.000434000000,0.000000,-0.019988
0.000436000000,0.000000,0.003843
0.000438000000,0.000000,-0.001118
0.000440000000,0.000000,-0.010442
0.000442000000,0.000000,-0.024995
0.000444000000,0.000000,0.025446
0.000446000000,0.000000,0.018693
0.000448000000,0.000000,0.012896
0.000450000000,0.000000,0.012742
0.000452000000,0.000000,0.001095
0.000454000000,0.000000,-0.019623
0.000456000000,0.000000,-0.057526
0.000458000000,0.000000,0.012857
0.000460000000,0.000000,-0.025653
0.000462000000,0.000000,-0.015771
0.000464000000,0.000000,-0.030342
0.000466000000,0.000000,-0.012746
0.000468000000,0.000000,0.000733
0.000470000000,0.000000,0.004432
0.000472000000,0.000000,0.037270
0.000474000000,0.000000,0.032739
0.000476000000,0.000000,-0.015867
0.000478000000,0.000000,0.038069
0.000480000000,0.000000,-0.007430
0.000482000000,0.000000,-0.027910
0.000484000000,0.000000,-0.009344
0.000486000000,0.000000,-0.011145
0.000488000000,0.000000,-0.036330
0.000490000000,0.000000,-0.016503
0.000492000000,0.000000,0.013198
0.000494000000,0.000000,-0.019908
0.000496000000,0.000000,-0.019367
0.000498000000,0.000000,0.032976
0.000500000000,0.000000,0.011659
0.000502000000,0.000000,-0.016476
0.000504000000,0.000000,0.001145
0.000506000000,0.000000,-0.021257
0.000508000000,0.000000,0.010959
0.000510000000,0.000000,-0.036945
0.000512000000,0.000000,0.021348
0.000514000000,0.000000,0.006902
0.000516000000,0.000000,-0.019576
0.000518000000,0.000000,0.007752
0.000520000000,0.000000,0.000918
0.000522000000,0.000000,0.021964
0.000524000000,0.000000,0.043782
0.000526000000,0.000000,0.012593
0.000528000000,0.000000,0.016102
0.000530000000,0.000000,0.005861
0.000532000000,0.000000,-0.016097
0.000534000000,0.000000,0.029386
0.000536000000,0.000000,-0.029405
0.000538000000,0.000000,-0.019581
0.000540000000,0.000000,0.023648
0.000542000000,0.000000,-0.018286
0.000544000000,0.000000,0.013424
0.000546000000,0.000000,-0.024073
0.000548000000,0.000000,0.001117
0.000550000000,0.000000,-0.008871
0.000552000000,0.000000,0.016788
0.000554000000,0.000000,-0.027989
0.000556000000,0.000000,0.021953
0.000558000000,0.000000,0.016229
0.000560000000,0.000000,0.036135
0.000562000000,0.000000,0.012933
0.000564000000,0.000000,-0.012789
0.000566000000,0.000000,0.037668
0.000568000000,0.000000,0.019086
0.000570000000,0.000000,0.006555
0.000572000000,0.000000,0.009597
0.000574000000,0.000000,-0.002497
0.000576000000,0.000000,0.008575
0.000578000000,0.000000,-0.010039
0.000580000000,0.000000,0.003030
0.000582000000,0.000000,0.010103
0.000584000000,0.000000,-0.016446
0.000586000000,0.000000,0.000621
0.000588000000,0.000000,-0.011334
0.000590000000,0.000000,-0.018824
0.000592000000,0.000000,0.021544
0.000594000000,0.000000,0.001744
0.000596000000,0.000000,0.000535
0.000598000000,0.000000,0.030694
0.000600000000,0.000000,0.010096
0.000602000000,0.000000,-0.000042
0.000604000000,0.000000,-0.010182
0.000606000000,0.000000,0.006794
0.000608000000,0.000000,0.014467
0.000610000000,0.000000,0.023946
0.000612000000,0.000000,-0.013148
0.000614000000,0.000000,0.014893
0.000616000000,0.000000,0.007799
0.000618000000,0.000000,-0.018533
0.000620000000,0.000000,0.028645
0.000622000000,0.000000,-0.012020
0.000624000000,0.000000,-0.012929
0.000626000000,0.000000,0.019543
0.000628000000,0.000000,-0.026693
0.000630000000,0.000000,-0.041186
0.000632000000,0.000000,-0.020549
0.000634000000,0.000000,-0.002865
0.000636000000,0.000000,-0.003161
0.000638000000,0.000000,0.010749
0.000640000000,0.000000,0.010316
0.000642000000,0.000000,0.033401
0.000644000000,0.000000,-0.009948
0.000646000000,0.000000,0.036837
0.000648000000,0.000000,-0.013061
0.000650000000,0.000000,-0.014980
0.000652000000,0.000000,0.004336
0.000654000000,0.000000,0.015024
0.000656000000,0.000000,0.017650
0.000658000000,0.000000,0.000921
0.000660000000,0.000000,0.016596
0.000662000000,0.000000,-0.017653
0.000664000000,0.000000,0.005773
0.000666000000,0.000000,-0.018849
0.000668000000,0.000000,0.034019
0.000670000000,0.000000,-0.010095
0.000672000000,0.000000,0.010371
0.000674000000,0.000000,0.003040
0.000676000000,0.000000,0.005014
0.000678000000,0.000000,0.000922
0.000680000000,0.000000,-0.019414
0.000682000000,0.000000,-0.031092
0.000684000000,0.000000,0.001019
0.000686000000,0.000000,-0.005831
0.000688000000,0.000000,-0.008412
0.000690000000,0.000000,-0.014180
0.000692000000,0.000000,0.006472
0.000694000000,0.000000,-0.002525
0.000696000000,0.000000,-0.001503
0.000698000000,0.000000,0.011994
0.000700000000,0.000000,-0.044377
0.000702000000,0.000000,-0.035243
0.000704000000,0.000000,0.019098
0.000706000000,0.000000,-0.005032
0.000708000000,0.000000,-0.019617
0.000710000000,0.000000,0.014426
0.000712000000,0.000000,0.029434
0.000714000000,0.000000,0.019454
0.000716000000,0.000000,0.014514
0.000718000000,0.000000,0.021427
0.000720000000,0.000000,0.013462
0.000722000000,0.000000,-0.013812
0.000724000000,0.000000,-0.021309
0.000726000000,0.000000,-0.014174
0.000728000000,0.000000,-0.000790
0.000730000000,0.000000,-0.022537
0.000732000000,0.000000,-0.033026
0.000734000000,0.000000,-0.012810
0.000736000000,0.000000,0.023597
0.000738000000,0.000000,-0.004475
0.000740000000,0.000000,0.025267
0.000742000000,0.000000,-0.025124
0.000744000000,0.000000,0.009718
0.000746000000,0.000000,-0.022661
0.000748000000,0.000000,0.001520
0.000750000000,0.000000,0.014529
0.000752000000,0.000000,-0.008358
0.000754000000,0.000000,-0.005383
0.000756000000,0.000000,-0.018821
0.000758000000,0.000000,0.010385
0.000760000000,0.000000,-0.007553
0.000762000000,0.000000,-0.025727
0.000764000000,0.000000,-0.036688
0.000766000000,0.000000,0.020000
0.000768000000,0.000000,-0.022687
0.000770000000,0.000000,0.043116
0.000772000000,0.000000,0.016424
0.000774000000,0.000000,0.000992
0.000776000000,0.000000,-0.006906
0.000778000000,0.000000,0.019609
0.000780000000,0.000000,-0.033330
0.000782000000,0.000000,-0.017787
0.000784000000,0.000000,0.028174
0.000786000000,0.000000,-0.018910
0.000788000000,0.000000,0.022220
0.000790000000,0.000000,-0.008469
0.000792000000,0.000000,0.009548
0.000794000000,0.000000,0.012367
0.000796000000,0.000000,-0.006643
0.000798000000,0.000000,-0.007930
0.000800000000,0.000000,0.023127
0.000802000000,0.000000,0.008893
0.000804000000,0.000000,0.013961
0.000806000000,0.000000,-0.001043
0.000808000000,0.000000,-0.019443
0.000810000000,0.000000,-0.006805
0.000812000000,0.000000,0.004022
0.000814000000,0.000000,-0.003683
0.000816000000,0.000000,-0.009117
0.000818000000,0.000000,0.005011
0.000820000000,0.000000,-0.010369
0.000822000000,0.000000,-0.015394
0.000824000000,0.000000,0.042965
0.000826000000,0.000000,-0.005149
0.000828000000,0.000000,0.009013
0.000830000000,0.000000,0.022576
0.000832000000,0.000000,0.009757
0.000834000000,0.000000,0.014036
0.000836000000,0.000000,0.011905
0.000838000000,0.000000,0.009380
0.000840000000,0.000000,-0.012981
0.000842000000,0.000000,-0.018555
0.000844000000,0.000000,0.016324
0.000846000000,0.000000,-0.009428
0.000848000000,0.000000,0.001455
0.000850000000,0.000000,0.033510
0.000852000000,0.000000,-0.014061
0.000854000000,0.000000,0.012742
0.000856000000,0.000000,-0.011062
0.000858000000,0.000000,0.024430
0.000860000000,0.000000,0.011996
0.000862000000,0.000000,-0.007243
0.000864000000,0.000000,-0.011273
0.000866000000,0.000000,0.037566
0.000868000000,0.000000,0.010523
0.000870000000,0.000000,0.002144
0.000872000000,0.000000,-0.016270
0.000874000000,0.000000,0.004996
0.000876000000,0.000000,0.029822
0.000878000000,0.000000,0.009837
0.000880000000,0.000000,-0.000166
0.000882000000,0.000000,-0.024573
0.000884000000,0.000000,-0.015479
0.000886000000,0.000000,-0.031555
0.000888000000,0.000000,-0.040819
0.000890000000,0.000000,0.033251
0.000892000000,0.000000,-0.039117
0.000894000000,0.000000,0.005391
0.000896000000,0.000000,-0.001813
0.000898000000,0.000000,-0.016436
0.000900000000,0.000000,0.014927
0.000902000000,0.000000,0.012944
0.000904000000,0.000000,-0.014300
0.000906000000,0.000000,-0.009946
0.000908000000,0.000000,-0.000252
0.000910000000,0.000000,-0.019155
0.000912000000,0.000000,0.000246
0.000914000000,0.000000,0.002588
0.000916000000,0.000000,-0.029220
0.000918000000,0.000000,0.003824
0.000920000000,0.000000,0.037977
0.000922000000,0.000000,-0.004495
0.000924000000,0.000000,-0.019559
0.000926000000,0.000000,0.018750
0.000928000000,0.000000,-0.002435
0.000930000000,0.000000,-0.000150
0.000932000000,0.000000,-0.002626
0.000934000000,0.000000,0.000451
0.000936000000,0.000000,-0.018940
0.000938000000,0.000000,-0.002594
0.000940000000,0.000000,0.022156
0.000942000000,0.000000,0.008033
0.000944000000,0.000000,0.024970
0.000946000000,0.000000,-0.014123
0.000948000000,0.000000,-0.032832
0.000950000000,0.000000,0.001526
0.000952000000,0.000000,-0.012387
0.000954000000,0.000000,0.003962
0.000956000000,0.000000,0.003953
0.000958000000,0.000000,0.000236
0.000960000000,0.000000,-0.014185
0.000962000000,0.000000,0.014063
0.000964000000,0.000000,0.012338
0.000966000000,0.000000,-0.028076
0.000968000000,0.000000,0.014601
0.000970000000,0.000000,0.000977
0.000972000000,0.000000,0.026907
0.000974000000,0.000000,-0.039894
0.000976000000,0.000000,-0.002848
0.000978000000,0.000000,0.007833
0.000980000000,0.000000,0.005916
0.000982000000,0.000000,0.022169
0.000984000000,0.000000,0.013326
0.000986000000,0.000000,-0.041510
0.000988000000,0.000000,-0.014156
0.000990000000,0.000000,0.001242
0.000992000000,0.000000,0.009394
0.000994000000,0.000000,-0.019733
0.000996000000,0.000000,-0.024505
0.000998000000,0.000000,-0.008824
0.001000000000,0.000000,0.018600
0.001002000000,0.000309,-0.009374
0.001004000000,0.002166,-0.010628
0.001006000000,0.005754,0.002334
0.001008000000,0.009261,0.007295
0.001010000000,0.009382,0.030210
0.001012000000,0.002874,0.002981
0.001014000000,-0.011457,-0.001620
0.001016000000,-0.031222,-0.018830
0.001018000000,-0.050193,-0.009218
0.001020000000,-0.059752,0.014223
0.001022000000,-0.051805,-0.011839
0.001024000000,-0.022287,-0.017740
0.001026000000,0.026016,0.007359
0.001028000000,0.082571,0.002949
0.001030000000,0.130869,-0.020893
0.001032000000,0.152762,-0.019589
0.001034000000,0.134311,0.001134
0.001036000000,0.071397,0.054881
0.001038000000,-0.026867,0.015839
0.001040000000,-0.138434,-0.025601
0.001042000000,-0.232856,0.013191
0.001044000000,-0.279251,0.021457
0.001046000000,-0.255681,-0.017209
0.001048000000,-0.157219,-0.013171
0.001050000000,0.000000,-0.011571
0.001052000000,0.180500,0.026188
0.001054000000,0.337183,-0.036901
0.001056000000,0.423449,-0.008329
0.001058000000,0.406644,-0.008274
0.001060000000,0.279007,-0.017665
0.001062000000,0.062667,0.000957
0.001064000000,-0.193385,-0.012945
0.001066000000,-0.424232,-0.017631
0.001068000000,-0.565516,0.020071
0.001070000000,-0.571251,0.003825
0.001072000000,-0.428065,-0.026345
0.001074000000,-0.161569,-0.006086
0.001076000000,0.167531,0.006031
0.001078000000,0.477251,-0.007645
0.001080000000,0.684948,0.023814
0.001082000000,0.729497,-0.006061
0.001084000000,0.589044,0.003769
0.001086000000,0.289211,-0.008483
0.001088000000,-0.101025,-0.013246
0.001090000000,-0.485326,0.035153
0.001092000000,-0.764111,0.005133
0.001094000000,-0.860695,0.036430
0.001096000000,-0.742484,-0.007926
0.001098000000,-0.431356,-0.027321
0.001100000000,0.000000,0.022341
0.001102000000,0.445296,0.005830
0.001104000000,0.791282,0.008138
0.001106000000,0.947030,-0.015903
0.001108000000,0.868162,0.019355
0.001110000000,0.569491,0.023766
0.001112000000,0.122459,0.026503
0.001114000000,-0.362249,0.006902
0.001116000000,-0.762627,0.014379
0.001118000000,-0.976624,-0.024117
0.001120000000,-0.948617,-0.016903
0.001122000000,-0.684108,-0.006674
0.001124000000,-0.248690,-0.003337
0.001126000000,0.248530,-0.026497
0.001128000000,0.682791,-0.036513
0.001130000000,0.945573,-0.004095
0.001132000000,0.972234,-0.026608
0.001134000000,0.758215,-0.021908
0.001136000000,0.359683,0.030348
0.001138000000,-0.121432,-0.008965
0.001140000000,-0.563968,-0.005629
0.001142000000,-0.858592,0.004860
0.001144000000,-0.935324,0.016269
0.001146000000,-0.780431,-0.011787
0.001148000000,-0.438580,-0.050149
0.001150000000,-0.000000,0.003627
0.001152000000,0.423644,-0.002462
0.001154000000,0.728145,0.025212
0.001156000000,0.842817,-0.013953
0.001158000000,0.747103,0.027409
0.001160000000,0.473786,0.023713
0.001162000000,0.098466,-0.009916
0.001164000000,-0.281425,-0.028486
0.001166000000,-0.572222,-0.011897
0.001168000000,-0.707440,0.038665
0.001170000000,-0.663056,-0.015028
0.001172000000,-0.461147,-0.026411
0.001174000000,-0.161569,0.007481
0.001176000000,0.155512,0.023665
0.001178000000,0.411173,-0.001847
0.001180000000,0.547536,0.009906
0.001182000000,0.540832,-0.006374
0.001184000000,0.404770,0.009186
0.001186000000,0.184062,-0.018935
0.001188000000,-0.059493,-0.000996
0.001190000000,-0.264160,0.016399
0.001192000000,-0.383906,-0.004265
0.001194000000,-0.398563,-0.025756
0.001196000000,-0.316347,0.040885
0.001198000000,-0.168767,0.035781
0.001200000000,0.000000,-0.030752
0.001202000000,0.145886,-0.029774
0.001204000000,0.236245,0.001185
0.001206000000,0.256841,-0.011405
0.001208000000,0.213103,0.041799
0.001210000000,0.126001,-0.033872
0.001212000000,0.024308,-0.012723
0.001214000000,-0.064169,-0.021192
0.001216000000,-0.119828,0.005876
0.001218000000,-0.135166,0.003686
0.001220000000,-0.114717,-0.023326
0.001222000000,-0.071612,-0.008226
0.001224000000,-0.022287,0.003703
0.001226000000,0.018820,-0.014768
0.001228000000,0.043008,-0.001755
0.001230000000,0.048597,-0.017013
0.001232000000,0.039803,0.024183
0.001234000000,0.023981,-0.005468
0.001236000000,0.008441,-0.019105
0.001238000000,-0.002000,0.017041
0.001240000000,-0.006016,0.005392
0.001242000000,-0.005217,0.039369
0.001244000000,-0.002560,-0.034764
0.001246000000,-0.000542,-0.003606
0.001248000000,-0.000000,-0.007364
0.001250000000,0.000000,-0.040330
0.001252000000,0.000000,-0.011810
0.001254000000,0.000000,-0.026670
0.001256000000,0.000000,-0.010962
0.001258000000,0.000000,0.031368
0.001260000000,0.000000,0.013692
0.001262000000,0.000000,-0.012394
0.001264000000,0.000000,0.031008
0.001266000000,0.000000,-0.020759
0.001268000000,0.000000,0.006922
0.001270000000,0.000000,0.015130
0.001272000000,0.000000,-0.020336
0.001274000000,0.000000,0.009765
0.001276000000,0.000000,-0.008198
0.001278000000,0.000000,-0.013394
0.001280000000,0.000000,0.006966
0.001282000000,0.000000,0.010595
0.001284000000,0.000000,-0.029092
0.001286000000,0.000000,0.015354
0.001288000000,0.000000,0.018535
0.001290000000,0.000000,-0.004554
0.001292000000,0.000000,-0.006078
0.001294000000,0.000000,-0.025416
0.001296000000,0.000000,-0.002029
0.001298000000,0.000000,-0.024708
0.001300000000,0.000000,-0.001379
0.001302000000,0.000000,0.008932
0.001304000000,0.000000,0.037891
0.001306000000,0.000000,0.005064
0.001308000000,0.000000,-0.019500
0.001310000000,0.000000,-0.023822
0.001312000000,0.000000,0.020554
0.001314000000,0.000000,0.006470
0.001316000000,0.000000,0.012613
0.001318000000,0.000000,-0.011931
0.001320000000,0.000000,-0.006050
0.001322000000,0.000000,-0.005142
0.001324000000,0.000000,-0.002915
0.001326000000,0.000000,0.029881
0.001328000000,0.000000,0.048378
0.001330000000,0.000000,-0.015626
0.001332000000,0.000000,0.006101
0.001334000000,0.000000,0.022977
0.001336000000,0.000000,-0.003078
0.001338000000,0.000000,0.006593
0.001340000000,0.000000,0.008105
0.001342000000,0.000000,-0.041150
0.001344000000,0.000000,0.039072
0.001346000000,0.000000,-0.028973
0.001348000000,0.000000,-0.014041
0.001350000000,0.000000,-0.010200
0.001352000000,0.000000,0.016976
0.001354000000,0.000000,0.017319
0.001356000000,0.000000,-0.002339
0.001358000000,0.000000,0.008275
0.001360000000,0.000000,-0.032422
0.001362000000,0.000000,0.035700
0.001364000000,0.000000,-0.011229
0.001366000000,0.000000,-0.004103
0.001368000000,0.000000,-0.005710
0.001370000000,0.000000,0.012127
0.001372000000,0.000000,0.010136
0.001374000000,0.000000,-0.057658
0.001376000000,0.000000,-0.023188
0.001378000000,0.000000,-0.006896
0.001380000000,0.000000,-0.042670
0.001382000000,0.000000,-0.006980
0.001384000000,0.000000,0.021186
0.001386000000,0.000000,-0.001441
0.001388000000,0.000000,-0.036027
0.001390000000,0.000000,0.012051
0.001392000000,0.000000,0.023457
0.001394000000,0.000000,-0.009312
0.001396000000,0.000000,0.011809
0.001398000000,0.000000,-0.026594
0.001400000000,0.000000,-0.020046
0.001402000000,0.000000,0.006589
0.001404000000,0.000000,0.008444
0.001406000000,0.000000,-0.032260
0.001408000000,0.000000,0.000150
0.001410000000,0.000000,-0.009711
0.001412000000,0.000000,0.010966
0.001414000000,0.000000,0.018106
0.001416000000,0.000000,0.002525
0.001418000000,0.000000,-0.027887
0.001420000000,0.000000,-0.058906
0.001422000000,0.000000,0.026887
0.001424000000,0.000000,0.016079
0.001426000000,0.000000,-0.001744
0.001428000000,0.000000,0.014423
0.001430000000,0.000000,0.008656
0.001432000000,0.000000,-0.021338
0.001434000000,0.000000,0.008596
0.001436000000,0.000000,0.028885
0.001438000000,0.000000,0.044729
0.001440000000,0.000000,-0.002536
0.001442000000,0.000000,-0.004406
0.001444000000,0.000000,0.010793
0.001446000000,0.000000,-0.030006
0.001448000000,0.000000,-0.017296
0.001450000000,0.000000,-0.007341
0.001452000000,0.000000,0.048066
0.001454000000,0.000000,0.009476
0.001456000000,0.000000,0.036965
0.001458000000,0.000000,-0.008600
0.001460000000,0.000000,-0.003580
0.001462000000,0.000000,-0.033193
0.001464000000,0.000000,0.000367
0.001466000000,0.000000,0.025843
0.001468000000,0.000000,0.014298
0.001470000000,0.000000,0.027687
0.001472000000,0.000000,0.026454
0.001474000000,0.000000,0.033011
0.001476000000,0.000000,-0.032612
0.001478000000,0.000000,-0.008869
0.001480000000,0.000000,0.001187
0.001482000000,0.000000,-0.013079
0.001484000000,0.000000,0.018259
0.001486000000,0.000000,-0.016873
0.001488000000,0.000000,-0.001440
0.001490000000,0.000000,-0.008945
0.001492000000,0.000000,0.032837
0.001494000000,0.000000,-0.025447
0.001496000000,0.000000,-0.005673
0.001498000000,0.000000,0.044360
0.001500000000,0.000000,0.044301
0.001502000000,0.000000,-0.010824
0.001504000000,0.000000,-0.002128
0.001506000000,0.000000,0.032862
0.001508000000,0.000000,-0.026985
0.001510000000,0.000000,-0.012404
0.001512000000,0.000000,-0.020299
0.001514000000,0.000000,-0.013519
0.001516000000,0.000000,0.028636
0.001518000000,0.000000,0.004154
0.001520000000,0.000000,-0.007447
0.001522000000,0.000000,0.045367
0.001524000000,0.000000,-0.012141
0.001526000000,0.000000,-0.015998
0.001528000000,0.000000,-0.053036
0.001530000000,0.000000,-0.011965
0.001532000000,0.000000,-0.010009
0.001534000000,0.000000,-0.007056
0.001536000000,0.000000,-0.003245
0.001538000000,0.000000,0.012813
0.001540000000,0.000000,0.010610
0.001542000000,0.000000,-0.028825
0.001544000000,0.000000,-0.017558
0.001546000000,0.000000,-0.012377
0.001548000000,0.000000,0.011164
0.001550000000,0.000000,-0.004301
0.001552000000,0.000000,0.008538
0.001554000000,0.000000,0.014501
0.001556000000,0.000000,-0.023485
0.001558000000,0.000000,0.028839
0.001560000000,0.000000,-0.015991
0.001562000000,0.000000,0.000185
0.001564000000,0.000000,0.000722
0.001566000000,0.000000,-0.020614
0.001568000000,0.000000,-0.002002
0.001570000000,0.000000,-0.019374
0.001572000000,0.000000,-0.022817
0.001574000000,0.000000,0.015945
0.001576000000,0.000000,0.025361
0.001578000000,0.000000,-0.017451
0.001580000000,0.000000,-0.012444
0.001582000000,0.000000,0.021338
0.001584000000,0.000000,-0.034414
0.001586000000,0.000000,-0.000703
0.001588000000,0.000000,0.018433
0.001590000000,0.000000,0.032158
0.001592000000,0.000000,-0.028938
0.001594000000,0.000000,-0.017650
0.001596000000,0.000000,0.011269
0.001598000000,0.000000,-0.000853
0.001600000000,0.000000,-0.012191
0.001602000000,0.000000,0.054328
0.001604000000,0.000000,0.025460
0.001606000000,0.000000,-0.006672
0.001608000000,0.000000,0.014772
0.001610000000,0.000000,-0.017630
0.001612000000,0.000000,0.015579
0.001614000000,0.000000,0.010335
0.001616000000,0.000000,-0.029580
0.001618000000,0.000000,-0.007654
0.001620000000,0.000000,0.001419
0.001622000000,0.000000,0.033928
0.001624000000,0.000000,0.014580
0.001626000000,0.000000,-0.013715
0.001628000000,0.000000,-0.004816
0.001630000000,0.000000,0.013301
0.001632000000,0.000000,0.025887
0.001634000000,0.000000,0.021481
0.001636000000,0.000000,0.010389
0.001638000000,0.000000,-0.026273
0.001640000000,0.000000,-0.017048
0.001642000000,0.000000,-0.009282
0.001644000000,0.000000,-0.004143
0.001646000000,0.000000,-0.001295
0.001648000000,0.000000,-0.023525
0.001650000000,0.000000,0.015774
0.001652000000,0.000000,0.032892
0.001654000000,0.000000,0.017585
0.001656000000,0.000000,0.019107
0.001658000000,0.000000,-0.018115
0.001660000000,0.000000,0.003697
0.001662000000,0.000000,-0.016116
0.001664000000,0.000000,0.032227
0.001666000000,0.000000,0.015694
0.001668000000,0.000000,-0.012559
0.001670000000,0.000000,0.026576
0.001672000000,0.000000,-0.000029
0.001674000000,0.000000,0.008810
0.001676000000,0.000000,0.014541
0.001678000000,0.000000,0.014586
0.001680000000,0.000000,0.006584
0.001682000000,0.000000,0.021449
0.001684000000,0.000000,0.008617
0.001686000000,0.000000,0.009151
0.001688000000,0.000000,-0.019859
0.001690000000,0.000000,0.001016
0.001692000000,0.000000,0.025375
0.001694000000,0.000000,0.000196
0.001696000000,0.000000,0.016143
0.001698000000,0.000000,-0.007318
0.001700000000,0.000000,-0.019328
0.001702000000,0.000000,0.006370
0.001704000000,0.000000,0.016918
0.001706000000,0.000000,0.025016
0.001708000000,0.000000,0.022227
0.001710000000,0.000000,0.051883
0.001712000000,0.000000,0.000945
0.001714000000,0.000000,-0.006407
0.001716000000,0.000000,-0.003196
0.001718000000,0.000000,-0.014569
0.001720000000,0.000000,0.014187
0.001722000000,0.000000,-0.020518
0.001724000000,0.000000,-0.006092
0.001726000000,0.000000,0.018247
0.001728000000,0.000000,0.028459
0.001730000000,0.000000,-0.055807
0.001732000000,0.000000,-0.006444
0.001734000000,0.000000,-0.005735
0.001736000000,0.000000,0.017377
0.001738000000,0.000000,0.023187
0.001740000000,0.000000,0.027410
0.001742000000,0.000000,0.003642
0.001744000000,0.000000,-0.000188
0.001746000000,0.000000,-0.009259
0.001748000000,0.000000,0.005722
0.001750000000,0.000000,0.032243
0.001752000000,0.000000,-0.013610
0.001754000000,0.000000,0.003977
0.001756000000,0.000000,0.017335
0.001758000000,0.000000,-0.009541
0.001760000000,0.000000,-0.002794
0.001762000000,0.000000,-0.000114
0.001764000000,0.000000,0.036487
0.001766000000,0.000000,0.022125
0.001768000000,0.000000,0.015286
0.001770000000,0.000000,0.005572
0.001772000000,0.000000,-0.005701
0.001774000000,0.000000,0.011359
0.001776000000,0.000000,0.021011
0.001778000000,0.000000,0.008516
0.001780000000,0.000000,0.016239
0.001782000000,0.000000,-0.044165
0.001784000000,0.000000,0.021705
0.001786000000,0.000000,-0.030119
0.001788000000,0.000000,-0.006765
0.001790000000,0.000000,-0.001309
0.001792000000,0.000000,0.015329
0.001794000000,0.000000,-0.045644
0.001796000000,0.000000,-0.004003
0.001798000000,0.000000,0.005902
0.001800000000,0.000000,-0.010064
0.001802000000,0.000000,-0.010366
0.001804000000,0.000000,-0.006681
0.001806000000,0.000000,-0.003796
0.001808000000,0.000000,0.008071
0.001810000000,0.000000,0.011584
0.001812000000,0.000000,0.005088
0.001814000000,0.000000,-0.020404
0.001816000000,0.000000,0.009768
0.001818000000,0.000000,-0.021787
0.001820000000,0.000000,-0.020511
0.001822000000,0.000000,-0.009764
0.001824000000,0.000000,0.009497
0.001826000000,0.000000,0.037338
0.001828000000,0.000000,0.001177
0.001830000000,0.000000,-0.000444
0.001832000000,0.000000,0.005660
0.001834000000,0.000000,-0.003746
0.001836000000,0.000000,0.004619
0.001838000000,0.000000,0.042364
0.001840000000,0.000000,-0.019341
0.001842000000,0.000000,-0.006154
0.001844000000,0.000000,-0.039620
0.001846000000,0.000000,-0.000520
0.001848000000,0.000000,-0.010601
0.001850000000,0.000000,-0.004086
0.001852000000,0.000000,0.040468
0.001854000000,0.000000,-0.045784
0.001856000000,0.000000,0.020183
0.001858000000,0.000000,-0.024201
0.001860000000,0.000000,-0.003884
0.001862000000,0.000000,0.008982
0.001864000000,0.000000,0.014003
0.001866000000,0.000000,0.000889
0.001868000000,0.000000,-0.009738
0.001870000000,0.000000,-0.012631
0.001872000000,0.000000,0.022098
0.001874000000,0.000000,-0.002473
0.001876000000,0.000000,-0.030855
0.001878000000,0.000000,0.009992
0.001880000000,0.000000,-0.018086
0.001882000000,0.000000,0.015077
0.001884000000,0.000000,0.020761
0.001886000000,0.000000,-0.006670
0.001888000000,0.000000,0.020824
0.001890000000,0.000000,-0.002463
0.001892000000,0.000000,0.023265
0.001894000000,0.000000,0.016876
0.001896000000,0.000000,0.007501
0.001898000000,0.000000,-0.006899
0.001900000000,0.000000,0.036037
0.001902000000,0.000000,0.002039
0.001904000000,0.000000,-0.007678
0.001906000000,0.000000,-0.011391
0.001908000000,0.000000,-0.013271
0.001910000000,0.000000,0.026943
0.001912000000,0.000000,-0.049037
0.001914000000,0.000000,-0.016355
0.001916000000,0.000000,0.019435
0.001918000000,0.000000,-0.031025
0.001920000000,0.000000,-0.002171
0.001922000000,0.000000,0.006748
0.001924000000,0.000000,-0.007035
0.001926000000,0.000000,-0.009443
0.001928000000,0.000000,-0.018463
0.001930000000,0.000000,0.002084
0.001932000000,0.000000,0.012441
0.001934000000,0.000000,-0.010726
0.001936000000,0.000000,0.001091
0.001938000000,0.000000,-0.021628
0.001940000000,0.000000,-0.001357
0.001942000000,0.000000,-0.051078
0.001944000000,0.000000,-0.018348
0.001946000000,0.000000,-0.004439
0.001948000000,0.000000,-0.004330
0.001950000000,0.000000,-0.001605
0.001952000000,0.000000,-0.009427
0.001954000000,0.000000,-0.025860
0.001956000000,0.000000,-0.047619
0.001958000000,0.000000,-0.020279
0.001960000000,0.000000,-0.009788
0.001962000000,0.000000,0.004827
0.001964000000,0.000000,0.022883
0.001966000000,0.000000,-0.015302
0.001968000000,0.000000,0.013446
0.001970000000,0.000000,-0.001330
0.001972000000,0.000000,0.011561
0.001974000000,0.000000,-0.015518
0.001976000000,0.000000,0.006713
0.001978000000,0.000000,0.009294
0.001980000000,0.000000,-0.009719
0.001982000000,0.000000,-0.014863
0.001984000000,0.000000,-0.006495
0.001986000000,0.000000,0.015995
0.001988000000,0.000000,-0.020010
0.001990000000,0.000000,0.015521
0.001992000000,0.000000,0.022980
0.001994000000,0.000000,-0.029230
0.001996000000,0.000000,-0.003605
0.001998000000,0.000000,-0.014501
0.002000000000,0.000000,0.013122
0.002002000000,0.000000,0.018269
0.002004000000,0.000000,0.016352
0.002006000000,0.000000,-0.006194
0.002008000000,0.000000,0.017702
0.002010000000,0.000000,0.007220
0.002012000000,0.000000,0.020247
0.002014000000,0.000000,0.005322
0.002016000000,0.000000,0.016110
0.002018000000,0.000000,0.035838
0.002020000000,0.000000,-0.004657
0.002022000000,0.000000,0.015193
0.002024000000,0.000000,0.018876
0.002026000000,0.000000,-0.029957
0.002028000000,0.000000,-0.002709
0.002030000000,0.000000,-0.030467
0.002032000000,0.000000,-0.001792
0.002034000000,0.000000,0.034412
0.002036000000,0.000000,-0.005770
0.002038000000,0.000000,0.009617
0.002040000000,0.000000,-0.026807
0.002042000000,0.000000,-0.022189
0.002044000000,0.000000,-0.018911
0.002046000000,0.000000,0.012338
0.002048000000,0.000000,-0.028371
0.002050000000,0.000000,0.020133
0.002052000000,0.000000,-0.019000
0.002054000000,0.000000,-0.025461
0.002056000000,0.000000,-0.002492
0.002058000000,0.000000,0.018850
0.002060000000,0.000000,-0.009580
0.002062000000,0.000000,-0.003103
0.002064000000,0.000000,-0.006909
0.002066000000,0.000000,-0.024289
0.002068000000,0.000000,-0.019145
0.002070000000,0.000000,0.029637
0.002072000000,0.000000,-0.002342
0.002074000000,0.000000,0.009330
0.002076000000,0.000000,-0.003175
0.002078000000,0.000000,-0.004161
0.002080000000,0.000000,0.003411
0.002082000000,0.000000,0.003806
0.002084000000,0.000000,0.004208
0.002086000000,0.000000,-0.019363
0.002088000000,0.000000,0.000495
0.002090000000,0.000000,-0.007215
0.002092000000,0.000000,0.008904
0.002094000000,0.000000,-0.023397
0.002096000000,0.000000,-0.019631
0.002098000000,0.000000,-0.037055
0.002100000000,0.000000,-0.000174
0.002102000000,0.000000,-0.025112
0.002104000000,0.000000,-0.017702
0.002106000000,0.000000,0.003985
0.002108000000,0.000000,-0.006178
0.002110000000,0.000000,-0.020690
0.002112000000,0.000000,0.034661
0.002114000000,0.000000,0.033648
0.002116000000,0.000000,-0.000370
0.002118000000,0.000000,-0.020528
0.002120000000,0.000000,0.017428
0.002122000000,0.000000,0.031475
0.002124000000,0.000000,-0.034059
0.002126000000,0.000000,0.015668
0.002128000000,0.000000,0.006899
0.002130000000,0.000000,0.001998
0.002132000000,0.000000,0.024475
0.002134000000,0.000000,0.005411
0.002136000000,0.000000,-0.001960
0.002138000000,0.000000,0.031223
0.002140000000,0.000000,-0.004943
0.002142000000,0.000000,0.013079
0.002144000000,0.000000,0.018135
0.002146000000,0.000000,-0.002995
0.002148000000,0.000000,-0.002674
0.002150000000,0.000000,0.005236
0.002152000000,0.000000,-0.008590
0.002154000000,0.000000,-0.027525
0.002156000000,0.000000,0.036927
0.002158000000,0.000000,0.004470
0.002160000000,0.000000,0.017311
0.002162000000,0.000000,0.016049
0.002164000000,0.000000,0.016740
0.002166000000,0.000000,0.025228
0.002168000000,0.000000,0.006827
0.002170000000,0.000000,0.005896
0.002172000000,0.000000,-0.011884
0.002174000000,0.000000,0.003231
0.002176000000,0.000000,0.022733
0.002178000000,0.000000,-0.013826
0.002180000000,0.000000,-0.000163
0.002182000000,0.000000,-0.014670
0.002184000000,0.000000,0.003584
0.002186000000,0.000000,-0.001228
0.002188000000,0.000000,0.035048
0.002190000000,0.000000,-0.031003
0.002192000000,0.000000,0.010428
0.002194000000,0.000000,0.014559
0.002196000000,0.000000,0.010316
0.002198000000,0.000000,-0.020055
0.002200000000,0.000000,-0.012068
0.002202000000,0.000000,0.007006
0.002204000000,0.000000,-0.015424
0.002206000000,0.000000,-0.008519
0.002208000000,0.000000,0.012863
0.002210000000,0.000000,-0.007329
0.002212000000,0.000000,-0.006701
0.002214000000,0.000000,0.063183
0.002216000000,0.000000,0.031803
0.002218000000,0.000000,0.023903
0.002220000000,0.000000,0.009045
0.002222000000,0.000000,-0.045399
0.002224000000,0.000000,0.028313
0.002226000000,0.000000,0.005814
0.002228000000,0.000000,0.011948
0.002230000000,0.000000,0.022977
0.002232000000,0.000000,0.020822
0.002234000000,0.000000,-0.009054
0.002236000000,0.000000,0.034290
0.002238000000,0.000000,0.012680
0.002240000000,0.000000,0.020890
0.002242000000,0.000000,0.006345
0.002244000000,0.000000,-0.024113
0.002246000000,0.000000,0.020806
0.002248000000,0.000000,-0.032203
0.002250000000,0.000000,-0.014624
0.002252000000,0.000000,-0.020903
0.002254000000,0.000000,-0.057278
0.002256000000,0.000000,-0.038508
0.002258000000,0.000000,-0.015153
0.002260000000,0.000000,0.006128
0.002262000000,0.000000,0.008952
0.002264000000,0.000000,-0.033892
0.002266000000,0.000000,-0.014392
0.002268000000,0.000000,-0.005084
0.002270000000,0.000000,0.001452
0.002272000000,0.000000,-0.008677
0.002274000000,0.000000,-0.000067
0.002276000000,0.000000,-0.008534
0.002278000000,0.000000,-0.030217
0.002280000000,0.000000,-0.002844
0.002282000000,0.000000,0.000760
0.002284000000,0.000000,0.024539
0.002286000000,0.000000,0.008776
0.002288000000,0.000000,0.005986
0.002290000000,0.000000,-0.047479
0.002292000000,0.000000,0.040118
0.002294000000,0.000000,-0.019277
0.002296000000,0.000000,-0.019222
0.002298000000,0.000000,0.006720
0.002300000000,0.000000,0.006890
0.002302000000,0.000000,-0.001134
0.002304000000,0.000000,-0.016858
0.002306000000,0.000000,-0.008412
0.002308000000,0.000000,-0.032984
0.002310000000,0.000000,0.020958
0.002312000000,0.000000,0.024480
0.002314000000,0.000000,-0.019358
0.002316000000,0.000000,0.019753
0.002318000000,0.000000,0.016610
0.002320000000,0.000000,-0.015350
0.002322000000,0.000000,-0.006960
0.002324000000,0.000000,-0.005065
0.002326000000,0.000000,0.023609
0.002328000000,0.000000,-0.005754
0.002330000000,0.000000,-0.023181
0.002332000000,0.000000,0.032197
0.002334000000,0.000000,0.005555
0.002336000000,0.000000,0.055060
0.002338000000,0.000000,0.034542
0.002340000000,0.000000,-0.013064
0.002342000000,0.000000,0.026961
0.002344000000,0.000000,0.001984
0.002346000000,0.000000,0.001682
0.002348000000,0.000000,0.014272
0.002350000000,0.000000,-0.001623
0.002352000000,0.000000,0.007849
0.002354000000,0.000000,0.011743
0.002356000000,0.000000,0.008922
0.002358000000,0.000000,-0.011957
0.002360000000,0.000000,0.002446
0.002362000000,0.000000,-0.013489
0.002364000000,0.000000,-0.026195
0.002366000000,0.000000,0.009354
0.002368000000,0.000000,0.021506
0.002370000000,0.000000,0.010966
0.002372000000,0.000000,-0.005768
0.002374000000,0.000000,0.038675
0.002376000000,0.000000,0.000528
0.002378000000,0.000000,-0.005140
0.002380000000,0.000000,-0.008196
0.002382000000,0.000000,0.014265
0.002384000000,0.000000,-0.008588
0.002386000000,0.000000,0.008871
0.002388000000,0.000000,-0.004949
0.002390000000,0.000000,0.026646
0.002392000000,0.000000,-0.012620
0.002394000000,0.000000,0.001748
0.002396000000,0.000000,0.002412
0.002398000000,0.000000,-0.003455
0.002400000000,0.000000,-0.021968
0.002402000000,0.000000,-0.006467
0.002404000000,0.000000,-0.013013
0.002406000000,0.000000,0.028775
0.002408000000,0.000000,-0.006872
0.002410000000,0.000000,-0.008627
0.002412000000,0.000000,0.012074
0.002414000000,0.000000,0.006644
0.002416000000,0.000000,0.021278
0.002418000000,0.000000,0.021607
0.002420000000,0.000000,0.023358
0.002422000000,0.000000,0.007811
0.002424000000,0.000000,-0.016495
0.002426000000,0.000000,-0.010378
0.002428000000,0.000000,-0.022596
0.002430000000,0.000000,-0.016720
0.002432000000,0.000000,-0.013226
0.002434000000,0.000000,-0.001809
0.002436000000,0.000000,0.009890
0.002438000000,0.000000,0.009492
0.002440000000,0.000000,0.039989
0.002442000000,0.000000,-0.023355
0.002444000000,0.000000,0.005624
0.002446000000,0.000000,-0.012164
0.002448000000,0.000000,-0.016704
0.002450000000,0.000000,-0.022655
0.002452000000,0.000000,0.029932
0.002454000000,0.000000,-0.008885
0.002456000000,0.000000,-0.002626
0.002458000000,0.000000,-0.022680
0.002460000000,0.000000,-0.013312
0.002462000000,0.000000,0.012582
0.002464000000,0.000000,-0.004177
0.002466000000,0.000000,0.019425
0.002468000000,0.000000,0.004015
0.002470000000,0.000000,-0.010670
0.002472000000,0.000000,0.000430
0.002474000000,0.000000,-0.005942
0.002476000000,0.000000,-0.055305
0.002478000000,0.000000,-0.008701
0.002480000000,0.000000,-0.022917
0.002482000000,0.000000,0.013865
0.002484000000,0.000000,-0.042094
0.002486000000,0.000000,0.052700
0.002488000000,0.000000,0.077594
0.002490000000,0.000000,0.040632
0.002492000000,0.000000,0.042483
0.002494000000,0.000000,0.017636
0.002496000000,0.000000,-0.021840
0.002498000000,0.000000,-0.059328
0.002500000000,0.000000,-0.105272
0.002502000000,0.000000,-0.100177
0.002504000000,0.000000,-0.066352
0.002506000000,0.000000,-0.052981
0.002508000000,0.000000,0.000935
0.002510000000,0.000000,0.065406
0.002512000000,0.000000,0.097902
0.002514000000,0.000000,0.172280
0.002516000000,0.000000,0.150516
0.002518000000,0.000000,0.096464
0.002520000000,0.000000,0.025456
0.002522000000,0.000000,-0.083366
0.002524000000,0.000000,-0.146872
0.002526000000,0.000000,-0.165012
0.002528000000,0.000000,-0.209889
0.002530000000,0.000000,-0.165198
0.002532000000,0.000000,-0.055678
0.002534000000,0.000000,0.066543
0.002536000000,0.000000,0.125329
0.002538000000,0.000000,0.234916
0.002540000000,0.000000,0.232630
0.002542000000,0.000000,0.214613
0.002544000000,0.000000,0.060747
0.002546000000,0.000000,-0.101548
0.002548000000,0.000000,-0.172418
0.002550000000,0.000000,-0.290548
0.002552000000,0.000000,-0.283082
0.002554000000,0.000000,-0.233233
0.002556000000,0.000000,-0.147964
0.002558000000,0.000000,0.068264
0.002560000000,0.000000,0.197840
0.002562000000,0.000000,0.257242
0.002564000000,0.000000,0.335713
0.002566000000,0.000000,0.285045
0.002568000000,0.000000,0.190789
0.002570000000,0.000000,0.058592
0.002572000000,0.000000,-0.167277
0.002574000000,0.000000,-0.277409
0.002576000000,0.000000,-0.359105
0.002578000000,0.000000,-0.295896
0.002580000000,0.000000,-0.230680
0.002582000000,0.000000,-0.038400
0.002584000000,0.000000,0.118394
0.002586000000,0.000000,0.225136
0.002588000000,0.000000,0.308548
0.002590000000,0.000000,0.371064
0.002592000000,0.000000,0.198572
0.002594000000,0.000000,0.105127
0.002596000000,0.000000,-0.043058
0.002598000000,0.000000,-0.199811
0.002600000000,0.000000,-0.271672
0.002602000000,0.000000,-0.293922
0.002604000000,0.000000,-0.231761
0.002606000000,0.000000,-0.077771
0.002608000000,0.000000,0.015403
0.002610000000,0.000000,0.156640
0.002612000000,0.000000,0.250410
0.002614000000,0.000000,0.282170
0.002616000000,0.000000,0.276217
0.002618000000,0.000000,0.196917
0.002620000000,0.000000,0.016964
0.002622000000,0.000000,-0.073571
0.002624000000,0.000000,-0.184564
0.002626000000,0.000000,-0.228426
0.002628000000,0.000000,-0.222605
0.002630000000,0.000000,-0.175008
0.002632000000,0.000000,-0.034678
0.002634000000,0.000000,0.058876
0.002636000000,0.000000,0.117491
0.002638000000,0.000000,0.182352
0.002640000000,0.000000,0.194353
0.002642000000,0.000000,0.124596
0.002644000000,0.000000,0.047238
0.002646000000,0.000000,-0.020734
0.002648000000,0.000000,-0.109112
0.002650000000,0.000000,-0.151409
0.002652000000,0.000000,-0.132407
0.002654000000,0.000000,-0.082916
0.002656000000,0.000000,-0.034865
0.002658000000,0.000000,-0.018710
0.002660000000,0.000000,0.075497
0.002662000000,0.000000,0.085374
0.002664000000,0.000000,0.034612
0.002666000000,0.000000,0.081529
0.002668000000,0.000000,0.068354
0.002670000000,0.000000,0.001219
0.002672000000,0.000000,-0.030789
0.002674000000,0.000000,-0.071180
0.002676000000,0.000000,-0.043603
0.002678000000,0.000000,-0.061483
0.002680000000,0.000000,-0.024890
0.002682000000,0.000000,-0.016861
0.002684000000,0.000000,-0.015797
0.002686000000,0.000000,0.006858
0.002688000000,0.000000,-0.011187
0.002690000000,0.000000,0.004668
0.002692000000,0.000000,-0.021935
0.002694000000,0.000000,-0.018977
0.002696000000,0.000000,0.012323
0.002698000000,0.000000,-0.050761
0.002700000000,0.000000,0.002192
0.002702000000,0.000000,0.011141
0.002704000000,0.000000,-0.008971
0.002706000000,0.000000,0.003064
0.002708000000,0.000000,0.028765
0.002710000000,0.000000,-0.006345
0.002712000000,0.000000,0.019545
0.002714000000,0.000000,-0.015790
0.002716000000,0.000000,0.013628
0.002718000000,0.000000,0.024231
0.002720000000,0.000000,-0.019405
0.002722000000,0.000000,-0.015909
0.002724000000,0.000000,-0.030800
0.002726000000,0.000000,-0.012416
0.002728000000,0.000000,-0.014368
0.002730000000,0.000000,0.000234
0.002732000000,0.000000,-0.030454
0.002734000000,0.000000,-0.019674
0.002736000000,0.000000,0.004170
0.002738000000,0.000000,0.022989
0.002740000000,0.000000,-0.019078
0.002742000000,0.000000,0.014350
0.002744000000,0.000000,-0.024666
0.002746000000,0.000000,0.024487
0.002748000000,0.000000,0.017537
0.002750000000,0.000000,-0.002106
0.002752000000,0.000000,-0.017032
0.002754000000,0.000000,-0.012051
0.002756000000,0.000000,0.024223
0.002758000000,0.000000,-0.002465
0.002760000000,0.000000,-0.016586
0.002762000000,0.000000,-0.014125
0.002764000000,0.000000,-0.009846
0.002766000000,0.000000,-0.011463
0.002768000000,0.000000,0.039257
0.002770000000,0.000000,0.029127
0.002772000000,0.000000,0.013068
0.002774000000,0.000000,0.012275
0.002776000000,0.000000,0.012421
0.002778000000,0.000000,0.010787
0.002780000000,0.000000,-0.008176
0.002782000000,0.000000,-0.042970
0.002784000000,0.000000,0.042916
0.002786000000,0.000000,-0.034961
0.002788000000,0.000000,0.023158
0.002790000000,0.000000,0.034643
0.002792000000,0.000000,-0.006752
0.002794000000,0.000000,-0.023097
0.002796000000,0.000000,-0.016768
0.002798000000,0.000000,0.017041
0.002800000000,0.000000,-0.036217
0.002802000000,0.000000,0.020135
0.002804000000,0.000000,0.037544
0.002806000000,0.000000,0.020218
0.002808000000,0.000000,0.037453
0.002810000000,0.000000,0.032310
0.002812000000,0.000000,-0.004671
0.002814000000,0.000000,-0.000398
0.002816000000,0.000000,0.016681
0.002818000000,0.000000,0.002462
0.002820000000,0.000000,-0.006400
0.002822000000,0.000000,-0.000388
0.002824000000,0.000000,0.023299
0.002826000000,0.000000,-0.009246
0.002828000000,0.000000,-0.014850
0.002830000000,0.000000,-0.030648
0.002832000000,0.000000,-0.013447
0.002834000000,0.000000,0.020904
0.002836000000,0.000000,-0.034437
0.002838000000,0.000000,0.005398
0.002840000000,0.000000,0.028208
0.002842000000,0.000000,0.015011
0.002844000000,0.000000,0.017528
0.002846000000,0.000000,0.034577
0.002848000000,0.000000,-0.012177
0.002850000000,0.000000,0.000268
0.002852000000,0.000000,0.032536
0.002854000000,0.000000,-0.012755
0.002856000000,0.000000,0.000693
0.002858000000,0.000000,0.019149
0.002860000000,0.000000,0.004704
0.002862000000,0.000000,0.027554
0.002864000000,0.000000,-0.024319
0.002866000000,0.000000,-0.020986
0.002868000000,0.000000,0.009824
0.002870000000,0.000000,0.039762
0.002872000000,0.000000,-0.012926
0.002874000000,0.000000,0.007296
0.002876000000,0.000000,0.002388
0.002878000000,0.000000,0.005386
0.002880000000,0.000000,0.010597
0.002882000000,0.000000,0.017394
0.002884000000,0.000000,-0.005021
0.002886000000,0.000000,0.029880
0.002888000000,0.000000,0.010714
0.002890000000,0.000000,0.026663
0.002892000000,0.000000,-0.049648
0.002894000000,0.000000,-0.039464
0.002896000000,0.000000,0.005461
0.002898000000,0.000000,-0.009852
0.002900000000,0.000000,0.010548
0.002902000000,0.000000,-0.032250
0.002904000000,0.000000,-0.019510
0.002906000000,0.000000,0.005280
0.002908000000,0.000000,0.014426
0.002910000000,0.000000,-0.001826
0.002912000000,0.000000,0.004000
0.002914000000,0.000000,-0.009641
0.002916000000,0.000000,-0.021094
0.002918000000,0.000000,-0.013173
0.002920000000,0.000000,-0.031958
0.002922000000,0.000000,-0.022037
0.002924000000,0.000000,-0.018165
0.002926000000,0.000000,0.008242
0.002928000000,0.000000,-0.005897
0.002930000000,0.000000,0.011590
0.002932000000,0.000000,0.003518
0.002934000000,0.000000,0.035518
0.002936000000,0.000000,-0.044834
0.002938000000,0.000000,0.000919
0.002940000000,0.000000,0.005701
0.002942000000,0.000000,0.008678
0.002944000000,0.000000,-0.023355
0.002946000000,0.000000,0.025328
0.002948000000,0.000000,0.001507
0.002950000000,0.000000,-0.019353
0.002952000000,0.000000,0.018434
0.002954000000,0.000000,0.000989
0.002956000000,0.000000,-0.021535
0.002958000000,0.000000,-0.002666
0.002960000000,0.000000,0.034088
0.002962000000,0.000000,-0.027736
0.002964000000,0.000000,0.042152
0.002966000000,0.000000,-0.015929
0.002968000000,0.000000,-0.009455
0.002970000000,0.000000,-0.004810
0.002972000000,0.000000,0.001756
0.002974000000,0.000000,-0.010549
0.002976000000,0.000000,-0.015905
0.002978000000,0.000000,0.015176
0.002980000000,0.000000,0.003043
0.002982000000,0.000000,0.006398
0.002984000000,0.000000,-0.007454
0.002986000000,0.000000,0.001646
0.002988000000,0.000000,0.037017
0.002990000000,0.000000,-0.043187
0.002992000000,0.000000,-0.008109
0.002994000000,0.000000,-0.009553
0.002996000000,0.000000,-0.010097
0.002998000000,0.000000,0.003815
0.003000000000,0.000000,0.014099
0.003002000000,0.000000,-0.017466
0.003004000000,0.000000,-0.026251
0.003006000000,0.000000,-0.018029
0.003008000000,0.000000,0.006530
0.003010000000,0.000000,-0.032370
0.003012000000,0.000000,0.026525
0.003014000000,0.000000,0.002326
0.003016000000,0.000000,-0.003410
0.003018000000,0.000000,0.027083
0.003020000000,0.000000,0.043687
0.003022000000,0.000000,-0.013810
0.003024000000,0.000000,0.013422
0.003026000000,0.000000,0.014001
0.003028000000,0.000000,-0.019030
0.003030000000,0.000000,0.010269
0.003032000000,0.000000,0.019013
0.003034000000,0.000000,0.003728
0.003036000000,0.000000,0.009634
0.003038000000,0.000000,-0.006240
0.003040000000,0.000000,-0.012620
0.003042000000,0.000000,0.006564
0.003044000000,0.000000,-0.011313
0.003046000000,0.000000,-0.000045
0.003048000000,0.000000,-0.019300
0.003050000000,0.000000,0.001331
0.003052000000,0.000000,-0.003317
0.003054000000,0.000000,0.027986
0.003056000000,0.000000,0.016170
0.003058000000,0.000000,-0.014902
0.003060000000,0.000000,0.011203
0.003062000000,0.000000,0.012616
0.003064000000,0.000000,-0.000203
0.003066000000,0.000000,0.029460
0.003068000000,0.000000,0.011177
0.003070000000,0.000000,-0.015620
0.003072000000,0.000000,0.018791
0.003074000000,0.000000,-0.014839
0.003076000000,0.000000,0.010803
0.003078000000,0.000000,-0.027088
0.003080000000,0.000000,-0.004223
0.003082000000,0.000000,-0.014518
0.003084000000,0.000000,-0.016665
0.003086000000,0.000000,-0.025168
0.003088000000,0.000000,-0.006493
0.003090000000,0.000000,-0.006254
0.003092000000,0.000000,-0.002141
0.003094000000,0.000000,0.002678
0.003096000000,0.000000,0.011156
0.003098000000,0.000000,0.001338
0.003100000000,0.000000,0.039328
0.003102000000,0.000000,-0.005891
0.003104000000,0.000000,-0.007343
0.003106000000,0.000000,-0.001542
0.003108000000,0.000000,0.008714
0.003110000000,0.000000,0.018147
0.003112000000,0.000000,-0.017727
0.003114000000,0.000000,-0.044928
0.003116000000,0.000000,-0.018819
0.003118000000,0.000000,0.033836
0.003120000000,0.000000,-0.006874
0.003122000000,0.000000,0.052851
0.003124000000,0.000000,0.005184
0.003126000000,0.000000,0.015878
0.003128000000,0.000000,-0.002580
0.003130000000,0.000000,-0.031376
0.003132000000,0.000000,-0.002514
0.003134000000,0.000000,-0.032510
0.003136000000,0.000000,0.009179
0.003138000000,0.000000,0.006020
0.003140000000,0.000000,0.008349
0.003142000000,0.000000,0.004939
0.003144000000,0.000000,-0.019510
0.003146000000,0.000000,-0.040412
0.003148000000,0.000000,-0.014311
0.003150000000,0.000000,0.007462
0.003152000000,0.000000,-0.025437
0.003154000000,0.000000,-0.011318
0.003156000000,0.000000,0.005856
0.003158000000,0.000000,0.013413
0.003160000000,0.000000,-0.028758
0.003162000000,0.000000,-0.028643
0.003164000000,0.000000,-0.009435
0.003166000000,0.000000,-0.020526
0.003168000000,0.000000,0.017580
0.003170000000,0.000000,-0.010999
0.003172000000,0.000000,0.010254
0.003174000000,0.000000,0.000791
0.003176000000,0.000000,-0.001250
0.003178000000,0.000000,-0.026446
0.003180000000,0.000000,0.017819
0.003182000000,0.000000,-0.038059
0.003184000000,0.000000,0.032174
0.003186000000,0.000000,0.023238
0.003188000000,0.000000,-0.015008
0.003190000000,0.000000,-0.003949
0.003192000000,0.000000,0.041813
0.003194000000,0.000000,0.030845
0.003196000000,0.000000,0.018618
0.003198000000,0.000000,-0.015861
0.003200000000,0.000000,-0.018386
0.003202000000,0.000000,0.002741
0.003204000000,0.000000,0.017427
0.003206000000,0.000000,-0.007335
0.003208000000,0.000000,0.001266
0.003210000000,0.000000,-0.016587
0.003212000000,0.000000,0.025845
0.003214000000,0.000000,-0.020474
0.003216000000,0.000000,-0.026620
0.003218000000,0.000000,0.001709
0.003220000000,0.000000,-0.013053
0.003222000000,0.000000,0.025937
0.003224000000,0.000000,-0.033210
0.003226000000,0.000000,-0.013219
0.003228000000,0.000000,0.003233
0.003230000000,0.000000,0.005416
0.003232000000,0.000000,0.054644
0.003234000000,0.000000,-0.005857
0.003236000000,0.000000,-0.038346
0.003238000000,0.000000,-0.006144
0.003240000000,0.000000,0.017698
0.003242000000,0.000000,0.015429
0.003244000000,0.000000,0.002733
0.003246000000,0.000000,-0.005117
0.003248000000,0.000000,-0.009259
0.003250000000,0.000000,0.009011
0.003252000000,0.000000,0.003582
0.003254000000,0.000000,-0.008042
0.003256000000,0.000000,0.020242
0.003258000000,0.000000,0.046845
0.003260000000,0.000000,-0.002694
0.003262000000,0.000000,-0.004333
0.003264000000,0.000000,-0.002367
0.003266000000,0.000000,-0.016868
0.003268000000,0.000000,0.039088
0.003270000000,0.000000,-0.009976
0.003272000000,0.000000,0.016940
0.003274000000,0.000000,-0.004076
0.003276000000,0.000000,-0.018975
0.003278000000,0.000000,-0.014352
0.003280000000,0.000000,0.036108
0.003282000000,0.000000,0.019383
0.003284000000,0.000000,-0.002298
0.003286000000,0.000000,0.005009
0.003288000000,0.000000,0.032697
0.003290000000,0.000000,-0.019225
0.003292000000,0.000000,-0.029391
0.003294000000,0.000000,0.011334
0.003296000000,0.000000,-0.009939
0.003298000000,0.000000,0.023597
0.003300000000,0.000000,-0.018597
0.003302000000,0.000000,-0.008747
0.003304000000,0.000000,0.025307
0.003306000000,0.000000,-0.014708
0.003308000000,0.000000,0.008162
0.003310000000,0.000000,-0.007977
0.003312000000,0.000000,-0.012624
0.003314000000,0.000000,-0.021637
0.003316000000,0.000000,0.003274
0.003318000000,0.000000,0.012118
0.003320000000,0.000000,0.014642
0.003322000000,0.000000,0.013014
0.003324000000,0.000000,-0.008798
0.003326000000,0.000000,0.010673
0.003328000000,0.000000,-0.010701
0.003330000000,0.000000,0.011527
0.003332000000,0.000000,0.018629
0.003334000000,0.000000,0.013789
0.003336000000,0.000000,0.014439
0.003338000000,0.000000,0.011956
0.003340000000,0.000000,0.039495
0.003342000000,0.000000,-0.018855
0.003344000000,0.000000,-0.010653
0.003346000000,0.000000,-0.003303
0.003348000000,0.000000,-0.003303
0.003350000000,0.000000,0.038700
0.003352000000,0.000000,-0.040424
0.003354000000,0.000000,-0.016222
0.003356000000,0.000000,0.006039
0.003358000000,0.000000,0.002004
0.003360000000,0.000000,-0.002446
0.003362000000,0.000000,0.002496
0.003364000000,0.000000,0.004352
0.003366000000,0.000000,0.014240
0.003368000000,0.000000,-0.011497
0.003370000000,0.000000,0.000726
0.003372000000,0.000000,-0.023205
0.003374000000,0.000000,0.034248
0.003376000000,0.000000,-0.008674
0.003378000000,0.000000,-0.024057
0.003380000000,0.000000,0.006907
0.003382000000,0.000000,-0.004179
0.003384000000,0.000000,-0.018789
0.003386000000,0.000000,0.013376
0.003388000000,0.000000,-0.021294
0.003390000000,0.000000,0.020796
0.003392000000,0.000000,-0.003852
0.003394000000,0.000000,0.008303
0.003396000000,0.000000,-0.004870
0.003398000000,0.000000,-0.013103
0.003400000000,0.000000,-0.023443
0.003402000000,0.000000,0.037701
0.003404000000,0.000000,0.029237
0.003406000000,0.000000,0.002030
0.003408000000,0.000000,-0.019671
0.003410000000,0.000000,-0.012011
0.003412000000,0.000000,0.013421
0.003414000000,0.000000,-0.010008
0.003416000000,0.000000,0.005161
0.003418000000,0.000000,-0.020758
0.003420000000,0.000000,-0.004230
0.003422000000,0.000000,-0.014338
0.003424000000,0.000000,-0.004435
0.003426000000,0.000000,-0.008079
0.003428000000,0.000000,0.027903
0.003430000000,0.000000,0.006028
0.003432000000,0.000000,-0.008830
0.003434000000,0.000000,-0.014914
0.003436000000,0.000000,-0.006596
0.003438000000,0.000000,-0.020684
0.003440000000,0.000000,-0.024295
0.003442000000,0.000000,-0.020669
0.003444000000,0.000000,0.020647
0.003446000000,0.000000,-0.017566
0.003448000000,0.000000,-0.043965
0.003450000000,0.000000,-0.045795
0.003452000000,0.000000,0.011782
0.003454000000,0.000000,-0.012343
0.003456000000,0.000000,0.010730
0.003458000000,0.000000,0.015524
0.003460000000,0.000000,-0.010514
0.003462000000,0.000000,0.035936
0.003464000000,0.000000,-0.015477
0.003466000000,0.000000,0.015924
0.003468000000,0.000000,0.024329
0.003470000000,0.000000,-0.012476
0.003472000000,0.000000,0.003368
0.003474000000,0.000000,0.006797
0.003476000000,0.000000,-0.028413
0.003478000000,0.000000,-0.022213
0.003480000000,0.000000,-0.003635
0.003482000000,0.000000,0.006603
0.003484000000,0.000000,0.019218
0.003486000000,0.000000,-0.045276
0.003488000000,0.000000,0.029100
0.003490000000,0.000000,-0.007354
0.003492000000,0.000000,0.002545
0.003494000000,0.000000,0.023081
0.003496000000,0.000000,0.019702
0.003498000000,0.000000,-0.020908
0.003500000000,0.000000,-0.003250
0.003502000000,0.000000,-0.012344
0.003504000000,0.000000,-0.009948
0.003506000000,0.000000,0.001924
0.003508000000,0.000000,0.000557
0.003510000000,0.000000,-0.037840
0.003512000000,0.000000,0.029282
0.003514000000,0.000000,0.005531
0.003516000000,0.000000,-0.016456
0.003518000000,0.000000,0.034573
0.003520000000,0.000000,0.000512
0.003522000000,0.000000,0.007377
0.003524000000,0.000000,0.006872
0.003526000000,0.000000,0.039646
0.003528000000,0.000000,0.029660
0.003530000000,0.000000,-0.000808
0.003532000000,0.000000,-0.005019
0.003534000000,0.000000,-0.029972
0.003536000000,0.000000,-0.009286
0.003538000000,0.000000,-0.004814
0.003540000000,0.000000,-0.022439
0.003542000000,0.000000,0.016831
0.003544000000,0.000000,0.017660
0.003546000000,0.000000,0.021148
0.003548000000,0.000000,-0.026871
0.003550000000,0.000000,0.000006
0.003552000000,0.000000,-0.005125
0.003554000000,0.000000,-0.000220
0.003556000000,0.000000,0.008707
0.003558000000,0.000000,0.025791
0.003560000000,0.000000,0.024748
0.003562000000,0.000000,-0.006712
0.003564000000,0.000000,0.044516
0.003566000000,0.000000,-0.000610
0.003568000000,0.000000,0.027982
0.003570000000,0.000000,0.020170
0.003572000000,0.000000,0.000697
0.003574000000,0.000000,-0.008947
0.003576000000,0.000000,-0.001275
0.003578000000,0.000000,0.007521
0.003580000000,0.000000,-0.027233
0.003582000000,0.000000,0.066239
0.003584000000,0.000000,0.000398
0.003586000000,0.000000,0.005994
0.003588000000,0.000000,-0.033517
0.003590000000,0.000000,-0.033457
0.003592000000,0.000000,-0.023629
0.003594000000,0.000000,-0.007815
0.003596000000,0.000000,-0.001115
0.003598000000,0.000000,-0.004495
0.003600000000,0.000000,0.001883
0.003602000000,0.000000,0.026180
0.003604000000,0.000000,0.005809
0.003606000000,0.000000,0.020935
0.003608000000,0.000000,-0.014391
0.003610000000,0.000000,-0.019841
0.003612000000,0.000000,-0.003143
0.003614000000,0.000000,0.030988
0.003616000000,0.000000,-0.021630
0.003618000000,0.000000,0.005562
0.003620000000,0.000000,-0.009274
0.003622000000,0.000000,-0.001644
0.003624000000,0.000000,0.038023
0.003626000000,0.000000,0.012830
0.003628000000,0.000000,-0.010146
0.003630000000,0.000000,-0.021744
0.003632000000,0.000000,-0.003160
0.003634000000,0.000000,0.025135
0.003636000000,0.000000,0.000014
0.003638000000,0.000000,0.025804
0.003640000000,0.000000,-0.004116
0.003642000000,0.000000,-0.002160
0.003644000000,0.000000,-0.021404
0.003646000000,0.000000,-0.006590
0.003648000000,0.000000,-0.011140
0.003650000000,0.000000,-0.031224
0.003652000000,0.000000,0.005750
0.003654000000,0.000000,-0.006401
0.003656000000,0.000000,-0.011135
0.003658000000,0.000000,-0.004913
0.003660000000,0.000000,0.003136
0.003662000000,0.000000,-0.003809
0.003664000000,0.000000,-0.036631
0.003666000000,0.000000,0.006553
0.003668000000,0.000000,-0.026458
0.003670000000,0.000000,-0.042273
0.003672000000,0.000000,-0.008957
0.003674000000,0.000000,0.005759
0.003676000000,0.000000,0.001369
0.003678000000,0.000000,0.006299
0.003680000000,0.000000,0.029004
0.003682000000,0.000000,0.014842
0.003684000000,0.000000,-0.015197
0.003686000000,0.000000,0.012795
0.003688000000,0.000000,0.004796
0.003690000000,0.000000,0.001032
0.003692000000,0.000000,-0.028714
0.003694000000,0.000000,0.014075
0.003696000000,0.000000,0.009231
0.003698000000,0.000000,0.047696
0.003700000000,0.000000,0.005788
0.003702000000,0.000000,-0.018105
0.003704000000,0.000000,0.003643
0.003706000000,0.000000,-0.005731
0.003708000000,0.000000,-0.012411
0.003710000000,0.000000,0.025401
0.003712000000,0.000000,-0.031486
0.003714000000,0.000000,-0.019435
0.003716000000,0.000000,-0.016049
0.003718000000,0.000000,-0.017278
0.003720000000,0.000000,0.015098
0.003722000000,0.000000,-0.012433
0.003724000000,0.000000,-0.005648
0.003726000000,0.000000,0.006914
0.003728000000,0.000000,-0.003086
0.003730000000,0.000000,-0.010025
0.003732000000,0.000000,0.056355
0.003734000000,0.000000,-0.012067
0.003736000000,0.000000,0.022735
0.003738000000,0.000000,0.018316
0.003740000000,0.000000,-0.001210
0.003742000000,0.000000,-0.038481
0.003744000000,0.000000,0.013037
0.003746000000,0.000000,-0.030085
0.003748000000,0.000000,0.028649
0.003750000000,0.000000,0.054829
0.003752000000,0.000000,0.007285
0.003754000000,0.000000,-0.028981
0.003756000000,0.000000,-0.025128
0.003758000000,0.000000,-0.015471
0.003760000000,0.000000,0.001006
0.003762000000,0.000000,-0.001050
0.003764000000,0.000000,0.008657
0.003766000000,0.000000,-0.029189
0.003768000000,0.000000,0.012114
0.003770000000,0.000000,0.024126
0.003772000000,0.000000,-0.006397
0.003774000000,0.000000,0.025526
0.003776000000,0.000000,0.020323
0.003778000000,0.000000,0.002211
0.003780000000,0.000000,-0.016184
0.003782000000,0.000000,-0.017137
0.003784000000,0.000000,-0.003344
0.003786000000,0.000000,0.053294
0.003788000000,0.000000,0.010332
0.003790000000,0.000000,0.032156
0.003792000000,0.000000,0.031778
0.003794000000,0.000000,-0.001107
0.003796000000,0.000000,-0.009269
0.003798000000,0.000000,-0.015667
0.003800000000,0.000000,0.018274
0.003802000000,0.000000,0.009737
0.003804000000,0.000000,0.045419
0.003806000000,0.000000,0.010466
0.003808000000,0.000000,0.015105
0.003810000000,0.000000,-0.012195
0.003812000000,0.000000,-0.021313
0.003814000000,0.000000,0.011979
0.003816000000,0.000000,-0.003563
0.003818000000,0.000000,-0.022351
0.003820000000,0.000000,0.015183
0.003822000000,0.000000,-0.019713
0.003824000000,0.000000,-0.002535
0.003826000000,0.000000,0.002607
0.003828000000,0.000000,0.017033
0.003830000000,0.000000,-0.031224
0.003832000000,0.000000,0.002142
0.003834000000,0.000000,-0.015675
0.003836000000,0.000000,0.004903
0.003838000000,0.000000,-0.029014
0.003840000000,0.000000,-0.007435
0.003842000000,0.000000,-0.009329
0.003844000000,0.000000,0.009003
0.003846000000,0.000000,0.019701
0.003848000000,0.000000,0.015387
0.003850000000,0.000000,-0.000931
0.003852000000,0.000000,-0.021767
0.003854000000,0.000000,0.004004
0.003856000000,0.000000,-0.002911
0.003858000000,0.000000,0.002248
0.003860000000,0.000000,0.012541
0.003862000000,0.000000,-0.020660
0.003864000000,0.000000,0.038059
0.003866000000,0.000000,0.021483
0.003868000000,0.000000,0.036893
0.003870000000,0.000000,-0.027884
0.003872000000,0.000000,-0.026623
0.003874000000,0.000000,0.020315
0.003876000000,0.000000,-0.009268
0.003878000000,0.000000,0.005267
0.003880000000,0.000000,0.036401
0.003882000000,0.000000,-0.028532
0.003884000000,0.000000,0.011556
0.003886000000,0.000000,-0.031999
0.003888000000,0.000000,-0.009326
0.003890000000,0.000000,-0.007405
0.003892000000,0.000000,-0.001958
0.003894000000,0.000000,-0.042044
0.003896000000,0.000000,0.041696
0.003898000000,0.000000,0.027513
0.003900000000,0.000000,0.027244
0.003902000000,0.000000,-0.032039
0.003904000000,0.000000,0.003513
0.003906000000,0.000000,-0.002124
0.003908000000,0.000000,-0.000808
0.003910000000,0.000000,-0.001529
0.003912000000,0.000000,0.010777
0.003914000000,0.000000,-0.027271
0.003916000000,0.000000,-0.000824
0.003918000000,0.000000,-0.026448
0.003920000000,0.000000,0.010796
0.003922000000,0.000000,-0.000493
0.003924000000,0.000000,0.025617
0.003926000000,0.000000,-0.011999
0.003928000000,0.000000,0.016883
0.003930000000,0.000000,-0.024181
0.003932000000,0.000000,-0.051083
0.003934000000,0.000000,-0.008345
0.003936000000,0.000000,0.036378
0.003938000000,0.000000,-0.003373
0.003940000000,0.000000,0.011727
0.003942000000,0.000000,0.004410
0.003944000000,0.000000,-0.027680
0.003946000000,0.000000,-0.022032
0.003948000000,0.000000,-0.003217
0.003950000000,0.000000,-0.004365
0.003952000000,0.000000,0.002379
0.003954000000,0.000000,0.008657
0.003956000000,0.000000,0.002793
0.003958000000,0.000000,-0.003106
0.003960000000,0.000000,0.027712
0.003962000000,0.000000,-0.022225
0.003964000000,0.000000,-0.003589
0.003966000000,0.000000,0.004389
0.003968000000,0.000000,-0.003077
0.003970000000,0.000000,-0.017999
0.003972000000,0.000000,0.033907
0.003974000000,0.000000,0.004439
0.003976000000,0.000000,-0.018600
0.003978000000,0.000000,0.029887
0.003980000000,0.000000,-0.005122
0.003982000000,0.000000,-0.007151
0.003984000000,0.000000,-0.000191
0.003986000000,0.000000,-0.018773
0.003988000000,0.000000,0.003894
0.003990000000,0.000000,0.011620
0.003992000000,0.000000,-0.003460
0.003994000000,0.000000,-0.014059
0.003996000000,0.000000,-0.000931
0.003998000000,0.000000,0.005694
0.004000000000,0.000000,0.017711
0.004002000000,0.000000,-0.009584
0.004004000000,0.000000,-0.022426
0.004006000000,0.000000,0.013242
0.004008000000,0.000000,0.013320
0.004010000000,0.000000,-0.005825
0.004012000000,0.000000,0.019930
0.004014000000,0.000000,-0.002096
0.004016000000,0.000000,0.006841
0.004018000000,0.000000,0.023770
0.004020000000,0.000000,-0.019694
0.004022000000,0.000000,-0.022458
0.004024000000,0.000000,-0.025896
0.004026000000,0.000000,-0.007026
0.004028000000,0.000000,0.005258
0.004030000000,0.000000,0.008315
0.004032000000,0.000000,-0.016574
0.004034000000,0.000000,-0.014409
0.004036000000,0.000000,0.017888
0.004038000000,0.000000,-0.032440
0.004040000000,0.000000,0.027472
0.004042000000,0.000000,0.039672
0.004044000000,0.000000,-0.001085
0.004046000000,0.000000,-0.009967
0.004048000000,0.000000,-0.010225
0.004050000000,0.000000,0.006562
0.004052000000,0.000000,0.022572
0.004054000000,0.000000,0.004691
0.004056000000,0.000000,-0.031903
0.004058000000,0.000000,-0.007238
0.004060000000,0.000000,0.012667
0.004062000000,0.000000,-0.034294
0.004064000000,0.000000,0.008778
0.004066000000,0.000000,0.034710
0.004068000000,0.000000,0.007286
0.004070000000,0.000000,0.017830
0.004072000000,0.000000,-0.013309
0.004074000000,0.000000,0.011747
0.004076000000,0.000000,-0.013853
0.004078000000,0.000000,0.011480
0.004080000000,0.000000,0.019399
0.004082000000,0.000000,-0.007334
0.004084000000,0.000000,0.020597
0.004086000000,0.000000,-0.034349
0.004088000000,0.000000,0.007703
0.004090000000,0.000000,-0.010140
0.004092000000,0.000000,0.028658
0.004094000000,0.000000,0.011769
0.004096000000,0.000000,0.023913
0.004098000000,0.000000,-0.010519
0.004100000000,0.000000,-0.003036
0.004102000000,0.000000,-0.019565
0.004104000000,0.000000,-0.033287
0.004106000000,0.000000,0.000659
0.004108000000,0.000000,0.004738
0.004110000000,0.000000,0.002531
0.004112000000,0.000000,-0.023274
0.004114000000,0.000000,-0.002892
0.004116000000,0.000000,0.022208
0.004118000000,0.000000,-0.007073
0.004120000000,0.000000,-0.002896
0.004122000000,0.000000,-0.008747
0.004124000000,0.000000,-0.001570
0.004126000000,0.000000,-0.025149
0.004128000000,0.000000,-0.014090
0.004130000000,0.000000,-0.021578
0.004132000000,0.000000,-0.016729
0.004134000000,0.000000,-0.009756
0.004136000000,0.000000,-0.035390
0.004138000000,0.000000,-0.000974
0.004140000000,0.000000,-0.035438
0.004142000000,0.000000,-0.018733
0.004144000000,0.000000,0.030071
0.004146000000,0.000000,-0.011946
0.004148000000,0.000000,-0.010299
0.004150000000,0.000000,0.010676
0.004152000000,0.000000,0.009784
0.004154000000,0.000000,-0.019896
0.004156000000,0.000000,0.035084
0.004158000000,0.000000,-0.003973
0.004160000000,0.000000,0.008240
0.004162000000,0.000000,0.014551
0.004164000000,0.000000,0.002453
0.004166000000,0.000000,-0.029054
0.004168000000,0.000000,-0.025554
0.004170000000,0.000000,-0.010945
0.004172000000,0.000000,-0.006565
0.004174000000,0.000000,-0.005617
0.004176000000,0.000000,-0.005660
0.004178000000,0.000000,0.007640
0.004180000000,0.000000,0.024669
0.004182000000,0.000000,-0.029108
0.004184000000,0.000000,-0.010204
0.004186000000,0.000000,-0.019548
0.004188000000,0.000000,0.010628
0.004190000000,0.000000,0.010394
0.004192000000,0.000000,-0.016045
0.004194000000,0.000000,0.029855
0.004196000000,0.000000,0.004969
0.004198000000,0.000000,-0.006135
0.004200000000,0.000000,0.025991
0.004202000000,0.000000,0.007381
0.004204000000,0.000000,0.018069
0.004206000000,0.000000,-0.004185
0.004208000000,0.000000,-0.003358
0.004210000000,0.000000,-0.016988
0.004212000000,0.000000,-0.022835
0.004214000000,0.000000,0.006311
0.004216000000,0.000000,0.006295
0.004218000000,0.000000,-0.023087
0.004220000000,0.000000,0.039967
0.004222000000,0.000000,-0.004533
0.004224000000,0.000000,-0.029167
0.004226000000,0.000000,0.026293
0.004228000000,0.000000,0.010678
0.004230000000,0.000000,-0.033892
0.004232000000,0.000000,-0.010642
0.004234000000,0.000000,-0.015011
0.004236000000,0.000000,-0.013863
0.004238000000,0.000000,0.010863
0.004240000000,0.000000,0.005987
0.004242000000,0.000000,-0.007118
0.004244000000,0.000000,-0.013337
0.004246000000,0.000000,-0.011681
0.004248000000,0.000000,0.018691
0.004250000000,0.000000,-0.033772
0.004252000000,0.000000,0.002580
0.004254000000,0.000000,0.003871
0.004256000000,0.000000,0.012481
0.004258000000,0.000000,0.013967
0.004260000000,0.000000,0.015705
0.004262000000,0.000000,-0.026977
0.004264000000,0.000000,0.000423
0.004266000000,0.000000,0.041811
0.004268000000,0.000000,-0.033537
0.004270000000,0.000000,-0.018742
0.004272000000,0.000000,0.021127
0.004274000000,0.000000,0.007071
0.004276000000,0.000000,0.002216
0.004278000000,0.000000,-0.017690
0.004280000000,0.000000,0.009317
0.004282000000,0.000000,0.012221
0.004284000000,0.000000,-0.006618
0.004286000000,0.000000,-0.013483
0.004288000000,0.000000,0.030775
0.004290000000,0.000000,0.009756
0.004292000000,0.000000,-0.007551
0.004294000000,0.000000,0.008228
0.004296000000,0.000000,0.002974
0.004298000000,0.000000,0.022892
0.004300000000,0.000000,-0.000180
0.004302000000,0.000000,-0.019988
0.004304000000,0.000000,-0.013982
0.004306000000,0.000000,0.040796
0.004308000000,0.000000,0.033702
0.004310000000,0.000000,0.023356
0.004312000000,0.000000,-0.001867
0.004314000000,0.000000,0.033488
0.004316000000,0.000000,0.019527
0.004318000000,0.000000,-0.040606
0.004320000000,0.000000,0.010812
0.004322000000,0.000000,-0.039475
0.004324000000,0.000000,0.014648
0.004326000000,0.000000,0.010043
0.004328000000,0.000000,-0.027273
0.004330000000,0.000000,-0.028774
0.004332000000,0.000000,0.027811
0.004334000000,0.000000,0.025433
0.004336000000,0.000000,0.007448
0.004338000000,0.000000,0.007099
0.004340000000,0.000000,-0.014026
0.004342000000,0.000000,0.011261
0.004344000000,0.000000,0.037014
0.004346000000,0.000000,0.023313
0.004348000000,0.000000,0.021224
0.004350000000,0.000000,-0.010982
0.004352000000,0.000000,-0.015031
0.004354000000,0.000000,-0.005846
0.004356000000,0.000000,-0.010339
0.004358000000,0.000000,0.004466
0.004360000000,0.000000,0.025003
0.004362000000,0.000000,0.008682
0.004364000000,0.000000,0.027149
0.004366000000,0.000000,0.005038
0.004368000000,0.000000,-0.000514
0.004370000000,0.000000,-0.012029
0.004372000000,0.000000,-0.036644
0.004374000000,0.000000,0.017638
0.004376000000,0.000000,0.000619
0.004378000000,0.000000,-0.019876
0.004380000000,0.000000,0.009440
0.004382000000,0.000000,-0.021298
0.004384000000,0.000000,0.023734
0.004386000000,0.000000,0.006455
0.004388000000,0.000000,-0.013131
0.004390000000,0.000000,-0.040468
0.004392000000,0.000000,-0.024198
0.004394000000,0.000000,0.013348
0.004396000000,0.000000,0.028734
0.004398000000,0.000000,0.011081
0.004400000000,0.000000,-0.036149
0.004402000000,0.000000,-0.020754
0.004404000000,0.000000,-0.008677
0.004406000000,0.000000,-0.021359
0.004408000000,0.000000,0.004792
0.004410000000,0.000000,0.006386
0.004412000000,0.000000,-0.024258
0.004414000000,0.000000,0.008240
0.004416000000,0.000000,0.027754
0.004418000000,0.000000,0.031752
0.004420000000,0.000000,-0.022081
0.004422000000,0.000000,0.004517
0.004424000000,0.000000,0.001065
0.004426000000,0.000000,0.007907
0.004428000000,0.000000,-0.007549
0.004430000000,0.000000,-0.004018
0.004432000000,0.000000,0.007569
0.004434000000,0.000000,-0.022042
0.004436000000,0.000000,-0.001634
0.004438000000,0.000000,0.008558
0.004440000000,0.000000,-0.009273
0.004442000000,0.000000,0.037750
0.004444000000,0.000000,0.042478
0.004446000000,0.000000,-0.002738
0.004448000000,0.000000,0.031334
0.004450000000,0.000000,0.002290
0.004452000000,0.000000,0.009802
0.004454000000,0.000000,-0.025570
0.004456000000,0.000000,0.010805
0.004458000000,0.000000,-0.000447
0.004460000000,0.000000,0.035316
0.004462000000,0.000000,0.032940
0.004464000000,0.000000,0.032808
0.004466000000,0.000000,0.025657
0.004468000000,0.000000,-0.010025
0.004470000000,0.000000,0.007197
0.004472000000,0.000000,-0.008864
0.004474000000,0.000000,-0.005677
0.004476000000,0.000000,-0.003789
0.004478000000,0.000000,0.040257
0.004480000000,0.000000,-0.017328
0.004482000000,0.000000,-0.009662
0.004484000000,0.000000,0.004087
0.004486000000,0.000000,-0.002864
0.004488000000,0.000000,0.022338
0.004490000000,0.000000,-0.030239
0.004492000000,0.000000,-0.011359
0.004494000000,0.000000,0.001097
0.004496000000,0.000000,-0.007016
0.004498000000,0.000000,-0.022962
0.004500000000,0.000000,0.033291
0.004502000000,0.000000,0.001786
0.004504000000,0.000000,0.008932
0.004506000000,0.000000,-0.003157
0.004508000000,0.000000,0.003776
0.004510000000,0.000000,-0.012810
0.004512000000,0.000000,0.001786
0.004514000000,0.000000,-0.002199
0.004516000000,0.000000,0.006975
0.004518000000,0.000000,-0.017965
0.004520000000,0.000000,0.022488
0.004522000000,0.000000,-0.020067
0.004524000000,0.000000,0.007555
0.004526000000,0.000000,0.005204
0.004528000000,0.000000,0.033067
0.004530000000,0.000000,0.017181
0.004532000000,0.000000,0.009536
0.004534000000,0.000000,0.008880
0.004536000000,0.000000,0.013867
0.004538000000,0.000000,-0.013048
0.004540000000,0.000000,-0.023158
0.004542000000,0.000000,-0.017807
0.004544000000,0.000000,-0.031931
0.004546000000,0.000000,-0.015419
0.004548000000,0.000000,-0.003522
0.004550000000,0.000000,-0.000213
0.004552000000,0.000000,0.014125
0.004554000000,0.000000,-0.008136
0.004556000000,0.000000,0.056539
0.004558000000,0.000000,-0.011300
0.004560000000,0.000000,-0.006652
0.004562000000,0.000000,-0.013620
0.004564000000,0.000000,0.003766
0.004566000000,0.000000,0.034177
0.004568000000,0.000000,0.014309
0.004570000000,0.000000,0.008036
0.004572000000,0.000000,-0.005804
0.004574000000,0.000000,0.008079
0.004576000000,0.000000,-0.022041
0.004578000000,0.000000,-0.024162
0.004580000000,0.000000,-0.027572
0.004582000000,0.000000,-0.013263
0.004584000000,0.000000,0.017803
0.004586000000,0.000000,0.005310
0.004588000000,0.000000,-0.011364
0.004590000000,0.000000,-0.010362
0.004592000000,0.000000,-0.012569
0.004594000000,0.000000,0.038507
0.004596000000,0.000000,0.016792
0.004598000000,0.000000,-0.001107
0.004600000000,0.000000,0.042227
0.004602000000,0.000000,-0.013304
0.004604000000,0.000000,-0.030423
0.004606000000,0.000000,-0.042426
0.004608000000,0.000000,-0.009510
0.004610000000,0.000000,-0.040535
0.004612000000,0.000000,-0.040445
0.004614000000,0.000000,-0.000833
0.004616000000,0.000000,0.013457
0.004618000000,0.000000,-0.023837
0.004620000000,0.000000,-0.022499
0.004622000000,0.000000,-0.000522
0.004624000000,0.000000,-0.029617
0.004626000000,0.000000,-0.023908
0.004628000000,0.000000,-0.014603
0.004630000000,0.000000,-0.015986
0.004632000000,0.000000,0.004040
0.004634000000,0.000000,-0.048229
0.004636000000,0.000000,-0.014747
0.004638000000,0.000000,0.000572
0.004640000000,0.000000,-0.021729
0.004642000000,0.000000,-0.009772
0.004644000000,0.000000,0.000456
0.004646000000,0.000000,-0.015919
0.004648000000,0.000000,0.041364
0.004650000000,0.000000,-0.021455
0.004652000000,0.000000,-0.021139
0.004654000000,0.000000,-0.003055
0.004656000000,0.000000,0.001761
0.004658000000,0.000000,-0.016576
0.004660000000,0.000000,-0.013930
0.004662000000,0.000000,-0.005406
0.004664000000,0.000000,0.024086
0.004666000000,0.000000,-0.026842
0.004668000000,0.000000,-0.014636
0.004670000000,0.000000,0.018818
0.004672000000,0.000000,0.014834
0.004674000000,0.000000,0.005975
0.004676000000,0.000000,0.036889
0.004678000000,0.000000,-0.012302
0.004680000000,0.000000,-0.008730
0.004682000000,0.000000,-0.003082
0.004684000000,0.000000,0.005081
0.004686000000,0.000000,-0.011454
0.004688000000,0.000000,-0.005394
0.004690000000,0.000000,-0.017593
0.004692000000,0.000000,0.038429
0.004694000000,0.000000,-0.002049
0.004696000000,0.000000,0.032335
0.004698000000,0.000000,-0.018537
0.004700000000,0.000000,0.044490
0.004702000000,0.000000,0.010515
0.004704000000,0.000000,0.001429
0.004706000000,0.000000,0.005568
0.004708000000,0.000000,-0.007398
0.004710000000,0.000000,-0.015804
0.004712000000,0.000000,0.002223
0.004714000000,0.000000,-0.027456
0.004716000000,0.000000,-0.006076
0.004718000000,0.000000,0.006301
0.004720000000,0.000000,-0.005914
0.004722000000,0.000000,0.009862
0.004724000000,0.000000,-0.051891
0.004726000000,0.000000,-0.026066
0.004728000000,0.000000,0.025005
0.004730000000,0.000000,0.001322
0.004732000000,0.000000,0.026387
0.004734000000,0.000000,0.005954
0.004736000000,0.000000,-0.009249
0.004738000000,0.000000,-0.025531
0.004740000000,0.000000,0.001106
0.004742000000,0.000000,-0.021901
0.004744000000,0.000000,0.002945
0.004746000000,0.000000,0.004486
0.004748000000,0.000000,0.012334
0.004750000000,0.000000,-0.011242
0.004752000000,0.000000,0.007858
0.004754000000,0.000000,0.012307
0.004756000000,0.000000,0.007751
0.004758000000,0.000000,0.010316
0.004760000000,0.000000,0.005673
0.004762000000,0.000000,0.019936
0.004764000000,0.000000,0.013086
0.004766000000,0.000000,-0.022192
0.004768000000,0.000000,0.023333
0.004770000000,0.000000,0.030469
0.004772000000,0.000000,-0.016328
0.004774000000,0.000000,0.005424
0.004776000000,0.000000,0.005834
0.004778000000,0.000000,-0.006015
0.004780000000,0.000000,0.050252
0.004782000000,0.000000,0.007087
0.004784000000,0.000000,-0.030830
0.004786000000,0.000000,0.032341
0.004788000000,0.000000,0.020015
0.004790000000,0.000000,-0.024970
0.004792000000,0.000000,0.007688
0.004794000000,0.000000,-0.028152
0.004796000000,0.000000,-0.035469
0.004798000000,0.000000,-0.002071
0.004800000000,0.000000,0.017231
0.004802000000,0.000000,0.011779
0.004804000000,0.000000,0.023693
0.004806000000,0.000000,-0.000607
0.004808000000,0.000000,0.004471
0.004810000000,0.000000,0.007217
0.004812000000,0.000000,0.019933
0.004814000000,0.000000,-0.000191
0.004816000000,0.000000,-0.008872
0.004818000000,0.000000,0.018312
0.004820000000,0.000000,-0.007808
0.004822000000,0.000000,0.011944
0.004824000000,0.000000,-0.034713
0.004826000000,0.000000,0.013279
0.004828000000,0.000000,-0.016810
0.004830000000,0.000000,0.006352
0.004832000000,0.000000,0.009903
0.004834000000,0.000000,-0.024378
0.004836000000,0.000000,-0.039671
0.004838000000,0.000000,0.025053
0.004840000000,0.000000,0.021107
0.004842000000,0.000000,0.001288
0.004844000000,0.000000,-0.006215
0.004846000000,0.000000,0.003651
0.004848000000,0.000000,0.013569
0.004850000000,0.000000,-0.021086
0.004852000000,0.000000,-0.001676
0.004854000000,0.000000,-0.013338
0.004856000000,0.000000,-0.024013
0.004858000000,0.000000,0.029263
0.004860000000,0.000000,0.003653
0.004862000000,0.000000,-0.009132
0.004864000000,0.000000,0.030066
0.004866000000,0.000000,0.001088
0.004868000000,0.000000,-0.013657
0.004870000000,0.000000,-0.008455
0.004872000000,0.000000,-0.014735
0.004874000000,0.000000,-0.001165
0.004876000000,0.000000,-0.017172
0.004878000000,0.000000,-0.031610
0.004880000000,0.000000,0.000590
0.004882000000,0.000000,-0.010401
0.004884000000,0.000000,0.037190
0.004886000000,0.000000,0.000437
0.004888000000,0.000000,-0.025458
0.004890000000,0.000000,0.027460
0.004892000000,0.000000,-0.014577
0.004894000000,0.000000,0.032293
0.004896000000,0.000000,-0.001146
0.004898000000,0.000000,0.003563
0.004900000000,0.000000,-0.020610
0.004902000000,0.000000,0.009598
0.004904000000,0.000000,0.016384
0.004906000000,0.000000,0.023673
0.004908000000,0.000000,-0.015383
0.004910000000,0.000000,0.027489
0.004912000000,0.000000,0.009719
0.004914000000,0.000000,0.032394
0.004916000000,0.000000,0.002555
0.004918000000,0.000000,0.017428
0.004920000000,0.000000,-0.053945
0.004922000000,0.000000,-0.026428
0.004924000000,0.000000,0.017043
0.004926000000,0.000000,-0.001831
0.004928000000,0.000000,-0.002406
0.004930000000,0.000000,0.029114
0.004932000000,0.000000,0.019560
0.004934000000,0.000000,-0.002518
0.004936000000,0.000000,0.004389
0.004938000000,0.000000,-0.005857
0.004940000000,0.000000,-0.020447
0.004942000000,0.000000,-0.007691
0.004944000000,0.000000,-0.005267
0.004946000000,0.000000,0.010766
0.004948000000,0.000000,0.047691
0.004950000000,0.000000,-0.051895
0.004952000000,0.000000,-0.008067
0.004954000000,0.000000,-0.026890
0.004956000000,0.000000,0.057647
0.004958000000,0.000000,-0.009921
0.004960000000,0.000000,-0.023784
0.004962000000,0.000000,-0.007802
0.004964000000,0.000000,0.007760
0.004966000000,0.000000,0.003242
0.004968000000,0.000000,0.002165
0.004970000000,0.000000,0.003847
0.004972000000,0.000000,-0.032461
0.004974000000,0.000000,0.000119
0.004976000000,0.000000,0.014950
0.004978000000,0.000000,0.011493
0.004980000000,0.000000,0.026277
0.004982000000,0.000000,-0.023423
0.004984000000,0.000000,0.007736
0.004986000000,0.000000,0.016342
0.004988000000,0.000000,-0.042290
0.004990000000,0.000000,0.032340
0.004992000000,0.000000,-0.000391
0.004994000000,0.000000,-0.023757
0.004996000000,0.000000,-0.021031
0.004998000000,0.000000,-0.006440
0.005000000000,0.000000,-0.002940
0.005002000000,0.000000,-0.034624
0.005004000000,0.000000,-0.001568
0.005006000000,0.000000,-0.007895
0.005008000000,0.000000,0.032729
0.005010000000,0.000000,0.010163
0.005012000000,0.000000,0.007492
0.005014000000,0.000000,-0.029076
0.005016000000,0.000000,0.003692
0.005018000000,0.000000,-0.006883
0.005020000000,0.000000,-0.006459
0.005022000000,0.000000,0.026298
0.005024000000,0.000000,-0.026931
0.005026000000,0.000000,-0.025732
0.005028000000,0.000000,0.044789
0.005030000000,0.000000,-0.038500
0.005032000000,0.000000,0.020496
0.005034000000,0.000000,0.026615
0.005036000000,0.000000,-0.014876
0.005038000000,0.000000,-0.020400
0.005040000000,0.000000,0.002977
0.005042000000,0.000000,-0.003768
0.005044000000,0.000000,0.028536
0.005046000000,0.000000,-0.007542
0.005048000000,0.000000,-0.005529
0.005050000000,0.000000,-0.008838
0.005052000000,0.000000,0.005844
0.005054000000,0.000000,-0.043940
0.005056000000,0.000000,0.023726
0.005058000000,0.000000,-0.013743
0.005060000000,0.000000,-0.002699
0.005062000000,0.000000,0.009056
0.005064000000,0.000000,-0.054236
0.005066000000,0.000000,-0.023023
0.005068000000,0.000000,-0.010872
0.005070000000,0.000000,0.018095
0.005072000000,0.000000,-0.013901
0.005074000000,0.000000,0.010393
0.005076000000,0.000000,-0.014946
0.005078000000,0.000000,-0.000232
0.005080000000,0.000000,-0.021731
0.005082000000,0.000000,0.003176
0.005084000000,0.000000,0.005063
0.005086000000,0.000000,-0.001536
0.005088000000,0.000000,-0.020809
0.005090000000,0.000000,-0.009542
0.005092000000,0.000000,0.012961
0.005094000000,0.000000,0.024429
0.005096000000,0.000000,0.013328
0.005098000000,0.000000,-0.002808
0.005100000000,0.000000,-0.002706
0.005102000000,0.000000,0.000979
0.005104000000,0.000000,-0.012581
0.005106000000,0.000000,-0.001343
0.005108000000,0.000000,0.009586
0.005110000000,0.000000,-0.024130
0.005112000000,0.000000,-0.005562
0.005114000000,0.000000,0.008426
0.005116000000,0.000000,-0.003755
0.005118000000,0.000000,-0.018398
0.005120000000,0.000000,-0.017445
0.005122000000,0.000000,0.006113
0.005124000000,0.000000,-0.021205
0.005126000000,0.000000,-0.023875
0.005128000000,0.000000,-0.011775
0.005130000000,0.000000,0.000380
0.005132000000,0.000000,0.009312
0.005134000000,0.000000,0.026556
0.005136000000,0.000000,-0.019260
0.005138000000,0.000000,-0.009131
0.005140000000,0.000000,-0.035782
0.005142000000,0.000000,0.012650
0.005144000000,0.000000,0.034409
0.005146000000,0.000000,0.001353
0.005148000000,0.000000,-0.023370
0.005150000000,0.000000,0.007983
0.005152000000,0.000000,0.005606
0.005154000000,0.000000,-0.024886
0.005156000000,0.000000,0.038072
0.005158000000,0.000000,-0.025042
0.005160000000,0.000000,-0.000564
0.005162000000,0.000000,-0.021374
0.005164000000,0.000000,-0.010004
0.005166000000,0.000000,0.037808
0.005168000000,0.000000,0.010327
0.005170000000,0.000000,-0.008673
0.005172000000,0.000000,0.013452
0.005174000000,0.000000,-0.048521
0.005176000000,0.000000,0.009106
0.005178000000,0.000000,-0.022319
0.005180000000,0.000000,0.041294
0.005182000000,0.000000,-0.009343
0.005184000000,0.000000,0.011911
0.005186000000,0.000000,-0.033812
0.005188000000,0.000000,0.023051
0.005190000000,0.000000,0.010586
0.005192000000,0.000000,0.001789
0.005194000000,0.000000,-0.024161
0.005196000000,0.000000,-0.016359
0.005198000000,0.000000,-0.002970
0.005200000000,0.000000,-0.009974
0.005202000000,0.000000,0.013426
0.005204000000,0.000000,0.017573
0.005206000000,0.000000,0.000887
0.005208000000,0.000000,-0.003290
0.005210000000,0.000000,0.001650
0.005212000000,0.000000,0.001263
0.005214000000,0.000000,-0.027781
0.005216000000,0.000000,0.013587
0.005218000000,0.000000,-0.021957
0.005220000000,0.000000,0.007283
0.005222000000,0.000000,-0.017891
0.005224000000,0.000000,-0.006652
0.005226000000,0.000000,0.002601
0.005228000000,0.000000,0.002574
0.005230000000,0.000000,-0.003064
0.005232000000,0.000000,0.004369
0.005234000000,0.000000,0.006248
0.005236000000,0.000000,-0.005110
0.005238000000,0.000000,-0.004696
0.005240000000,0.000000,0.039295
0.005242000000,0.000000,-0.002773
0.005244000000,0.000000,-0.009056
0.005246000000,0.000000,0.035013
0.005248000000,0.000000,0.007464
0.005250000000,0.000000,0.028929
0.005252000000,0.000000,0.027529
0.005254000000,0.000000,0.039903
0.005256000000,0.000000,0.038305
0.005258000000,0.000000,-0.016660
0.005260000000,0.000000,0.042615
0.005262000000,0.000000,0.043805
0.005264000000,0.000000,0.014768
0.005266000000,0.000000,0.024186
0.005268000000,0.000000,-0.023208
0.005270000000,0.000000,0.019985
0.005272000000,0.000000,0.011800
0.005274000000,0.000000,-0.015715
0.005276000000,0.000000,-0.014516
0.005278000000,0.000000,0.016742
0.005280000000,0.000000,-0.019861
0.005282000000,0.000000,-0.015416
0.005284000000,0.000000,-0.005840
0.005286000000,0.000000,-0.036850
0.005288000000,0.000000,0.011971
0.005290000000,0.000000,-0.019838
0.005292000000,0.000000,-0.013566
0.005294000000,0.000000,0.002516
0.005296000000,0.000000,-0.002586
0.005298000000,0.000000,-0.010739
0.005300000000,0.000000,-0.031609
0.005302000000,0.000000,-0.002481
0.005304000000,0.000000,-0.001351
0.005306000000,0.000000,-0.010916
0.005308000000,0.000000,0.001491
0.005310000000,0.000000,-0.013162
0.005312000000,0.000000,-0.019260
0.005314000000,0.000000,0.024582
0.005316000000,0.000000,-0.030238
0.005318000000,0.000000,0.011900
0.005320000000,0.000000,0.030416
0.005322000000,0.000000,-0.019401
0.005324000000,0.000000,0.021400
0.005326000000,0.000000,-0.001098
0.005328000000,0.000000,-0.000432
0.005330000000,0.000000,0.026317
0.005332000000,0.000000,0.022284
0.005334000000,0.000000,0.048978
0.005336000000,0.000000,0.009383
0.005338000000,0.000000,-0.009705
0.005340000000,0.000000,-0.025220
0.005342000000,0.000000,0.027942
0.005344000000,0.000000,-0.017426
0.005346000000,0.000000,-0.034047
0.005348000000,0.000000,-0.025060
0.005350000000,0.000000,-0.016670
0.005352000000,0.000000,0.011310
0.005354000000,0.000000,0.002636
0.005356000000,0.000000,-0.002914
0.005358000000,0.000000,-0.036858
0.005360000000,0.000000,-0.004240
0.005362000000,0.000000,-0.026887
0.005364000000,0.000000,-0.029262
0.005366000000,0.000000,-0.012064
0.005368000000,0.000000,0.031529
0.005370000000,0.000000,0.004283
0.005372000000,0.000000,0.005880
0.005374000000,0.000000,-0.005511
0.005376000000,0.000000,0.015772
0.005378000000,0.000000,-0.000396
0.005380000000,0.000000,-0.016182
0.005382000000,0.000000,0.039389
0.005384000000,0.000000,-0.053493
0.005386000000,0.000000,-0.007568
0.005388000000,0.000000,-0.012097
0.005390000000,0.000000,-0.000850
0.005392000000,0.000000,0.003995
0.005394000000,0.000000,0.006788
0.005396000000,0.000000,-0.039089
0.005398000000,0.000000,-0.000706
0.005400000000,0.000000,0.026512
0.005402000000,0.000000,-0.022644
0.005404000000,0.000000,0.016464
0.005406000000,0.000000,-0.014960
0.005408000000,0.000000,-0.019961
0.005410000000,0.000000,0.039485
0.005412000000,0.000000,-0.008709
0.005414000000,0.000000,0.009027
0.005416000000,0.000000,0.013709
0.005418000000,0.000000,-0.007355
0.005420000000,0.000000,-0.027364
0.005422000000,0.000000,-0.039465
0.005424000000,0.000000,-0.027724
0.005426000000,0.000000,0.015860
0.005428000000,0.000000,-0.011131
0.005430000000,0.000000,-0.032633
0.005432000000,0.000000,-0.016085
0.005434000000,0.000000,0.016088
0.005436000000,0.000000,-0.023899
0.005438000000,0.000000,0.025628
0.005440000000,0.000000,-0.003579
0.005442000000,0.000000,-0.009168
0.005444000000,0.000000,0.022732
0.005446000000,0.000000,-0.016930
0.005448000000,0.000000,0.008588
0.005450000000,0.000000,-0.026274
0.005452000000,0.000000,0.024063
0.005454000000,0.000000,0.035194
0.005456000000,0.000000,0.005123
0.005458000000,0.000000,0.012161
0.005460000000,0.000000,-0.004930
0.005462000000,0.000000,-0.009084
0.005464000000,0.000000,-0.004919
0.005466000000,0.000000,-0.000329
0.005468000000,0.000000,0.015100
0.005470000000,0.000000,0.001194
0.005472000000,0.000000,0.008657
0.005474000000,0.000000,-0.022246
0.005476000000,0.000000,-0.009577
0.005478000000,0.000000,0.006381
0.005480000000,0.000000,-0.043969
0.005482000000,0.000000,0.033128
0.005484000000,0.000000,-0.015514
0.005486000000,0.000000,-0.004068
0.005488000000,0.000000,0.019005
0.005490000000,0.000000,0.018991
0.005492000000,0.000000,0.013259
0.005494000000,0.000000,-0.015566
0.005496000000,0.000000,0.005914
0.005498000000,0.000000,-0.009421
0.005500000000,0.000000,-0.011857
0.005502000000,0.000000,-0.030524
0.005504000000,0.000000,0.018941
0.005506000000,0.000000,-0.008705
0.005508000000,0.000000,-0.003408
0.005510000000,0.000000,0.019511
0.005512000000,0.000000,-0.045741
0.005514000000,0.000000,0.009973
0.005516000000,0.000000,0.014734
0.005518000000,0.000000,-0.000918
0.005520000000,0.000000,0.024418
0.005522000000,0.000000,0.004227
0.005524000000,0.000000,0.018538
0.005526000000,0.000000,0.011236
0.005528000000,0.000000,0.030874
0.005530000000,0.000000,0.017579
0.005532000000,0.000000,0.022361
0.005534000000,0.000000,-0.000400
0.005536000000,0.000000,0.004105
0.005538000000,0.000000,0.004480
0.005540000000,0.000000,-0.036084
0.005542000000,0.000000,-0.004660
0.005544000000,0.000000,-0.022379
0.005546000000,0.000000,0.022301
0.005548000000,0.000000,0.004238
0.005550000000,0.000000,-0.004963
0.005552000000,0.000000,0.000205
0.005554000000,0.000000,-0.016843
0.005556000000,0.000000,-0.004359
0.005558000000,0.000000,0.004190
0.005560000000,0.000000,-0.023067
0.005562000000,0.000000,0.001992
0.005564000000,0.000000,-0.032109
0.005566000000,0.000000,0.035980
0.005568000000,0.000000,-0.010708
0.005570000000,0.000000,0.004515
0.005572000000,0.000000,-0.020927
0.005574000000,0.000000,0.041144
0.005576000000,0.000000,0.005241
0.005578000000,0.000000,0.021671
0.005580000000,0.000000,0.001784
0.005582000000,0.000000,-0.011481
0.005584000000,0.000000,-0.010328
0.005586000000,0.000000,0.018390
0.005588000000,0.000000,0.020428
0.005590000000,0.000000,-0.001846
0.005592000000,0.000000,-0.004229
0.005594000000,0.000000,0.034912
0.005596000000,0.000000,-0.008614
0.005598000000,0.000000,-0.027272
0.005600000000,0.000000,0.015030
0.005602000000,0.000000,-0.036292
0.005604000000,0.000000,-0.024601
0.005606000000,0.000000,0.026029
0.005608000000,0.000000,-0.011409
0.005610000000,0.000000,0.000394
0.005612000000,0.000000,0.021718
0.005614000000,0.000000,-0.023185
0.005616000000,0.000000,-0.024916
0.005618000000,0.000000,-0.012377
0.005620000000,0.000000,0.004182
0.005622000000,0.000000,-0.014057
0.005624000000,0.000000,-0.017820
0.005626000000,0.000000,0.011909
0.005628000000,0.000000,-0.005956
0.005630000000,0.000000,-0.045216
0.005632000000,0.000000,-0.003327
0.005634000000,0.000000,0.001484
0.005636000000,0.000000,-0.048830
0.005638000000,0.000000,0.008018
0.005640000000,0.000000,0.008811
0.005642000000,0.000000,-0.004664
0.005644000000,0.000000,0.013219
0.005646000000,0.000000,0.049281
0.005648000000,0.000000,0.017035
0.005650000000,0.000000,0.005902
0.005652000000,0.000000,0.011874
0.005654000000,0.000000,-0.006950
0.005656000000,0.000000,-0.022566
0.005658000000,0.000000,0.022607
0.005660000000,0.000000,-0.007072
0.005662000000,0.000000,0.012148
0.005664000000,0.000000,0.037024
0.005666000000,0.000000,-0.020784
0.005668000000,0.000000,-0.021175
0.005670000000,0.000000,0.001327
0.005672000000,0.000000,-0.007552
0.005674000000,0.000000,0.025924
0.005676000000,0.000000,0.005188
0.005678000000,0.000000,0.002246
0.005680000000,0.000000,-0.003818
0.005682000000,0.000000,-0.000122
0.005684000000,0.000000,0.007955
0.005686000000,0.000000,-0.034272
0.005688000000,0.000000,-0.015994
0.005690000000,0.000000,0.007623
0.005692000000,0.000000,0.014654
0.005694000000,0.000000,-0.034060
0.005696000000,0.000000,0.012649
0.005698000000,0.000000,-0.017334
0.005700000000,0.000000,-0.029171
0.005702000000,0.000000,0.003642
0.005704000000,0.000000,0.000309
0.005706000000,0.000000,-0.022304
0.005708000000,0.000000,-0.011192
0.005710000000,0.000000,-0.035643
0.005712000000,0.000000,-0.019017
0.005714000000,0.000000,0.016963
0.005716000000,0.000000,0.021365
0.005718000000,0.000000,-0.003647
0.005720000000,0.000000,-0.015020
0.005722000000,0.000000,-0.010719
0.005724000000,0.000000,0.005103
0.005726000000,0.000000,-0.007331
0.005728000000,0.000000,0.010418
0.005730000000,0.000000,-0.021170
0.005732000000,0.000000,-0.008521
0.005734000000,0.000000,-0.036982
0.005736000000,0.000000,-0.007007
0.005738000000,0.000000,0.024047
0.005740000000,0.000000,-0.006027
0.005742000000,0.000000,0.029756
0.005744000000,0.000000,-0.015095
0.005746000000,0.000000,-0.012584
0.005748000000,0.000000,-0.018804
0.005750000000,0.000000,0.054706
0.005752000000,0.000000,-0.000595
0.005754000000,0.000000,-0.026962
0.005756000000,0.000000,-0.007013
0.005758000000,0.000000,0.004226
0.005760000000,0.000000,0.008612
0.005762000000,0.000000,0.050893
0.005764000000,0.000000,0.006142
0.005766000000,0.000000,-0.000381
0.005768000000,0.000000,0.024206
0.005770000000,0.000000,-0.007481
0.005772000000,0.000000,0.006507
0.005774000000,0.000000,-0.019547
0.005776000000,0.000000,-0.005783
0.005778000000,0.000000,-0.018383
0.005780000000,0.000000,0.020725
0.005782000000,0.000000,0.030819
0.005784000000,0.000000,0.009946
0.005786000000,0.000000,0.006848
0.005788000000,0.000000,-0.033411
0.005790000000,0.000000,0.035867
0.005792000000,0.000000,0.036022
0.005794000000,0.000000,-0.013708
0.005796000000,0.000000,0.012137
0.005798000000,0.000000,-0.002847
0.005800000000,0.000000,-0.010359
0.005802000000,0.000000,-0.027278
0.005804000000,0.000000,0.038014
0.005806000000,0.000000,-0.029903
0.005808000000,0.000000,-0.007947
0.005810000000,0.000000,-0.010033
0.005812000000,0.000000,-0.025029
0.005814000000,0.000000,-0.015049
0.005816000000,0.000000,-0.001885
0.005818000000,0.000000,0.011421
0.005820000000,0.000000,-0.029890
0.005822000000,0.000000,0.023294
0.005824000000,0.000000,0.012277
0.005826000000,0.000000,0.002284
0.005828000000,0.000000,0.005666
0.005830000000,0.000000,0.008853
0.005832000000,0.000000,-0.032799
0.005834000000,0.000000,-0.001107
0.005836000000,0.000000,0.004096
0.005838000000,0.000000,0.013628
0.005840000000,0.000000,-0.019032
0.005842000000,0.000000,-0.023270
0.005844000000,0.000000,-0.015646
0.005846000000,0.000000,-0.012138
0.005848000000,0.000000,0.019718
0.005850000000,0.000000,0.022873
0.005852000000,0.000000,-0.008141
0.005854000000,0.000000,-0.039460
0.005856000000,0.000000,0.015978
0.005858000000,0.000000,0.004249
0.005860000000,0.000000,0.040422
0.005862000000,0.000000,-0.003370
0.005864000000,0.000000,0.031971
0.005866000000,0.000000,0.006198
0.005868000000,0.000000,0.000117
0.005870000000,0.000000,-0.020127
0.005872000000,0.000000,-0.014820
0.005874000000,0.000000,0.004068
0.005876000000,0.000000,-0.007154
0.005878000000,0.000000,-0.025726
0.005880000000,0.000000,-0.021552
0.005882000000,0.000000,0.003076
0.005884000000,0.000000,-0.012383
0.005886000000,0.000000,-0.003353
0.005888000000,0.000000,0.014438
0.005890000000,0.000000,-0.035694
0.005892000000,0.000000,0.017818
0.005894000000,0.000000,-0.026104
0.005896000000,0.000000,0.052546
0.005898000000,0.000000,0.026737
0.005900000000,0.000000,0.020569
0.005902000000,0.000000,-0.005068
0.005904000000,0.000000,0.007571
0.005906000000,0.000000,-0.008533
0.005908000000,0.000000,-0.013843
0.005910000000,0.000000,-0.018493
0.005912000000,0.000000,-0.029355
0.005914000000,0.000000,0.006106
0.005916000000,0.000000,-0.006512
0.005918000000,0.000000,-0.016404
0.005920000000,0.000000,-0.006987
0.005922000000,0.000000,-0.039574
0.005924000000,0.000000,0.006496
0.005926000000,0.000000,0.003337
0.005928000000,0.000000,-0.033236
0.005930000000,0.000000,0.009929
0.005932000000,0.000000,-0.000850
0.005934000000,0.000000,-0.010069
0.005936000000,0.000000,0.015673
0.005938000000,0.000000,0.008036
0.005940000000,0.000000,0.017802
0.005942000000,0.000000,0.031620
0.005944000000,0.000000,-0.007324
0.005946000000,0.000000,0.008769
0.005948000000,0.000000,-0.005802
0.005950000000,0.000000,0.000661
0.005952000000,0.000000,-0.029153
0.005954000000,0.000000,0.001485
0.005956000000,0.000000,-0.030225
0.005958000000,0.000000,-0.004969
0.005960000000,0.000000,-0.025821
0.005962000000,0.000000,-0.010908
0.005964000000,0.000000,-0.016733
0.005966000000,0.000000,0.032696
0.005968000000,0.000000,0.001145
0.005970000000,0.000000,-0.005693
0.005972000000,0.000000,-0.024990
0.005974000000,0.000000,0.037785
0.005976000000,0.000000,0.023734
0.005978000000,0.000000,0.004137
0.005980000000,0.000000,0.027319
0.005982000000,0.000000,-0.012442
0.005984000000,0.000000,0.022755
0.005986000000,0.000000,-0.002124
0.005988000000,0.000000,-0.036247
0.005990000000,0.000000,0.010640
0.005992000000,0.000000,-0.009293
0.005994000000,0.000000,0.024195
0.005996000000,0.000000,0.003802
0.005998000000,0.000000,0.013899
0.006000000000,0.000000,0.011645
0.006002000000,0.000000,-0.022291
0.006004000000,0.000000,0.007724
0.006006000000,0.000000,-0.018650
0.006008000000,0.000000,-0.002463
0.006010000000,0.000000,-0.014369
0.006012000000,0.000000,0.007539
0.006014000000,0.000000,0.015208
0.006016000000,0.000000,0.010796
0.006018000000,0.000000,-0.006764
0.006020000000,0.000000,-0.046054
0.006022000000,0.000000,-0.011706
0.006024000000,0.000000,-0.012651
0.006026000000,0.000000,-0.012707
0.006028000000,0.000000,0.018094
0.006030000000,0.000000,0.011395
0.006032000000,0.000000,0.018992
0.006034000000,0.000000,-0.004309
0.006036000000,0.000000,0.004192
0.006038000000,0.000000,0.012428
0.006040000000,0.000000,-0.007716
0.006042000000,0.000000,0.009687
0.006044000000,0.000000,0.005503
0.006046000000,0.000000,0.004257
0.006048000000,0.000000,-0.003050
0.006050000000,0.000000,0.002753
0.006052000000,0.000000,-0.004776
0.006054000000,0.000000,0.010029
0.006056000000,0.000000,0.012605
0.006058000000,0.000000,0.023768
0.006060000000,0.000000,0.053463
0.006062000000,0.000000,-0.018007
0.006064000000,0.000000,0.032564
0.006066000000,0.000000,0.017465
0.006068000000,0.000000,0.025934
0.006070000000,0.000000,-0.012325
0.006072000000,0.000000,-0.003543
0.006074000000,0.000000,-0.040632
0.006076000000,0.000000,-0.028021
0.006078000000,0.000000,0.019619
0.006080000000,0.000000,0.004500
0.006082000000,0.000000,0.000527
0.006084000000,0.000000,-0.014823
0.006086000000,0.000000,-0.026250
0.006088000000,0.000000,0.002058
0.006090000000,0.000000,0.016328
0.006092000000,0.000000,-0.023692
0.006094000000,0.000000,0.019327
0.006096000000,0.000000,-0.017542
0.006098000000,0.000000,-0.004758
0.006100000000,0.000000,0.006520
0.006102000000,0.000000,0.024871
0.006104000000,0.000000,0.039489
0.006106000000,0.000000,-0.007464
0.006108000000,0.000000,-0.011013
0.006110000000,0.000000,-0.018597
0.006112000000,0.000000,-0.018270
0.006114000000,0.000000,0.005772
0.006116000000,0.000000,-0.030857
0.006118000000,0.000000,0.002711
0.006120000000,0.000000,-0.016736
0.006122000000,0.000000,0.024461
0.006124000000,0.000000,0.022416
0.006126000000,0.000000,-0.001864
0.006128000000,0.000000,0.003637
0.006130000000,0.000000,-0.005898
0.006132000000,0.000000,0.002762
0.006134000000,0.000000,0.016437
0.006136000000,0.000000,0.010555
0.006138000000,0.000000,0.022952
0.006140000000,0.000000,-0.018816
0.006142000000,0.000000,0.000336
0.006144000000,0.000000,-0.014384
0.006146000000,0.000000,0.033192
0.006148000000,0.000000,-0.000729
0.006150000000,0.000000,0.036037
0.006152000000,0.000000,0.001221
0.006154000000,0.000000,-0.006322
0.006156000000,0.000000,-0.002426
0.006158000000,0.000000,-0.006741
0.006160000000,0.000000,-0.018686
0.006162000000,0.000000,0.015868
0.006164000000,0.000000,-0.002630
0.006166000000,0.000000,-0.005957
0.006168000000,0.000000,-0.001893
0.006170000000,0.000000,0.025403
0.006172000000,0.000000,0.036916
0.006174000000,0.000000,-0.009652
0.006176000000,0.000000,-0.015125
0.006178000000,0.000000,0.029799
0.006180000000,0.000000,-0.004935
0.006182000000,0.000000,-0.016862
0.006184000000,0.000000,0.004467
0.006186000000,0.000000,0.013213
0.006188000000,0.000000,-0.007686
0.006190000000,0.000000,-0.026088
0.006192000000,0.000000,0.017508
0.006194000000,0.000000,0.012556
0.006196000000,0.000000,-0.009996
0.006198000000,0.000000,-0.001369
0.006200000000,0.000000,0.013370
0.006202000000,0.000000,0.000367
0.006204000000,0.000000,0.008918
0.006206000000,0.000000,0.012938
0.006208000000,0.000000,0.002183
0.006210000000,0.000000,0.014692
0.006212000000,0.000000,0.018415
0.006214000000,0.000000,0.012840
0.006216000000,0.000000,-0.005180
0.006218000000,0.000000,0.011576
0.006220000000,0.000000,-0.034097
0.006222000000,0.000000,-0.001327
0.006224000000,0.000000,0.018088
0.006226000000,0.000000,0.014492
0.006228000000,0.000000,0.024433
0.006230000000,0.000000,0.038405
0.006232000000,0.000000,-0.016856
0.006234000000,0.000000,-0.023751
0.006236000000,0.000000,0.018964
0.006238000000,0.000000,0.031801
0.006240000000,0.000000,0.031685
0.006242000000,0.000000,-0.006532
0.006244000000,0.000000,0.004303
0.006246000000,0.000000,-0.009531
0.006248000000,0.000000,-0.014770
0.006250000000,0.000000,0.002797
0.006252000000,0.000000,0.027791
0.006254000000,0.000000,0.026419
0.006256000000,0.000000,0.017151
0.006258000000,0.000000,-0.038862
0.006260000000,0.000000,-0.017652
0.006262000000,0.000000,-0.011874
0.006264000000,0.000000,0.012131
0.006266000000,0.000000,-0.042031
0.006268000000,0.000000,-0.015040
0.006270000000,0.000000,0.015919
0.006272000000,0.000000,0.006673
0.006274000000,0.000000,-0.013269
0.006276000000,0.000000,-0.013250
0.006278000000,0.000000,-0.005666
0.006280000000,0.000000,0.015950
0.006282000000,0.000000,0.003089
0.006284000000,0.000000,-0.000722
0.006286000000,0.000000,-0.002426
0.006288000000,0.000000,-0.013791
0.006290000000,0.000000,-0.011118
0.006292000000,0.000000,-0.016518
0.006294000000,0.000000,0.006800
0.006296000000,0.000000,0.005393
0.006298000000,0.000000,0.002743
0.006300000000,0.000000,0.012798
0.006302000000,0.000000,0.019118
0.006304000000,0.000000,0.027536
0.006306000000,0.000000,0.000179
0.006308000000,0.000000,0.007793
0.006310000000,0.000000,-0.006164
0.006312000000,0.000000,0.017369
0.006314000000,0.000000,0.017089
0.006316000000,0.000000,-0.045910
0.006318000000,0.000000,-0.026815
0.006320000000,0.000000,0.001893
0.006322000000,0.000000,0.012443
0.006324000000,0.000000,0.011494
0.006326000000,0.000000,0.004670
0.006328000000,0.000000,0.034209
0.006330000000,0.000000,0.025112
0.006332000000,0.000000,0.023887
0.006334000000,0.000000,-0.007326
0.006336000000,0.000000,-0.011120
0.006338000000,0.000000,-0.003654
0.006340000000,0.000000,0.001395
0.006342000000,0.000000,0.001516
0.006344000000,0.000000,-0.017119
0.006346000000,0.000000,0.029936
0.006348000000,0.000000,-0.001471
0.006350000000,0.000000,0.020908
0.006352000000,0.000000,0.005097
0.006354000000,0.000000,-0.022462
0.006356000000,0.000000,0.015452
0.006358000000,0.000000,0.025530
0.006360000000,0.000000,-0.030753
0.006362000000,0.000000,0.007035
0.006364000000,0.000000,0.008599
0.006366000000,0.000000,-0.008192
0.006368000000,0.000000,-0.015000
0.006370000000,0.000000,-0.045875
0.006372000000,0.000000,0.011092
0.006374000000,0.000000,-0.030515
0.006376000000,0.000000,-0.030343
0.006378000000,0.000000,-0.001728
0.006380000000,0.000000,-0.020306
0.006382000000,0.000000,0.019129
0.006384000000,0.000000,0.000695
0.006386000000,0.000000,-0.010961
0.006388000000,0.000000,0.024267
0.006390000000,0.000000,-0.003755
0.006392000000,0.000000,0.013049
0.006394000000,0.000000,-0.026679
0.006396000000,0.000000,-0.001322
0.006398000000,0.000000,-0.021321
0.006400000000,0.000000,-0.002028
0.006402000000,0.000000,-0.053957
0.006404000000,0.000000,-0.017965
0.006406000000,0.000000,0.013134
0.006408000000,0.000000,0.011621
0.006410000000,0.000000,0.028782
0.006412000000,0.000000,-0.009165
0.006414000000,0.000000,-0.034132
0.006416000000,0.000000,0.001473
0.006418000000,0.000000,0.012193
0.006420000000,0.000000,0.028038
0.006422000000,0.000000,0.048825
0.006424000000,0.000000,-0.001234
0.006426000000,0.000000,-0.000841
0.006428000000,0.000000,-0.000592
0.006430000000,0.000000,-0.004341
0.006432000000,0.000000,-0.009994
0.006434000000,0.000000,0.005492
0.006436000000,0.000000,-0.023626
0.006438000000,0.000000,0.014919
0.006440000000,0.000000,-0.017674
0.006442000000,0.000000,-0.018916
0.006444000000,0.000000,0.012260
0.006446000000,0.000000,0.014943
0.006448000000,0.000000,-0.008389
0.006450000000,0.000000,-0.012328
0.006452000000,0.000000,-0.027462
0.006454000000,0.000000,-0.031875
0.006456000000,0.000000,0.018114
0.006458000000,0.000000,-0.041751
0.006460000000,0.000000,0.014465
0.006462000000,0.000000,-0.001132
0.006464000000,0.000000,0.008355
0.006466000000,0.000000,-0.033659
0.006468000000,0.000000,-0.006051
0.006470000000,0.000000,-0.002979
0.006472000000,0.000000,0.027829
0.006474000000,0.000000,-0.001048
0.006476000000,0.000000,-0.035685
0.006478000000,0.000000,-0.001143
0.006480000000,0.000000,-0.015408
0.006482000000,0.000000,0.027925
0.006484000000,0.000000,0.024641
0.006486000000,0.000000,0.013120
0.006488000000,0.000000,0.008915
0.006490000000,0.000000,-0.004630
0.006492000000,0.000000,0.006915
0.006494000000,0.000000,0.017016
0.006496000000,0.000000,-0.048880
0.006498000000,0.000000,-0.020309
0.006500000000,0.000000,-0.012884
0.006502000000,0.000000,-0.021744
0.006504000000,0.000000,0.041697
0.006506000000,0.000000,0.001228
0.006508000000,0.000000,0.003934
0.006510000000,0.000000,-0.015157
0.006512000000,0.000000,-0.004232
0.006514000000,0.000000,-0.011196
0.006516000000,0.000000,0.013199
0.006518000000,0.000000,0.015259
0.006520000000,0.000000,0.012732
0.006522000000,0.000000,-0.041558
0.006524000000,0.000000,-0.027574
0.006526000000,0.000000,0.028027
0.006528000000,0.000000,-0.026279
0.006530000000,0.000000,-0.033591
0.006532000000,0.000000,-0.026162
0.006534000000,0.000000,-0.003176
0.006536000000,0.000000,-0.010863
0.006538000000,0.000000,-0.004562
0.006540000000,0.000000,0.004917
0.006542000000,0.000000,-0.018332
0.006544000000,0.000000,0.022058
0.006546000000,0.000000,0.015491
0.006548000000,0.000000,-0.034802
0.006550000000,0.000000,-0.007185
0.006552000000,0.000000,-0.008930
0.006554000000,0.000000,0.006430
0.006556000000,0.000000,-0.031390
0.006558000000,0.000000,-0.008229
0.006560000000,0.000000,-0.002840
0.006562000000,0.000000,0.004447
0.006564000000,0.000000,0.016176
0.006566000000,0.000000,0.012483
0.006568000000,0.000000,0.012680
0.006570000000,0.000000,-0.009926
0.006572000000,0.000000,-0.008033
0.006574000000,0.000000,0.013105
0.006576000000,0.000000,-0.037335
0.006578000000,0.000000,-0.026837
0.006580000000,0.000000,-0.003066
0.006582000000,0.000000,0.009303
0.006584000000,0.000000,-0.000941
0.006586000000,0.000000,-0.002004
0.006588000000,0.000000,-0.000567
0.006590000000,0.000000,0.015742
0.006592000000,0.000000,-0.010622
0.006594000000,0.000000,-0.030363
0.006596000000,0.000000,0.007951
0.006598000000,0.000000,-0.000036
0.006600000000,0.000000,-0.014901
0.006602000000,0.000000,-0.007187
0.006604000000,0.000000,0.018037
0.006606000000,0.000000,0.010314
0.006608000000,0.000000,-0.008690
0.006610000000,0.000000,-0.001365
0.006612000000,0.000000,0.025249
0.006614000000,0.000000,-0.025241
0.006616000000,0.000000,-0.000721
0.006618000000,0.000000,0.032889
0.006620000000,0.000000,-0.015743
0.006622000000,0.000000,-0.020580
0.006624000000,0.000000,0.027771
0.006626000000,0.000000,0.009371
0.006628000000,0.000000,0.035615
0.006630000000,0.000000,-0.036702
0.006632000000,0.000000,0.017145
0.006634000000,0.000000,0.009799
0.006636000000,0.000000,-0.027585
0.006638000000,0.000000,0.013399
0.006640000000,0.000000,-0.016439
0.006642000000,0.000000,-0.020478
0.006644000000,0.000000,0.005545
0.006646000000,0.000000,0.045686
0.006648000000,0.000000,0.004518
0.006650000000,0.000000,-0.002167
0.006652000000,0.000000,0.001408
0.006654000000,0.000000,-0.002595
0.006656000000,0.000000,0.043221
0.006658000000,0.000000,0.003077
0.006660000000,0.000000,-0.022401
0.006662000000,0.000000,-0.040949
0.006664000000,0.000000,-0.001180
0.006666000000,0.000000,-0.039096
0.006668000000,0.000000,0.026970
0.006670000000,0.000000,-0.005342
0.006672000000,0.000000,0.002475
0.006674000000,0.000000,-0.024441
0.006676000000,0.000000,0.027086
0.006678000000,0.000000,-0.018260
0.006680000000,0.000000,0.005444
0.006682000000,0.000000,0.007113
0.006684000000,0.000000,-0.013031
0.006686000000,0.000000,-0.007708
0.006688000000,0.000000,0.003711
0.006690000000,0.000000,0.006362
0.006692000000,0.000000,0.040306
0.006694000000,0.000000,-0.017061
0.006696000000,0.000000,0.015242
0.006698000000,0.000000,0.017159
0.006700000000,0.000000,-0.023912
0.006702000000,0.000000,-0.007698
0.006704000000,0.000000,-0.031665
0.006706000000,0.000000,0.016212
0.006708000000,0.000000,0.000615
0.006710000000,0.000000,-0.049038
0.006712000000,0.000000,0.010396
0.006714000000,0.000000,0.030609
0.006716000000,0.000000,-0.009554
0.006718000000,0.000000,0.016440
0.006720000000,0.000000,-0.014834
0.006722000000,0.000000,0.032185
0.006724000000,0.000000,-0.012541
0.006726000000,0.000000,0.038149
0.006728000000,0.000000,0.026382
0.006730000000,0.000000,0.016292
0.006732000000,0.000000,-0.031914
0.006734000000,0.000000,-0.013787
0.006736000000,0.000000,0.033449
0.006738000000,0.000000,0.010441
0.006740000000,0.000000,0.001590
0.006742000000,0.000000,0.002132
0.006744000000,0.000000,-0.019963
0.006746000000,0.000000,0.011939
0.006748000000,0.000000,0.003407
0.006750000000,0.000000,-0.017436
0.006752000000,0.000000,-0.039213
0.006754000000,0.000000,0.022420
0.006756000000,0.000000,-0.039746
0.006758000000,0.000000,-0.020609
0.006760000000,0.000000,-0.041488
0.006762000000,0.000000,-0.006900
0.006764000000,0.000000,0.010189
0.006766000000,0.000000,0.022042
0.006768000000,0.000000,0.019274
0.006770000000,0.000000,-0.018801
0.006772000000,0.000000,-0.021402
0.006774000000,0.000000,0.025449
0.006776000000,0.000000,-0.005321
0.006778000000,0.000000,0.029613
0.006780000000,0.000000,-0.029835
0.006782000000,0.000000,0.036595
0.006784000000,0.000000,-0.025324
0.006786000000,0.000000,0.017366
0.006788000000,0.000000,-0.009079
0.006790000000,0.000000,0.010484
0.006792000000,0.000000,-0.038907
0.006794000000,0.000000,-0.023259
0.006796000000,0.000000,-0.002387
0.006798000000,0.000000,-0.025199
0.006800000000,0.000000,-0.023547
0.006802000000,0.000000,-0.003529
0.006804000000,0.000000,-0.036331
0.006806000000,0.000000,0.061265
0.006808000000,0.000000,-0.018790
0.006810000000,0.000000,0.022125
0.006812000000,0.000000,-0.018416
0.006814000000,0.000000,0.009364
0.006816000000,0.000000,-0.019087
0.006818000000,0.000000,0.034719
0.006820000000,0.000000,-0.033253
0.006822000000,0.000000,-0.007982
0.006824000000,0.000000,-0.050047
0.006826000000,0.000000,-0.018103
0.006828000000,0.000000,0.028598
0.006830000000,0.000000,-0.009715
0.006832000000,0.000000,0.046088
0.006834000000,0.000000,-0.003137
0.006836000000,0.000000,-0.016108
0.006838000000,0.000000,0.021174
0.006840000000,0.000000,-0.020092
0.006842000000,0.000000,-0.013229
0.006844000000,0.000000,-0.042168
0.006846000000,0.000000,0.017731
0.006848000000,0.000000,-0.017346
0.006850000000,0.000000,0.014743
0.006852000000,0.000000,0.008853
0.006854000000,0.000000,-0.034992
0.006856000000,0.000000,0.000123
0.006858000000,0.000000,-0.021010
0.006860000000,0.000000,-0.009627
0.006862000000,0.000000,-0.012758
0.006864000000,0.000000,-0.002003
0.006866000000,0.000000,0.008858
0.006868000000,0.000000,0.019189
0.006870000000,0.000000,-0.019350
0.006872000000,0.000000,0.035733
0.006874000000,0.000000,-0.031869
0.006876000000,0.000000,-0.010328
0.006878000000,0.000000,-0.034872
0.006880000000,0.000000,-0.024207
0.006882000000,0.000000,0.036570
0.006884000000,0.000000,-0.015891
0.006886000000,0.000000,-0.011395
0.006888000000,0.000000,-0.062647
0.006890000000,0.000000,0.024815
0.006892000000,0.000000,0.035297
0.006894000000,0.000000,-0.012017
0.006896000000,0.000000,-0.022178
0.006898000000,0.000000,0.013450
0.006900000000,0.000000,-0.001529
0.006902000000,0.000000,0.028475
0.006904000000,0.000000,-0.013549
0.006906000000,0.000000,0.000675
0.006908000000,0.000000,0.005899
0.006910000000,0.000000,0.003781
0.006912000000,0.000000,-0.007035
0.006914000000,0.000000,-0.002454
0.006916000000,0.000000,0.003979
0.006918000000,0.000000,-0.005298
0.006920000000,0.000000,0.014721
0.006922000000,0.000000,0.005291
0.006924000000,0.000000,0.001247
0.006926000000,0.000000,-0.008028
0.006928000000,0.000000,-0.013560
0.006930000000,0.000000,-0.017073
0.006932000000,0.000000,0.003063
0.006934000000,0.000000,0.023002
0.006936000000,0.000000,-0.002187
0.006938000000,0.000000,-0.018738
0.006940000000,0.000000,-0.029073
0.006942000000,0.000000,-0.022331
0.006944000000,0.000000,0.021812
0.006946000000,0.000000,0.029361
0.006948000000,0.000000,0.011483
0.006950000000,0.000000,-0.013026
0.006952000000,0.000000,0.015910
0.006954000000,0.000000,-0.004157
0.006956000000,0.000000,0.023560
0.006958000000,0.000000,-0.014656
0.006960000000,0.000000,-0.027063
0.006962000000,0.000000,0.000298
0.006964000000,0.000000,-0.018660
0.006966000000,0.000000,0.023869
0.006968000000,0.000000,0.002588
0.006970000000,0.000000,-0.009456
0.006972000000,0.000000,-0.005677
0.006974000000,0.000000,-0.008704
0.006976000000,0.000000,-0.018687
0.006978000000,0.000000,0.038630
0.006980000000,0.000000,-0.022443
0.006982000000,0.000000,0.012680
0.006984000000,0.000000,-0.000592
0.006986000000,0.000000,0.022613
0.006988000000,0.000000,-0.020649
0.006990000000,0.000000,0.011737
0.006992000000,0.000000,0.003948
0.006994000000,0.000000,-0.032042
0.006996000000,0.000000,-0.014573
0.006998000000,0.000000,-0.006724
0.007000000000,0.000000,0.022451
0.007002000000,0.000000,0.032670
0.007004000000,0.000000,-0.010222
0.007006000000,0.000000,-0.016013
0.007008000000,0.000000,-0.001788
0.007010000000,0.000000,-0.007905
0.007012000000,0.000000,-0.009824
0.007014000000,0.000000,0.017051
0.007016000000,0.000000,0.044025
0.007018000000,0.000000,-0.026793
0.007020000000,0.000000,0.013710
0.007022000000,0.000000,-0.019903
0.007024000000,0.000000,0.000444
0.007026000000,0.000000,-0.027240
0.007028000000,0.000000,-0.011416
0.007030000000,0.000000,-0.018320
0.007032000000,0.000000,0.017100
0.007034000000,0.000000,-0.006934
0.007036000000,0.000000,0.020908
0.007038000000,0.000000,0.020617
0.007040000000,0.000000,-0.017442
0.007042000000,0.000000,0.002208
0.007044000000,0.000000,-0.020927
0.007046000000,0.000000,0.008793
0.007048000000,0.000000,0.025788
0.007050000000,0.000000,0.018369
0.007052000000,0.000000,0.007744
0.007054000000,0.000000,-0.000539
0.007056000000,0.000000,-0.008644
0.007058000000,0.000000,0.003349
0.007060000000,0.000000,-0.018084
0.007062000000,0.000000,0.022978
0.007064000000,0.000000,0.032239
0.007066000000,0.000000,-0.014140
0.007068000000,0.000000,0.007250
0.007070000000,0.000000,0.054985
0.007072000000,0.000000,0.006459
0.007074000000,0.000000,0.010331
0.007076000000,0.000000,0.010724
0.007078000000,0.000000,-0.009788
0.007080000000,0.000000,0.044875
0.007082000000,0.000000,0.037393
0.007084000000,0.000000,0.004835
0.007086000000,0.000000,0.016628
0.007088000000,0.000000,-0.021542
0.007090000000,0.000000,0.016610
0.007092000000,0.000000,-0.016058
0.007094000000,0.000000,-0.025443
0.007096000000,0.000000,-0.016155
0.007098000000,0.000000,-0.001266
0.007100000000,0.000000,0.021226
0.007102000000,0.000000,0.011981
0.007104000000,0.000000,-0.038386
0.007106000000,0.000000,0.017205
0.007108000000,0.000000,0.018452
0.007110000000,0.000000,-0.004804
0.007112000000,0.000000,-0.014281
0.007114000000,0.000000,0.014964
0.007116000000,0.000000,-0.010458
0.007118000000,0.000000,0.027944
0.007120000000,0.000000,-0.024274
0.007122000000,0.000000,-0.000532
0.007124000000,0.000000,-0.040607
0.007126000000,0.000000,-0.025947
0.007128000000,0.000000,0.015012
0.007130000000,0.000000,-0.008572
0.007132000000,0.000000,-0.029951
0.007134000000,0.000000,0.011530
0.007136000000,0.000000,0.031807
0.007138000000,0.000000,-0.017659
0.007140000000,0.000000,-0.042061
0.007142000000,0.000000,0.025990
0.007144000000,0.000000,-0.001592
0.007146000000,0.000000,0.015151
0.007148000000,0.000000,-0.011005
0.007150000000,0.000000,-0.002289
0.007152000000,0.000000,0.010222
0.007154000000,0.000000,0.001333
0.007156000000,0.000000,-0.008944
0.007158000000,0.000000,0.013515
0.007160000000,0.000000,-0.023460
0.007162000000,0.000000,0.012619
0.007164000000,0.000000,-0.013509
0.007166000000,0.000000,0.000261
0.007168000000,0.000000,0.046129
0.007170000000,0.000000,-0.016652
0.007172000000,0.000000,-0.003982
0.007174000000,0.000000,0.006291
0.007176000000,0.000000,-0.057144
0.007178000000,0.000000,-0.012286
0.007180000000,0.000000,-0.023623
0.007182000000,0.000000,0.009601
0.007184000000,0.000000,-0.007527
0.007186000000,0.000000,0.006289
0.007188000000,0.000000,0.047024
0.007190000000,0.000000,-0.000723
0.007192000000,0.000000,-0.001246
0.007194000000,0.000000,0.005806
0.007196000000,0.000000,-0.000113
0.007198000000,0.000000,-0.039937
0.007200000000,0.000000,0.001304
0.007202000000,0.000000,-0.030485
0.007204000000,0.000000,0.021156
0.007206000000,0.000000,0.014928
0.007208000000,0.000000,0.001972
0.007210000000,0.000000,-0.005621
0.007212000000,0.000000,0.003229
0.007214000000,0.000000,-0.004412
0.007216000000,0.000000,-0.031200
0.007218000000,0.000000,0.020187
0.007220000000,0.000000,-0.013815
0.007222000000,0.000000,0.014913
0.007224000000,0.000000,-0.038347
0.007226000000,0.000000,0.003028
0.007228000000,0.000000,0.020106
0.007230000000,0.000000,-0.050862
0.007232000000,0.000000,-0.031704
0.007234000000,0.000000,-0.028426
0.007236000000,0.000000,-0.036388
0.007238000000,0.000000,0.006911
0.007240000000,0.000000,-0.007826
0.007242000000,0.000000,0.001773
0.007244000000,0.000000,-0.014087
0.007246000000,0.000000,-0.017644
0.007248000000,0.000000,-0.011726
0.007250000000,0.000000,-0.001106
0.007252000000,0.000000,-0.020440
0.007254000000,0.000000,-0.008388
0.007256000000,0.000000,0.017140
0.007258000000,0.000000,0.012800
0.007260000000,0.000000,0.045806
0.007262000000,0.000000,-0.048670
0.007264000000,0.000000,0.013526
0.007266000000,0.000000,-0.000144
0.007268000000,0.000000,-0.024689
0.007270000000,0.000000,0.034247
0.007272000000,0.000000,-0.020379
0.007274000000,0.000000,-0.003534
0.007276000000,0.000000,-0.003395
0.007278000000,0.000000,0.002574
0.007280000000,0.000000,0.024164
0.007282000000,0.000000,0.007903
0.007284000000,0.000000,-0.017149
0.007286000000,0.000000,-0.012414
0.007288000000,0.000000,-0.016129
0.007290000000,0.000000,0.034481
0.007292000000,0.000000,0.025428
0.007294000000,0.000000,0.000955
0.007296000000,0.000000,-0.008569
0.007298000000,0.000000,-0.014581
0.007300000000,0.000000,-0.004509
0.007302000000,0.000000,-0.021909
0.007304000000,0.000000,0.028075
0.007306000000,0.000000,-0.008807
0.007308000000,0.000000,0.036196
0.007310000000,0.000000,0.007087
0.007312000000,0.000000,-0.019013
0.007314000000,0.000000,0.042674
0.007316000000,0.000000,-0.006256
0.007318000000,0.000000,0.024963
0.007320000000,0.000000,0.021503
0.007322000000,0.000000,-0.035834
0.007324000000,0.000000,-0.022716
0.007326000000,0.000000,0.000047
0.007328000000,0.000000,-0.004937
0.007330000000,0.000000,-0.034331
0.007332000000,0.000000,-0.022523
0.007334000000,0.000000,-0.018158
0.007336000000,0.000000,0.009462
0.007338000000,0.000000,-0.012952
0.007340000000,0.000000,0.000479
0.007342000000,0.000000,-0.014310
0.007344000000,0.000000,-0.014039
0.007346000000,0.000000,0.009860
0.007348000000,0.000000,-0.027299
0.007350000000,0.000000,-0.004322
0.007352000000,0.000000,-0.009094
0.007354000000,0.000000,0.050754
0.007356000000,0.000000,-0.004112
0.007358000000,0.000000,0.005767
0.007360000000,0.000000,-0.008990
0.007362000000,0.000000,-0.012331
0.007364000000,0.000000,-0.009554
0.007366000000,0.000000,-0.022300
0.007368000000,0.000000,-0.000209
0.007370000000,0.000000,-0.015525
0.007372000000,0.000000,0.020092
0.007374000000,0.000000,-0.000244
0.007376000000,0.000000,0.021283
0.007378000000,0.000000,0.002683
0.007380000000,0.000000,-0.021407
0.007382000000,0.000000,-0.004671
0.007384000000,0.000000,-0.015439
0.007386000000,0.000000,0.006401
0.007388000000,0.000000,0.045083
0.007390000000,0.000000,0.025056
0.007392000000,0.000000,-0.048845
0.007394000000,0.000000,0.000366
0.007396000000,0.000000,0.004163
0.007398000000,0.000000,-0.013495
0.007400000000,0.000000,-0.004433
0.007402000000,0.000000,0.027811
0.007404000000,0.000000,0.034950
0.007406000000,0.000000,-0.009446
0.007408000000,0.000000,0.037725
0.007410000000,0.000000,0.010385
0.007412000000,0.000000,-0.006752
0.007414000000,0.000000,0.009428
0.007416000000,0.000000,-0.006627
0.007418000000,0.000000,-0.015425
0.007420000000,0.000000,-0.003098
0.007422000000,0.000000,-0.010977
0.007424000000,0.000000,0.006740
0.007426000000,0.000000,-0.009537
0.007428000000,0.000000,0.015001
0.007430000000,0.000000,0.003187
0.007432000000,0.000000,0.019539
0.007434000000,0.000000,0.021539
0.007436000000,0.000000,-0.012177
0.007438000000,0.000000,0.007743
0.007440000000,0.000000,0.003781
0.007442000000,0.000000,0.051671
0.007444000000,0.000000,0.008653
0.007446000000,0.000000,-0.004578
0.007448000000,0.000000,-0.004156
0.007450000000,0.000000,0.019817
0.007452000000,0.000000,0.013276
0.007454000000,0.000000,0.011759
0.007456000000,0.000000,-0.002355
0.007458000000,0.000000,-0.003610
0.007460000000,0.000000,0.024020
0.007462000000,0.000000,0.010429
0.007464000000,0.000000,-0.003994
0.007466000000,0.000000,0.005499
0.007468000000,0.000000,0.020181
0.007470000000,0.000000,0.000388
0.007472000000,0.000000,-0.018645
0.007474000000,0.000000,0.003497
0.007476000000,0.000000,0.013259
0.007478000000,0.000000,-0.011515
0.007480000000,0.000000,-0.003048
0.007482000000,0.000000,-0.005844
0.007484000000,0.000000,0.009584
0.007486000000,0.000000,-0.005312
0.007488000000,0.000000,-0.027204
0.007490000000,0.000000,-0.028426
0.007492000000,0.000000,0.005332
0.007494000000,0.000000,0.027380
0.007496000000,0.000000,-0.001153
0.007498000000,0.000000,-0.001978
0.007500000000,0.000000,-0.046125
0.007502000000,0.000000,-0.032378
0.007504000000,0.000000,0.001414
0.007506000000,0.000000,-0.018162
0.007508000000,0.000000,0.016508
0.007510000000,0.000000,-0.000446
0.007512000000,0.000000,0.017832
0.007514000000,0.000000,-0.015271
0.007516000000,0.000000,0.014716
0.007518000000,0.000000,0.019817
0.007520000000,0.000000,-0.024813
0.007522000000,0.000000,0.006639
0.007524000000,0.000000,-0.025711
0.007526000000,0.000000,-0.000128
0.007528000000,0.000000,-0.010770
0.007530000000,0.000000,-0.012644
0.007532000000,0.000000,0.028026
0.007534000000,0.000000,0.004030
0.007536000000,0.000000,-0.043319
0.007538000000,0.000000,-0.019591
0.007540000000,0.000000,-0.032921
0.007542000000,0.000000,-0.002432
0.007544000000,0.000000,0.003145
0.007546000000,0.000000,-0.014919
0.007548000000,0.000000,-0.002809
0.007550000000,0.000000,0.009689
0.007552000000,0.000000,-0.008816
0.007554000000,0.000000,0.003501
0.007556000000,0.000000,0.022440
0.007558000000,0.000000,-0.025326
0.007560000000,0.000000,-0.024769
0.007562000000,0.000000,0.014745
0.007564000000,0.000000,-0.012073
0.007566000000,0.000000,-0.020631
0.007568000000,0.000000,-0.018780
0.007570000000,0.000000,0.034828
0.007572000000,0.000000,-0.019211
0.007574000000,0.000000,-0.000717
0.007576000000,0.000000,0.000591
0.007578000000,0.000000,-0.007303
0.007580000000,0.000000,0.008792
0.007582000000,0.000000,-0.001663
0.007584000000,0.000000,0.021321
0.007586000000,0.000000,-0.016834
0.007588000000,0.000000,0.017642
0.007590000000,0.000000,0.023028
0.007592000000,0.000000,-0.019166
0.007594000000,0.000000,0.021929
0.007596000000,0.000000,0.013116
0.007598000000,0.000000,-0.003134
0.007600000000,0.000000,0.037618
0.007602000000,0.000000,0.028235
0.007604000000,0.000000,-0.044545
0.007606000000,0.000000,0.011147
0.007608000000,0.000000,-0.005366
0.007610000000,0.000000,-0.014463
0.007612000000,0.000000,0.028391
0.007614000000,0.000000,0.001121
0.007616000000,0.000000,-0.030584
0.007618000000,0.000000,0.042824
0.007620000000,0.000000,0.008818
0.007622000000,0.000000,-0.022224
0.007624000000,0.000000,-0.001187
0.007626000000,0.000000,0.009340
0.007628000000,0.000000,0.011660
0.007630000000,0.000000,-0.007994
0.007632000000,0.000000,0.038244
0.007634000000,0.000000,0.016544
0.007636000000,0.000000,-0.003190
0.007638000000,0.000000,0.016902
0.007640000000,0.000000,-0.015903
0.007642000000,0.000000,0.008150
0.007644000000,0.000000,-0.032808
0.007646000000,0.000000,-0.020281
0.007648000000,0.000000,0.007769
0.007650000000,0.000000,-0.040696
0.007652000000,0.000000,0.015770
0.007654000000,0.000000,-0.014015
0.007656000000,0.000000,0.017069
0.007658000000,0.000000,-0.024485
0.007660000000,0.000000,0.024058
0.007662000000,0.000000,-0.008380
0.007664000000,0.000000,0.023873
0.007666000000,0.000000,-0.034531
0.007668000000,0.000000,-0.012767
0.007670000000,0.000000,0.033585
0.007672000000,0.000000,-0.010178
0.007674000000,0.000000,-0.009871
0.007676000000,0.000000,-0.006246
0.007678000000,0.000000,0.003093
0.007680000000,0.000000,-0.040219
0.007682000000,0.000000,0.010944
0.007684000000,0.000000,-0.005272
0.007686000000,0.000000,0.011521
0.007688000000,0.000000,-0.021264
0.007690000000,0.000000,-0.008879
0.007692000000,0.000000,-0.028096
0.007694000000,0.000000,-0.007020
0.007696000000,0.000000,-0.055561
0.007698000000,0.000000,-0.000265
0.007700000000,0.000000,0.019481
0.007702000000,0.000000,0.001805
0.007704000000,0.000000,0.026309
0.007706000000,0.000000,-0.012991
0.007708000000,0.000000,-0.009010
0.007710000000,0.000000,0.019603
0.007712000000,0.000000,0.018021
0.007714000000,0.000000,-0.013201
0.007716000000,0.000000,-0.000604
0.007718000000,0.000000,0.008593
0.007720000000,0.000000,0.009393
0.007722000000,0.000000,0.004259
0.007724000000,0.000000,-0.008491
0.007726000000,0.000000,-0.020672
0.007728000000,0.000000,0.012871
0.007730000000,0.000000,0.010016
0.007732000000,0.000000,0.004764
0.007734000000,0.000000,-0.046502
0.007736000000,0.000000,0.013872
0.007738000000,0.000000,-0.000434
0.007740000000,0.000000,-0.028847
0.007742000000,0.000000,-0.025541
0.007744000000,0.000000,0.016087
0.007746000000,0.000000,-0.012229
0.007748000000,0.000000,0.014716
0.007750000000,0.000000,-0.006122
0.007752000000,0.000000,0.006042
0.007754000000,0.000000,0.036296
0.007756000000,0.000000,-0.023575
0.007758000000,0.000000,-0.047256
0.007760000000,0.000000,0.018580
0.007762000000,0.000000,-0.004111
0.007764000000,0.000000,0.020778
0.007766000000,0.000000,-0.000612
0.007768000000,0.000000,0.006705
0.007770000000,0.000000,-0.001863
0.007772000000,0.000000,-0.018732
0.007774000000,0.000000,-0.019463
0.007776000000,0.000000,-0.023155
0.007778000000,0.000000,-0.017405
0.007780000000,0.000000,0.038882
0.007782000000,0.000000,0.019115
0.007784000000,0.000000,-0.017202
0.007786000000,0.000000,-0.013159
0.007788000000,0.000000,-0.012101
0.007790000000,0.000000,-0.006748
0.007792000000,0.000000,0.017261
0.007794000000,0.000000,-0.047280
0.007796000000,0.000000,0.008802
0.007798000000,0.000000,-0.037335
0.007800000000,0.000000,0.008609
0.007802000000,0.000000,0.014984
0.007804000000,0.000000,0.030666
0.007806000000,0.000000,0.017283
0.007808000000,0.000000,0.004114
0.007810000000,0.000000,-0.006166
0.007812000000,0.000000,0.023740
0.007814000000,0.000000,0.014520
0.007816000000,0.000000,0.011568
0.007818000000,0.000000,-0.028337
0.007820000000,0.000000,-0.041004
0.007822000000,0.000000,0.017013
0.007824000000,0.000000,0.006780
0.007826000000,0.000000,-0.012467
0.007828000000,0.000000,-0.002347
0.007830000000,0.000000,0.011458
0.007832000000,0.000000,-0.002521
0.007834000000,0.000000,-0.002715
0.007836000000,0.000000,-0.017202
0.007838000000,0.000000,0.007553
0.007840000000,0.000000,0.019584
0.007842000000,0.000000,-0.010087
0.007844000000,0.000000,-0.047704
0.007846000000,0.000000,-0.032815
0.007848000000,0.000000,0.023320
0.007850000000,0.000000,0.020279
0.007852000000,0.000000,0.021482
0.007854000000,0.000000,-0.009597
0.007856000000,0.000000,-0.003575
0.007858000000,0.000000,-0.023670
0.007860000000,0.000000,0.017308
0.007862000000,0.000000,-0.011549
0.007864000000,0.000000,0.019067
0.007866000000,0.000000,0.019726
0.007868000000,0.000000,-0.031209
0.007870000000,0.000000,-0.044241
0.007872000000,0.000000,0.003904
0.007874000000,0.000000,0.019159
0.007876000000,0.000000,0.006376
0.007878000000,0.000000,-0.007693
0.007880000000,0.000000,0.013985
0.007882000000,0.000000,0.000184
0.007884000000,0.000000,0.003883
0.007886000000,0.000000,-0.006306
0.007888000000,0.000000,0.004040
0.007890000000,0.000000,-0.010171
0.007892000000,0.000000,-0.022371
0.007894000000,0.000000,-0.018526
0.007896000000,0.000000,0.017083
0.007898000000,0.000000,-0.021152
0.007900000000,0.000000,-0.030606
0.007902000000,0.000000,0.021828
0.007904000000,0.000000,0.026675
0.007906000000,0.000000,-0.015587
0.007908000000,0.000000,0.005208
0.007910000000,0.000000,0.005093
0.007912000000,0.000000,0.009378
0.007914000000,0.000000,-0.002071
0.007916000000,0.000000,-0.007414
0.007918000000,0.000000,0.018252
0.007920000000,0.000000,-0.022857
0.007922000000,0.000000,-0.021220
0.007924000000,0.000000,0.008038
0.007926000000,0.000000,0.009133
0.007928000000,0.000000,-0.003678
0.007930000000,0.000000,0.001882
0.007932000000,0.000000,0.017165
0.007934000000,0.000000,0.016181
0.007936000000,0.000000,0.012900
0.007938000000,0.000000,-0.028808
0.007940000000,0.000000,-0.003921
0.007942000000,0.000000,-0.014787
0.007944000000,0.000000,0.011686
0.007946000000,0.000000,0.013967
0.007948000000,0.000000,-0.030898
0.007950000000,0.000000,0.017381
0.007952000000,0.000000,-0.017593
0.007954000000,0.000000,-0.023471
0.007956000000,0.000000,-0.005018
0.007958000000,0.000000,0.004080
0.007960000000,0.000000,-0.015115
0.007962000000,0.000000,-0.034828
0.007964000000,0.000000,0.014796
0.007966000000,0.000000,-0.028125
0.007968000000,0.000000,-0.025503
0.007970000000,0.000000,0.000788
0.007972000000,0.000000,-0.033519
0.007974000000,0.000000,0.002222
0.007976000000,0.000000,0.002397
0.007978000000,0.000000,-0.023332
0.007980000000,0.000000,-0.022849
0.007982000000,0.000000,0.003599
0.007984000000,0.000000,-0.042091
0.007986000000,0.000000,0.021866
0.007988000000,0.000000,-0.025355
0.007990000000,0.000000,0.010926
0.007992000000,0.000000,-0.021252
0.007994000000,0.000000,0.009597
0.007996000000,0.000000,-0.021197
0.007998000000,0.000000,0.020087
0.008000000000,0.000000,0.002706
0.008002000000,0.000000,0.010063
0.008004000000,0.000000,0.010433
0.008006000000,0.000000,0.034911
0.008008000000,0.000000,-0.021698
0.008010000000,0.000000,-0.001615
0.008012000000,0.000000,0.036460
0.008014000000,0.000000,-0.010246
0.008016000000,0.000000,-0.018119
0.008018000000,0.000000,-0.005010
0.008020000000,0.000000,0.018792
0.008022000000,0.000000,-0.004463
0.008024000000,0.000000,-0.004491
0.008026000000,0.000000,0.000098
0.008028000000,0.000000,0.002044
0.008030000000,0.000000,-0.000238
0.008032000000,0.000000,-0.034260
0.008034000000,0.000000,0.014329
0.008036000000,0.000000,-0.020113
0.008038000000,0.000000,0.042645
0.008040000000,0.000000,-0.010204
0.008042000000,0.000000,-0.004294
0.008044000000,0.000000,-0.008644
0.008046000000,0.000000,-0.047733
0.008048000000,0.000000,-0.008728
0.008050000000,0.000000,0.003311
0.008052000000,0.000000,0.007604
0.008054000000,0.000000,-0.009403
0.008056000000,0.000000,0.026135
0.008058000000,0.000000,0.006378
0.008060000000,0.000000,-0.024947
0.008062000000,0.000000,-0.015917
0.008064000000,0.000000,0.009100
0.008066000000,0.000000,0.038580
0.008068000000,0.000000,0.003354
0.008070000000,0.000000,0.004888
0.008072000000,0.000000,0.007695
0.008074000000,0.000000,0.027064
0.008076000000,0.000000,-0.009302
0.008078000000,0.000000,0.004752
0.008080000000,0.000000,0.007388
0.008082000000,0.000000,-0.023788
0.008084000000,0.000000,-0.013326
0.008086000000,0.000000,0.036741
0.008088000000,0.000000,0.003923
0.008090000000,0.000000,0.018881
0.008092000000,0.000000,0.000523
0.008094000000,0.000000,-0.015439
0.008096000000,0.000000,0.008145
0.008098000000,0.000000,-0.007256
0.008100000000,0.000000,0.021232
0.008102000000,0.000000,-0.023529
0.008104000000,0.000000,0.019226
0.008106000000,0.000000,0.031824
0.008108000000,0.000000,-0.010279
0.008110000000,0.000000,0.041597
0.008112000000,0.000000,-0.003569
0.008114000000,0.000000,-0.019461
0.008116000000,0.000000,-0.009072
0.008118000000,0.000000,0.043920
0.008120000000,0.000000,0.005675
0.008122000000,0.000000,-0.030303
0.008124000000,0.000000,-0.000171
0.008126000000,0.000000,-0.013842
0.008128000000,0.000000,0.004813
0.008130000000,0.000000,0.005887
0.008132000000,0.000000,0.015283
0.008134000000,0.000000,0.009687
0.008136000000,0.000000,0.018953
0.008138000000,0.000000,0.006329
0.008140000000,0.000000,0.001521
0.008142000000,0.000000,-0.016910
0.008144000000,0.000000,-0.006377
0.008146000000,0.000000,-0.021269
0.008148000000,0.000000,-0.006294
0.008150000000,0.000000,0.010461
0.008152000000,0.000000,-0.038749
0.008154000000,0.000000,-0.005911
0.008156000000,0.000000,-0.055658
0.008158000000,0.000000,0.006664
0.008160000000,0.000000,-0.035048
0.008162000000,0.000000,0.007666
0.008164000000,0.000000,0.018651
0.008166000000,0.000000,0.022716
0.008168000000,0.000000,-0.011949
0.008170000000,0.000000,-0.014313
0.008172000000,0.000000,0.033440
0.008174000000,0.000000,0.002956
0.008176000000,0.000000,-0.000448
0.008178000000,0.000000,-0.021697
0.008180000000,0.000000,-0.026824
0.008182000000,0.000000,0.012127
0.008184000000,0.000000,0.015048
0.008186000000,0.000000,-0.016500
0.008188000000,0.000000,0.011601
0.008190000000,0.000000,-0.007602
0.008192000000,0.000000,-0.015783
0.008194000000,0.000000,-0.024008
0.008196000000,0.000000,-0.005908
0.008198000000,0.000000,0.008201
0.008200000000,0.000000,0.000943
0.008202000000,0.000000,-0.004984
0.008204000000,0.000000,-0.012380
0.008206000000,0.000000,0.004183
0.008208000000,0.000000,0.001191
0.008210000000,0.000000,0.022815
0.008212000000,0.000000,0.016012
0.008214000000,0.000000,0.006271
0.008216000000,0.000000,-0.022502
0.008218000000,0.000000,-0.016157
0.008220000000,0.000000,0.003238
0.008222000000,0.000000,0.015422
0.008224000000,0.000000,0.009552
0.008226000000,0.000000,-0.006273
0.008228000000,0.000000,0.040582
0.008230000000,0.000000,0.000828
0.008232000000,0.000000,0.043572
0.008234000000,0.000000,-0.004513
0.008236000000,0.000000,-0.024389
0.008238000000,0.000000,0.031013
0.008240000000,0.000000,0.009582
0.008242000000,0.000000,-0.019648
0.008244000000,0.000000,-0.014997
0.008246000000,0.000000,-0.024408
0.008248000000,0.000000,-0.007295
0.008250000000,0.000000,0.029648
0.008252000000,0.000000,0.020574
0.008254000000,0.000000,0.019402
0.008256000000,0.000000,-0.000478
0.008258000000,0.000000,0.032816
0.008260000000,0.000000,0.021584
0.008262000000,0.000000,0.055406
0.008264000000,0.000000,-0.020981
0.008266000000,0.000000,0.032135
0.008268000000,0.000000,0.019588
0.008270000000,0.000000,0.005372
0.008272000000,0.000000,-0.002572
0.008274000000,0.000000,-0.008679
0.008276000000,0.000000,0.017143
0.008278000000,0.000000,0.012291
0.008280000000,0.000000,-0.018630
0.008282000000,0.000000,-0.034473
0.008284000000,0.000000,0.000858
0.008286000000,0.000000,0.011127
0.008288000000,0.000000,-0.006130
0.008290000000,0.000000,-0.010734
0.008292000000,0.000000,0.030416
0.008294000000,0.000000,-0.000049
0.008296000000,0.000000,-0.013555
0.008298000000,0.000000,0.015483
0.008300000000,0.000000,0.011591
0.008302000000,0.000000,-0.010249
0.008304000000,0.000000,0.012284
0.008306000000,0.000000,0.008920
0.008308000000,0.000000,-0.035286
0.008310000000,0.000000,0.000948
0.008312000000,0.000000,0.034125
0.008314000000,0.000000,0.009308
0.008316000000,0.000000,0.015060
0.008318000000,0.000000,0.023920
0.008320000000,0.000000,-0.024316
0.008322000000,0.000000,-0.018130
0.008324000000,0.000000,0.015688
0.008326000000,0.000000,-0.010418
0.008328000000,0.000000,-0.020163
0.008330000000,0.000000,0.004758
0.008332000000,0.000000,0.023535
0.008334000000,0.000000,0.007685
0.008336000000,0.000000,-0.014267
0.008338000000,0.000000,0.023211
0.008340000000,0.000000,-0.010573
0.008342000000,0.000000,0.027243
0.008344000000,0.000000,0.013943
0.008346000000,0.000000,-0.007005
0.008348000000,0.000000,0.009433
0.008350000000,0.000000,0.003492
0.008352000000,0.000000,0.013011
0.008354000000,0.000000,-0.033249
0.008356000000,0.000000,-0.034612
0.008358000000,0.000000,0.003928
0.008360000000,0.000000,0.016172
0.008362000000,0.000000,0.002994
0.008364000000,0.000000,-0.021674
0.008366000000,0.000000,-0.003454
0.008368000000,0.000000,0.020560
0.008370000000,0.000000,-0.013840
0.008372000000,0.000000,0.017955
0.008374000000,0.000000,-0.011628
0.008376000000,0.000000,-0.036343
0.008378000000,0.000000,0.021775
0.008380000000,0.000000,-0.000104
0.008382000000,0.000000,0.017023
0.008384000000,0.000000,0.024792
0.008386000000,0.000000,0.027217
0.008388000000,0.000000,-0.017696
0.008390000000,0.000000,-0.037112
0.008392000000,0.000000,0.031308
0.008394000000,0.000000,-0.016277
0.008396000000,0.000000,0.009383
0.008398000000,0.000000,-0.014239
0.008400000000,0.000000,-0.035315
0.008402000000,0.000000,0.010472
0.008404000000,0.000000,0.018174
0.008406000000,0.000000,-0.025934
0.008408000000,0.000000,-0.002105
0.008410000000,0.000000,0.006218
0.008412000000,0.000000,0.057814
0.008414000000,0.000000,-0.024109
0.008416000000,0.000000,-0.017085
0.008418000000,0.000000,-0.019314
0.008420000000,0.000000,-0.005838
0.008422000000,0.000000,-0.021011
0.008424000000,0.000000,-0.015122
0.008426000000,0.000000,-0.015853
0.008428000000,0.000000,0.021427
0.008430000000,0.000000,-0.014769
0.008432000000,0.000000,-0.032311
0.008434000000,0.000000,-0.020230
0.008436000000,0.000000,-0.017815
0.008438000000,0.000000,-0.028000
0.008440000000,0.000000,0.011700
0.008442000000,0.000000,-0.042424
0.008444000000,0.000000,0.008067
0.008446000000,0.000000,0.028400
0.008448000000,0.000000,0.052178
0.008450000000,0.000000,-0.010446
0.008452000000,0.000000,0.013718
0.008454000000,0.000000,-0.052665
0.008456000000,0.000000,0.001632
0.008458000000,0.000000,0.009627
0.008460000000,0.000000,0.002635
0.008462000000,0.000000,0.022163
0.008464000000,0.000000,-0.010552
0.008466000000,0.000000,0.005987
0.008468000000,0.000000,0.005586
0.008470000000,0.000000,-0.025057
0.008472000000,0.000000,0.030653
0.008474000000,0.000000,0.017659
0.008476000000,0.000000,-0.020912
0.008478000000,0.000000,-0.002612
0.008480000000,0.000000,-0.028847
0.008482000000,0.000000,-0.031398
0.008484000000,0.000000,-0.010222
0.008486000000,0.000000,-0.012147
0.008488000000,0.000000,0.036562
0.008490000000,0.000000,-0.002448
0.008492000000,0.000000,0.011821
0.008494000000,0.000000,0.013251
0.008496000000,0.000000,-0.013286
0.008498000000,0.000000,0.003371
0.008500000000,0.000000,-0.000514
0.008502000000,0.000000,0.008443
0.008504000000,0.000000,0.017032
0.008506000000,0.000000,0.010530
0.008508000000,0.000000,0.003809
0.008510000000,0.000000,-0.003362
0.008512000000,0.000000,-0.027336
0.008514000000,0.000000,0.004242
0.008516000000,0.000000,0.016187
0.008518000000,0.000000,0.026160
0.008520000000,0.000000,0.006777
0.008522000000,0.000000,0.010460
0.008524000000,0.000000,-0.019574
0.008526000000,0.000000,-0.011511
0.008528000000,0.000000,0.048591
0.008530000000,0.000000,-0.008731
0.008532000000,0.000000,0.001138
0.008534000000,0.000000,0.001461
0.008536000000,0.000000,-0.008282
0.008538000000,0.000000,-0.009587
0.008540000000,0.000000,0.021493
0.008542000000,0.000000,-0.027871
0.008544000000,0.000000,0.020682
0.008546000000,0.000000,0.000039
0.008548000000,0.000000,0.025624
0.008550000000,0.000000,0.020287
0.008552000000,0.000000,-0.012043
0.008554000000,0.000000,-0.022403
0.008556000000,0.000000,-0.051830
0.008558000000,0.000000,0.004993
0.008560000000,0.000000,0.015997
0.008562000000,0.000000,0.005690
0.008564000000,0.000000,-0.010718
0.008566000000,0.000000,0.015805
0.008568000000,0.000000,-0.011197
0.008570000000,0.000000,0.012122
0.008572000000,0.000000,-0.011275
0.008574000000,0.000000,0.000278
0.008576000000,0.000000,0.002291
0.008578000000,0.000000,-0.008638
0.008580000000,0.000000,-0.025203
0.008582000000,0.000000,-0.020891
0.008584000000,0.000000,-0.011002
0.008586000000,0.000000,0.009679
0.008588000000,0.000000,-0.005300
0.008590000000,0.000000,-0.026015
0.008592000000,0.000000,-0.013789
0.008594000000,0.000000,0.014979
0.008596000000,0.000000,-0.038920
0.008598000000,0.000000,-0.006920
0.008600000000,0.000000,-0.033124
0.008602000000,0.000000,-0.040166
0.008604000000,0.000000,0.006913
0.008606000000,0.000000,0.015568
0.008608000000,0.000000,-0.013912
0.008610000000,0.000000,-0.030462
0.008612000000,0.000000,-0.013984
0.008614000000,0.000000,0.027624
0.008616000000,0.000000,0.032260
0.008618000000,0.000000,-0.025221
0.008620000000,0.000000,0.002256
0.008622000000,0.000000,0.037552
0.008624000000,0.000000,-0.039029
0.008626000000,0.000000,0.006144
0.008628000000,0.000000,-0.036087
0.008630000000,0.000000,-0.013153
0.008632000000,0.000000,0.010877
0.008634000000,0.000000,-0.033223
0.008636000000,0.000000,-0.027337
0.008638000000,0.000000,0.000102
0.008640000000,0.000000,-0.016439
0.008642000000,0.000000,-0.008505
0.008644000000,0.000000,-0.028642
0.008646000000,0.000000,0.011963
0.008648000000,0.000000,0.011218
0.008650000000,0.000000,0.027779
0.008652000000,0.000000,0.009878
0.008654000000,0.000000,-0.013359
0.008656000000,0.000000,0.002020
0.008658000000,0.000000,0.023832
0.008660000000,0.000000,-0.016338
0.008662000000,0.000000,-0.001367
0.008664000000,0.000000,0.001473
0.008666000000,0.000000,0.015000
0.008668000000,0.000000,0.056362
0.008670000000,0.000000,0.008306
0.008672000000,0.000000,0.020712
0.008674000000,0.000000,0.007777
0.008676000000,0.000000,0.022022
0.008678000000,0.000000,0.041581
0.008680000000,0.000000,-0.003096
0.008682000000,0.000000,-0.007604
0.008684000000,0.000000,0.001355
0.008686000000,0.000000,-0.012291
0.008688000000,0.000000,0.012951
0.008690000000,0.000000,0.054642
0.008692000000,0.000000,-0.001539
0.008694000000,0.000000,0.028060
0.008696000000,0.000000,0.014226
0.008698000000,0.000000,0.003673
0.008700000000,0.000000,0.026751
0.008702000000,0.000000,0.044610
0.008704000000,0.000000,0.029059
0.008706000000,0.000000,0.028730
0.008708000000,0.000000,0.018219
0.008710000000,0.000000,-0.003403
0.008712000000,0.000000,-0.009744
0.008714000000,0.000000,-0.036746
0.008716000000,0.000000,0.000317
0.008718000000,0.000000,0.000385
0.008720000000,0.000000,-0.005526
0.008722000000,0.000000,-0.013402
0.008724000000,0.000000,0.004130
0.008726000000,0.000000,0.008548
0.008728000000,0.000000,0.009789
0.008730000000,0.000000,-0.007788
0.008732000000,0.000000,-0.015355
0.008734000000,0.000000,-0.007162
0.008736000000,0.000000,-0.003466
0.008738000000,0.000000,0.005793
0.008740000000,0.000000,0.006690
0.008742000000,0.000000,0.019975
0.008744000000,0.000000,0.029401
0.008746000000,0.000000,0.016779
0.008748000000,0.000000,-0.022254
0.008750000000,0.000000,-0.011401
0.008752000000,0.000000,-0.010229
0.008754000000,0.000000,-0.006310
0.008756000000,0.000000,0.018309
0.008758000000,0.000000,-0.023342
0.008760000000,0.000000,-0.029794
0.008762000000,0.000000,0.025966
0.008764000000,0.000000,0.028851
0.008766000000,0.000000,0.023569
0.008768000000,0.000000,-0.036528
0.008770000000,0.000000,-0.016877
0.008772000000,0.000000,-0.021100
0.008774000000,0.000000,0.024290
0.008776000000,0.000000,0.010556
0.008778000000,0.000000,-0.009963
0.008780000000,0.000000,-0.005916
0.008782000000,0.000000,-0.005393
0.008784000000,0.000000,0.010834
0.008786000000,0.000000,0.043833
0.008788000000,0.000000,0.001578
0.008790000000,0.000000,0.031804
0.008792000000,0.000000,-0.010403
0.008794000000,0.000000,-0.010652
0.008796000000,0.000000,-0.017062
0.008798000000,0.000000,0.007358
0.008800000000,0.000000,-0.011590
0.008802000000,0.000000,-0.004516
0.008804000000,0.000000,0.015139
0.008806000000,0.000000,0.015194
0.008808000000,0.000000,-0.006642
0.008810000000,0.000000,-0.045727
0.008812000000,0.000000,-0.028393
0.008814000000,0.000000,-0.024314
0.008816000000,0.000000,0.038940
0.008818000000,0.000000,0.010603
0.008820000000,0.000000,-0.051988
0.008822000000,0.000000,-0.021539
0.008824000000,0.000000,0.001478
0.008826000000,0.000000,-0.007402
0.008828000000,0.000000,-0.009200
0.008830000000,0.000000,0.033507
0.008832000000,0.000000,-0.003107
0.008834000000,0.000000,0.016986
0.008836000000,0.000000,0.017159
0.008838000000,0.000000,-0.012601
0.008840000000,0.000000,-0.008157
0.008842000000,0.000000,-0.018487
0.008844000000,0.000000,-0.002622
0.008846000000,0.000000,-0.008658
0.008848000000,0.000000,-0.005199
0.008850000000,0.000000,0.004300
0.008852000000,0.000000,0.007888
0.008854000000,0.000000,0.008908
0.008856000000,0.000000,0.026699
0.008858000000,0.000000,0.043209
0.008860000000,0.000000,-0.001086
0.008862000000,0.000000,-0.004138
0.008864000000,0.000000,0.000343
0.008866000000,0.000000,0.018573
0.008868000000,0.000000,0.007073
0.008870000000,0.000000,0.017192
0.008872000000,0.000000,-0.023528
0.008874000000,0.000000,-0.008849
0.008876000000,0.000000,-0.000524
0.008878000000,0.000000,0.010512
0.008880000000,0.000000,0.016624
0.008882000000,0.000000,0.009852
0.008884000000,0.000000,0.029718
0.008886000000,0.000000,0.002222
0.008888000000,0.000000,-0.009356
0.008890000000,0.000000,-0.004822
0.008892000000,0.000000,0.031252
0.008894000000,0.000000,-0.034234
0.008896000000,0.000000,0.020028
0.008898000000,0.000000,-0.016808
0.008900000000,0.000000,-0.010115
0.008902000000,0.000000,0.015966
0.008904000000,0.000000,0.023306
0.008906000000,0.000000,-0.005952
0.008908000000,0.000000,-0.001539
0.008910000000,0.000000,-0.000764
0.008912000000,0.000000,0.013349
0.008914000000,0.000000,0.007623
0.008916000000,0.000000,-0.004540
0.008918000000,0.000000,0.004886
0.008920000000,0.000000,0.020005
0.008922000000,0.000000,-0.005672
0.008924000000,0.000000,-0.021549
0.008926000000,0.000000,-0.006833
0.008928000000,0.000000,0.031094
0.008930000000,0.000000,-0.013515
0.008932000000,0.000000,0.010059
0.008934000000,0.000000,0.009730
0.008936000000,0.000000,-0.011955
0.008938000000,0.000000,0.017205
0.008940000000,0.000000,0.008765
0.008942000000,0.000000,-0.001653
0.008944000000,0.000000,-0.001552
0.008946000000,0.000000,-0.004506
0.008948000000,0.000000,0.011865
0.008950000000,0.000000,0.025440
0.008952000000,0.000000,0.001911
0.008954000000,0.000000,-0.008361
0.008956000000,0.000000,0.008680
0.008958000000,0.000000,0.005694
0.008960000000,0.000000,-0.028563
0.008962000000,0.000000,-0.013879
0.008964000000,0.000000,-0.012313
0.008966000000,0.000000,-0.006099
0.008968000000,0.000000,0.012624
0.008970000000,0.000000,0.007173
0.008972000000,0.000000,0.016698
0.008974000000,0.000000,0.029227
0.008976000000,0.000000,-0.007797
0.008978000000,0.000000,0.010856
0.008980000000,0.000000,0.000239
0.008982000000,0.000000,0.001589
0.008984000000,0.000000,0.008956
0.008986000000,0.000000,0.023968
0.008988000000,0.000000,0.021943
0.008990000000,0.000000,0.010534
0.008992000000,0.000000,-0.025368
0.008994000000,0.000000,-0.019214
0.008996000000,0.000000,0.013985
0.008998000000,0.000000,-0.025426
0.009000000000,0.000000,0.012115
0.009002000000,0.000000,-0.000344
0.009004000000,0.000000,0.020968
0.009006000000,0.000000,-0.032441
0.009008000000,0.000000,-0.037356
0.009010000000,0.000000,0.002971
0.009012000000,0.000000,0.000119
0.009014000000,0.000000,0.033912
0.009016000000,0.000000,-0.009264
0.009018000000,0.000000,0.020399
0.009020000000,0.000000,-0.027894
0.009022000000,0.000000,-0.035677
0.009024000000,0.000000,-0.019544
0.009026000000,0.000000,0.021901
0.009028000000,0.000000,0.019456
0.009030000000,0.000000,0.002208
0.009032000000,0.000000,-0.007587
0.009034000000,0.000000,0.009771
0.009036000000,0.000000,-0.013487
0.009038000000,0.000000,0.012558
0.009040000000,0.000000,-0.002369
0.009042000000,0.000000,0.023417
0.009044000000,0.000000,0.036646
0.009046000000,0.000000,-0.013367
0.009048000000,0.000000,0.012942
0.009050000000,0.000000,-0.044752
0.009052000000,0.000000,0.002200
0.009054000000,0.000000,-0.039603
0.009056000000,0.000000,-0.033384
0.009058000000,0.000000,0.018561
0.009060000000,0.000000,-0.013776
0.009062000000,0.000000,0.015736
0.009064000000,0.000000,-0.011613
0.009066000000,0.000000,0.021489
0.009068000000,0.000000,0.012232
0.009070000000,0.000000,0.012433
0.009072000000,0.000000,-0.011529
0.009074000000,0.000000,0.008026
0.009076000000,0.000000,-0.013373
0.009078000000,0.000000,-0.010537
0.009080000000,0.000000,0.014589
0.009082000000,0.000000,-0.002599
0.009084000000,0.000000,-0.003152
0.009086000000,0.000000,-0.027041
0.009088000000,0.000000,0.038223
0.009090000000,0.000000,0.021965
0.009092000000,0.000000,0.004066
0.009094000000,0.000000,0.027244
0.009096000000,0.000000,0.031374
0.009098000000,0.000000,-0.007221
0.009100000000,0.000000,0.009488
0.009102000000,0.000000,-0.036749
0.009104000000,0.000000,0.013323
0.009106000000,0.000000,-0.002538
0.009108000000,0.000000,-0.007728
0.009110000000,0.000000,0.015285
0.009112000000,0.000000,0.021693
0.009114000000,0.000000,0.011446
0.009116000000,0.000000,0.000891
0.009118000000,0.000000,-0.009025
0.009120000000,0.000000,0.049900
0.009122000000,0.000000,0.037491
0.009124000000,0.000000,0.020776
0.009126000000,0.000000,-0.017172
0.009128000000,0.000000,0.011598
0.009130000000,0.000000,0.018617
0.009132000000,0.000000,-0.014539
0.009134000000,0.000000,0.009328
0.009136000000,0.000000,0.003025
0.009138000000,0.000000,0.022778
0.009140000000,0.000000,0.019575
0.009142000000,0.000000,-0.024252
0.009144000000,0.000000,0.026019
0.009146000000,0.000000,0.018126
0.009148000000,0.000000,-0.030109
0.009150000000,0.000000,0.015769
0.009152000000,0.000000,0.015349
0.009154000000,0.000000,0.010565
0.009156000000,0.000000,-0.025502
0.009158000000,0.000000,0.008685
0.009160000000,0.000000,0.017322
0.009162000000,0.000000,-0.021948
0.009164000000,0.000000,-0.014469
0.009166000000,0.000000,-0.027774
0.009168000000,0.000000,0.004057
0.009170000000,0.000000,0.002285
0.009172000000,0.000000,-0.001418
0.009174000000,0.000000,0.020362
0.009176000000,0.000000,0.018732
0.009178000000,0.000000,0.002956
0.009180000000,0.000000,-0.009448
0.009182000000,0.000000,0.008263
0.009184000000,0.000000,-0.008622
0.009186000000,0.000000,0.002095
0.009188000000,0.000000,0.004683
0.009190000000,0.000000,0.025866
0.009192000000,0.000000,-0.009975
0.009194000000,0.000000,0.041219
0.009196000000,0.000000,-0.009837
0.009198000000,0.000000,0.014347
0.009200000000,0.000000,0.016215
0.009202000000,0.000000,0.019423
0.009204000000,0.000000,0.017687
0.009206000000,0.000000,-0.004536
0.009208000000,0.000000,0.041247
0.009210000000,0.000000,-0.013710
0.009212000000,0.000000,0.001592
0.009214000000,0.000000,-0.032059
0.009216000000,0.000000,0.006057
0.009218000000,0.000000,-0.006840
0.009220000000,0.000000,0.012983
0.009222000000,0.000000,0.002405
0.009224000000,0.000000,0.012575
0.009226000000,0.000000,0.007232
0.009228000000,0.000000,-0.023856
0.009230000000,0.000000,0.050934
0.009232000000,0.000000,0.003659
0.009234000000,0.000000,0.004174
0.009236000000,0.000000,-0.007701
0.009238000000,0.000000,0.040126
0.009240000000,0.000000,0.002065
0.009242000000,0.000000,-0.045294
0.009244000000,0.000000,0.012628
0.009246000000,0.000000,0.016618
0.009248000000,0.000000,0.018511
0.009250000000,0.000000,0.004139
0.009252000000,0.000000,0.011779
0.009254000000,0.000000,-0.033128
0.009256000000,0.000000,-0.021376
0.009258000000,0.000000,-0.022137
0.009260000000,0.000000,0.049966
0.009262000000,0.000000,0.016533
0.009264000000,0.000000,-0.010819
0.009266000000,0.000000,0.026580
0.009268000000,0.000000,-0.013351
0.009270000000,0.000000,-0.019952
0.009272000000,0.000000,-0.017018
0.009274000000,0.000000,-0.004954
0.009276000000,0.000000,-0.000739
0.009278000000,0.000000,-0.000548
0.009280000000,0.000000,0.017568
0.009282000000,0.000000,-0.011979
0.009284000000,0.000000,0.019575
0.009286000000,0.000000,-0.004875
0.009288000000,0.000000,-0.006357
0.009290000000,0.000000,0.003523
0.009292000000,0.000000,-0.000221
0.009294000000,0.000000,0.010844
0.009296000000,0.000000,0.003329
0.009298000000,0.000000,0.019840
0.009300000000,0.000000,-0.022013
0.009302000000,0.000000,0.005789
0.009304000000,0.000000,0.044990
0.009306000000,0.000000,-0.023630
0.009308000000,0.000000,0.008501
0.009310000000,0.000000,-0.014748
0.009312000000,0.000000,0.011525
0.009314000000,0.000000,0.054252
0.009316000000,0.000000,-0.025030
0.009318000000,0.000000,-0.010258
0.009320000000,0.000000,-0.006607
0.009322000000,0.000000,0.037173
0.009324000000,0.000000,0.004052
0.009326000000,0.000000,0.021882
0.009328000000,0.000000,0.018998
0.009330000000,0.000000,-0.016016
0.009332000000,0.000000,-0.031854
0.009334000000,0.000000,0.002248
0.009336000000,0.000000,-0.015517
0.009338000000,0.000000,-0.009997
0.009340000000,0.000000,0.024169
0.009342000000,0.000000,0.003644
0.009344000000,0.000000,-0.007821
0.009346000000,0.000000,0.016014
0.009348000000,0.000000,-0.006171
0.009350000000,0.000000,-0.029299
0.009352000000,0.000000,0.008779
0.009354000000,0.000000,-0.019317
0.009356000000,0.000000,-0.058186
0.009358000000,0.000000,0.036021
0.009360000000,0.000000,-0.011082
0.009362000000,0.000000,-0.007436
0.009364000000,0.000000,0.040083
0.009366000000,0.000000,-0.024267
0.009368000000,0.000000,-0.010727
0.009370000000,0.000000,0.022353
0.009372000000,0.000000,0.014245
0.009374000000,0.000000,-0.009194
0.009376000000,0.000000,0.001096
0.009378000000,0.000000,-0.031848
0.009380000000,0.000000,-0.013397
0.009382000000,0.000000,0.041235
0.009384000000,0.000000,0.022711
0.009386000000,0.000000,-0.018702
0.009388000000,0.000000,-0.012437
0.009390000000,0.000000,-0.033134
0.009392000000,0.000000,-0.034831
0.009394000000,0.000000,0.006141
0.009396000000,0.000000,-0.026977
0.009398000000,0.000000,0.007678
0.009400000000,0.000000,-0.004804
0.009402000000,0.000000,-0.003957
0.009404000000,0.000000,0.028074
0.009406000000,0.000000,0.002570
0.009408000000,0.000000,0.025738
0.009410000000,0.000000,-0.003543
0.009412000000,0.000000,-0.008811
0.009414000000,0.000000,0.014637
0.009416000000,0.000000,0.001300
0.009418000000,0.000000,-0.005058
0.009420000000,0.000000,0.038032
0.009422000000,0.000000,0.006027
0.009424000000,0.000000,0.010753
0.009426000000,0.000000,-0.002949
0.009428000000,0.000000,0.000132
0.009430000000,0.000000,-0.051830
0.009432000000,0.000000,0.005104
0.009434000000,0.000000,0.043396
0.009436000000,0.000000,-0.027771
0.009438000000,0.000000,-0.045052
0.009440000000,0.000000,-0.019304
0.009442000000,0.000000,0.022893
0.009444000000,0.000000,-0.015898
0.009446000000,0.000000,-0.023470
0.009448000000,0.000000,-0.007110
0.009450000000,0.000000,0.037360
0.009452000000,0.000000,-0.008935
0.009454000000,0.000000,-0.024932
0.009456000000,0.000000,-0.010053
0.009458000000,0.000000,-0.017882
0.009460000000,0.000000,-0.000106
0.009462000000,0.000000,0.011241
0.009464000000,0.000000,0.000288
0.009466000000,0.000000,0.004248
0.009468000000,0.000000,-0.020410
0.009470000000,0.000000,-0.007621
0.009472000000,0.000000,-0.002120
0.009474000000,0.000000,-0.025267
0.009476000000,0.000000,-0.013890
0.009478000000,0.000000,0.005242
0.009480000000,0.000000,0.011751
0.009482000000,0.000000,0.017310
0.009484000000,0.000000,0.009602
0.009486000000,0.000000,-0.002826
0.009488000000,0.000000,0.011192
0.009490000000,0.000000,-0.034916
0.009492000000,0.000000,-0.003291
0.009494000000,0.000000,-0.002305
0.009496000000,0.000000,-0.022451
0.009498000000,0.000000,-0.009700
0.009500000000,0.000000,-0.009674
0.009502000000,0.000000,0.025036
0.009504000000,0.000000,0.012393
0.009506000000,0.000000,-0.012650
0.009508000000,0.000000,0.013262
0.009510000000,0.000000,-0.000727
0.009512000000,0.000000,-0.021155
0.009514000000,0.000000,0.007853
0.009516000000,0.000000,-0.018963
0.009518000000,0.000000,0.018895
0.009520000000,0.000000,0.031515
0.009522000000,0.000000,-0.005503
0.009524000000,0.000000,-0.014156
0.009526000000,0.000000,0.009470
0.009528000000,0.000000,-0.009455
0.009530000000,0.000000,-0.010805
0.009532000000,0.000000,-0.009783
0.009534000000,0.000000,-0.000990
0.009536000000,0.000000,-0.041710
0.009538000000,0.000000,-0.015718
0.009540000000,0.000000,0.007090
0.009542000000,0.000000,-0.014286
0.009544000000,0.000000,-0.015140
0.009546000000,0.000000,0.004146
0.009548000000,0.000000,0.021175
0.009550000000,0.000000,0.005646
0.009552000000,0.000000,-0.004813
0.009554000000,0.000000,-0.002510
0.009556000000,0.000000,0.010247
0.009558000000,0.000000,-0.013613
0.009560000000,0.000000,-0.001306
0.009562000000,0.000000,-0.030848
0.009564000000,0.000000,0.020456
0.009566000000,0.000000,-0.012069
0.009568000000,0.000000,0.016431
0.009570000000,0.000000,-0.001186
0.009572000000,0.000000,-0.006681
0.009574000000,0.000000,-0.030603
0.009576000000,0.000000,-0.024194
0.009578000000,0.000000,-0.000062
0.009580000000,0.000000,0.005026
0.009582000000,0.000000,0.034729
0.009584000000,0.000000,0.007518
0.009586000000,0.000000,-0.033171
0.009588000000,0.000000,-0.005954
0.009590000000,0.000000,0.000620
0.009592000000,0.000000,-0.011678
0.009594000000,0.000000,0.000491
0.009596000000,0.000000,0.004106
0.009598000000,0.000000,0.014401
0.009600000000,0.000000,0.014043
0.009602000000,0.000000,0.019907
0.009604000000,0.000000,0.031793
0.009606000000,0.000000,-0.020885
0.009608000000,0.000000,0.006412
0.009610000000,0.000000,0.030620
0.009612000000,0.000000,-0.003439
0.009614000000,0.000000,0.002192
0.009616000000,0.000000,0.004919
0.009618000000,0.000000,-0.000536
0.009620000000,0.000000,0.054320
0.009622000000,0.000000,0.014400
0.009624000000,0.000000,-0.009335
0.009626000000,0.000000,-0.009993
0.009628000000,0.000000,-0.004047
0.009630000000,0.000000,-0.024221
0.009632000000,0.000000,-0.011142
0.009634000000,0.000000,0.009131
0.009636000000,0.000000,0.003011
0.009638000000,0.000000,-0.016234
0.009640000000,0.000000,-0.008643
0.009642000000,0.000000,0.016041
0.009644000000,0.000000,-0.013209
0.009646000000,0.000000,0.010461
0.009648000000,0.000000,-0.001969
0.009650000000,0.000000,-0.004862
0.009652000000,0.000000,-0.017463
0.009654000000,0.000000,0.039459
0.009656000000,0.000000,0.030389
0.009658000000,0.000000,-0.002542
0.009660000000,0.000000,-0.018820
0.009662000000,0.000000,0.019970
0.009664000000,0.000000,-0.014062
0.009666000000,0.000000,0.012846
0.009668000000,0.000000,0.004156
0.009670000000,0.000000,-0.024300
0.009672000000,0.000000,-0.009845
0.009674000000,0.000000,-0.012712
0.009676000000,0.000000,0.008434
0.009678000000,0.000000,-0.006177
0.009680000000,0.000000,-0.022273
0.009682000000,0.000000,-0.011562
0.009684000000,0.000000,0.018256
0.009686000000,0.000000,-0.010311
0.009688000000,0.000000,0.004362
0.009690000000,0.000000,0.003883
0.009692000000,0.000000,-0.012984
0.009694000000,0.000000,-0.009738
0.009696000000,0.000000,0.005699
0.009698000000,0.000000,-0.014258
0.009700000000,0.000000,-0.058984
0.009702000000,0.000000,-0.004595
0.009704000000,0.000000,-0.025506
0.009706000000,0.000000,0.011439
0.009708000000,0.000000,0.005803
0.009710000000,0.000000,0.008814
0.009712000000,0.000000,0.015357
0.009714000000,0.000000,0.018192
0.009716000000,0.000000,-0.045736
0.009718000000,0.000000,-0.002069
0.009720000000,0.000000,0.018842
0.009722000000,0.000000,-0.000143
0.009724000000,0.000000,0.015889
0.009726000000,0.000000,-0.015849
0.009728000000,0.000000,0.021438
0.009730000000,0.000000,-0.014440
0.009732000000,0.000000,-0.036561
0.009734000000,0.000000,-0.020544
0.009736000000,0.000000,0.008215
0.009738000000,0.000000,0.034738
0.009740000000,0.000000,-0.000334
0.009742000000,0.000000,0.035863
0.009744000000,0.000000,-0.000691
0.009746000000,0.000000,0.009301
0.009748000000,0.000000,-0.004035
0.009750000000,0.000000,0.022349
0.009752000000,0.000000,-0.018535
0.009754000000,0.000000,-0.026734
0.009756000000,0.000000,-0.009685
0.009758000000,0.000000,-0.006341
0.009760000000,0.000000,0.019784
0.009762000000,0.000000,-0.007342
0.009764000000,0.000000,0.011880
0.009766000000,0.000000,0.001564
0.009768000000,0.000000,0.014479
0.009770000000,0.000000,0.014122
0.009772000000,0.000000,-0.018336
0.009774000000,0.000000,-0.023245
0.009776000000,0.000000,-0.027260
0.009778000000,0.000000,-0.001508
0.009780000000,0.000000,0.005635
0.009782000000,0.000000,0.006522
0.009784000000,0.000000,-0.001561
0.009786000000,0.000000,-0.010236
0.009788000000,0.000000,0.000711
0.009790000000,0.000000,-0.027771
0.009792000000,0.000000,-0.008332
0.009794000000,0.000000,-0.004333
0.009796000000,0.000000,-0.022019
0.009798000000,0.000000,0.018171
0.009800000000,0.000000,-0.019021
0.009802000000,0.000000,-0.015958
0.009804000000,0.000000,-0.012655
0.009806000000,0.000000,0.023592
0.009808000000,0.000000,0.008373
0.009810000000,0.000000,0.011049
0.009812000000,0.000000,-0.029588
0.009814000000,0.000000,0.009878
0.009816000000,0.000000,0.007775
0.009818000000,0.000000,0.001739
0.009820000000,0.000000,-0.014984
0.009822000000,0.000000,0.021359
0.009824000000,0.000000,-0.002967
0.009826000000,0.000000,-0.039006
0.009828000000,0.000000,-0.003111
0.009830000000,0.000000,0.027856
0.009832000000,0.000000,-0.030850
0.009834000000,0.000000,-0.025613
0.009836000000,0.000000,0.041598
0.009838000000,0.000000,-0.003231
0.009840000000,0.000000,0.013099
0.009842000000,0.000000,0.013734
0.009844000000,0.000000,0.043921
0.009846000000,0.000000,0.015909
0.009848000000,0.000000,0.025592
0.009850000000,0.000000,0.016351
0.009852000000,0.000000,0.017047
0.009854000000,0.000000,-0.025380
0.009856000000,0.000000,-0.002880
0.009858000000,0.000000,0.008144
0.009860000000,0.000000,-0.027272
0.009862000000,0.000000,0.006178
0.009864000000,0.000000,-0.035966
0.009866000000,0.000000,0.004256
0.009868000000,0.000000,0.012020
0.009870000000,0.000000,-0.000250
0.009872000000,0.000000,0.012257
0.009874000000,0.000000,-0.000395
0.009876000000,0.000000,0.005819
0.009878000000,0.000000,-0.019623
0.009880000000,0.000000,-0.008480
0.009882000000,0.000000,-0.018972
0.009884000000,0.000000,0.013070
0.009886000000,0.000000,-0.023546
0.009888000000,0.000000,0.012878
0.009890000000,0.000000,0.014399
0.009892000000,0.000000,0.012738
0.009894000000,0.000000,0.000658
0.009896000000,0.000000,0.006787
0.009898000000,0.000000,-0.007076
0.009900000000,0.000000,-0.002235
0.009902000000,0.000000,-0.014349
0.009904000000,0.000000,-0.022862
0.009906000000,0.000000,-0.009743
0.009908000000,0.000000,-0.017946
0.009910000000,0.000000,-0.002193
0.009912000000,0.000000,-0.008733
0.009914000000,0.000000,-0.025817
0.009916000000,0.000000,-0.008146
0.009918000000,0.000000,-0.017946
0.009920000000,0.000000,0.004787
0.009922000000,0.000000,0.007877
0.009924000000,0.000000,0.000130
0.009926000000,0.000000,0.004801
0.009928000000,0.000000,0.008397
0.009930000000,0.000000,0.001219
0.009932000000,0.000000,-0.063325
0.009934000000,0.000000,0.000251
0.009936000000,0.000000,0.018689
0.009938000000,0.000000,0.009672
0.009940000000,0.000000,-0.036755
0.009942000000,0.000000,-0.015500
0.009944000000,0.000000,-0.035304
0.009946000000,0.000000,0.010974
0.009948000000,0.000000,0.012712
0.009950000000,0.000000,0.015175
0.009952000000,0.000000,-0.003591
0.009954000000,0.000000,-0.010221
0.009956000000,0.000000,-0.010635
0.009958000000,0.000000,-0.012121
0.009960000000,0.000000,-0.008069
0.009962000000,0.000000,-0.011089
0.009964000000,0.000000,0.002859
0.009966000000,0.000000,0.035923
0.009968000000,0.000000,0.006235
0.009970000000,0.000000,-0.003892
0.009972000000,0.000000,0.015665
0.009974000000,0.000000,-0.015495
0.009976000000,0.000000,-0.002781
0.009978000000,0.000000,-0.009806
0.009980000000,0.000000,-0.020303
0.009982000000,0.000000,-0.002485
0.009984000000,0.000000,-0.012953
0.009986000000,0.000000,-0.005660
0.009988000000,0.000000,-0.045655
0.009990000000,0.000000,0.067747
0.009992000000,0.000000,-0.029336
0.009994000000,0.000000,0.017894
0.009996000000,0.000000,0.037127
0.009998000000,0.000000,0.020943
