TimeQuest Timing Analyzer report for mo60tongbu
Tue May 28 20:34:15 2024
Quartus II Version 9.1 Build 350 03/24/2010 Service Pack 2 SJ Web Edition


---------------------
; Table of Contents ;
---------------------
  1. Legal Notice
  2. TimeQuest Timing Analyzer Summary
  3. Parallel Compilation
  4. Clocks
  5. Slow 1200mV 85C Model Fmax Summary
  6. Slow 1200mV 85C Model Setup Summary
  7. Slow 1200mV 85C Model Hold Summary
  8. Slow 1200mV 85C Model Recovery Summary
  9. Slow 1200mV 85C Model Removal Summary
 10. Slow 1200mV 85C Model Minimum Pulse Width Summary
 11. Slow 1200mV 85C Model Setup: 'pin_name'
 12. Slow 1200mV 85C Model Hold: 'pin_name'
 13. Slow 1200mV 85C Model Minimum Pulse Width: 'pin_name'
 14. Clock to Output Times
 15. Minimum Clock to Output Times
 16. Slow 1200mV 85C Model Metastability Report
 17. Slow 1200mV 0C Model Fmax Summary
 18. Slow 1200mV 0C Model Setup Summary
 19. Slow 1200mV 0C Model Hold Summary
 20. Slow 1200mV 0C Model Recovery Summary
 21. Slow 1200mV 0C Model Removal Summary
 22. Slow 1200mV 0C Model Minimum Pulse Width Summary
 23. Slow 1200mV 0C Model Setup: 'pin_name'
 24. Slow 1200mV 0C Model Hold: 'pin_name'
 25. Slow 1200mV 0C Model Minimum Pulse Width: 'pin_name'
 26. Clock to Output Times
 27. Minimum Clock to Output Times
 28. Slow 1200mV 0C Model Metastability Report
 29. Fast 1200mV 0C Model Setup Summary
 30. Fast 1200mV 0C Model Hold Summary
 31. Fast 1200mV 0C Model Recovery Summary
 32. Fast 1200mV 0C Model Removal Summary
 33. Fast 1200mV 0C Model Minimum Pulse Width Summary
 34. Fast 1200mV 0C Model Setup: 'pin_name'
 35. Fast 1200mV 0C Model Hold: 'pin_name'
 36. Fast 1200mV 0C Model Minimum Pulse Width: 'pin_name'
 37. Clock to Output Times
 38. Minimum Clock to Output Times
 39. Fast 1200mV 0C Model Metastability Report
 40. Multicorner Timing Analysis Summary
 41. Clock to Output Times
 42. Minimum Clock to Output Times
 43. Board Trace Model Assignments
 44. Input Transition Times
 45. Slow Corner Signal Integrity Metrics
 46. Fast Corner Signal Integrity Metrics
 47. Setup Transfers
 48. Hold Transfers
 49. Report TCCS
 50. Report RSKM
 51. Unconstrained Paths
 52. TimeQuest Timing Analyzer Messages



----------------
; Legal Notice ;
----------------
Copyright (C) 1991-2010 Altera Corporation
Your use of Altera Corporation's design tools, logic functions 
and other software and tools, and its AMPP partner logic 
functions, and any output files from any of the foregoing 
(including device programming or simulation files), and any 
associated documentation or information are expressly subject 
to the terms and conditions of the Altera Program License 
Subscription Agreement, Altera MegaCore Function License 
Agreement, or other applicable license agreement, including, 
without limitation, that your use is for the sole purpose of 
programming logic devices manufactured by Altera and sold by 
Altera or its authorized distributors.  Please refer to the 
applicable agreement for further details.



+-------------------------------------------------------------------------------------+
; TimeQuest Timing Analyzer Summary                                                   ;
+--------------------+----------------------------------------------------------------+
; Quartus II Version ; Version 9.1 Build 350 03/24/2010 Service Pack 2 SJ Web Edition ;
; Revision Name      ; mo60tongbu                                                     ;
; Device Family      ; Cyclone III                                                    ;
; Device Name        ; EP3C5E144C8                                                    ;
; Timing Models      ; Final                                                          ;
; Delay Model        ; Combined                                                       ;
; Rise/Fall Delays   ; Enabled                                                        ;
+--------------------+----------------------------------------------------------------+


Parallel compilation was disabled, but you have multiple processors available. Enable parallel compilation to reduce compilation time.
+-------------------------------------+
; Parallel Compilation                ;
+----------------------------+--------+
; Processors                 ; Number ;
+----------------------------+--------+
; Number detected on machine ; 8      ;
; Maximum allowed            ; 1      ;
+----------------------------+--------+


+--------------------------------------------------------------------------------------------------------------------------------------------------------------------------------------+
; Clocks                                                                                                                                                                               ;
+------------+------+--------+------------+-------+-------+------------+-----------+-------------+-------+--------+-----------+------------+----------+--------+--------+--------------+
; Clock Name ; Type ; Period ; Frequency  ; Rise  ; Fall  ; Duty Cycle ; Divide by ; Multiply by ; Phase ; Offset ; Edge List ; Edge Shift ; Inverted ; Master ; Source ; Targets      ;
+------------+------+--------+------------+-------+-------+------------+-----------+-------------+-------+--------+-----------+------------+----------+--------+--------+--------------+
; pin_name   ; Base ; 1.000  ; 1000.0 MHz ; 0.000 ; 0.500 ;            ;           ;             ;       ;        ;           ;            ;          ;        ;        ; { pin_name } ;
+------------+------+--------+------------+-------+-------+------------+-----------+-------------+-------+--------+-----------+------------+----------+--------+--------+--------------+


+-----------------------------------------------------------------------------------------------------------+
; Slow 1200mV 85C Model Fmax Summary                                                                        ;
+------------+-----------------+------------+---------------------------------------------------------------+
; Fmax       ; Restricted Fmax ; Clock Name ; Note                                                          ;
+------------+-----------------+------------+---------------------------------------------------------------+
; 375.52 MHz ; 250.0 MHz       ; pin_name   ; limit due to minimum period restriction (max I/O toggle rate) ;
+------------+-----------------+------------+---------------------------------------------------------------+
This panel reports FMAX for every clock in the design, regardless of the user-specified clock periods.  FMAX is only computed for paths where the source and destination registers or ports are driven by the same clock.  Paths of different clocks, including generated clocks, are ignored.  For paths between a clock and its inversion, FMAX is computed as if the rising and falling edges are scaled along with FMAX, such that the duty cycle (in terms of a percentage) is maintained. Altera recommends that you always use clock constraints and other slack reports for sign-off analysis.


+-------------------------------------+
; Slow 1200mV 85C Model Setup Summary ;
+----------+--------+-----------------+
; Clock    ; Slack  ; End Point TNS   ;
+----------+--------+-----------------+
; pin_name ; -1.663 ; -50.839         ;
+----------+--------+-----------------+


+------------------------------------+
; Slow 1200mV 85C Model Hold Summary ;
+----------+-------+-----------------+
; Clock    ; Slack ; End Point TNS   ;
+----------+-------+-----------------+
; pin_name ; 0.432 ; 0.000           ;
+----------+-------+-----------------+


------------------------------------------
; Slow 1200mV 85C Model Recovery Summary ;
------------------------------------------
No paths to report.


-----------------------------------------
; Slow 1200mV 85C Model Removal Summary ;
-----------------------------------------
No paths to report.


+---------------------------------------------------+
; Slow 1200mV 85C Model Minimum Pulse Width Summary ;
+----------+--------+-------------------------------+
; Clock    ; Slack  ; End Point TNS                 ;
+----------+--------+-------------------------------+
; pin_name ; -3.000 ; -74.376                       ;
+----------+--------+-------------------------------+


+----------------------------------------------------------------------------------------------------------------------------------------------------------------------------------------------------------------------------------------------------------------------+
; Slow 1200mV 85C Model Setup: 'pin_name'                                                                                                                                                                                                                              ;
+--------+-------------------------------------------------------------------------------------------+-------------------------------------------------------------------------------------------+--------------+-------------+--------------+------------+------------+
; Slack  ; From Node                                                                                 ; To Node                                                                                   ; Launch Clock ; Latch Clock ; Relationship ; Clock Skew ; Data Delay ;
+--------+-------------------------------------------------------------------------------------------+-------------------------------------------------------------------------------------------+--------------+-------------+--------------+------------+------------+
; -1.663 ; eastwest:inst|daomo60:inst|mo60tongbu:inst|mo10tongbu:inst|74161:inst|f74161:sub|9        ; eastwest:inst|mo4control:inst4|74161:inst|f74161:sub|9                                    ; pin_name     ; pin_name    ; 1.000        ; -0.082     ; 2.582      ;
; -1.640 ; eastwest:inst|daomo60:inst|mo60tongbu:inst|mo10tongbu:inst|74161:inst|f74161:sub|9        ; eastwest:inst|mo4control:inst4|74161:inst|f74161:sub|87                                   ; pin_name     ; pin_name    ; 1.000        ; -0.082     ; 2.559      ;
; -1.621 ; eastwest:inst|daomo60:inst|mo60tongbu:inst|mo6tongbu:inst14|74161:inst|f74161:sub|9       ; eastwest:inst|mo4control:inst4|74161:inst|f74161:sub|87                                   ; pin_name     ; pin_name    ; 1.000        ; -0.082     ; 2.540      ;
; -1.621 ; eastwest:inst|daomo60:inst|mo60tongbu:inst|mo6tongbu:inst14|74161:inst|f74161:sub|9       ; eastwest:inst|mo4control:inst4|74161:inst|f74161:sub|9                                    ; pin_name     ; pin_name    ; 1.000        ; -0.082     ; 2.540      ;
; -1.601 ; eastwest:inst|daomo60:inst|mo60tongbu:inst|mo10tongbu:inst|74161:inst|f74161:sub|110      ; eastwest:inst|mo4control:inst4|74161:inst|f74161:sub|87                                   ; pin_name     ; pin_name    ; 1.000        ; -0.082     ; 2.520      ;
; -1.601 ; eastwest:inst|daomo60:inst|mo60tongbu:inst|mo10tongbu:inst|74161:inst|f74161:sub|110      ; eastwest:inst|mo4control:inst4|74161:inst|f74161:sub|9                                    ; pin_name     ; pin_name    ; 1.000        ; -0.082     ; 2.520      ;
; -1.578 ; southnorth:inst1|daomo10:inst3|mo10tongbu:inst|74161:inst|f74161:sub|110                  ; southnorth:inst1|mo4control:inst4|74161:inst|f74161:sub|9                                 ; pin_name     ; pin_name    ; 1.000        ; -0.082     ; 2.497      ;
; -1.572 ; southnorth:inst1|daomo10:inst3|mo10tongbu:inst|74161:inst|f74161:sub|9                    ; southnorth:inst1|mo4control:inst4|74161:inst|f74161:sub|9                                 ; pin_name     ; pin_name    ; 1.000        ; -0.082     ; 2.491      ;
; -1.564 ; southnorth:inst1|daomo10:inst3|mo10tongbu:inst|74161:inst|f74161:sub|110                  ; southnorth:inst1|mo4control:inst4|74161:inst|f74161:sub|87                                ; pin_name     ; pin_name    ; 1.000        ; -0.082     ; 2.483      ;
; -1.558 ; southnorth:inst1|daomo10:inst3|mo10tongbu:inst|74161:inst|f74161:sub|9                    ; southnorth:inst1|mo4control:inst4|74161:inst|f74161:sub|87                                ; pin_name     ; pin_name    ; 1.000        ; -0.082     ; 2.477      ;
; -1.530 ; southnorth:inst1|daomo10:inst2|mo10tongbu:inst|74161:inst|f74161:sub|9                    ; southnorth:inst1|mo4control:inst4|74161:inst|f74161:sub|9                                 ; pin_name     ; pin_name    ; 1.000        ; -0.082     ; 2.449      ;
; -1.516 ; southnorth:inst1|daomo10:inst2|mo10tongbu:inst|74161:inst|f74161:sub|9                    ; southnorth:inst1|mo4control:inst4|74161:inst|f74161:sub|87                                ; pin_name     ; pin_name    ; 1.000        ; -0.082     ; 2.435      ;
; -1.507 ; southnorth:inst1|mo4control:inst4|74161:inst|f74161:sub|9                                 ; southnorth:inst1|daomo10:inst3|mo10tongbu:inst|74161:inst|f74161:sub|87                   ; pin_name     ; pin_name    ; 1.000        ; -0.082     ; 2.426      ;
; -1.456 ; southnorth:inst1|daomo10:inst3|mo10tongbu:inst|74161:inst|f74161:sub|9                    ; southnorth:inst1|daomo10:inst3|mo10tongbu:inst|74161:inst|f74161:sub|87                   ; pin_name     ; pin_name    ; 1.000        ; -0.082     ; 2.375      ;
; -1.435 ; southnorth:inst1|leidao60:inst5|mo60tongbu:inst|mo10tongbu:inst|74161:inst|f74161:sub|9   ; southnorth:inst1|mo4control:inst4|74161:inst|f74161:sub|9                                 ; pin_name     ; pin_name    ; 1.000        ; -0.082     ; 2.354      ;
; -1.421 ; southnorth:inst1|leidao60:inst5|mo60tongbu:inst|mo10tongbu:inst|74161:inst|f74161:sub|9   ; southnorth:inst1|mo4control:inst4|74161:inst|f74161:sub|87                                ; pin_name     ; pin_name    ; 1.000        ; -0.082     ; 2.340      ;
; -1.417 ; southnorth:inst1|mo4control:inst4|74161:inst|f74161:sub|87                                ; southnorth:inst1|daomo10:inst3|mo10tongbu:inst|74161:inst|f74161:sub|87                   ; pin_name     ; pin_name    ; 1.000        ; -0.082     ; 2.336      ;
; -1.404 ; southnorth:inst1|mo4control:inst4|74161:inst|f74161:sub|9                                 ; southnorth:inst1|daomo60:inst|mo60tongbu:inst|mo10tongbu:inst|74161:inst|f74161:sub|87    ; pin_name     ; pin_name    ; 1.000        ; -0.082     ; 2.323      ;
; -1.394 ; southnorth:inst1|mo4control:inst4|74161:inst|f74161:sub|87                                ; southnorth:inst1|daomo60:inst|mo60tongbu:inst|mo10tongbu:inst|74161:inst|f74161:sub|110   ; pin_name     ; pin_name    ; 1.000        ; -0.082     ; 2.313      ;
; -1.394 ; southnorth:inst1|mo4control:inst4|74161:inst|f74161:sub|87                                ; southnorth:inst1|daomo60:inst|mo60tongbu:inst|mo10tongbu:inst|74161:inst|f74161:sub|99    ; pin_name     ; pin_name    ; 1.000        ; -0.082     ; 2.313      ;
; -1.382 ; southnorth:inst1|leidao60:inst5|mo60tongbu:inst|mo10tongbu:inst|74161:inst|f74161:sub|9   ; southnorth:inst1|leidao60:inst5|mo60tongbu:inst|mo6tongbu:inst14|74161:inst|f74161:sub|87 ; pin_name     ; pin_name    ; 1.000        ; -0.082     ; 2.301      ;
; -1.380 ; eastwest:inst|leidao60:inst5|mo60tongbu:inst|mo10tongbu:inst|74161:inst|f74161:sub|110    ; eastwest:inst|mo4control:inst4|74161:inst|f74161:sub|9                                    ; pin_name     ; pin_name    ; 1.000        ; -0.081     ; 2.300      ;
; -1.373 ; southnorth:inst1|daomo10:inst3|mo10tongbu:inst|74161:inst|f74161:sub|87                   ; southnorth:inst1|daomo10:inst3|mo10tongbu:inst|74161:inst|f74161:sub|87                   ; pin_name     ; pin_name    ; 1.000        ; -0.081     ; 2.293      ;
; -1.369 ; eastwest:inst|leidao60:inst5|mo60tongbu:inst|mo10tongbu:inst|74161:inst|f74161:sub|110    ; eastwest:inst|mo4control:inst4|74161:inst|f74161:sub|87                                   ; pin_name     ; pin_name    ; 1.000        ; -0.081     ; 2.289      ;
; -1.366 ; southnorth:inst1|leidao60:inst5|mo60tongbu:inst|mo10tongbu:inst|74161:inst|f74161:sub|9   ; southnorth:inst1|leidao60:inst5|mo60tongbu:inst|mo6tongbu:inst14|74161:inst|f74161:sub|99 ; pin_name     ; pin_name    ; 1.000        ; -0.082     ; 2.285      ;
; -1.366 ; eastwest:inst|leidao60:inst5|mo60tongbu:inst|mo10tongbu:inst|74161:inst|f74161:sub|9      ; eastwest:inst|leidao60:inst5|mo60tongbu:inst|mo10tongbu:inst|74161:inst|f74161:sub|87     ; pin_name     ; pin_name    ; 1.000        ; -0.081     ; 2.286      ;
; -1.328 ; southnorth:inst1|daomo60:inst|mo60tongbu:inst|mo10tongbu:inst|74161:inst|f74161:sub|110   ; southnorth:inst1|mo4control:inst4|74161:inst|f74161:sub|9                                 ; pin_name     ; pin_name    ; 1.000        ; -0.082     ; 2.247      ;
; -1.328 ; southnorth:inst1|daomo60:inst|mo60tongbu:inst|mo10tongbu:inst|74161:inst|f74161:sub|110   ; southnorth:inst1|mo4control:inst4|74161:inst|f74161:sub|87                                ; pin_name     ; pin_name    ; 1.000        ; -0.082     ; 2.247      ;
; -1.317 ; eastwest:inst|daomo60:inst|mo60tongbu:inst|mo10tongbu:inst|74161:inst|f74161:sub|9        ; eastwest:inst|daomo60:inst|mo60tongbu:inst|mo6tongbu:inst14|74161:inst|f74161:sub|87      ; pin_name     ; pin_name    ; 1.000        ; -0.081     ; 2.237      ;
; -1.293 ; southnorth:inst1|daomo60:inst|mo60tongbu:inst|mo6tongbu:inst14|74161:inst|f74161:sub|9    ; southnorth:inst1|mo4control:inst4|74161:inst|f74161:sub|9                                 ; pin_name     ; pin_name    ; 1.000        ; -0.082     ; 2.212      ;
; -1.293 ; southnorth:inst1|daomo60:inst|mo60tongbu:inst|mo6tongbu:inst14|74161:inst|f74161:sub|9    ; southnorth:inst1|mo4control:inst4|74161:inst|f74161:sub|87                                ; pin_name     ; pin_name    ; 1.000        ; -0.082     ; 2.212      ;
; -1.293 ; eastwest:inst|daomo60:inst|mo60tongbu:inst|mo6tongbu:inst14|74161:inst|f74161:sub|99      ; eastwest:inst|mo4control:inst4|74161:inst|f74161:sub|9                                    ; pin_name     ; pin_name    ; 1.000        ; -0.082     ; 2.212      ;
; -1.281 ; eastwest:inst|daomo60:inst|mo60tongbu:inst|mo6tongbu:inst14|74161:inst|f74161:sub|99      ; eastwest:inst|mo4control:inst4|74161:inst|f74161:sub|87                                   ; pin_name     ; pin_name    ; 1.000        ; -0.082     ; 2.200      ;
; -1.277 ; southnorth:inst1|daomo10:inst2|mo10tongbu:inst|74161:inst|f74161:sub|87                   ; southnorth:inst1|daomo10:inst2|mo10tongbu:inst|74161:inst|f74161:sub|110                  ; pin_name     ; pin_name    ; 1.000        ; -0.081     ; 2.197      ;
; -1.271 ; eastwest:inst|daomo60:inst|mo60tongbu:inst|mo6tongbu:inst14|74161:inst|f74161:sub|9       ; eastwest:inst|daomo60:inst|mo60tongbu:inst|mo6tongbu:inst14|74161:inst|f74161:sub|87      ; pin_name     ; pin_name    ; 1.000        ; -0.081     ; 2.191      ;
; -1.265 ; southnorth:inst1|mo4control:inst4|74161:inst|f74161:sub|87                                ; southnorth:inst1|daomo60:inst|mo60tongbu:inst|mo10tongbu:inst|74161:inst|f74161:sub|87    ; pin_name     ; pin_name    ; 1.000        ; -0.082     ; 2.184      ;
; -1.256 ; southnorth:inst1|mo4control:inst4|74161:inst|f74161:sub|9                                 ; southnorth:inst1|daomo10:inst3|mo10tongbu:inst|74161:inst|f74161:sub|110                  ; pin_name     ; pin_name    ; 1.000        ; -0.082     ; 2.175      ;
; -1.251 ; eastwest:inst|daomo60:inst|mo60tongbu:inst|mo10tongbu:inst|74161:inst|f74161:sub|110      ; eastwest:inst|daomo60:inst|mo60tongbu:inst|mo6tongbu:inst14|74161:inst|f74161:sub|87      ; pin_name     ; pin_name    ; 1.000        ; -0.081     ; 2.171      ;
; -1.226 ; southnorth:inst1|leidao60:inst5|mo60tongbu:inst|mo10tongbu:inst|74161:inst|f74161:sub|110 ; southnorth:inst1|mo4control:inst4|74161:inst|f74161:sub|9                                 ; pin_name     ; pin_name    ; 1.000        ; -0.082     ; 2.145      ;
; -1.220 ; eastwest:inst|leidao60:inst5|mo60tongbu:inst|mo10tongbu:inst|74161:inst|f74161:sub|9      ; eastwest:inst|mo4control:inst4|74161:inst|f74161:sub|9                                    ; pin_name     ; pin_name    ; 1.000        ; -0.081     ; 2.140      ;
; -1.212 ; southnorth:inst1|leidao60:inst5|mo60tongbu:inst|mo10tongbu:inst|74161:inst|f74161:sub|110 ; southnorth:inst1|mo4control:inst4|74161:inst|f74161:sub|87                                ; pin_name     ; pin_name    ; 1.000        ; -0.082     ; 2.131      ;
; -1.209 ; eastwest:inst|leidao60:inst5|mo60tongbu:inst|mo10tongbu:inst|74161:inst|f74161:sub|9      ; eastwest:inst|mo4control:inst4|74161:inst|f74161:sub|87                                   ; pin_name     ; pin_name    ; 1.000        ; -0.081     ; 2.129      ;
; -1.203 ; eastwest:inst|mo4control:inst4|74161:inst|f74161:sub|9                                    ; eastwest:inst|daomo60:inst|mo60tongbu:inst|mo10tongbu:inst|74161:inst|f74161:sub|87       ; pin_name     ; pin_name    ; 1.000        ; -0.080     ; 2.124      ;
; -1.197 ; eastwest:inst|mo4control:inst4|74161:inst|f74161:sub|9                                    ; eastwest:inst|daomo10:inst2|mo10tongbu:inst|74161:inst|f74161:sub|87                      ; pin_name     ; pin_name    ; 1.000        ; -0.080     ; 2.118      ;
; -1.194 ; eastwest:inst|daomo10:inst2|mo10tongbu:inst|74161:inst|f74161:sub|110                     ; eastwest:inst|mo4control:inst4|74161:inst|f74161:sub|9                                    ; pin_name     ; pin_name    ; 1.000        ; -0.081     ; 2.114      ;
; -1.193 ; eastwest:inst|mo4control:inst4|74161:inst|f74161:sub|9                                    ; eastwest:inst|daomo60:inst|mo60tongbu:inst|mo10tongbu:inst|74161:inst|f74161:sub|110      ; pin_name     ; pin_name    ; 1.000        ; -0.080     ; 2.114      ;
; -1.193 ; eastwest:inst|mo4control:inst4|74161:inst|f74161:sub|9                                    ; eastwest:inst|daomo60:inst|mo60tongbu:inst|mo10tongbu:inst|74161:inst|f74161:sub|99       ; pin_name     ; pin_name    ; 1.000        ; -0.080     ; 2.114      ;
; -1.192 ; eastwest:inst|leidao60:inst5|mo60tongbu:inst|mo10tongbu:inst|74161:inst|f74161:sub|9      ; eastwest:inst|leidao60:inst5|mo60tongbu:inst|mo10tongbu:inst|74161:inst|f74161:sub|110    ; pin_name     ; pin_name    ; 1.000        ; -0.081     ; 2.112      ;
; -1.184 ; southnorth:inst1|daomo10:inst2|mo10tongbu:inst|74161:inst|f74161:sub|110                  ; southnorth:inst1|mo4control:inst4|74161:inst|f74161:sub|9                                 ; pin_name     ; pin_name    ; 1.000        ; -0.082     ; 2.103      ;
; -1.183 ; eastwest:inst|daomo10:inst2|mo10tongbu:inst|74161:inst|f74161:sub|110                     ; eastwest:inst|mo4control:inst4|74161:inst|f74161:sub|87                                   ; pin_name     ; pin_name    ; 1.000        ; -0.081     ; 2.103      ;
; -1.173 ; southnorth:inst1|mo4control:inst4|74161:inst|f74161:sub|9                                 ; southnorth:inst1|daomo60:inst|mo60tongbu:inst|mo10tongbu:inst|74161:inst|f74161:sub|110   ; pin_name     ; pin_name    ; 1.000        ; -0.082     ; 2.092      ;
; -1.173 ; southnorth:inst1|mo4control:inst4|74161:inst|f74161:sub|9                                 ; southnorth:inst1|daomo60:inst|mo60tongbu:inst|mo10tongbu:inst|74161:inst|f74161:sub|99    ; pin_name     ; pin_name    ; 1.000        ; -0.082     ; 2.092      ;
; -1.173 ; southnorth:inst1|leidao60:inst5|mo60tongbu:inst|mo10tongbu:inst|74161:inst|f74161:sub|110 ; southnorth:inst1|leidao60:inst5|mo60tongbu:inst|mo6tongbu:inst14|74161:inst|f74161:sub|87 ; pin_name     ; pin_name    ; 1.000        ; -0.082     ; 2.092      ;
; -1.172 ; eastwest:inst|mo4control:inst4|74161:inst|f74161:sub|9                                    ; eastwest:inst|daomo10:inst3|mo10tongbu:inst|74161:inst|f74161:sub|87                      ; pin_name     ; pin_name    ; 1.000        ; -0.080     ; 2.093      ;
; -1.170 ; southnorth:inst1|daomo10:inst2|mo10tongbu:inst|74161:inst|f74161:sub|110                  ; southnorth:inst1|mo4control:inst4|74161:inst|f74161:sub|87                                ; pin_name     ; pin_name    ; 1.000        ; -0.082     ; 2.089      ;
; -1.157 ; southnorth:inst1|leidao60:inst5|mo60tongbu:inst|mo10tongbu:inst|74161:inst|f74161:sub|110 ; southnorth:inst1|leidao60:inst5|mo60tongbu:inst|mo6tongbu:inst14|74161:inst|f74161:sub|99 ; pin_name     ; pin_name    ; 1.000        ; -0.082     ; 2.076      ;
; -1.152 ; eastwest:inst|daomo10:inst3|mo10tongbu:inst|74161:inst|f74161:sub|9                       ; eastwest:inst|mo4control:inst4|74161:inst|f74161:sub|9                                    ; pin_name     ; pin_name    ; 1.000        ; -0.081     ; 2.072      ;
; -1.151 ; eastwest:inst|mo4control:inst4|74161:inst|f74161:sub|9                                    ; eastwest:inst|leidao60:inst5|mo60tongbu:inst|mo10tongbu:inst|74161:inst|f74161:sub|110    ; pin_name     ; pin_name    ; 1.000        ; -0.081     ; 2.071      ;
; -1.149 ; eastwest:inst|leidao60:inst5|mo60tongbu:inst|mo10tongbu:inst|74161:inst|f74161:sub|9      ; eastwest:inst|leidao60:inst5|mo60tongbu:inst|mo10tongbu:inst|74161:inst|f74161:sub|99     ; pin_name     ; pin_name    ; 1.000        ; -0.081     ; 2.069      ;
; -1.148 ; eastwest:inst|daomo10:inst2|mo10tongbu:inst|74161:inst|f74161:sub|9                       ; eastwest:inst|daomo10:inst2|mo10tongbu:inst|74161:inst|f74161:sub|87                      ; pin_name     ; pin_name    ; 1.000        ; -0.080     ; 2.069      ;
; -1.147 ; eastwest:inst|leidao60:inst5|mo60tongbu:inst|mo6tongbu:inst14|74161:inst|f74161:sub|99    ; eastwest:inst|mo4control:inst4|74161:inst|f74161:sub|87                                   ; pin_name     ; pin_name    ; 1.000        ; -0.082     ; 2.066      ;
; -1.145 ; eastwest:inst|leidao60:inst5|mo60tongbu:inst|mo6tongbu:inst14|74161:inst|f74161:sub|99    ; eastwest:inst|mo4control:inst4|74161:inst|f74161:sub|9                                    ; pin_name     ; pin_name    ; 1.000        ; -0.082     ; 2.064      ;
; -1.143 ; southnorth:inst1|daomo60:inst|mo60tongbu:inst|mo6tongbu:inst14|74161:inst|f74161:sub|99   ; southnorth:inst1|mo4control:inst4|74161:inst|f74161:sub|9                                 ; pin_name     ; pin_name    ; 1.000        ; -0.082     ; 2.062      ;
; -1.143 ; southnorth:inst1|daomo60:inst|mo60tongbu:inst|mo6tongbu:inst14|74161:inst|f74161:sub|99   ; southnorth:inst1|mo4control:inst4|74161:inst|f74161:sub|87                                ; pin_name     ; pin_name    ; 1.000        ; -0.082     ; 2.062      ;
; -1.141 ; eastwest:inst|daomo10:inst3|mo10tongbu:inst|74161:inst|f74161:sub|9                       ; eastwest:inst|mo4control:inst4|74161:inst|f74161:sub|87                                   ; pin_name     ; pin_name    ; 1.000        ; -0.081     ; 2.061      ;
; -1.139 ; eastwest:inst|leidao60:inst5|mo60tongbu:inst|mo10tongbu:inst|74161:inst|f74161:sub|110    ; eastwest:inst|leidao60:inst5|mo60tongbu:inst|mo6tongbu:inst14|74161:inst|f74161:sub|99    ; pin_name     ; pin_name    ; 1.000        ; -0.080     ; 2.060      ;
; -1.139 ; eastwest:inst|leidao60:inst5|mo60tongbu:inst|mo10tongbu:inst|74161:inst|f74161:sub|110    ; eastwest:inst|leidao60:inst5|mo60tongbu:inst|mo6tongbu:inst14|74161:inst|f74161:sub|87    ; pin_name     ; pin_name    ; 1.000        ; -0.080     ; 2.060      ;
; -1.135 ; southnorth:inst1|daomo60:inst|mo60tongbu:inst|mo10tongbu:inst|74161:inst|f74161:sub|9     ; southnorth:inst1|daomo60:inst|mo60tongbu:inst|mo6tongbu:inst14|74161:inst|f74161:sub|99   ; pin_name     ; pin_name    ; 1.000        ; -0.082     ; 2.054      ;
; -1.134 ; southnorth:inst1|daomo60:inst|mo60tongbu:inst|mo10tongbu:inst|74161:inst|f74161:sub|110   ; southnorth:inst1|daomo60:inst|mo60tongbu:inst|mo6tongbu:inst14|74161:inst|f74161:sub|87   ; pin_name     ; pin_name    ; 1.000        ; -0.082     ; 2.053      ;
; -1.117 ; southnorth:inst1|daomo10:inst2|mo10tongbu:inst|74161:inst|f74161:sub|9                    ; southnorth:inst1|daomo10:inst2|mo10tongbu:inst|74161:inst|f74161:sub|110                  ; pin_name     ; pin_name    ; 1.000        ; -0.082     ; 2.036      ;
; -1.110 ; eastwest:inst|mo4control:inst4|74161:inst|f74161:sub|9                                    ; eastwest:inst|leidao60:inst5|mo60tongbu:inst|mo10tongbu:inst|74161:inst|f74161:sub|99     ; pin_name     ; pin_name    ; 1.000        ; -0.081     ; 2.030      ;
; -1.108 ; eastwest:inst|mo4control:inst4|74161:inst|f74161:sub|87                                   ; eastwest:inst|daomo60:inst|mo60tongbu:inst|mo10tongbu:inst|74161:inst|f74161:sub|87       ; pin_name     ; pin_name    ; 1.000        ; -0.080     ; 2.029      ;
; -1.107 ; southnorth:inst1|daomo60:inst|mo60tongbu:inst|mo10tongbu:inst|74161:inst|f74161:sub|9     ; southnorth:inst1|daomo60:inst|mo60tongbu:inst|mo6tongbu:inst14|74161:inst|f74161:sub|87   ; pin_name     ; pin_name    ; 1.000        ; -0.082     ; 2.026      ;
; -1.099 ; southnorth:inst1|daomo60:inst|mo60tongbu:inst|mo6tongbu:inst14|74161:inst|f74161:sub|9    ; southnorth:inst1|daomo60:inst|mo60tongbu:inst|mo6tongbu:inst14|74161:inst|f74161:sub|87   ; pin_name     ; pin_name    ; 1.000        ; -0.082     ; 2.018      ;
; -1.091 ; eastwest:inst|mo4control:inst4|74161:inst|f74161:sub|87                                   ; eastwest:inst|daomo60:inst|mo60tongbu:inst|mo10tongbu:inst|74161:inst|f74161:sub|99       ; pin_name     ; pin_name    ; 1.000        ; -0.080     ; 2.012      ;
; -1.089 ; eastwest:inst|mo4control:inst4|74161:inst|f74161:sub|87                                   ; eastwest:inst|daomo60:inst|mo60tongbu:inst|mo10tongbu:inst|74161:inst|f74161:sub|110      ; pin_name     ; pin_name    ; 1.000        ; -0.080     ; 2.010      ;
; -1.085 ; eastwest:inst|mo4control:inst4|74161:inst|f74161:sub|9                                    ; eastwest:inst|leidao60:inst5|mo60tongbu:inst|mo10tongbu:inst|74161:inst|f74161:sub|87     ; pin_name     ; pin_name    ; 1.000        ; -0.081     ; 2.005      ;
; -1.077 ; southnorth:inst1|mo4control:inst4|74161:inst|f74161:sub|87                                ; southnorth:inst1|leidao60:inst5|mo60tongbu:inst|mo10tongbu:inst|74161:inst|f74161:sub|99  ; pin_name     ; pin_name    ; 1.000        ; -0.081     ; 1.997      ;
; -1.076 ; southnorth:inst1|mo4control:inst4|74161:inst|f74161:sub|87                                ; southnorth:inst1|daomo10:inst2|mo10tongbu:inst|74161:inst|f74161:sub|110                  ; pin_name     ; pin_name    ; 1.000        ; -0.082     ; 1.995      ;
; -1.069 ; southnorth:inst1|daomo10:inst3|mo10tongbu:inst|74161:inst|f74161:sub|9                    ; southnorth:inst1|daomo10:inst3|mo10tongbu:inst|74161:inst|f74161:sub|110                  ; pin_name     ; pin_name    ; 1.000        ; -0.082     ; 1.988      ;
; -1.061 ; southnorth:inst1|mo4control:inst4|74161:inst|f74161:sub|9                                 ; southnorth:inst1|mo4control:inst4|74161:inst|f74161:sub|87                                ; pin_name     ; pin_name    ; 1.000        ; -0.082     ; 1.980      ;
; -1.050 ; eastwest:inst|daomo10:inst2|mo10tongbu:inst|74161:inst|f74161:sub|9                       ; eastwest:inst|mo4control:inst4|74161:inst|f74161:sub|9                                    ; pin_name     ; pin_name    ; 1.000        ; -0.081     ; 1.970      ;
; -1.043 ; southnorth:inst1|daomo60:inst|mo60tongbu:inst|mo10tongbu:inst|74161:inst|f74161:sub|9     ; southnorth:inst1|mo4control:inst4|74161:inst|f74161:sub|9                                 ; pin_name     ; pin_name    ; 1.000        ; -0.082     ; 1.962      ;
; -1.043 ; southnorth:inst1|daomo60:inst|mo60tongbu:inst|mo10tongbu:inst|74161:inst|f74161:sub|9     ; southnorth:inst1|mo4control:inst4|74161:inst|f74161:sub|87                                ; pin_name     ; pin_name    ; 1.000        ; -0.082     ; 1.962      ;
; -1.039 ; southnorth:inst1|mo4control:inst4|74161:inst|f74161:sub|87                                ; southnorth:inst1|daomo60:inst|mo60tongbu:inst|mo10tongbu:inst|74161:inst|f74161:sub|9     ; pin_name     ; pin_name    ; 1.000        ; -0.082     ; 1.958      ;
; -1.039 ; eastwest:inst|daomo10:inst2|mo10tongbu:inst|74161:inst|f74161:sub|9                       ; eastwest:inst|mo4control:inst4|74161:inst|f74161:sub|87                                   ; pin_name     ; pin_name    ; 1.000        ; -0.081     ; 1.959      ;
; -1.024 ; eastwest:inst|mo4control:inst4|74161:inst|f74161:sub|87                                   ; eastwest:inst|daomo10:inst2|mo10tongbu:inst|74161:inst|f74161:sub|87                      ; pin_name     ; pin_name    ; 1.000        ; -0.080     ; 1.945      ;
; -1.023 ; southnorth:inst1|mo4control:inst4|74161:inst|f74161:sub|9                                 ; southnorth:inst1|leidao60:inst5|mo60tongbu:inst|mo10tongbu:inst|74161:inst|f74161:sub|99  ; pin_name     ; pin_name    ; 1.000        ; -0.081     ; 1.943      ;
; -1.017 ; eastwest:inst|mo4control:inst4|74161:inst|f74161:sub|9                                    ; eastwest:inst|daomo60:inst|mo60tongbu:inst|mo10tongbu:inst|74161:inst|f74161:sub|9        ; pin_name     ; pin_name    ; 1.000        ; -0.080     ; 1.938      ;
; -1.016 ; eastwest:inst|leidao60:inst5|mo60tongbu:inst|mo10tongbu:inst|74161:inst|f74161:sub|9      ; eastwest:inst|leidao60:inst5|mo60tongbu:inst|mo6tongbu:inst14|74161:inst|f74161:sub|99    ; pin_name     ; pin_name    ; 1.000        ; -0.080     ; 1.937      ;
; -1.016 ; eastwest:inst|leidao60:inst5|mo60tongbu:inst|mo10tongbu:inst|74161:inst|f74161:sub|9      ; eastwest:inst|leidao60:inst5|mo60tongbu:inst|mo6tongbu:inst14|74161:inst|f74161:sub|87    ; pin_name     ; pin_name    ; 1.000        ; -0.080     ; 1.937      ;
; -1.015 ; eastwest:inst|daomo10:inst3|mo10tongbu:inst|74161:inst|f74161:sub|9                       ; eastwest:inst|daomo10:inst3|mo10tongbu:inst|74161:inst|f74161:sub|87                      ; pin_name     ; pin_name    ; 1.000        ; -0.080     ; 1.936      ;
; -1.007 ; eastwest:inst|mo4control:inst4|74161:inst|f74161:sub|87                                   ; eastwest:inst|daomo10:inst3|mo10tongbu:inst|74161:inst|f74161:sub|87                      ; pin_name     ; pin_name    ; 1.000        ; -0.080     ; 1.928      ;
; -0.993 ; eastwest:inst|mo4control:inst4|74161:inst|f74161:sub|87                                   ; eastwest:inst|leidao60:inst5|mo60tongbu:inst|mo10tongbu:inst|74161:inst|f74161:sub|110    ; pin_name     ; pin_name    ; 1.000        ; -0.081     ; 1.913      ;
; -0.986 ; eastwest:inst|leidao60:inst5|mo60tongbu:inst|mo10tongbu:inst|74161:inst|f74161:sub|87     ; eastwest:inst|leidao60:inst5|mo60tongbu:inst|mo10tongbu:inst|74161:inst|f74161:sub|87     ; pin_name     ; pin_name    ; 1.000        ; -0.081     ; 1.906      ;
; -0.985 ; southnorth:inst1|mo4control:inst4|74161:inst|f74161:sub|9                                 ; southnorth:inst1|leidao60:inst5|mo60tongbu:inst|mo10tongbu:inst|74161:inst|f74161:sub|87  ; pin_name     ; pin_name    ; 1.000        ; -0.081     ; 1.905      ;
; -0.984 ; southnorth:inst1|mo4control:inst4|74161:inst|f74161:sub|9                                 ; southnorth:inst1|daomo60:inst|mo60tongbu:inst|mo10tongbu:inst|74161:inst|f74161:sub|9     ; pin_name     ; pin_name    ; 1.000        ; -0.082     ; 1.903      ;
; -0.972 ; eastwest:inst|daomo10:inst3|mo10tongbu:inst|74161:inst|f74161:sub|87                      ; eastwest:inst|daomo10:inst3|mo10tongbu:inst|74161:inst|f74161:sub|99                      ; pin_name     ; pin_name    ; 1.000        ; -0.082     ; 1.891      ;
; -0.971 ; eastwest:inst|daomo10:inst3|mo10tongbu:inst|74161:inst|f74161:sub|87                      ; eastwest:inst|daomo10:inst3|mo10tongbu:inst|74161:inst|f74161:sub|110                     ; pin_name     ; pin_name    ; 1.000        ; -0.082     ; 1.890      ;
; -0.970 ; southnorth:inst1|mo4control:inst4|74161:inst|f74161:sub|9                                 ; southnorth:inst1|daomo10:inst2|mo10tongbu:inst|74161:inst|f74161:sub|87                   ; pin_name     ; pin_name    ; 1.000        ; -0.082     ; 1.889      ;
+--------+-------------------------------------------------------------------------------------------+-------------------------------------------------------------------------------------------+--------------+-------------+--------------+------------+------------+


+---------------------------------------------------------------------------------------------------------------------------------------------------------------------------------------------------------------------------------------------------------------------+
; Slow 1200mV 85C Model Hold: 'pin_name'                                                                                                                                                                                                                              ;
+-------+-------------------------------------------------------------------------------------------+-------------------------------------------------------------------------------------------+--------------+-------------+--------------+------------+------------+
; Slack ; From Node                                                                                 ; To Node                                                                                   ; Launch Clock ; Latch Clock ; Relationship ; Clock Skew ; Data Delay ;
+-------+-------------------------------------------------------------------------------------------+-------------------------------------------------------------------------------------------+--------------+-------------+--------------+------------+------------+
; 0.432 ; southnorth:inst1|mo4control:inst4|74161:inst|f74161:sub|9                                 ; southnorth:inst1|mo4control:inst4|74161:inst|f74161:sub|9                                 ; pin_name     ; pin_name    ; 0.000        ; 0.082      ; 0.746      ;
; 0.432 ; southnorth:inst1|daomo60:inst|mo60tongbu:inst|mo6tongbu:inst14|74161:inst|f74161:sub|9    ; southnorth:inst1|daomo60:inst|mo60tongbu:inst|mo6tongbu:inst14|74161:inst|f74161:sub|9    ; pin_name     ; pin_name    ; 0.000        ; 0.082      ; 0.746      ;
; 0.432 ; southnorth:inst1|daomo60:inst|mo60tongbu:inst|mo10tongbu:inst|74161:inst|f74161:sub|110   ; southnorth:inst1|daomo60:inst|mo60tongbu:inst|mo10tongbu:inst|74161:inst|f74161:sub|110   ; pin_name     ; pin_name    ; 0.000        ; 0.082      ; 0.746      ;
; 0.432 ; southnorth:inst1|daomo60:inst|mo60tongbu:inst|mo6tongbu:inst14|74161:inst|f74161:sub|99   ; southnorth:inst1|daomo60:inst|mo60tongbu:inst|mo6tongbu:inst14|74161:inst|f74161:sub|99   ; pin_name     ; pin_name    ; 0.000        ; 0.082      ; 0.746      ;
; 0.432 ; southnorth:inst1|daomo60:inst|mo60tongbu:inst|mo10tongbu:inst|74161:inst|f74161:sub|9     ; southnorth:inst1|daomo60:inst|mo60tongbu:inst|mo10tongbu:inst|74161:inst|f74161:sub|9     ; pin_name     ; pin_name    ; 0.000        ; 0.082      ; 0.746      ;
; 0.432 ; southnorth:inst1|daomo10:inst3|mo10tongbu:inst|74161:inst|f74161:sub|110                  ; southnorth:inst1|daomo10:inst3|mo10tongbu:inst|74161:inst|f74161:sub|110                  ; pin_name     ; pin_name    ; 0.000        ; 0.082      ; 0.746      ;
; 0.432 ; southnorth:inst1|daomo10:inst2|mo10tongbu:inst|74161:inst|f74161:sub|9                    ; southnorth:inst1|daomo10:inst2|mo10tongbu:inst|74161:inst|f74161:sub|9                    ; pin_name     ; pin_name    ; 0.000        ; 0.082      ; 0.746      ;
; 0.432 ; southnorth:inst1|daomo10:inst3|mo10tongbu:inst|74161:inst|f74161:sub|9                    ; southnorth:inst1|daomo10:inst3|mo10tongbu:inst|74161:inst|f74161:sub|9                    ; pin_name     ; pin_name    ; 0.000        ; 0.082      ; 0.746      ;
; 0.432 ; southnorth:inst1|daomo10:inst2|mo10tongbu:inst|74161:inst|f74161:sub|110                  ; southnorth:inst1|daomo10:inst2|mo10tongbu:inst|74161:inst|f74161:sub|110                  ; pin_name     ; pin_name    ; 0.000        ; 0.082      ; 0.746      ;
; 0.432 ; southnorth:inst1|leidao60:inst5|mo60tongbu:inst|mo10tongbu:inst|74161:inst|f74161:sub|9   ; southnorth:inst1|leidao60:inst5|mo60tongbu:inst|mo10tongbu:inst|74161:inst|f74161:sub|9   ; pin_name     ; pin_name    ; 0.000        ; 0.082      ; 0.746      ;
; 0.432 ; southnorth:inst1|leidao60:inst5|mo60tongbu:inst|mo10tongbu:inst|74161:inst|f74161:sub|110 ; southnorth:inst1|leidao60:inst5|mo60tongbu:inst|mo10tongbu:inst|74161:inst|f74161:sub|110 ; pin_name     ; pin_name    ; 0.000        ; 0.082      ; 0.746      ;
; 0.432 ; southnorth:inst1|daomo60:inst|mo60tongbu:inst|mo10tongbu:inst|74161:inst|f74161:sub|99    ; southnorth:inst1|daomo60:inst|mo60tongbu:inst|mo10tongbu:inst|74161:inst|f74161:sub|99    ; pin_name     ; pin_name    ; 0.000        ; 0.082      ; 0.746      ;
; 0.432 ; southnorth:inst1|daomo60:inst|mo60tongbu:inst|mo6tongbu:inst14|74161:inst|f74161:sub|87   ; southnorth:inst1|daomo60:inst|mo60tongbu:inst|mo6tongbu:inst14|74161:inst|f74161:sub|87   ; pin_name     ; pin_name    ; 0.000        ; 0.082      ; 0.746      ;
; 0.432 ; southnorth:inst1|daomo60:inst|mo60tongbu:inst|mo10tongbu:inst|74161:inst|f74161:sub|87    ; southnorth:inst1|daomo60:inst|mo60tongbu:inst|mo10tongbu:inst|74161:inst|f74161:sub|87    ; pin_name     ; pin_name    ; 0.000        ; 0.082      ; 0.746      ;
; 0.432 ; southnorth:inst1|daomo10:inst3|mo10tongbu:inst|74161:inst|f74161:sub|99                   ; southnorth:inst1|daomo10:inst3|mo10tongbu:inst|74161:inst|f74161:sub|99                   ; pin_name     ; pin_name    ; 0.000        ; 0.082      ; 0.746      ;
; 0.432 ; southnorth:inst1|daomo10:inst2|mo10tongbu:inst|74161:inst|f74161:sub|99                   ; southnorth:inst1|daomo10:inst2|mo10tongbu:inst|74161:inst|f74161:sub|99                   ; pin_name     ; pin_name    ; 0.000        ; 0.082      ; 0.746      ;
; 0.432 ; southnorth:inst1|leidao60:inst5|mo60tongbu:inst|mo10tongbu:inst|74161:inst|f74161:sub|99  ; southnorth:inst1|leidao60:inst5|mo60tongbu:inst|mo10tongbu:inst|74161:inst|f74161:sub|99  ; pin_name     ; pin_name    ; 0.000        ; 0.082      ; 0.746      ;
; 0.433 ; southnorth:inst1|leidao60:inst5|mo60tongbu:inst|mo6tongbu:inst14|74161:inst|f74161:sub|99 ; southnorth:inst1|leidao60:inst5|mo60tongbu:inst|mo6tongbu:inst14|74161:inst|f74161:sub|99 ; pin_name     ; pin_name    ; 0.000        ; 0.081      ; 0.746      ;
; 0.433 ; southnorth:inst1|leidao60:inst5|mo60tongbu:inst|mo6tongbu:inst14|74161:inst|f74161:sub|9  ; southnorth:inst1|leidao60:inst5|mo60tongbu:inst|mo6tongbu:inst14|74161:inst|f74161:sub|9  ; pin_name     ; pin_name    ; 0.000        ; 0.081      ; 0.746      ;
; 0.433 ; southnorth:inst1|leidao60:inst5|mo60tongbu:inst|mo6tongbu:inst14|74161:inst|f74161:sub|87 ; southnorth:inst1|leidao60:inst5|mo60tongbu:inst|mo6tongbu:inst14|74161:inst|f74161:sub|87 ; pin_name     ; pin_name    ; 0.000        ; 0.081      ; 0.746      ;
; 0.433 ; southnorth:inst1|daomo10:inst2|mo10tongbu:inst|74161:inst|f74161:sub|87                   ; southnorth:inst1|daomo10:inst2|mo10tongbu:inst|74161:inst|f74161:sub|87                   ; pin_name     ; pin_name    ; 0.000        ; 0.081      ; 0.746      ;
; 0.433 ; eastwest:inst|leidao60:inst5|mo60tongbu:inst|mo10tongbu:inst|74161:inst|f74161:sub|9      ; eastwest:inst|leidao60:inst5|mo60tongbu:inst|mo10tongbu:inst|74161:inst|f74161:sub|9      ; pin_name     ; pin_name    ; 0.000        ; 0.081      ; 0.746      ;
; 0.433 ; eastwest:inst|mo4control:inst4|74161:inst|f74161:sub|87                                   ; eastwest:inst|mo4control:inst4|74161:inst|f74161:sub|87                                   ; pin_name     ; pin_name    ; 0.000        ; 0.081      ; 0.746      ;
; 0.433 ; eastwest:inst|mo4control:inst4|74161:inst|f74161:sub|9                                    ; eastwest:inst|mo4control:inst4|74161:inst|f74161:sub|9                                    ; pin_name     ; pin_name    ; 0.000        ; 0.081      ; 0.746      ;
; 0.433 ; eastwest:inst|leidao60:inst5|mo60tongbu:inst|mo10tongbu:inst|74161:inst|f74161:sub|110    ; eastwest:inst|leidao60:inst5|mo60tongbu:inst|mo10tongbu:inst|74161:inst|f74161:sub|110    ; pin_name     ; pin_name    ; 0.000        ; 0.081      ; 0.746      ;
; 0.433 ; eastwest:inst|leidao60:inst5|mo60tongbu:inst|mo10tongbu:inst|74161:inst|f74161:sub|99     ; eastwest:inst|leidao60:inst5|mo60tongbu:inst|mo10tongbu:inst|74161:inst|f74161:sub|99     ; pin_name     ; pin_name    ; 0.000        ; 0.081      ; 0.746      ;
; 0.433 ; eastwest:inst|daomo60:inst|mo60tongbu:inst|mo6tongbu:inst14|74161:inst|f74161:sub|9       ; eastwest:inst|daomo60:inst|mo60tongbu:inst|mo6tongbu:inst14|74161:inst|f74161:sub|9       ; pin_name     ; pin_name    ; 0.000        ; 0.081      ; 0.746      ;
; 0.433 ; eastwest:inst|daomo60:inst|mo60tongbu:inst|mo10tongbu:inst|74161:inst|f74161:sub|110      ; eastwest:inst|daomo60:inst|mo60tongbu:inst|mo10tongbu:inst|74161:inst|f74161:sub|110      ; pin_name     ; pin_name    ; 0.000        ; 0.081      ; 0.746      ;
; 0.433 ; eastwest:inst|daomo60:inst|mo60tongbu:inst|mo10tongbu:inst|74161:inst|f74161:sub|9        ; eastwest:inst|daomo60:inst|mo60tongbu:inst|mo10tongbu:inst|74161:inst|f74161:sub|9        ; pin_name     ; pin_name    ; 0.000        ; 0.081      ; 0.746      ;
; 0.433 ; eastwest:inst|daomo60:inst|mo60tongbu:inst|mo6tongbu:inst14|74161:inst|f74161:sub|99      ; eastwest:inst|daomo60:inst|mo60tongbu:inst|mo6tongbu:inst14|74161:inst|f74161:sub|99      ; pin_name     ; pin_name    ; 0.000        ; 0.081      ; 0.746      ;
; 0.433 ; eastwest:inst|leidao60:inst5|mo60tongbu:inst|mo6tongbu:inst14|74161:inst|f74161:sub|9     ; eastwest:inst|leidao60:inst5|mo60tongbu:inst|mo6tongbu:inst14|74161:inst|f74161:sub|9     ; pin_name     ; pin_name    ; 0.000        ; 0.081      ; 0.746      ;
; 0.433 ; eastwest:inst|leidao60:inst5|mo60tongbu:inst|mo6tongbu:inst14|74161:inst|f74161:sub|99    ; eastwest:inst|leidao60:inst5|mo60tongbu:inst|mo6tongbu:inst14|74161:inst|f74161:sub|99    ; pin_name     ; pin_name    ; 0.000        ; 0.081      ; 0.746      ;
; 0.433 ; eastwest:inst|daomo10:inst2|mo10tongbu:inst|74161:inst|f74161:sub|110                     ; eastwest:inst|daomo10:inst2|mo10tongbu:inst|74161:inst|f74161:sub|110                     ; pin_name     ; pin_name    ; 0.000        ; 0.081      ; 0.746      ;
; 0.433 ; eastwest:inst|daomo10:inst3|mo10tongbu:inst|74161:inst|f74161:sub|9                       ; eastwest:inst|daomo10:inst3|mo10tongbu:inst|74161:inst|f74161:sub|9                       ; pin_name     ; pin_name    ; 0.000        ; 0.081      ; 0.746      ;
; 0.433 ; eastwest:inst|daomo10:inst2|mo10tongbu:inst|74161:inst|f74161:sub|9                       ; eastwest:inst|daomo10:inst2|mo10tongbu:inst|74161:inst|f74161:sub|9                       ; pin_name     ; pin_name    ; 0.000        ; 0.081      ; 0.746      ;
; 0.433 ; eastwest:inst|daomo10:inst3|mo10tongbu:inst|74161:inst|f74161:sub|110                     ; eastwest:inst|daomo10:inst3|mo10tongbu:inst|74161:inst|f74161:sub|110                     ; pin_name     ; pin_name    ; 0.000        ; 0.081      ; 0.746      ;
; 0.433 ; eastwest:inst|daomo60:inst|mo60tongbu:inst|mo10tongbu:inst|74161:inst|f74161:sub|99       ; eastwest:inst|daomo60:inst|mo60tongbu:inst|mo10tongbu:inst|74161:inst|f74161:sub|99       ; pin_name     ; pin_name    ; 0.000        ; 0.081      ; 0.746      ;
; 0.433 ; eastwest:inst|daomo60:inst|mo60tongbu:inst|mo6tongbu:inst14|74161:inst|f74161:sub|87      ; eastwest:inst|daomo60:inst|mo60tongbu:inst|mo6tongbu:inst14|74161:inst|f74161:sub|87      ; pin_name     ; pin_name    ; 0.000        ; 0.081      ; 0.746      ;
; 0.433 ; eastwest:inst|leidao60:inst5|mo60tongbu:inst|mo6tongbu:inst14|74161:inst|f74161:sub|87    ; eastwest:inst|leidao60:inst5|mo60tongbu:inst|mo6tongbu:inst14|74161:inst|f74161:sub|87    ; pin_name     ; pin_name    ; 0.000        ; 0.081      ; 0.746      ;
; 0.433 ; eastwest:inst|daomo60:inst|mo60tongbu:inst|mo10tongbu:inst|74161:inst|f74161:sub|87       ; eastwest:inst|daomo60:inst|mo60tongbu:inst|mo10tongbu:inst|74161:inst|f74161:sub|87       ; pin_name     ; pin_name    ; 0.000        ; 0.081      ; 0.746      ;
; 0.433 ; eastwest:inst|daomo10:inst2|mo10tongbu:inst|74161:inst|f74161:sub|99                      ; eastwest:inst|daomo10:inst2|mo10tongbu:inst|74161:inst|f74161:sub|99                      ; pin_name     ; pin_name    ; 0.000        ; 0.081      ; 0.746      ;
; 0.433 ; eastwest:inst|daomo10:inst3|mo10tongbu:inst|74161:inst|f74161:sub|99                      ; eastwest:inst|daomo10:inst3|mo10tongbu:inst|74161:inst|f74161:sub|99                      ; pin_name     ; pin_name    ; 0.000        ; 0.081      ; 0.746      ;
; 0.433 ; eastwest:inst|daomo10:inst2|mo10tongbu:inst|74161:inst|f74161:sub|87                      ; eastwest:inst|daomo10:inst2|mo10tongbu:inst|74161:inst|f74161:sub|87                      ; pin_name     ; pin_name    ; 0.000        ; 0.081      ; 0.746      ;
; 0.433 ; eastwest:inst|daomo10:inst3|mo10tongbu:inst|74161:inst|f74161:sub|87                      ; eastwest:inst|daomo10:inst3|mo10tongbu:inst|74161:inst|f74161:sub|87                      ; pin_name     ; pin_name    ; 0.000        ; 0.081      ; 0.746      ;
; 0.489 ; southnorth:inst1|daomo60:inst|mo60tongbu:inst|mo6tongbu:inst14|74161:inst|f74161:sub|9    ; southnorth:inst1|daomo60:inst|mo60tongbu:inst|mo6tongbu:inst14|74161:inst|f74161:sub|99   ; pin_name     ; pin_name    ; 0.000        ; 0.082      ; 0.803      ;
; 0.490 ; southnorth:inst1|daomo10:inst3|mo10tongbu:inst|74161:inst|f74161:sub|99                   ; southnorth:inst1|daomo10:inst3|mo10tongbu:inst|74161:inst|f74161:sub|110                  ; pin_name     ; pin_name    ; 0.000        ; 0.082      ; 0.804      ;
; 0.490 ; southnorth:inst1|daomo60:inst|mo60tongbu:inst|mo6tongbu:inst14|74161:inst|f74161:sub|9    ; southnorth:inst1|daomo60:inst|mo60tongbu:inst|mo6tongbu:inst14|74161:inst|f74161:sub|87   ; pin_name     ; pin_name    ; 0.000        ; 0.082      ; 0.804      ;
; 0.496 ; southnorth:inst1|leidao60:inst5|mo60tongbu:inst|mo6tongbu:inst14|74161:inst|f74161:sub|99 ; southnorth:inst1|leidao60:inst5|mo60tongbu:inst|mo6tongbu:inst14|74161:inst|f74161:sub|87 ; pin_name     ; pin_name    ; 0.000        ; 0.081      ; 0.809      ;
; 0.512 ; southnorth:inst1|leidao60:inst5|mo60tongbu:inst|mo6tongbu:inst14|74161:inst|f74161:sub|87 ; southnorth:inst1|leidao60:inst5|mo60tongbu:inst|mo6tongbu:inst14|74161:inst|f74161:sub|99 ; pin_name     ; pin_name    ; 0.000        ; 0.081      ; 0.825      ;
; 0.515 ; southnorth:inst1|daomo10:inst2|mo10tongbu:inst|74161:inst|f74161:sub|9                    ; southnorth:inst1|daomo10:inst2|mo10tongbu:inst|74161:inst|f74161:sub|110                  ; pin_name     ; pin_name    ; 0.000        ; 0.082      ; 0.829      ;
; 0.528 ; southnorth:inst1|daomo60:inst|mo60tongbu:inst|mo10tongbu:inst|74161:inst|f74161:sub|9     ; southnorth:inst1|daomo60:inst|mo60tongbu:inst|mo6tongbu:inst14|74161:inst|f74161:sub|9    ; pin_name     ; pin_name    ; 0.000        ; 0.082      ; 0.842      ;
; 0.530 ; eastwest:inst|daomo10:inst3|mo10tongbu:inst|74161:inst|f74161:sub|110                     ; eastwest:inst|daomo10:inst3|mo10tongbu:inst|74161:inst|f74161:sub|9                       ; pin_name     ; pin_name    ; 0.000        ; 0.081      ; 0.843      ;
; 0.538 ; southnorth:inst1|mo4control:inst4|74161:inst|f74161:sub|9                                 ; southnorth:inst1|daomo10:inst3|mo10tongbu:inst|74161:inst|f74161:sub|9                    ; pin_name     ; pin_name    ; 0.000        ; 0.082      ; 0.852      ;
; 0.539 ; southnorth:inst1|mo4control:inst4|74161:inst|f74161:sub|9                                 ; southnorth:inst1|daomo10:inst2|mo10tongbu:inst|74161:inst|f74161:sub|9                    ; pin_name     ; pin_name    ; 0.000        ; 0.082      ; 0.853      ;
; 0.539 ; southnorth:inst1|mo4control:inst4|74161:inst|f74161:sub|9                                 ; southnorth:inst1|leidao60:inst5|mo60tongbu:inst|mo10tongbu:inst|74161:inst|f74161:sub|9   ; pin_name     ; pin_name    ; 0.000        ; 0.082      ; 0.853      ;
; 0.696 ; eastwest:inst|daomo60:inst|mo60tongbu:inst|mo6tongbu:inst14|74161:inst|f74161:sub|9       ; eastwest:inst|daomo60:inst|mo60tongbu:inst|mo6tongbu:inst14|74161:inst|f74161:sub|87      ; pin_name     ; pin_name    ; 0.000        ; 0.081      ; 1.009      ;
; 0.697 ; southnorth:inst1|daomo60:inst|mo60tongbu:inst|mo10tongbu:inst|74161:inst|f74161:sub|110   ; southnorth:inst1|daomo60:inst|mo60tongbu:inst|mo10tongbu:inst|74161:inst|f74161:sub|9     ; pin_name     ; pin_name    ; 0.000        ; 0.082      ; 1.011      ;
; 0.698 ; eastwest:inst|leidao60:inst5|mo60tongbu:inst|mo10tongbu:inst|74161:inst|f74161:sub|110    ; eastwest:inst|leidao60:inst5|mo60tongbu:inst|mo10tongbu:inst|74161:inst|f74161:sub|9      ; pin_name     ; pin_name    ; 0.000        ; 0.081      ; 1.011      ;
; 0.708 ; eastwest:inst|leidao60:inst5|mo60tongbu:inst|mo10tongbu:inst|74161:inst|f74161:sub|99     ; eastwest:inst|leidao60:inst5|mo60tongbu:inst|mo10tongbu:inst|74161:inst|f74161:sub|110    ; pin_name     ; pin_name    ; 0.000        ; 0.081      ; 1.021      ;
; 0.714 ; southnorth:inst1|leidao60:inst5|mo60tongbu:inst|mo10tongbu:inst|74161:inst|f74161:sub|110 ; southnorth:inst1|leidao60:inst5|mo60tongbu:inst|mo6tongbu:inst14|74161:inst|f74161:sub|9  ; pin_name     ; pin_name    ; 0.000        ; 0.081      ; 1.027      ;
; 0.733 ; eastwest:inst|daomo10:inst2|mo10tongbu:inst|74161:inst|f74161:sub|110                     ; eastwest:inst|daomo10:inst2|mo10tongbu:inst|74161:inst|f74161:sub|9                       ; pin_name     ; pin_name    ; 0.000        ; 0.081      ; 1.046      ;
; 0.740 ; southnorth:inst1|daomo60:inst|mo60tongbu:inst|mo6tongbu:inst14|74161:inst|f74161:sub|87   ; southnorth:inst1|daomo60:inst|mo60tongbu:inst|mo6tongbu:inst14|74161:inst|f74161:sub|99   ; pin_name     ; pin_name    ; 0.000        ; 0.082      ; 1.054      ;
; 0.742 ; eastwest:inst|daomo60:inst|mo60tongbu:inst|mo6tongbu:inst14|74161:inst|f74161:sub|87      ; eastwest:inst|daomo60:inst|mo60tongbu:inst|mo6tongbu:inst14|74161:inst|f74161:sub|99      ; pin_name     ; pin_name    ; 0.000        ; 0.081      ; 1.055      ;
; 0.743 ; southnorth:inst1|daomo60:inst|mo60tongbu:inst|mo10tongbu:inst|74161:inst|f74161:sub|99    ; southnorth:inst1|daomo60:inst|mo60tongbu:inst|mo10tongbu:inst|74161:inst|f74161:sub|110   ; pin_name     ; pin_name    ; 0.000        ; 0.082      ; 1.057      ;
; 0.743 ; southnorth:inst1|daomo10:inst2|mo10tongbu:inst|74161:inst|f74161:sub|99                   ; southnorth:inst1|daomo10:inst2|mo10tongbu:inst|74161:inst|f74161:sub|110                  ; pin_name     ; pin_name    ; 0.000        ; 0.082      ; 1.057      ;
; 0.745 ; eastwest:inst|daomo60:inst|mo60tongbu:inst|mo10tongbu:inst|74161:inst|f74161:sub|99       ; eastwest:inst|daomo60:inst|mo60tongbu:inst|mo10tongbu:inst|74161:inst|f74161:sub|110      ; pin_name     ; pin_name    ; 0.000        ; 0.081      ; 1.058      ;
; 0.745 ; eastwest:inst|daomo10:inst2|mo10tongbu:inst|74161:inst|f74161:sub|99                      ; eastwest:inst|daomo10:inst2|mo10tongbu:inst|74161:inst|f74161:sub|110                     ; pin_name     ; pin_name    ; 0.000        ; 0.081      ; 1.058      ;
; 0.746 ; eastwest:inst|daomo10:inst3|mo10tongbu:inst|74161:inst|f74161:sub|99                      ; eastwest:inst|daomo10:inst3|mo10tongbu:inst|74161:inst|f74161:sub|110                     ; pin_name     ; pin_name    ; 0.000        ; 0.081      ; 1.059      ;
; 0.750 ; southnorth:inst1|leidao60:inst5|mo60tongbu:inst|mo6tongbu:inst14|74161:inst|f74161:sub|9  ; southnorth:inst1|leidao60:inst5|mo60tongbu:inst|mo6tongbu:inst14|74161:inst|f74161:sub|99 ; pin_name     ; pin_name    ; 0.000        ; 0.081      ; 1.063      ;
; 0.760 ; eastwest:inst|daomo60:inst|mo60tongbu:inst|mo6tongbu:inst14|74161:inst|f74161:sub|9       ; eastwest:inst|daomo60:inst|mo60tongbu:inst|mo6tongbu:inst14|74161:inst|f74161:sub|99      ; pin_name     ; pin_name    ; 0.000        ; 0.081      ; 1.073      ;
; 0.778 ; southnorth:inst1|daomo60:inst|mo60tongbu:inst|mo10tongbu:inst|74161:inst|f74161:sub|110   ; southnorth:inst1|daomo60:inst|mo60tongbu:inst|mo6tongbu:inst14|74161:inst|f74161:sub|9    ; pin_name     ; pin_name    ; 0.000        ; 0.082      ; 1.092      ;
; 0.788 ; eastwest:inst|daomo60:inst|mo60tongbu:inst|mo10tongbu:inst|74161:inst|f74161:sub|9        ; eastwest:inst|daomo60:inst|mo60tongbu:inst|mo6tongbu:inst14|74161:inst|f74161:sub|9       ; pin_name     ; pin_name    ; 0.000        ; 0.081      ; 1.101      ;
; 0.799 ; southnorth:inst1|leidao60:inst5|mo60tongbu:inst|mo6tongbu:inst14|74161:inst|f74161:sub|9  ; southnorth:inst1|leidao60:inst5|mo60tongbu:inst|mo6tongbu:inst14|74161:inst|f74161:sub|87 ; pin_name     ; pin_name    ; 0.000        ; 0.081      ; 1.112      ;
; 0.801 ; southnorth:inst1|daomo10:inst3|mo10tongbu:inst|74161:inst|f74161:sub|110                  ; southnorth:inst1|daomo10:inst3|mo10tongbu:inst|74161:inst|f74161:sub|99                   ; pin_name     ; pin_name    ; 0.000        ; 0.082      ; 1.115      ;
; 0.804 ; southnorth:inst1|leidao60:inst5|mo60tongbu:inst|mo10tongbu:inst|74161:inst|f74161:sub|9   ; southnorth:inst1|leidao60:inst5|mo60tongbu:inst|mo10tongbu:inst|74161:inst|f74161:sub|110 ; pin_name     ; pin_name    ; 0.000        ; 0.082      ; 1.118      ;
; 0.808 ; southnorth:inst1|daomo10:inst3|mo10tongbu:inst|74161:inst|f74161:sub|110                  ; southnorth:inst1|daomo10:inst3|mo10tongbu:inst|74161:inst|f74161:sub|9                    ; pin_name     ; pin_name    ; 0.000        ; 0.082      ; 1.122      ;
; 0.808 ; eastwest:inst|daomo60:inst|mo60tongbu:inst|mo10tongbu:inst|74161:inst|f74161:sub|9        ; eastwest:inst|daomo60:inst|mo60tongbu:inst|mo10tongbu:inst|74161:inst|f74161:sub|87       ; pin_name     ; pin_name    ; 0.000        ; 0.081      ; 1.121      ;
; 0.810 ; southnorth:inst1|daomo10:inst3|mo10tongbu:inst|74161:inst|f74161:sub|9                    ; southnorth:inst1|daomo10:inst3|mo10tongbu:inst|74161:inst|f74161:sub|110                  ; pin_name     ; pin_name    ; 0.000        ; 0.082      ; 1.124      ;
; 0.810 ; southnorth:inst1|daomo10:inst2|mo10tongbu:inst|74161:inst|f74161:sub|9                    ; southnorth:inst1|daomo10:inst2|mo10tongbu:inst|74161:inst|f74161:sub|99                   ; pin_name     ; pin_name    ; 0.000        ; 0.082      ; 1.124      ;
; 0.811 ; eastwest:inst|mo4control:inst4|74161:inst|f74161:sub|87                                   ; eastwest:inst|daomo10:inst3|mo10tongbu:inst|74161:inst|f74161:sub|9                       ; pin_name     ; pin_name    ; 0.000        ; 0.081      ; 1.124      ;
; 0.813 ; southnorth:inst1|daomo60:inst|mo60tongbu:inst|mo10tongbu:inst|74161:inst|f74161:sub|9     ; southnorth:inst1|daomo60:inst|mo60tongbu:inst|mo10tongbu:inst|74161:inst|f74161:sub|110   ; pin_name     ; pin_name    ; 0.000        ; 0.082      ; 1.127      ;
; 0.813 ; eastwest:inst|daomo60:inst|mo60tongbu:inst|mo10tongbu:inst|74161:inst|f74161:sub|9        ; eastwest:inst|daomo60:inst|mo60tongbu:inst|mo10tongbu:inst|74161:inst|f74161:sub|110      ; pin_name     ; pin_name    ; 0.000        ; 0.081      ; 1.126      ;
; 0.815 ; eastwest:inst|daomo10:inst2|mo10tongbu:inst|74161:inst|f74161:sub|9                       ; eastwest:inst|daomo10:inst2|mo10tongbu:inst|74161:inst|f74161:sub|110                     ; pin_name     ; pin_name    ; 0.000        ; 0.081      ; 1.128      ;
; 0.818 ; southnorth:inst1|daomo60:inst|mo60tongbu:inst|mo10tongbu:inst|74161:inst|f74161:sub|110   ; southnorth:inst1|daomo60:inst|mo60tongbu:inst|mo10tongbu:inst|74161:inst|f74161:sub|99    ; pin_name     ; pin_name    ; 0.000        ; 0.082      ; 1.132      ;
; 0.819 ; southnorth:inst1|daomo60:inst|mo60tongbu:inst|mo10tongbu:inst|74161:inst|f74161:sub|110   ; southnorth:inst1|daomo60:inst|mo60tongbu:inst|mo10tongbu:inst|74161:inst|f74161:sub|87    ; pin_name     ; pin_name    ; 0.000        ; 0.082      ; 1.133      ;
; 0.820 ; eastwest:inst|mo4control:inst4|74161:inst|f74161:sub|9                                    ; eastwest:inst|mo4control:inst4|74161:inst|f74161:sub|87                                   ; pin_name     ; pin_name    ; 0.000        ; 0.081      ; 1.133      ;
; 0.821 ; eastwest:inst|mo4control:inst4|74161:inst|f74161:sub|9                                    ; eastwest:inst|daomo10:inst3|mo10tongbu:inst|74161:inst|f74161:sub|9                       ; pin_name     ; pin_name    ; 0.000        ; 0.081      ; 1.134      ;
; 0.823 ; southnorth:inst1|mo4control:inst4|74161:inst|f74161:sub|87                                ; southnorth:inst1|daomo10:inst2|mo10tongbu:inst|74161:inst|f74161:sub|9                    ; pin_name     ; pin_name    ; 0.000        ; 0.082      ; 1.137      ;
; 0.823 ; eastwest:inst|daomo10:inst3|mo10tongbu:inst|74161:inst|f74161:sub|110                     ; eastwest:inst|daomo10:inst3|mo10tongbu:inst|74161:inst|f74161:sub|99                      ; pin_name     ; pin_name    ; 0.000        ; 0.081      ; 1.136      ;
; 0.827 ; southnorth:inst1|daomo10:inst3|mo10tongbu:inst|74161:inst|f74161:sub|9                    ; southnorth:inst1|daomo10:inst3|mo10tongbu:inst|74161:inst|f74161:sub|99                   ; pin_name     ; pin_name    ; 0.000        ; 0.082      ; 1.141      ;
; 0.827 ; eastwest:inst|mo4control:inst4|74161:inst|f74161:sub|87                                   ; eastwest:inst|leidao60:inst5|mo60tongbu:inst|mo10tongbu:inst|74161:inst|f74161:sub|9      ; pin_name     ; pin_name    ; 0.000        ; 0.081      ; 1.140      ;
; 0.830 ; eastwest:inst|daomo60:inst|mo60tongbu:inst|mo10tongbu:inst|74161:inst|f74161:sub|9        ; eastwest:inst|daomo60:inst|mo60tongbu:inst|mo10tongbu:inst|74161:inst|f74161:sub|99       ; pin_name     ; pin_name    ; 0.000        ; 0.081      ; 1.143      ;
; 0.839 ; eastwest:inst|mo4control:inst4|74161:inst|f74161:sub|9                                    ; eastwest:inst|daomo10:inst2|mo10tongbu:inst|74161:inst|f74161:sub|9                       ; pin_name     ; pin_name    ; 0.000        ; 0.081      ; 1.152      ;
; 0.843 ; southnorth:inst1|mo4control:inst4|74161:inst|f74161:sub|87                                ; southnorth:inst1|daomo10:inst3|mo10tongbu:inst|74161:inst|f74161:sub|9                    ; pin_name     ; pin_name    ; 0.000        ; 0.082      ; 1.157      ;
; 0.851 ; eastwest:inst|mo4control:inst4|74161:inst|f74161:sub|87                                   ; eastwest:inst|daomo10:inst2|mo10tongbu:inst|74161:inst|f74161:sub|9                       ; pin_name     ; pin_name    ; 0.000        ; 0.081      ; 1.164      ;
; 0.860 ; eastwest:inst|mo4control:inst4|74161:inst|f74161:sub|9                                    ; eastwest:inst|leidao60:inst5|mo60tongbu:inst|mo10tongbu:inst|74161:inst|f74161:sub|9      ; pin_name     ; pin_name    ; 0.000        ; 0.081      ; 1.173      ;
; 0.880 ; southnorth:inst1|daomo10:inst3|mo10tongbu:inst|74161:inst|f74161:sub|110                  ; southnorth:inst1|daomo10:inst3|mo10tongbu:inst|74161:inst|f74161:sub|87                   ; pin_name     ; pin_name    ; 0.000        ; 0.081      ; 1.193      ;
; 0.888 ; southnorth:inst1|mo4control:inst4|74161:inst|f74161:sub|87                                ; southnorth:inst1|leidao60:inst5|mo60tongbu:inst|mo10tongbu:inst|74161:inst|f74161:sub|9   ; pin_name     ; pin_name    ; 0.000        ; 0.082      ; 1.202      ;
; 0.898 ; southnorth:inst1|daomo60:inst|mo60tongbu:inst|mo10tongbu:inst|74161:inst|f74161:sub|87    ; southnorth:inst1|daomo60:inst|mo60tongbu:inst|mo10tongbu:inst|74161:inst|f74161:sub|110   ; pin_name     ; pin_name    ; 0.000        ; 0.082      ; 1.212      ;
; 0.898 ; southnorth:inst1|daomo60:inst|mo60tongbu:inst|mo10tongbu:inst|74161:inst|f74161:sub|87    ; southnorth:inst1|daomo60:inst|mo60tongbu:inst|mo10tongbu:inst|74161:inst|f74161:sub|99    ; pin_name     ; pin_name    ; 0.000        ; 0.082      ; 1.212      ;
+-------+-------------------------------------------------------------------------------------------+-------------------------------------------------------------------------------------------+--------------+-------------+--------------+------------+------------+


+-------------------------------------------------------------------------------------------------------------------------------------------------------------------------------+
; Slow 1200mV 85C Model Minimum Pulse Width: 'pin_name'                                                                                                                         ;
+--------+--------------+----------------+------------------+----------+------------+-------------------------------------------------------------------------------------------+
; Slack  ; Actual Width ; Required Width ; Type             ; Clock    ; Clock Edge ; Target                                                                                    ;
+--------+--------------+----------------+------------------+----------+------------+-------------------------------------------------------------------------------------------+
; -3.000 ; 1.000        ; 4.000          ; Port Rate        ; pin_name ; Rise       ; pin_name                                                                                  ;
; -1.487 ; 1.000        ; 2.487          ; Min Period       ; pin_name ; Rise       ; eastwest:inst|daomo10:inst2|mo10tongbu:inst|74161:inst|f74161:sub|110                     ;
; -1.487 ; 1.000        ; 2.487          ; Min Period       ; pin_name ; Rise       ; eastwest:inst|daomo10:inst2|mo10tongbu:inst|74161:inst|f74161:sub|87                      ;
; -1.487 ; 1.000        ; 2.487          ; Min Period       ; pin_name ; Rise       ; eastwest:inst|daomo10:inst2|mo10tongbu:inst|74161:inst|f74161:sub|9                       ;
; -1.487 ; 1.000        ; 2.487          ; Min Period       ; pin_name ; Rise       ; eastwest:inst|daomo10:inst2|mo10tongbu:inst|74161:inst|f74161:sub|99                      ;
; -1.487 ; 1.000        ; 2.487          ; Min Period       ; pin_name ; Rise       ; eastwest:inst|daomo10:inst3|mo10tongbu:inst|74161:inst|f74161:sub|110                     ;
; -1.487 ; 1.000        ; 2.487          ; Min Period       ; pin_name ; Rise       ; eastwest:inst|daomo10:inst3|mo10tongbu:inst|74161:inst|f74161:sub|87                      ;
; -1.487 ; 1.000        ; 2.487          ; Min Period       ; pin_name ; Rise       ; eastwest:inst|daomo10:inst3|mo10tongbu:inst|74161:inst|f74161:sub|9                       ;
; -1.487 ; 1.000        ; 2.487          ; Min Period       ; pin_name ; Rise       ; eastwest:inst|daomo10:inst3|mo10tongbu:inst|74161:inst|f74161:sub|99                      ;
; -1.487 ; 1.000        ; 2.487          ; Min Period       ; pin_name ; Rise       ; eastwest:inst|daomo60:inst|mo60tongbu:inst|mo10tongbu:inst|74161:inst|f74161:sub|110      ;
; -1.487 ; 1.000        ; 2.487          ; Min Period       ; pin_name ; Rise       ; eastwest:inst|daomo60:inst|mo60tongbu:inst|mo10tongbu:inst|74161:inst|f74161:sub|87       ;
; -1.487 ; 1.000        ; 2.487          ; Min Period       ; pin_name ; Rise       ; eastwest:inst|daomo60:inst|mo60tongbu:inst|mo10tongbu:inst|74161:inst|f74161:sub|9        ;
; -1.487 ; 1.000        ; 2.487          ; Min Period       ; pin_name ; Rise       ; eastwest:inst|daomo60:inst|mo60tongbu:inst|mo10tongbu:inst|74161:inst|f74161:sub|99       ;
; -1.487 ; 1.000        ; 2.487          ; Min Period       ; pin_name ; Rise       ; eastwest:inst|daomo60:inst|mo60tongbu:inst|mo6tongbu:inst14|74161:inst|f74161:sub|87      ;
; -1.487 ; 1.000        ; 2.487          ; Min Period       ; pin_name ; Rise       ; eastwest:inst|daomo60:inst|mo60tongbu:inst|mo6tongbu:inst14|74161:inst|f74161:sub|9       ;
; -1.487 ; 1.000        ; 2.487          ; Min Period       ; pin_name ; Rise       ; eastwest:inst|daomo60:inst|mo60tongbu:inst|mo6tongbu:inst14|74161:inst|f74161:sub|99      ;
; -1.487 ; 1.000        ; 2.487          ; Min Period       ; pin_name ; Rise       ; eastwest:inst|leidao60:inst5|mo60tongbu:inst|mo10tongbu:inst|74161:inst|f74161:sub|110    ;
; -1.487 ; 1.000        ; 2.487          ; Min Period       ; pin_name ; Rise       ; eastwest:inst|leidao60:inst5|mo60tongbu:inst|mo10tongbu:inst|74161:inst|f74161:sub|87     ;
; -1.487 ; 1.000        ; 2.487          ; Min Period       ; pin_name ; Rise       ; eastwest:inst|leidao60:inst5|mo60tongbu:inst|mo10tongbu:inst|74161:inst|f74161:sub|9      ;
; -1.487 ; 1.000        ; 2.487          ; Min Period       ; pin_name ; Rise       ; eastwest:inst|leidao60:inst5|mo60tongbu:inst|mo10tongbu:inst|74161:inst|f74161:sub|99     ;
; -1.487 ; 1.000        ; 2.487          ; Min Period       ; pin_name ; Rise       ; eastwest:inst|leidao60:inst5|mo60tongbu:inst|mo6tongbu:inst14|74161:inst|f74161:sub|87    ;
; -1.487 ; 1.000        ; 2.487          ; Min Period       ; pin_name ; Rise       ; eastwest:inst|leidao60:inst5|mo60tongbu:inst|mo6tongbu:inst14|74161:inst|f74161:sub|9     ;
; -1.487 ; 1.000        ; 2.487          ; Min Period       ; pin_name ; Rise       ; eastwest:inst|leidao60:inst5|mo60tongbu:inst|mo6tongbu:inst14|74161:inst|f74161:sub|99    ;
; -1.487 ; 1.000        ; 2.487          ; Min Period       ; pin_name ; Rise       ; eastwest:inst|mo4control:inst4|74161:inst|f74161:sub|87                                   ;
; -1.487 ; 1.000        ; 2.487          ; Min Period       ; pin_name ; Rise       ; eastwest:inst|mo4control:inst4|74161:inst|f74161:sub|9                                    ;
; -1.487 ; 1.000        ; 2.487          ; Min Period       ; pin_name ; Rise       ; southnorth:inst1|daomo10:inst2|mo10tongbu:inst|74161:inst|f74161:sub|110                  ;
; -1.487 ; 1.000        ; 2.487          ; Min Period       ; pin_name ; Rise       ; southnorth:inst1|daomo10:inst2|mo10tongbu:inst|74161:inst|f74161:sub|87                   ;
; -1.487 ; 1.000        ; 2.487          ; Min Period       ; pin_name ; Rise       ; southnorth:inst1|daomo10:inst2|mo10tongbu:inst|74161:inst|f74161:sub|9                    ;
; -1.487 ; 1.000        ; 2.487          ; Min Period       ; pin_name ; Rise       ; southnorth:inst1|daomo10:inst2|mo10tongbu:inst|74161:inst|f74161:sub|99                   ;
; -1.487 ; 1.000        ; 2.487          ; Min Period       ; pin_name ; Rise       ; southnorth:inst1|daomo10:inst3|mo10tongbu:inst|74161:inst|f74161:sub|110                  ;
; -1.487 ; 1.000        ; 2.487          ; Min Period       ; pin_name ; Rise       ; southnorth:inst1|daomo10:inst3|mo10tongbu:inst|74161:inst|f74161:sub|87                   ;
; -1.487 ; 1.000        ; 2.487          ; Min Period       ; pin_name ; Rise       ; southnorth:inst1|daomo10:inst3|mo10tongbu:inst|74161:inst|f74161:sub|9                    ;
; -1.487 ; 1.000        ; 2.487          ; Min Period       ; pin_name ; Rise       ; southnorth:inst1|daomo10:inst3|mo10tongbu:inst|74161:inst|f74161:sub|99                   ;
; -1.487 ; 1.000        ; 2.487          ; Min Period       ; pin_name ; Rise       ; southnorth:inst1|daomo60:inst|mo60tongbu:inst|mo10tongbu:inst|74161:inst|f74161:sub|110   ;
; -1.487 ; 1.000        ; 2.487          ; Min Period       ; pin_name ; Rise       ; southnorth:inst1|daomo60:inst|mo60tongbu:inst|mo10tongbu:inst|74161:inst|f74161:sub|87    ;
; -1.487 ; 1.000        ; 2.487          ; Min Period       ; pin_name ; Rise       ; southnorth:inst1|daomo60:inst|mo60tongbu:inst|mo10tongbu:inst|74161:inst|f74161:sub|9     ;
; -1.487 ; 1.000        ; 2.487          ; Min Period       ; pin_name ; Rise       ; southnorth:inst1|daomo60:inst|mo60tongbu:inst|mo10tongbu:inst|74161:inst|f74161:sub|99    ;
; -1.487 ; 1.000        ; 2.487          ; Min Period       ; pin_name ; Rise       ; southnorth:inst1|daomo60:inst|mo60tongbu:inst|mo6tongbu:inst14|74161:inst|f74161:sub|87   ;
; -1.487 ; 1.000        ; 2.487          ; Min Period       ; pin_name ; Rise       ; southnorth:inst1|daomo60:inst|mo60tongbu:inst|mo6tongbu:inst14|74161:inst|f74161:sub|9    ;
; -1.487 ; 1.000        ; 2.487          ; Min Period       ; pin_name ; Rise       ; southnorth:inst1|daomo60:inst|mo60tongbu:inst|mo6tongbu:inst14|74161:inst|f74161:sub|99   ;
; -1.487 ; 1.000        ; 2.487          ; Min Period       ; pin_name ; Rise       ; southnorth:inst1|leidao60:inst5|mo60tongbu:inst|mo10tongbu:inst|74161:inst|f74161:sub|110 ;
; -1.487 ; 1.000        ; 2.487          ; Min Period       ; pin_name ; Rise       ; southnorth:inst1|leidao60:inst5|mo60tongbu:inst|mo10tongbu:inst|74161:inst|f74161:sub|87  ;
; -1.487 ; 1.000        ; 2.487          ; Min Period       ; pin_name ; Rise       ; southnorth:inst1|leidao60:inst5|mo60tongbu:inst|mo10tongbu:inst|74161:inst|f74161:sub|9   ;
; -1.487 ; 1.000        ; 2.487          ; Min Period       ; pin_name ; Rise       ; southnorth:inst1|leidao60:inst5|mo60tongbu:inst|mo10tongbu:inst|74161:inst|f74161:sub|99  ;
; -1.487 ; 1.000        ; 2.487          ; Min Period       ; pin_name ; Rise       ; southnorth:inst1|leidao60:inst5|mo60tongbu:inst|mo6tongbu:inst14|74161:inst|f74161:sub|87 ;
; -1.487 ; 1.000        ; 2.487          ; Min Period       ; pin_name ; Rise       ; southnorth:inst1|leidao60:inst5|mo60tongbu:inst|mo6tongbu:inst14|74161:inst|f74161:sub|9  ;
; -1.487 ; 1.000        ; 2.487          ; Min Period       ; pin_name ; Rise       ; southnorth:inst1|leidao60:inst5|mo60tongbu:inst|mo6tongbu:inst14|74161:inst|f74161:sub|99 ;
; -1.487 ; 1.000        ; 2.487          ; Min Period       ; pin_name ; Rise       ; southnorth:inst1|mo4control:inst4|74161:inst|f74161:sub|87                                ;
; -1.487 ; 1.000        ; 2.487          ; Min Period       ; pin_name ; Rise       ; southnorth:inst1|mo4control:inst4|74161:inst|f74161:sub|9                                 ;
; 0.290  ; 0.510        ; 0.220          ; High Pulse Width ; pin_name ; Rise       ; southnorth:inst1|daomo10:inst2|mo10tongbu:inst|74161:inst|f74161:sub|110                  ;
; 0.290  ; 0.510        ; 0.220          ; High Pulse Width ; pin_name ; Rise       ; southnorth:inst1|daomo10:inst2|mo10tongbu:inst|74161:inst|f74161:sub|9                    ;
; 0.290  ; 0.510        ; 0.220          ; High Pulse Width ; pin_name ; Rise       ; southnorth:inst1|daomo10:inst2|mo10tongbu:inst|74161:inst|f74161:sub|99                   ;
; 0.290  ; 0.510        ; 0.220          ; High Pulse Width ; pin_name ; Rise       ; southnorth:inst1|daomo10:inst3|mo10tongbu:inst|74161:inst|f74161:sub|110                  ;
; 0.290  ; 0.510        ; 0.220          ; High Pulse Width ; pin_name ; Rise       ; southnorth:inst1|daomo10:inst3|mo10tongbu:inst|74161:inst|f74161:sub|9                    ;
; 0.290  ; 0.510        ; 0.220          ; High Pulse Width ; pin_name ; Rise       ; southnorth:inst1|daomo10:inst3|mo10tongbu:inst|74161:inst|f74161:sub|99                   ;
; 0.290  ; 0.510        ; 0.220          ; High Pulse Width ; pin_name ; Rise       ; southnorth:inst1|daomo60:inst|mo60tongbu:inst|mo10tongbu:inst|74161:inst|f74161:sub|110   ;
; 0.290  ; 0.510        ; 0.220          ; High Pulse Width ; pin_name ; Rise       ; southnorth:inst1|daomo60:inst|mo60tongbu:inst|mo10tongbu:inst|74161:inst|f74161:sub|87    ;
; 0.290  ; 0.510        ; 0.220          ; High Pulse Width ; pin_name ; Rise       ; southnorth:inst1|daomo60:inst|mo60tongbu:inst|mo10tongbu:inst|74161:inst|f74161:sub|9     ;
; 0.290  ; 0.510        ; 0.220          ; High Pulse Width ; pin_name ; Rise       ; southnorth:inst1|daomo60:inst|mo60tongbu:inst|mo10tongbu:inst|74161:inst|f74161:sub|99    ;
; 0.290  ; 0.510        ; 0.220          ; High Pulse Width ; pin_name ; Rise       ; southnorth:inst1|daomo60:inst|mo60tongbu:inst|mo6tongbu:inst14|74161:inst|f74161:sub|87   ;
; 0.290  ; 0.510        ; 0.220          ; High Pulse Width ; pin_name ; Rise       ; southnorth:inst1|daomo60:inst|mo60tongbu:inst|mo6tongbu:inst14|74161:inst|f74161:sub|9    ;
; 0.290  ; 0.510        ; 0.220          ; High Pulse Width ; pin_name ; Rise       ; southnorth:inst1|daomo60:inst|mo60tongbu:inst|mo6tongbu:inst14|74161:inst|f74161:sub|99   ;
; 0.290  ; 0.510        ; 0.220          ; High Pulse Width ; pin_name ; Rise       ; southnorth:inst1|leidao60:inst5|mo60tongbu:inst|mo10tongbu:inst|74161:inst|f74161:sub|110 ;
; 0.290  ; 0.510        ; 0.220          ; High Pulse Width ; pin_name ; Rise       ; southnorth:inst1|leidao60:inst5|mo60tongbu:inst|mo10tongbu:inst|74161:inst|f74161:sub|87  ;
; 0.290  ; 0.510        ; 0.220          ; High Pulse Width ; pin_name ; Rise       ; southnorth:inst1|leidao60:inst5|mo60tongbu:inst|mo10tongbu:inst|74161:inst|f74161:sub|9   ;
; 0.290  ; 0.510        ; 0.220          ; High Pulse Width ; pin_name ; Rise       ; southnorth:inst1|leidao60:inst5|mo60tongbu:inst|mo10tongbu:inst|74161:inst|f74161:sub|99  ;
; 0.290  ; 0.510        ; 0.220          ; High Pulse Width ; pin_name ; Rise       ; southnorth:inst1|mo4control:inst4|74161:inst|f74161:sub|87                                ;
; 0.290  ; 0.510        ; 0.220          ; High Pulse Width ; pin_name ; Rise       ; southnorth:inst1|mo4control:inst4|74161:inst|f74161:sub|9                                 ;
; 0.291  ; 0.511        ; 0.220          ; High Pulse Width ; pin_name ; Rise       ; southnorth:inst1|daomo10:inst2|mo10tongbu:inst|74161:inst|f74161:sub|87                   ;
; 0.291  ; 0.511        ; 0.220          ; High Pulse Width ; pin_name ; Rise       ; southnorth:inst1|daomo10:inst3|mo10tongbu:inst|74161:inst|f74161:sub|87                   ;
; 0.291  ; 0.511        ; 0.220          ; High Pulse Width ; pin_name ; Rise       ; southnorth:inst1|leidao60:inst5|mo60tongbu:inst|mo6tongbu:inst14|74161:inst|f74161:sub|87 ;
; 0.291  ; 0.511        ; 0.220          ; High Pulse Width ; pin_name ; Rise       ; southnorth:inst1|leidao60:inst5|mo60tongbu:inst|mo6tongbu:inst14|74161:inst|f74161:sub|9  ;
; 0.291  ; 0.511        ; 0.220          ; High Pulse Width ; pin_name ; Rise       ; southnorth:inst1|leidao60:inst5|mo60tongbu:inst|mo6tongbu:inst14|74161:inst|f74161:sub|99 ;
; 0.292  ; 0.512        ; 0.220          ; High Pulse Width ; pin_name ; Rise       ; eastwest:inst|daomo10:inst2|mo10tongbu:inst|74161:inst|f74161:sub|110                     ;
; 0.292  ; 0.512        ; 0.220          ; High Pulse Width ; pin_name ; Rise       ; eastwest:inst|daomo10:inst2|mo10tongbu:inst|74161:inst|f74161:sub|9                       ;
; 0.292  ; 0.512        ; 0.220          ; High Pulse Width ; pin_name ; Rise       ; eastwest:inst|daomo10:inst2|mo10tongbu:inst|74161:inst|f74161:sub|99                      ;
; 0.292  ; 0.512        ; 0.220          ; High Pulse Width ; pin_name ; Rise       ; eastwest:inst|daomo10:inst3|mo10tongbu:inst|74161:inst|f74161:sub|110                     ;
; 0.292  ; 0.512        ; 0.220          ; High Pulse Width ; pin_name ; Rise       ; eastwest:inst|daomo10:inst3|mo10tongbu:inst|74161:inst|f74161:sub|9                       ;
; 0.292  ; 0.512        ; 0.220          ; High Pulse Width ; pin_name ; Rise       ; eastwest:inst|daomo10:inst3|mo10tongbu:inst|74161:inst|f74161:sub|99                      ;
; 0.292  ; 0.512        ; 0.220          ; High Pulse Width ; pin_name ; Rise       ; eastwest:inst|leidao60:inst5|mo60tongbu:inst|mo10tongbu:inst|74161:inst|f74161:sub|110    ;
; 0.292  ; 0.512        ; 0.220          ; High Pulse Width ; pin_name ; Rise       ; eastwest:inst|leidao60:inst5|mo60tongbu:inst|mo10tongbu:inst|74161:inst|f74161:sub|87     ;
; 0.292  ; 0.512        ; 0.220          ; High Pulse Width ; pin_name ; Rise       ; eastwest:inst|leidao60:inst5|mo60tongbu:inst|mo10tongbu:inst|74161:inst|f74161:sub|9      ;
; 0.292  ; 0.512        ; 0.220          ; High Pulse Width ; pin_name ; Rise       ; eastwest:inst|leidao60:inst5|mo60tongbu:inst|mo10tongbu:inst|74161:inst|f74161:sub|99     ;
; 0.292  ; 0.512        ; 0.220          ; High Pulse Width ; pin_name ; Rise       ; eastwest:inst|leidao60:inst5|mo60tongbu:inst|mo6tongbu:inst14|74161:inst|f74161:sub|9     ;
; 0.292  ; 0.512        ; 0.220          ; High Pulse Width ; pin_name ; Rise       ; eastwest:inst|mo4control:inst4|74161:inst|f74161:sub|87                                   ;
; 0.292  ; 0.512        ; 0.220          ; High Pulse Width ; pin_name ; Rise       ; eastwest:inst|mo4control:inst4|74161:inst|f74161:sub|9                                    ;
; 0.293  ; 0.513        ; 0.220          ; High Pulse Width ; pin_name ; Rise       ; eastwest:inst|daomo10:inst2|mo10tongbu:inst|74161:inst|f74161:sub|87                      ;
; 0.293  ; 0.513        ; 0.220          ; High Pulse Width ; pin_name ; Rise       ; eastwest:inst|daomo10:inst3|mo10tongbu:inst|74161:inst|f74161:sub|87                      ;
; 0.293  ; 0.513        ; 0.220          ; High Pulse Width ; pin_name ; Rise       ; eastwest:inst|daomo60:inst|mo60tongbu:inst|mo10tongbu:inst|74161:inst|f74161:sub|110      ;
; 0.293  ; 0.513        ; 0.220          ; High Pulse Width ; pin_name ; Rise       ; eastwest:inst|daomo60:inst|mo60tongbu:inst|mo10tongbu:inst|74161:inst|f74161:sub|87       ;
; 0.293  ; 0.513        ; 0.220          ; High Pulse Width ; pin_name ; Rise       ; eastwest:inst|daomo60:inst|mo60tongbu:inst|mo10tongbu:inst|74161:inst|f74161:sub|9        ;
; 0.293  ; 0.513        ; 0.220          ; High Pulse Width ; pin_name ; Rise       ; eastwest:inst|daomo60:inst|mo60tongbu:inst|mo10tongbu:inst|74161:inst|f74161:sub|99       ;
; 0.293  ; 0.513        ; 0.220          ; High Pulse Width ; pin_name ; Rise       ; eastwest:inst|daomo60:inst|mo60tongbu:inst|mo6tongbu:inst14|74161:inst|f74161:sub|87      ;
; 0.293  ; 0.513        ; 0.220          ; High Pulse Width ; pin_name ; Rise       ; eastwest:inst|daomo60:inst|mo60tongbu:inst|mo6tongbu:inst14|74161:inst|f74161:sub|9       ;
; 0.293  ; 0.513        ; 0.220          ; High Pulse Width ; pin_name ; Rise       ; eastwest:inst|daomo60:inst|mo60tongbu:inst|mo6tongbu:inst14|74161:inst|f74161:sub|99      ;
; 0.293  ; 0.513        ; 0.220          ; High Pulse Width ; pin_name ; Rise       ; eastwest:inst|leidao60:inst5|mo60tongbu:inst|mo6tongbu:inst14|74161:inst|f74161:sub|87    ;
; 0.293  ; 0.513        ; 0.220          ; High Pulse Width ; pin_name ; Rise       ; eastwest:inst|leidao60:inst5|mo60tongbu:inst|mo6tongbu:inst14|74161:inst|f74161:sub|99    ;
; 0.298  ; 0.486        ; 0.188          ; Low Pulse Width  ; pin_name ; Rise       ; eastwest:inst|daomo10:inst2|mo10tongbu:inst|74161:inst|f74161:sub|87                      ;
; 0.298  ; 0.486        ; 0.188          ; Low Pulse Width  ; pin_name ; Rise       ; eastwest:inst|daomo10:inst3|mo10tongbu:inst|74161:inst|f74161:sub|87                      ;
; 0.298  ; 0.486        ; 0.188          ; Low Pulse Width  ; pin_name ; Rise       ; eastwest:inst|daomo60:inst|mo60tongbu:inst|mo10tongbu:inst|74161:inst|f74161:sub|110      ;
+--------+--------------+----------------+------------------+----------+------------+-------------------------------------------------------------------------------------------+


+-------------------------------------------------------------------------+
; Clock to Output Times                                                   ;
+-----------+------------+--------+--------+------------+-----------------+
; Data Port ; Clock Port ; Rise   ; Fall   ; Clock Edge ; Clock Reference ;
+-----------+------------+--------+--------+------------+-----------------+
; ew1       ; pin_name   ; 9.270  ; 9.134  ; Rise       ; pin_name        ;
; ew2       ; pin_name   ; 8.157  ; 7.909  ; Rise       ; pin_name        ;
; ew3       ; pin_name   ; 8.661  ; 8.533  ; Rise       ; pin_name        ;
; ew4       ; pin_name   ; 10.350 ; 10.445 ; Rise       ; pin_name        ;
; ew5       ; pin_name   ; 7.928  ; 7.797  ; Rise       ; pin_name        ;
; ew6       ; pin_name   ; 10.402 ; 10.070 ; Rise       ; pin_name        ;
; ew7       ; pin_name   ; 8.546  ; 8.760  ; Rise       ; pin_name        ;
; ewgreen   ; pin_name   ; 8.029  ; 7.812  ; Rise       ; pin_name        ;
; ewred     ; pin_name   ; 6.237  ; 6.198  ; Rise       ; pin_name        ;
; ewyellow  ; pin_name   ; 7.827  ; 7.629  ; Rise       ; pin_name        ;
; sn1       ; pin_name   ; 10.605 ; 10.521 ; Rise       ; pin_name        ;
; sn2       ; pin_name   ; 8.957  ; 8.726  ; Rise       ; pin_name        ;
; sn3       ; pin_name   ; 9.461  ; 9.175  ; Rise       ; pin_name        ;
; sn4       ; pin_name   ; 9.714  ; 9.579  ; Rise       ; pin_name        ;
; sn5       ; pin_name   ; 10.113 ; 9.972  ; Rise       ; pin_name        ;
; sn6       ; pin_name   ; 9.049  ; 8.946  ; Rise       ; pin_name        ;
; sn7       ; pin_name   ; 10.824 ; 11.191 ; Rise       ; pin_name        ;
; sngreen   ; pin_name   ; 8.387  ; 8.198  ; Rise       ; pin_name        ;
; snred     ; pin_name   ; 7.536  ; 7.631  ; Rise       ; pin_name        ;
; snyellow  ; pin_name   ; 8.465  ; 8.264  ; Rise       ; pin_name        ;
+-----------+------------+--------+--------+------------+-----------------+


+-----------------------------------------------------------------------+
; Minimum Clock to Output Times                                         ;
+-----------+------------+-------+-------+------------+-----------------+
; Data Port ; Clock Port ; Rise  ; Fall  ; Clock Edge ; Clock Reference ;
+-----------+------------+-------+-------+------------+-----------------+
; ew1       ; pin_name   ; 7.462 ; 7.329 ; Rise       ; pin_name        ;
; ew2       ; pin_name   ; 6.986 ; 6.857 ; Rise       ; pin_name        ;
; ew3       ; pin_name   ; 7.087 ; 6.965 ; Rise       ; pin_name        ;
; ew4       ; pin_name   ; 8.770 ; 8.721 ; Rise       ; pin_name        ;
; ew5       ; pin_name   ; 7.061 ; 6.828 ; Rise       ; pin_name        ;
; ew6       ; pin_name   ; 8.345 ; 8.049 ; Rise       ; pin_name        ;
; ew7       ; pin_name   ; 6.731 ; 6.842 ; Rise       ; pin_name        ;
; ewgreen   ; pin_name   ; 7.753 ; 7.509 ; Rise       ; pin_name        ;
; ewred     ; pin_name   ; 6.109 ; 6.071 ; Rise       ; pin_name        ;
; ewyellow  ; pin_name   ; 7.466 ; 7.306 ; Rise       ; pin_name        ;
; sn1       ; pin_name   ; 9.137 ; 9.003 ; Rise       ; pin_name        ;
; sn2       ; pin_name   ; 7.914 ; 7.690 ; Rise       ; pin_name        ;
; sn3       ; pin_name   ; 8.194 ; 7.963 ; Rise       ; pin_name        ;
; sn4       ; pin_name   ; 7.966 ; 7.830 ; Rise       ; pin_name        ;
; sn5       ; pin_name   ; 8.902 ; 8.701 ; Rise       ; pin_name        ;
; sn6       ; pin_name   ; 7.223 ; 7.109 ; Rise       ; pin_name        ;
; sn7       ; pin_name   ; 8.419 ; 8.670 ; Rise       ; pin_name        ;
; sngreen   ; pin_name   ; 8.055 ; 7.848 ; Rise       ; pin_name        ;
; snred     ; pin_name   ; 7.354 ; 7.446 ; Rise       ; pin_name        ;
; snyellow  ; pin_name   ; 7.929 ; 7.735 ; Rise       ; pin_name        ;
+-----------+------------+-------+-------+------------+-----------------+


----------------------------------------------
; Slow 1200mV 85C Model Metastability Report ;
----------------------------------------------
No synchronizer chains to report.


+----------------------------------------------------------------------------------------------------------+
; Slow 1200mV 0C Model Fmax Summary                                                                        ;
+-----------+-----------------+------------+---------------------------------------------------------------+
; Fmax      ; Restricted Fmax ; Clock Name ; Note                                                          ;
+-----------+-----------------+------------+---------------------------------------------------------------+
; 396.2 MHz ; 250.0 MHz       ; pin_name   ; limit due to minimum period restriction (max I/O toggle rate) ;
+-----------+-----------------+------------+---------------------------------------------------------------+
This panel reports FMAX for every clock in the design, regardless of the user-specified clock periods.  FMAX is only computed for paths where the source and destination registers or ports are driven by the same clock.  Paths of different clocks, including generated clocks, are ignored.  For paths between a clock and its inversion, FMAX is computed as if the rising and falling edges are scaled along with FMAX, such that the duty cycle (in terms of a percentage) is maintained. Altera recommends that you always use clock constraints and other slack reports for sign-off analysis.


+------------------------------------+
; Slow 1200mV 0C Model Setup Summary ;
+----------+--------+----------------+
; Clock    ; Slack  ; End Point TNS  ;
+----------+--------+----------------+
; pin_name ; -1.524 ; -43.855        ;
+----------+--------+----------------+


+-----------------------------------+
; Slow 1200mV 0C Model Hold Summary ;
+----------+-------+----------------+
; Clock    ; Slack ; End Point TNS  ;
+----------+-------+----------------+
; pin_name ; 0.381 ; 0.000          ;
+----------+-------+----------------+


-----------------------------------------
; Slow 1200mV 0C Model Recovery Summary ;
-----------------------------------------
No paths to report.


----------------------------------------
; Slow 1200mV 0C Model Removal Summary ;
----------------------------------------
No paths to report.


+--------------------------------------------------+
; Slow 1200mV 0C Model Minimum Pulse Width Summary ;
+----------+--------+------------------------------+
; Clock    ; Slack  ; End Point TNS                ;
+----------+--------+------------------------------+
; pin_name ; -3.000 ; -74.376                      ;
+----------+--------+------------------------------+


+----------------------------------------------------------------------------------------------------------------------------------------------------------------------------------------------------------------------------------------------------------------------+
; Slow 1200mV 0C Model Setup: 'pin_name'                                                                                                                                                                                                                               ;
+--------+-------------------------------------------------------------------------------------------+-------------------------------------------------------------------------------------------+--------------+-------------+--------------+------------+------------+
; Slack  ; From Node                                                                                 ; To Node                                                                                   ; Launch Clock ; Latch Clock ; Relationship ; Clock Skew ; Data Delay ;
+--------+-------------------------------------------------------------------------------------------+-------------------------------------------------------------------------------------------+--------------+-------------+--------------+------------+------------+
; -1.524 ; eastwest:inst|daomo60:inst|mo60tongbu:inst|mo10tongbu:inst|74161:inst|f74161:sub|9        ; eastwest:inst|mo4control:inst4|74161:inst|f74161:sub|9                                    ; pin_name     ; pin_name    ; 1.000        ; -0.074     ; 2.452      ;
; -1.499 ; eastwest:inst|daomo60:inst|mo60tongbu:inst|mo10tongbu:inst|74161:inst|f74161:sub|9        ; eastwest:inst|mo4control:inst4|74161:inst|f74161:sub|87                                   ; pin_name     ; pin_name    ; 1.000        ; -0.074     ; 2.427      ;
; -1.416 ; eastwest:inst|daomo60:inst|mo60tongbu:inst|mo10tongbu:inst|74161:inst|f74161:sub|110      ; eastwest:inst|mo4control:inst4|74161:inst|f74161:sub|9                                    ; pin_name     ; pin_name    ; 1.000        ; -0.074     ; 2.344      ;
; -1.410 ; eastwest:inst|daomo60:inst|mo60tongbu:inst|mo6tongbu:inst14|74161:inst|f74161:sub|9       ; eastwest:inst|mo4control:inst4|74161:inst|f74161:sub|9                                    ; pin_name     ; pin_name    ; 1.000        ; -0.074     ; 2.338      ;
; -1.391 ; eastwest:inst|daomo60:inst|mo60tongbu:inst|mo10tongbu:inst|74161:inst|f74161:sub|110      ; eastwest:inst|mo4control:inst4|74161:inst|f74161:sub|87                                   ; pin_name     ; pin_name    ; 1.000        ; -0.074     ; 2.319      ;
; -1.385 ; eastwest:inst|daomo60:inst|mo60tongbu:inst|mo6tongbu:inst14|74161:inst|f74161:sub|9       ; eastwest:inst|mo4control:inst4|74161:inst|f74161:sub|87                                   ; pin_name     ; pin_name    ; 1.000        ; -0.074     ; 2.313      ;
; -1.359 ; southnorth:inst1|daomo10:inst3|mo10tongbu:inst|74161:inst|f74161:sub|9                    ; southnorth:inst1|mo4control:inst4|74161:inst|f74161:sub|87                                ; pin_name     ; pin_name    ; 1.000        ; -0.073     ; 2.288      ;
; -1.359 ; southnorth:inst1|daomo10:inst3|mo10tongbu:inst|74161:inst|f74161:sub|9                    ; southnorth:inst1|mo4control:inst4|74161:inst|f74161:sub|9                                 ; pin_name     ; pin_name    ; 1.000        ; -0.073     ; 2.288      ;
; -1.351 ; southnorth:inst1|mo4control:inst4|74161:inst|f74161:sub|9                                 ; southnorth:inst1|daomo10:inst3|mo10tongbu:inst|74161:inst|f74161:sub|87                   ; pin_name     ; pin_name    ; 1.000        ; -0.074     ; 2.279      ;
; -1.342 ; southnorth:inst1|daomo10:inst3|mo10tongbu:inst|74161:inst|f74161:sub|9                    ; southnorth:inst1|daomo10:inst3|mo10tongbu:inst|74161:inst|f74161:sub|87                   ; pin_name     ; pin_name    ; 1.000        ; -0.074     ; 2.270      ;
; -1.327 ; southnorth:inst1|daomo10:inst3|mo10tongbu:inst|74161:inst|f74161:sub|110                  ; southnorth:inst1|mo4control:inst4|74161:inst|f74161:sub|9                                 ; pin_name     ; pin_name    ; 1.000        ; -0.073     ; 2.256      ;
; -1.307 ; southnorth:inst1|daomo10:inst3|mo10tongbu:inst|74161:inst|f74161:sub|110                  ; southnorth:inst1|mo4control:inst4|74161:inst|f74161:sub|87                                ; pin_name     ; pin_name    ; 1.000        ; -0.073     ; 2.236      ;
; -1.287 ; southnorth:inst1|daomo10:inst3|mo10tongbu:inst|74161:inst|f74161:sub|87                   ; southnorth:inst1|daomo10:inst3|mo10tongbu:inst|74161:inst|f74161:sub|87                   ; pin_name     ; pin_name    ; 1.000        ; -0.073     ; 2.216      ;
; -1.277 ; southnorth:inst1|daomo10:inst2|mo10tongbu:inst|74161:inst|f74161:sub|9                    ; southnorth:inst1|mo4control:inst4|74161:inst|f74161:sub|9                                 ; pin_name     ; pin_name    ; 1.000        ; -0.073     ; 2.206      ;
; -1.271 ; southnorth:inst1|mo4control:inst4|74161:inst|f74161:sub|87                                ; southnorth:inst1|daomo10:inst3|mo10tongbu:inst|74161:inst|f74161:sub|87                   ; pin_name     ; pin_name    ; 1.000        ; -0.074     ; 2.199      ;
; -1.264 ; southnorth:inst1|mo4control:inst4|74161:inst|f74161:sub|87                                ; southnorth:inst1|daomo60:inst|mo60tongbu:inst|mo10tongbu:inst|74161:inst|f74161:sub|110   ; pin_name     ; pin_name    ; 1.000        ; -0.073     ; 2.193      ;
; -1.264 ; southnorth:inst1|mo4control:inst4|74161:inst|f74161:sub|87                                ; southnorth:inst1|daomo60:inst|mo60tongbu:inst|mo10tongbu:inst|74161:inst|f74161:sub|99    ; pin_name     ; pin_name    ; 1.000        ; -0.073     ; 2.193      ;
; -1.257 ; southnorth:inst1|daomo10:inst2|mo10tongbu:inst|74161:inst|f74161:sub|9                    ; southnorth:inst1|mo4control:inst4|74161:inst|f74161:sub|87                                ; pin_name     ; pin_name    ; 1.000        ; -0.073     ; 2.186      ;
; -1.251 ; southnorth:inst1|mo4control:inst4|74161:inst|f74161:sub|9                                 ; southnorth:inst1|daomo60:inst|mo60tongbu:inst|mo10tongbu:inst|74161:inst|f74161:sub|87    ; pin_name     ; pin_name    ; 1.000        ; -0.073     ; 2.180      ;
; -1.213 ; eastwest:inst|leidao60:inst5|mo60tongbu:inst|mo10tongbu:inst|74161:inst|f74161:sub|9      ; eastwest:inst|leidao60:inst5|mo60tongbu:inst|mo10tongbu:inst|74161:inst|f74161:sub|87     ; pin_name     ; pin_name    ; 1.000        ; -0.073     ; 2.142      ;
; -1.201 ; southnorth:inst1|leidao60:inst5|mo60tongbu:inst|mo10tongbu:inst|74161:inst|f74161:sub|9   ; southnorth:inst1|mo4control:inst4|74161:inst|f74161:sub|9                                 ; pin_name     ; pin_name    ; 1.000        ; -0.073     ; 2.130      ;
; -1.189 ; eastwest:inst|daomo60:inst|mo60tongbu:inst|mo10tongbu:inst|74161:inst|f74161:sub|9        ; eastwest:inst|daomo60:inst|mo60tongbu:inst|mo6tongbu:inst14|74161:inst|f74161:sub|87      ; pin_name     ; pin_name    ; 1.000        ; -0.072     ; 2.119      ;
; -1.181 ; southnorth:inst1|leidao60:inst5|mo60tongbu:inst|mo10tongbu:inst|74161:inst|f74161:sub|9   ; southnorth:inst1|mo4control:inst4|74161:inst|f74161:sub|87                                ; pin_name     ; pin_name    ; 1.000        ; -0.073     ; 2.110      ;
; -1.179 ; southnorth:inst1|leidao60:inst5|mo60tongbu:inst|mo10tongbu:inst|74161:inst|f74161:sub|9   ; southnorth:inst1|leidao60:inst5|mo60tongbu:inst|mo6tongbu:inst14|74161:inst|f74161:sub|99 ; pin_name     ; pin_name    ; 1.000        ; -0.074     ; 2.107      ;
; -1.179 ; southnorth:inst1|leidao60:inst5|mo60tongbu:inst|mo10tongbu:inst|74161:inst|f74161:sub|9   ; southnorth:inst1|leidao60:inst5|mo60tongbu:inst|mo6tongbu:inst14|74161:inst|f74161:sub|87 ; pin_name     ; pin_name    ; 1.000        ; -0.074     ; 2.107      ;
; -1.162 ; eastwest:inst|daomo60:inst|mo60tongbu:inst|mo6tongbu:inst14|74161:inst|f74161:sub|99      ; eastwest:inst|mo4control:inst4|74161:inst|f74161:sub|9                                    ; pin_name     ; pin_name    ; 1.000        ; -0.074     ; 2.090      ;
; -1.152 ; eastwest:inst|leidao60:inst5|mo60tongbu:inst|mo10tongbu:inst|74161:inst|f74161:sub|110    ; eastwest:inst|mo4control:inst4|74161:inst|f74161:sub|9                                    ; pin_name     ; pin_name    ; 1.000        ; -0.072     ; 2.082      ;
; -1.150 ; southnorth:inst1|mo4control:inst4|74161:inst|f74161:sub|87                                ; southnorth:inst1|daomo60:inst|mo60tongbu:inst|mo10tongbu:inst|74161:inst|f74161:sub|87    ; pin_name     ; pin_name    ; 1.000        ; -0.073     ; 2.079      ;
; -1.137 ; eastwest:inst|daomo60:inst|mo60tongbu:inst|mo6tongbu:inst14|74161:inst|f74161:sub|99      ; eastwest:inst|mo4control:inst4|74161:inst|f74161:sub|87                                   ; pin_name     ; pin_name    ; 1.000        ; -0.074     ; 2.065      ;
; -1.135 ; eastwest:inst|leidao60:inst5|mo60tongbu:inst|mo10tongbu:inst|74161:inst|f74161:sub|110    ; eastwest:inst|mo4control:inst4|74161:inst|f74161:sub|87                                   ; pin_name     ; pin_name    ; 1.000        ; -0.072     ; 2.065      ;
; -1.104 ; southnorth:inst1|daomo10:inst2|mo10tongbu:inst|74161:inst|f74161:sub|87                   ; southnorth:inst1|daomo10:inst2|mo10tongbu:inst|74161:inst|f74161:sub|110                  ; pin_name     ; pin_name    ; 1.000        ; -0.072     ; 2.034      ;
; -1.096 ; southnorth:inst1|daomo60:inst|mo60tongbu:inst|mo10tongbu:inst|74161:inst|f74161:sub|110   ; southnorth:inst1|mo4control:inst4|74161:inst|f74161:sub|9                                 ; pin_name     ; pin_name    ; 1.000        ; -0.073     ; 2.025      ;
; -1.081 ; eastwest:inst|daomo60:inst|mo60tongbu:inst|mo10tongbu:inst|74161:inst|f74161:sub|110      ; eastwest:inst|daomo60:inst|mo60tongbu:inst|mo6tongbu:inst14|74161:inst|f74161:sub|87      ; pin_name     ; pin_name    ; 1.000        ; -0.072     ; 2.011      ;
; -1.080 ; southnorth:inst1|daomo60:inst|mo60tongbu:inst|mo10tongbu:inst|74161:inst|f74161:sub|110   ; southnorth:inst1|mo4control:inst4|74161:inst|f74161:sub|87                                ; pin_name     ; pin_name    ; 1.000        ; -0.073     ; 2.009      ;
; -1.077 ; eastwest:inst|mo4control:inst4|74161:inst|f74161:sub|9                                    ; eastwest:inst|daomo10:inst2|mo10tongbu:inst|74161:inst|f74161:sub|87                      ; pin_name     ; pin_name    ; 1.000        ; -0.070     ; 2.009      ;
; -1.075 ; eastwest:inst|daomo60:inst|mo60tongbu:inst|mo6tongbu:inst14|74161:inst|f74161:sub|9       ; eastwest:inst|daomo60:inst|mo60tongbu:inst|mo6tongbu:inst14|74161:inst|f74161:sub|87      ; pin_name     ; pin_name    ; 1.000        ; -0.072     ; 2.005      ;
; -1.058 ; eastwest:inst|leidao60:inst5|mo60tongbu:inst|mo10tongbu:inst|74161:inst|f74161:sub|9      ; eastwest:inst|leidao60:inst5|mo60tongbu:inst|mo10tongbu:inst|74161:inst|f74161:sub|110    ; pin_name     ; pin_name    ; 1.000        ; -0.072     ; 1.988      ;
; -1.056 ; southnorth:inst1|daomo60:inst|mo60tongbu:inst|mo6tongbu:inst14|74161:inst|f74161:sub|9    ; southnorth:inst1|mo4control:inst4|74161:inst|f74161:sub|9                                 ; pin_name     ; pin_name    ; 1.000        ; -0.073     ; 1.985      ;
; -1.054 ; eastwest:inst|mo4control:inst4|74161:inst|f74161:sub|9                                    ; eastwest:inst|daomo60:inst|mo60tongbu:inst|mo10tongbu:inst|74161:inst|f74161:sub|87       ; pin_name     ; pin_name    ; 1.000        ; -0.070     ; 1.986      ;
; -1.053 ; southnorth:inst1|daomo60:inst|mo60tongbu:inst|mo6tongbu:inst14|74161:inst|f74161:sub|9    ; southnorth:inst1|mo4control:inst4|74161:inst|f74161:sub|87                                ; pin_name     ; pin_name    ; 1.000        ; -0.073     ; 1.982      ;
; -1.053 ; eastwest:inst|mo4control:inst4|74161:inst|f74161:sub|9                                    ; eastwest:inst|daomo10:inst3|mo10tongbu:inst|74161:inst|f74161:sub|87                      ; pin_name     ; pin_name    ; 1.000        ; -0.070     ; 1.985      ;
; -1.043 ; eastwest:inst|mo4control:inst4|74161:inst|f74161:sub|9                                    ; eastwest:inst|daomo60:inst|mo60tongbu:inst|mo10tongbu:inst|74161:inst|f74161:sub|110      ; pin_name     ; pin_name    ; 1.000        ; -0.070     ; 1.975      ;
; -1.043 ; eastwest:inst|mo4control:inst4|74161:inst|f74161:sub|9                                    ; eastwest:inst|daomo60:inst|mo60tongbu:inst|mo10tongbu:inst|74161:inst|f74161:sub|99       ; pin_name     ; pin_name    ; 1.000        ; -0.070     ; 1.975      ;
; -1.042 ; eastwest:inst|leidao60:inst5|mo60tongbu:inst|mo10tongbu:inst|74161:inst|f74161:sub|9      ; eastwest:inst|leidao60:inst5|mo60tongbu:inst|mo10tongbu:inst|74161:inst|f74161:sub|99     ; pin_name     ; pin_name    ; 1.000        ; -0.073     ; 1.971      ;
; -1.035 ; southnorth:inst1|mo4control:inst4|74161:inst|f74161:sub|9                                 ; southnorth:inst1|daomo10:inst3|mo10tongbu:inst|74161:inst|f74161:sub|110                  ; pin_name     ; pin_name    ; 1.000        ; -0.073     ; 1.964      ;
; -1.032 ; southnorth:inst1|mo4control:inst4|74161:inst|f74161:sub|9                                 ; southnorth:inst1|daomo60:inst|mo60tongbu:inst|mo10tongbu:inst|74161:inst|f74161:sub|110   ; pin_name     ; pin_name    ; 1.000        ; -0.073     ; 1.961      ;
; -1.032 ; southnorth:inst1|mo4control:inst4|74161:inst|f74161:sub|9                                 ; southnorth:inst1|daomo60:inst|mo60tongbu:inst|mo10tongbu:inst|74161:inst|f74161:sub|99    ; pin_name     ; pin_name    ; 1.000        ; -0.073     ; 1.961      ;
; -1.031 ; eastwest:inst|leidao60:inst5|mo60tongbu:inst|mo6tongbu:inst14|74161:inst|f74161:sub|99    ; eastwest:inst|mo4control:inst4|74161:inst|f74161:sub|87                                   ; pin_name     ; pin_name    ; 1.000        ; -0.075     ; 1.958      ;
; -1.031 ; eastwest:inst|daomo10:inst2|mo10tongbu:inst|74161:inst|f74161:sub|9                       ; eastwest:inst|daomo10:inst2|mo10tongbu:inst|74161:inst|f74161:sub|87                      ; pin_name     ; pin_name    ; 1.000        ; -0.070     ; 1.963      ;
; -1.029 ; eastwest:inst|leidao60:inst5|mo60tongbu:inst|mo6tongbu:inst14|74161:inst|f74161:sub|99    ; eastwest:inst|mo4control:inst4|74161:inst|f74161:sub|9                                    ; pin_name     ; pin_name    ; 1.000        ; -0.075     ; 1.956      ;
; -1.023 ; eastwest:inst|leidao60:inst5|mo60tongbu:inst|mo10tongbu:inst|74161:inst|f74161:sub|110    ; eastwest:inst|leidao60:inst5|mo60tongbu:inst|mo6tongbu:inst14|74161:inst|f74161:sub|87    ; pin_name     ; pin_name    ; 1.000        ; -0.070     ; 1.955      ;
; -1.022 ; eastwest:inst|leidao60:inst5|mo60tongbu:inst|mo10tongbu:inst|74161:inst|f74161:sub|110    ; eastwest:inst|leidao60:inst5|mo60tongbu:inst|mo6tongbu:inst14|74161:inst|f74161:sub|99    ; pin_name     ; pin_name    ; 1.000        ; -0.070     ; 1.954      ;
; -1.018 ; southnorth:inst1|leidao60:inst5|mo60tongbu:inst|mo10tongbu:inst|74161:inst|f74161:sub|110 ; southnorth:inst1|mo4control:inst4|74161:inst|f74161:sub|9                                 ; pin_name     ; pin_name    ; 1.000        ; -0.073     ; 1.947      ;
; -1.003 ; eastwest:inst|leidao60:inst5|mo60tongbu:inst|mo10tongbu:inst|74161:inst|f74161:sub|9      ; eastwest:inst|mo4control:inst4|74161:inst|f74161:sub|9                                    ; pin_name     ; pin_name    ; 1.000        ; -0.072     ; 1.933      ;
; -1.000 ; southnorth:inst1|leidao60:inst5|mo60tongbu:inst|mo10tongbu:inst|74161:inst|f74161:sub|110 ; southnorth:inst1|leidao60:inst5|mo60tongbu:inst|mo6tongbu:inst14|74161:inst|f74161:sub|99 ; pin_name     ; pin_name    ; 1.000        ; -0.074     ; 1.928      ;
; -1.000 ; southnorth:inst1|leidao60:inst5|mo60tongbu:inst|mo10tongbu:inst|74161:inst|f74161:sub|110 ; southnorth:inst1|leidao60:inst5|mo60tongbu:inst|mo6tongbu:inst14|74161:inst|f74161:sub|87 ; pin_name     ; pin_name    ; 1.000        ; -0.074     ; 1.928      ;
; -0.998 ; southnorth:inst1|leidao60:inst5|mo60tongbu:inst|mo10tongbu:inst|74161:inst|f74161:sub|110 ; southnorth:inst1|mo4control:inst4|74161:inst|f74161:sub|87                                ; pin_name     ; pin_name    ; 1.000        ; -0.073     ; 1.927      ;
; -0.986 ; eastwest:inst|leidao60:inst5|mo60tongbu:inst|mo10tongbu:inst|74161:inst|f74161:sub|9      ; eastwest:inst|mo4control:inst4|74161:inst|f74161:sub|87                                   ; pin_name     ; pin_name    ; 1.000        ; -0.072     ; 1.916      ;
; -0.984 ; eastwest:inst|daomo10:inst2|mo10tongbu:inst|74161:inst|f74161:sub|110                     ; eastwest:inst|mo4control:inst4|74161:inst|f74161:sub|87                                   ; pin_name     ; pin_name    ; 1.000        ; -0.072     ; 1.914      ;
; -0.982 ; eastwest:inst|daomo10:inst2|mo10tongbu:inst|74161:inst|f74161:sub|110                     ; eastwest:inst|mo4control:inst4|74161:inst|f74161:sub|9                                    ; pin_name     ; pin_name    ; 1.000        ; -0.072     ; 1.912      ;
; -0.973 ; southnorth:inst1|daomo10:inst2|mo10tongbu:inst|74161:inst|f74161:sub|110                  ; southnorth:inst1|mo4control:inst4|74161:inst|f74161:sub|87                                ; pin_name     ; pin_name    ; 1.000        ; -0.073     ; 1.902      ;
; -0.973 ; southnorth:inst1|daomo10:inst2|mo10tongbu:inst|74161:inst|f74161:sub|110                  ; southnorth:inst1|mo4control:inst4|74161:inst|f74161:sub|9                                 ; pin_name     ; pin_name    ; 1.000        ; -0.073     ; 1.902      ;
; -0.956 ; eastwest:inst|mo4control:inst4|74161:inst|f74161:sub|9                                    ; eastwest:inst|leidao60:inst5|mo60tongbu:inst|mo10tongbu:inst|74161:inst|f74161:sub|110    ; pin_name     ; pin_name    ; 1.000        ; -0.072     ; 1.886      ;
; -0.953 ; eastwest:inst|mo4control:inst4|74161:inst|f74161:sub|87                                   ; eastwest:inst|daomo60:inst|mo60tongbu:inst|mo10tongbu:inst|74161:inst|f74161:sub|87       ; pin_name     ; pin_name    ; 1.000        ; -0.070     ; 1.885      ;
; -0.953 ; eastwest:inst|daomo10:inst3|mo10tongbu:inst|74161:inst|f74161:sub|9                       ; eastwest:inst|mo4control:inst4|74161:inst|f74161:sub|87                                   ; pin_name     ; pin_name    ; 1.000        ; -0.072     ; 1.883      ;
; -0.951 ; eastwest:inst|daomo10:inst3|mo10tongbu:inst|74161:inst|f74161:sub|9                       ; eastwest:inst|mo4control:inst4|74161:inst|f74161:sub|9                                    ; pin_name     ; pin_name    ; 1.000        ; -0.072     ; 1.881      ;
; -0.944 ; southnorth:inst1|daomo60:inst|mo60tongbu:inst|mo6tongbu:inst14|74161:inst|f74161:sub|99   ; southnorth:inst1|mo4control:inst4|74161:inst|f74161:sub|9                                 ; pin_name     ; pin_name    ; 1.000        ; -0.073     ; 1.873      ;
; -0.941 ; eastwest:inst|mo4control:inst4|74161:inst|f74161:sub|87                                   ; eastwest:inst|daomo60:inst|mo60tongbu:inst|mo10tongbu:inst|74161:inst|f74161:sub|110      ; pin_name     ; pin_name    ; 1.000        ; -0.070     ; 1.873      ;
; -0.941 ; eastwest:inst|mo4control:inst4|74161:inst|f74161:sub|87                                   ; eastwest:inst|daomo60:inst|mo60tongbu:inst|mo10tongbu:inst|74161:inst|f74161:sub|99       ; pin_name     ; pin_name    ; 1.000        ; -0.070     ; 1.873      ;
; -0.940 ; southnorth:inst1|mo4control:inst4|74161:inst|f74161:sub|87                                ; southnorth:inst1|daomo60:inst|mo60tongbu:inst|mo10tongbu:inst|74161:inst|f74161:sub|9     ; pin_name     ; pin_name    ; 1.000        ; -0.073     ; 1.869      ;
; -0.940 ; eastwest:inst|mo4control:inst4|74161:inst|f74161:sub|9                                    ; eastwest:inst|leidao60:inst5|mo60tongbu:inst|mo10tongbu:inst|74161:inst|f74161:sub|99     ; pin_name     ; pin_name    ; 1.000        ; -0.073     ; 1.869      ;
; -0.926 ; southnorth:inst1|daomo60:inst|mo60tongbu:inst|mo6tongbu:inst14|74161:inst|f74161:sub|99   ; southnorth:inst1|mo4control:inst4|74161:inst|f74161:sub|87                                ; pin_name     ; pin_name    ; 1.000        ; -0.073     ; 1.855      ;
; -0.916 ; southnorth:inst1|daomo60:inst|mo60tongbu:inst|mo10tongbu:inst|74161:inst|f74161:sub|9     ; southnorth:inst1|daomo60:inst|mo60tongbu:inst|mo6tongbu:inst14|74161:inst|f74161:sub|99   ; pin_name     ; pin_name    ; 1.000        ; -0.073     ; 1.845      ;
; -0.914 ; southnorth:inst1|daomo60:inst|mo60tongbu:inst|mo10tongbu:inst|74161:inst|f74161:sub|110   ; southnorth:inst1|daomo60:inst|mo60tongbu:inst|mo6tongbu:inst14|74161:inst|f74161:sub|87   ; pin_name     ; pin_name    ; 1.000        ; -0.073     ; 1.843      ;
; -0.911 ; eastwest:inst|leidao60:inst5|mo60tongbu:inst|mo10tongbu:inst|74161:inst|f74161:sub|9      ; eastwest:inst|leidao60:inst5|mo60tongbu:inst|mo6tongbu:inst14|74161:inst|f74161:sub|87    ; pin_name     ; pin_name    ; 1.000        ; -0.070     ; 1.843      ;
; -0.910 ; eastwest:inst|leidao60:inst5|mo60tongbu:inst|mo10tongbu:inst|74161:inst|f74161:sub|9      ; eastwest:inst|leidao60:inst5|mo60tongbu:inst|mo6tongbu:inst14|74161:inst|f74161:sub|99    ; pin_name     ; pin_name    ; 1.000        ; -0.070     ; 1.842      ;
; -0.904 ; southnorth:inst1|mo4control:inst4|74161:inst|f74161:sub|87                                ; southnorth:inst1|leidao60:inst5|mo60tongbu:inst|mo10tongbu:inst|74161:inst|f74161:sub|99  ; pin_name     ; pin_name    ; 1.000        ; -0.073     ; 1.833      ;
; -0.900 ; eastwest:inst|mo4control:inst4|74161:inst|f74161:sub|87                                   ; eastwest:inst|daomo10:inst3|mo10tongbu:inst|74161:inst|f74161:sub|87                      ; pin_name     ; pin_name    ; 1.000        ; -0.070     ; 1.832      ;
; -0.899 ; southnorth:inst1|daomo10:inst2|mo10tongbu:inst|74161:inst|f74161:sub|9                    ; southnorth:inst1|daomo10:inst2|mo10tongbu:inst|74161:inst|f74161:sub|110                  ; pin_name     ; pin_name    ; 1.000        ; -0.073     ; 1.828      ;
; -0.897 ; eastwest:inst|daomo10:inst3|mo10tongbu:inst|74161:inst|f74161:sub|9                       ; eastwest:inst|daomo10:inst3|mo10tongbu:inst|74161:inst|f74161:sub|87                      ; pin_name     ; pin_name    ; 1.000        ; -0.070     ; 1.829      ;
; -0.896 ; southnorth:inst1|mo4control:inst4|74161:inst|f74161:sub|9                                 ; southnorth:inst1|mo4control:inst4|74161:inst|f74161:sub|87                                ; pin_name     ; pin_name    ; 1.000        ; -0.073     ; 1.825      ;
; -0.892 ; eastwest:inst|mo4control:inst4|74161:inst|f74161:sub|87                                   ; eastwest:inst|daomo10:inst2|mo10tongbu:inst|74161:inst|f74161:sub|87                      ; pin_name     ; pin_name    ; 1.000        ; -0.070     ; 1.824      ;
; -0.891 ; southnorth:inst1|daomo60:inst|mo60tongbu:inst|mo10tongbu:inst|74161:inst|f74161:sub|9     ; southnorth:inst1|daomo60:inst|mo60tongbu:inst|mo6tongbu:inst14|74161:inst|f74161:sub|87   ; pin_name     ; pin_name    ; 1.000        ; -0.073     ; 1.820      ;
; -0.887 ; southnorth:inst1|daomo60:inst|mo60tongbu:inst|mo6tongbu:inst14|74161:inst|f74161:sub|9    ; southnorth:inst1|daomo60:inst|mo60tongbu:inst|mo6tongbu:inst14|74161:inst|f74161:sub|87   ; pin_name     ; pin_name    ; 1.000        ; -0.073     ; 1.816      ;
; -0.887 ; eastwest:inst|mo4control:inst4|74161:inst|f74161:sub|9                                    ; eastwest:inst|daomo60:inst|mo60tongbu:inst|mo10tongbu:inst|74161:inst|f74161:sub|9        ; pin_name     ; pin_name    ; 1.000        ; -0.070     ; 1.819      ;
; -0.887 ; eastwest:inst|mo4control:inst4|74161:inst|f74161:sub|9                                    ; eastwest:inst|leidao60:inst5|mo60tongbu:inst|mo10tongbu:inst|74161:inst|f74161:sub|87     ; pin_name     ; pin_name    ; 1.000        ; -0.073     ; 1.816      ;
; -0.872 ; southnorth:inst1|daomo60:inst|mo60tongbu:inst|mo10tongbu:inst|74161:inst|f74161:sub|9     ; southnorth:inst1|mo4control:inst4|74161:inst|f74161:sub|9                                 ; pin_name     ; pin_name    ; 1.000        ; -0.073     ; 1.801      ;
; -0.872 ; southnorth:inst1|mo4control:inst4|74161:inst|f74161:sub|9                                 ; southnorth:inst1|leidao60:inst5|mo60tongbu:inst|mo10tongbu:inst|74161:inst|f74161:sub|99  ; pin_name     ; pin_name    ; 1.000        ; -0.073     ; 1.801      ;
; -0.867 ; southnorth:inst1|mo4control:inst4|74161:inst|f74161:sub|87                                ; southnorth:inst1|daomo10:inst2|mo10tongbu:inst|74161:inst|f74161:sub|110                  ; pin_name     ; pin_name    ; 1.000        ; -0.073     ; 1.796      ;
; -0.867 ; eastwest:inst|daomo10:inst3|mo10tongbu:inst|74161:inst|f74161:sub|87                      ; eastwest:inst|daomo10:inst3|mo10tongbu:inst|74161:inst|f74161:sub|99                      ; pin_name     ; pin_name    ; 1.000        ; -0.075     ; 1.794      ;
; -0.866 ; eastwest:inst|daomo10:inst3|mo10tongbu:inst|74161:inst|f74161:sub|87                      ; eastwest:inst|daomo10:inst3|mo10tongbu:inst|74161:inst|f74161:sub|110                     ; pin_name     ; pin_name    ; 1.000        ; -0.075     ; 1.793      ;
; -0.864 ; eastwest:inst|daomo10:inst2|mo10tongbu:inst|74161:inst|f74161:sub|87                      ; eastwest:inst|daomo10:inst2|mo10tongbu:inst|74161:inst|f74161:sub|110                     ; pin_name     ; pin_name    ; 1.000        ; -0.075     ; 1.791      ;
; -0.863 ; southnorth:inst1|mo4control:inst4|74161:inst|f74161:sub|9                                 ; southnorth:inst1|daomo60:inst|mo60tongbu:inst|mo10tongbu:inst|74161:inst|f74161:sub|9     ; pin_name     ; pin_name    ; 1.000        ; -0.073     ; 1.792      ;
; -0.862 ; eastwest:inst|daomo10:inst2|mo10tongbu:inst|74161:inst|f74161:sub|87                      ; eastwest:inst|daomo10:inst2|mo10tongbu:inst|74161:inst|f74161:sub|99                      ; pin_name     ; pin_name    ; 1.000        ; -0.075     ; 1.789      ;
; -0.853 ; southnorth:inst1|daomo10:inst3|mo10tongbu:inst|74161:inst|f74161:sub|9                    ; southnorth:inst1|daomo10:inst3|mo10tongbu:inst|74161:inst|f74161:sub|110                  ; pin_name     ; pin_name    ; 1.000        ; -0.073     ; 1.782      ;
; -0.851 ; eastwest:inst|daomo10:inst2|mo10tongbu:inst|74161:inst|f74161:sub|9                       ; eastwest:inst|mo4control:inst4|74161:inst|f74161:sub|9                                    ; pin_name     ; pin_name    ; 1.000        ; -0.072     ; 1.781      ;
; -0.848 ; southnorth:inst1|mo4control:inst4|74161:inst|f74161:sub|9                                 ; southnorth:inst1|daomo10:inst2|mo10tongbu:inst|74161:inst|f74161:sub|87                   ; pin_name     ; pin_name    ; 1.000        ; -0.074     ; 1.776      ;
; -0.847 ; southnorth:inst1|daomo60:inst|mo60tongbu:inst|mo10tongbu:inst|74161:inst|f74161:sub|9     ; southnorth:inst1|mo4control:inst4|74161:inst|f74161:sub|87                                ; pin_name     ; pin_name    ; 1.000        ; -0.073     ; 1.776      ;
; -0.846 ; eastwest:inst|daomo10:inst2|mo10tongbu:inst|74161:inst|f74161:sub|9                       ; eastwest:inst|mo4control:inst4|74161:inst|f74161:sub|87                                   ; pin_name     ; pin_name    ; 1.000        ; -0.072     ; 1.776      ;
; -0.838 ; eastwest:inst|daomo10:inst2|mo10tongbu:inst|74161:inst|f74161:sub|110                     ; eastwest:inst|daomo10:inst2|mo10tongbu:inst|74161:inst|f74161:sub|87                      ; pin_name     ; pin_name    ; 1.000        ; -0.070     ; 1.770      ;
+--------+-------------------------------------------------------------------------------------------+-------------------------------------------------------------------------------------------+--------------+-------------+--------------+------------+------------+


+---------------------------------------------------------------------------------------------------------------------------------------------------------------------------------------------------------------------------------------------------------------------+
; Slow 1200mV 0C Model Hold: 'pin_name'                                                                                                                                                                                                                               ;
+-------+-------------------------------------------------------------------------------------------+-------------------------------------------------------------------------------------------+--------------+-------------+--------------+------------+------------+
; Slack ; From Node                                                                                 ; To Node                                                                                   ; Launch Clock ; Latch Clock ; Relationship ; Clock Skew ; Data Delay ;
+-------+-------------------------------------------------------------------------------------------+-------------------------------------------------------------------------------------------+--------------+-------------+--------------+------------+------------+
; 0.381 ; southnorth:inst1|mo4control:inst4|74161:inst|f74161:sub|9                                 ; southnorth:inst1|mo4control:inst4|74161:inst|f74161:sub|9                                 ; pin_name     ; pin_name    ; 0.000        ; 0.073      ; 0.669      ;
; 0.381 ; southnorth:inst1|daomo60:inst|mo60tongbu:inst|mo6tongbu:inst14|74161:inst|f74161:sub|9    ; southnorth:inst1|daomo60:inst|mo60tongbu:inst|mo6tongbu:inst14|74161:inst|f74161:sub|9    ; pin_name     ; pin_name    ; 0.000        ; 0.073      ; 0.669      ;
; 0.381 ; southnorth:inst1|daomo60:inst|mo60tongbu:inst|mo10tongbu:inst|74161:inst|f74161:sub|110   ; southnorth:inst1|daomo60:inst|mo60tongbu:inst|mo10tongbu:inst|74161:inst|f74161:sub|110   ; pin_name     ; pin_name    ; 0.000        ; 0.073      ; 0.669      ;
; 0.381 ; southnorth:inst1|daomo60:inst|mo60tongbu:inst|mo6tongbu:inst14|74161:inst|f74161:sub|99   ; southnorth:inst1|daomo60:inst|mo60tongbu:inst|mo6tongbu:inst14|74161:inst|f74161:sub|99   ; pin_name     ; pin_name    ; 0.000        ; 0.073      ; 0.669      ;
; 0.381 ; southnorth:inst1|daomo60:inst|mo60tongbu:inst|mo10tongbu:inst|74161:inst|f74161:sub|9     ; southnorth:inst1|daomo60:inst|mo60tongbu:inst|mo10tongbu:inst|74161:inst|f74161:sub|9     ; pin_name     ; pin_name    ; 0.000        ; 0.073      ; 0.669      ;
; 0.381 ; southnorth:inst1|leidao60:inst5|mo60tongbu:inst|mo6tongbu:inst14|74161:inst|f74161:sub|99 ; southnorth:inst1|leidao60:inst5|mo60tongbu:inst|mo6tongbu:inst14|74161:inst|f74161:sub|99 ; pin_name     ; pin_name    ; 0.000        ; 0.073      ; 0.669      ;
; 0.381 ; southnorth:inst1|leidao60:inst5|mo60tongbu:inst|mo6tongbu:inst14|74161:inst|f74161:sub|9  ; southnorth:inst1|leidao60:inst5|mo60tongbu:inst|mo6tongbu:inst14|74161:inst|f74161:sub|9  ; pin_name     ; pin_name    ; 0.000        ; 0.073      ; 0.669      ;
; 0.381 ; southnorth:inst1|daomo10:inst3|mo10tongbu:inst|74161:inst|f74161:sub|110                  ; southnorth:inst1|daomo10:inst3|mo10tongbu:inst|74161:inst|f74161:sub|110                  ; pin_name     ; pin_name    ; 0.000        ; 0.073      ; 0.669      ;
; 0.381 ; southnorth:inst1|daomo10:inst2|mo10tongbu:inst|74161:inst|f74161:sub|9                    ; southnorth:inst1|daomo10:inst2|mo10tongbu:inst|74161:inst|f74161:sub|9                    ; pin_name     ; pin_name    ; 0.000        ; 0.073      ; 0.669      ;
; 0.381 ; southnorth:inst1|daomo10:inst3|mo10tongbu:inst|74161:inst|f74161:sub|9                    ; southnorth:inst1|daomo10:inst3|mo10tongbu:inst|74161:inst|f74161:sub|9                    ; pin_name     ; pin_name    ; 0.000        ; 0.073      ; 0.669      ;
; 0.381 ; southnorth:inst1|daomo10:inst2|mo10tongbu:inst|74161:inst|f74161:sub|110                  ; southnorth:inst1|daomo10:inst2|mo10tongbu:inst|74161:inst|f74161:sub|110                  ; pin_name     ; pin_name    ; 0.000        ; 0.073      ; 0.669      ;
; 0.381 ; southnorth:inst1|leidao60:inst5|mo60tongbu:inst|mo10tongbu:inst|74161:inst|f74161:sub|9   ; southnorth:inst1|leidao60:inst5|mo60tongbu:inst|mo10tongbu:inst|74161:inst|f74161:sub|9   ; pin_name     ; pin_name    ; 0.000        ; 0.073      ; 0.669      ;
; 0.381 ; southnorth:inst1|leidao60:inst5|mo60tongbu:inst|mo10tongbu:inst|74161:inst|f74161:sub|110 ; southnorth:inst1|leidao60:inst5|mo60tongbu:inst|mo10tongbu:inst|74161:inst|f74161:sub|110 ; pin_name     ; pin_name    ; 0.000        ; 0.073      ; 0.669      ;
; 0.381 ; southnorth:inst1|daomo60:inst|mo60tongbu:inst|mo10tongbu:inst|74161:inst|f74161:sub|99    ; southnorth:inst1|daomo60:inst|mo60tongbu:inst|mo10tongbu:inst|74161:inst|f74161:sub|99    ; pin_name     ; pin_name    ; 0.000        ; 0.073      ; 0.669      ;
; 0.381 ; southnorth:inst1|daomo60:inst|mo60tongbu:inst|mo6tongbu:inst14|74161:inst|f74161:sub|87   ; southnorth:inst1|daomo60:inst|mo60tongbu:inst|mo6tongbu:inst14|74161:inst|f74161:sub|87   ; pin_name     ; pin_name    ; 0.000        ; 0.073      ; 0.669      ;
; 0.381 ; southnorth:inst1|leidao60:inst5|mo60tongbu:inst|mo6tongbu:inst14|74161:inst|f74161:sub|87 ; southnorth:inst1|leidao60:inst5|mo60tongbu:inst|mo6tongbu:inst14|74161:inst|f74161:sub|87 ; pin_name     ; pin_name    ; 0.000        ; 0.073      ; 0.669      ;
; 0.381 ; southnorth:inst1|daomo60:inst|mo60tongbu:inst|mo10tongbu:inst|74161:inst|f74161:sub|87    ; southnorth:inst1|daomo60:inst|mo60tongbu:inst|mo10tongbu:inst|74161:inst|f74161:sub|87    ; pin_name     ; pin_name    ; 0.000        ; 0.073      ; 0.669      ;
; 0.381 ; southnorth:inst1|daomo10:inst3|mo10tongbu:inst|74161:inst|f74161:sub|99                   ; southnorth:inst1|daomo10:inst3|mo10tongbu:inst|74161:inst|f74161:sub|99                   ; pin_name     ; pin_name    ; 0.000        ; 0.073      ; 0.669      ;
; 0.381 ; southnorth:inst1|daomo10:inst2|mo10tongbu:inst|74161:inst|f74161:sub|99                   ; southnorth:inst1|daomo10:inst2|mo10tongbu:inst|74161:inst|f74161:sub|99                   ; pin_name     ; pin_name    ; 0.000        ; 0.073      ; 0.669      ;
; 0.381 ; southnorth:inst1|leidao60:inst5|mo60tongbu:inst|mo10tongbu:inst|74161:inst|f74161:sub|99  ; southnorth:inst1|leidao60:inst5|mo60tongbu:inst|mo10tongbu:inst|74161:inst|f74161:sub|99  ; pin_name     ; pin_name    ; 0.000        ; 0.073      ; 0.669      ;
; 0.381 ; southnorth:inst1|daomo10:inst2|mo10tongbu:inst|74161:inst|f74161:sub|87                   ; southnorth:inst1|daomo10:inst2|mo10tongbu:inst|74161:inst|f74161:sub|87                   ; pin_name     ; pin_name    ; 0.000        ; 0.073      ; 0.669      ;
; 0.381 ; eastwest:inst|leidao60:inst5|mo60tongbu:inst|mo10tongbu:inst|74161:inst|f74161:sub|99     ; eastwest:inst|leidao60:inst5|mo60tongbu:inst|mo10tongbu:inst|74161:inst|f74161:sub|99     ; pin_name     ; pin_name    ; 0.000        ; 0.073      ; 0.669      ;
; 0.381 ; eastwest:inst|leidao60:inst5|mo60tongbu:inst|mo6tongbu:inst14|74161:inst|f74161:sub|9     ; eastwest:inst|leidao60:inst5|mo60tongbu:inst|mo6tongbu:inst14|74161:inst|f74161:sub|9     ; pin_name     ; pin_name    ; 0.000        ; 0.073      ; 0.669      ;
; 0.381 ; eastwest:inst|leidao60:inst5|mo60tongbu:inst|mo6tongbu:inst14|74161:inst|f74161:sub|99    ; eastwest:inst|leidao60:inst5|mo60tongbu:inst|mo6tongbu:inst14|74161:inst|f74161:sub|99    ; pin_name     ; pin_name    ; 0.000        ; 0.073      ; 0.669      ;
; 0.381 ; eastwest:inst|leidao60:inst5|mo60tongbu:inst|mo6tongbu:inst14|74161:inst|f74161:sub|87    ; eastwest:inst|leidao60:inst5|mo60tongbu:inst|mo6tongbu:inst14|74161:inst|f74161:sub|87    ; pin_name     ; pin_name    ; 0.000        ; 0.073      ; 0.669      ;
; 0.381 ; eastwest:inst|daomo10:inst2|mo10tongbu:inst|74161:inst|f74161:sub|87                      ; eastwest:inst|daomo10:inst2|mo10tongbu:inst|74161:inst|f74161:sub|87                      ; pin_name     ; pin_name    ; 0.000        ; 0.073      ; 0.669      ;
; 0.381 ; eastwest:inst|daomo10:inst3|mo10tongbu:inst|74161:inst|f74161:sub|87                      ; eastwest:inst|daomo10:inst3|mo10tongbu:inst|74161:inst|f74161:sub|87                      ; pin_name     ; pin_name    ; 0.000        ; 0.073      ; 0.669      ;
; 0.382 ; eastwest:inst|leidao60:inst5|mo60tongbu:inst|mo10tongbu:inst|74161:inst|f74161:sub|9      ; eastwest:inst|leidao60:inst5|mo60tongbu:inst|mo10tongbu:inst|74161:inst|f74161:sub|9      ; pin_name     ; pin_name    ; 0.000        ; 0.072      ; 0.669      ;
; 0.382 ; eastwest:inst|mo4control:inst4|74161:inst|f74161:sub|87                                   ; eastwest:inst|mo4control:inst4|74161:inst|f74161:sub|87                                   ; pin_name     ; pin_name    ; 0.000        ; 0.072      ; 0.669      ;
; 0.382 ; eastwest:inst|mo4control:inst4|74161:inst|f74161:sub|9                                    ; eastwest:inst|mo4control:inst4|74161:inst|f74161:sub|9                                    ; pin_name     ; pin_name    ; 0.000        ; 0.072      ; 0.669      ;
; 0.382 ; eastwest:inst|leidao60:inst5|mo60tongbu:inst|mo10tongbu:inst|74161:inst|f74161:sub|110    ; eastwest:inst|leidao60:inst5|mo60tongbu:inst|mo10tongbu:inst|74161:inst|f74161:sub|110    ; pin_name     ; pin_name    ; 0.000        ; 0.072      ; 0.669      ;
; 0.382 ; eastwest:inst|daomo60:inst|mo60tongbu:inst|mo6tongbu:inst14|74161:inst|f74161:sub|9       ; eastwest:inst|daomo60:inst|mo60tongbu:inst|mo6tongbu:inst14|74161:inst|f74161:sub|9       ; pin_name     ; pin_name    ; 0.000        ; 0.072      ; 0.669      ;
; 0.382 ; eastwest:inst|daomo60:inst|mo60tongbu:inst|mo10tongbu:inst|74161:inst|f74161:sub|110      ; eastwest:inst|daomo60:inst|mo60tongbu:inst|mo10tongbu:inst|74161:inst|f74161:sub|110      ; pin_name     ; pin_name    ; 0.000        ; 0.072      ; 0.669      ;
; 0.382 ; eastwest:inst|daomo60:inst|mo60tongbu:inst|mo10tongbu:inst|74161:inst|f74161:sub|9        ; eastwest:inst|daomo60:inst|mo60tongbu:inst|mo10tongbu:inst|74161:inst|f74161:sub|9        ; pin_name     ; pin_name    ; 0.000        ; 0.072      ; 0.669      ;
; 0.382 ; eastwest:inst|daomo60:inst|mo60tongbu:inst|mo6tongbu:inst14|74161:inst|f74161:sub|99      ; eastwest:inst|daomo60:inst|mo60tongbu:inst|mo6tongbu:inst14|74161:inst|f74161:sub|99      ; pin_name     ; pin_name    ; 0.000        ; 0.072      ; 0.669      ;
; 0.382 ; eastwest:inst|daomo10:inst2|mo10tongbu:inst|74161:inst|f74161:sub|110                     ; eastwest:inst|daomo10:inst2|mo10tongbu:inst|74161:inst|f74161:sub|110                     ; pin_name     ; pin_name    ; 0.000        ; 0.072      ; 0.669      ;
; 0.382 ; eastwest:inst|daomo10:inst3|mo10tongbu:inst|74161:inst|f74161:sub|9                       ; eastwest:inst|daomo10:inst3|mo10tongbu:inst|74161:inst|f74161:sub|9                       ; pin_name     ; pin_name    ; 0.000        ; 0.072      ; 0.669      ;
; 0.382 ; eastwest:inst|daomo10:inst2|mo10tongbu:inst|74161:inst|f74161:sub|9                       ; eastwest:inst|daomo10:inst2|mo10tongbu:inst|74161:inst|f74161:sub|9                       ; pin_name     ; pin_name    ; 0.000        ; 0.072      ; 0.669      ;
; 0.382 ; eastwest:inst|daomo10:inst3|mo10tongbu:inst|74161:inst|f74161:sub|110                     ; eastwest:inst|daomo10:inst3|mo10tongbu:inst|74161:inst|f74161:sub|110                     ; pin_name     ; pin_name    ; 0.000        ; 0.072      ; 0.669      ;
; 0.382 ; eastwest:inst|daomo60:inst|mo60tongbu:inst|mo10tongbu:inst|74161:inst|f74161:sub|99       ; eastwest:inst|daomo60:inst|mo60tongbu:inst|mo10tongbu:inst|74161:inst|f74161:sub|99       ; pin_name     ; pin_name    ; 0.000        ; 0.072      ; 0.669      ;
; 0.382 ; eastwest:inst|daomo60:inst|mo60tongbu:inst|mo6tongbu:inst14|74161:inst|f74161:sub|87      ; eastwest:inst|daomo60:inst|mo60tongbu:inst|mo6tongbu:inst14|74161:inst|f74161:sub|87      ; pin_name     ; pin_name    ; 0.000        ; 0.072      ; 0.669      ;
; 0.382 ; eastwest:inst|daomo60:inst|mo60tongbu:inst|mo10tongbu:inst|74161:inst|f74161:sub|87       ; eastwest:inst|daomo60:inst|mo60tongbu:inst|mo10tongbu:inst|74161:inst|f74161:sub|87       ; pin_name     ; pin_name    ; 0.000        ; 0.072      ; 0.669      ;
; 0.382 ; eastwest:inst|daomo10:inst2|mo10tongbu:inst|74161:inst|f74161:sub|99                      ; eastwest:inst|daomo10:inst2|mo10tongbu:inst|74161:inst|f74161:sub|99                      ; pin_name     ; pin_name    ; 0.000        ; 0.072      ; 0.669      ;
; 0.382 ; eastwest:inst|daomo10:inst3|mo10tongbu:inst|74161:inst|f74161:sub|99                      ; eastwest:inst|daomo10:inst3|mo10tongbu:inst|74161:inst|f74161:sub|99                      ; pin_name     ; pin_name    ; 0.000        ; 0.072      ; 0.669      ;
; 0.450 ; southnorth:inst1|daomo60:inst|mo60tongbu:inst|mo6tongbu:inst14|74161:inst|f74161:sub|9    ; southnorth:inst1|daomo60:inst|mo60tongbu:inst|mo6tongbu:inst14|74161:inst|f74161:sub|99   ; pin_name     ; pin_name    ; 0.000        ; 0.073      ; 0.738      ;
; 0.451 ; southnorth:inst1|daomo10:inst3|mo10tongbu:inst|74161:inst|f74161:sub|99                   ; southnorth:inst1|daomo10:inst3|mo10tongbu:inst|74161:inst|f74161:sub|110                  ; pin_name     ; pin_name    ; 0.000        ; 0.073      ; 0.739      ;
; 0.451 ; southnorth:inst1|daomo60:inst|mo60tongbu:inst|mo6tongbu:inst14|74161:inst|f74161:sub|9    ; southnorth:inst1|daomo60:inst|mo60tongbu:inst|mo6tongbu:inst14|74161:inst|f74161:sub|87   ; pin_name     ; pin_name    ; 0.000        ; 0.073      ; 0.739      ;
; 0.455 ; southnorth:inst1|leidao60:inst5|mo60tongbu:inst|mo6tongbu:inst14|74161:inst|f74161:sub|99 ; southnorth:inst1|leidao60:inst5|mo60tongbu:inst|mo6tongbu:inst14|74161:inst|f74161:sub|87 ; pin_name     ; pin_name    ; 0.000        ; 0.073      ; 0.743      ;
; 0.477 ; southnorth:inst1|leidao60:inst5|mo60tongbu:inst|mo6tongbu:inst14|74161:inst|f74161:sub|87 ; southnorth:inst1|leidao60:inst5|mo60tongbu:inst|mo6tongbu:inst14|74161:inst|f74161:sub|99 ; pin_name     ; pin_name    ; 0.000        ; 0.073      ; 0.765      ;
; 0.478 ; southnorth:inst1|daomo10:inst2|mo10tongbu:inst|74161:inst|f74161:sub|9                    ; southnorth:inst1|daomo10:inst2|mo10tongbu:inst|74161:inst|f74161:sub|110                  ; pin_name     ; pin_name    ; 0.000        ; 0.073      ; 0.766      ;
; 0.489 ; eastwest:inst|daomo10:inst3|mo10tongbu:inst|74161:inst|f74161:sub|110                     ; eastwest:inst|daomo10:inst3|mo10tongbu:inst|74161:inst|f74161:sub|9                       ; pin_name     ; pin_name    ; 0.000        ; 0.072      ; 0.776      ;
; 0.493 ; southnorth:inst1|daomo60:inst|mo60tongbu:inst|mo10tongbu:inst|74161:inst|f74161:sub|9     ; southnorth:inst1|daomo60:inst|mo60tongbu:inst|mo6tongbu:inst14|74161:inst|f74161:sub|9    ; pin_name     ; pin_name    ; 0.000        ; 0.073      ; 0.781      ;
; 0.493 ; southnorth:inst1|mo4control:inst4|74161:inst|f74161:sub|9                                 ; southnorth:inst1|daomo10:inst2|mo10tongbu:inst|74161:inst|f74161:sub|9                    ; pin_name     ; pin_name    ; 0.000        ; 0.073      ; 0.781      ;
; 0.493 ; southnorth:inst1|mo4control:inst4|74161:inst|f74161:sub|9                                 ; southnorth:inst1|leidao60:inst5|mo60tongbu:inst|mo10tongbu:inst|74161:inst|f74161:sub|9   ; pin_name     ; pin_name    ; 0.000        ; 0.073      ; 0.781      ;
; 0.494 ; southnorth:inst1|mo4control:inst4|74161:inst|f74161:sub|9                                 ; southnorth:inst1|daomo10:inst3|mo10tongbu:inst|74161:inst|f74161:sub|9                    ; pin_name     ; pin_name    ; 0.000        ; 0.073      ; 0.782      ;
; 0.620 ; eastwest:inst|daomo60:inst|mo60tongbu:inst|mo6tongbu:inst14|74161:inst|f74161:sub|9       ; eastwest:inst|daomo60:inst|mo60tongbu:inst|mo6tongbu:inst14|74161:inst|f74161:sub|87      ; pin_name     ; pin_name    ; 0.000        ; 0.072      ; 0.907      ;
; 0.629 ; eastwest:inst|leidao60:inst5|mo60tongbu:inst|mo10tongbu:inst|74161:inst|f74161:sub|99     ; eastwest:inst|leidao60:inst5|mo60tongbu:inst|mo10tongbu:inst|74161:inst|f74161:sub|110    ; pin_name     ; pin_name    ; 0.000        ; 0.073      ; 0.917      ;
; 0.634 ; southnorth:inst1|leidao60:inst5|mo60tongbu:inst|mo10tongbu:inst|74161:inst|f74161:sub|110 ; southnorth:inst1|leidao60:inst5|mo60tongbu:inst|mo6tongbu:inst14|74161:inst|f74161:sub|9  ; pin_name     ; pin_name    ; 0.000        ; 0.072      ; 0.921      ;
; 0.649 ; eastwest:inst|leidao60:inst5|mo60tongbu:inst|mo10tongbu:inst|74161:inst|f74161:sub|110    ; eastwest:inst|leidao60:inst5|mo60tongbu:inst|mo10tongbu:inst|74161:inst|f74161:sub|9      ; pin_name     ; pin_name    ; 0.000        ; 0.072      ; 0.936      ;
; 0.651 ; southnorth:inst1|daomo60:inst|mo60tongbu:inst|mo10tongbu:inst|74161:inst|f74161:sub|110   ; southnorth:inst1|daomo60:inst|mo60tongbu:inst|mo10tongbu:inst|74161:inst|f74161:sub|9     ; pin_name     ; pin_name    ; 0.000        ; 0.073      ; 0.939      ;
; 0.684 ; southnorth:inst1|daomo60:inst|mo60tongbu:inst|mo6tongbu:inst14|74161:inst|f74161:sub|87   ; southnorth:inst1|daomo60:inst|mo60tongbu:inst|mo6tongbu:inst14|74161:inst|f74161:sub|99   ; pin_name     ; pin_name    ; 0.000        ; 0.073      ; 0.972      ;
; 0.688 ; southnorth:inst1|daomo60:inst|mo60tongbu:inst|mo10tongbu:inst|74161:inst|f74161:sub|99    ; southnorth:inst1|daomo60:inst|mo60tongbu:inst|mo10tongbu:inst|74161:inst|f74161:sub|110   ; pin_name     ; pin_name    ; 0.000        ; 0.073      ; 0.976      ;
; 0.688 ; southnorth:inst1|daomo10:inst2|mo10tongbu:inst|74161:inst|f74161:sub|99                   ; southnorth:inst1|daomo10:inst2|mo10tongbu:inst|74161:inst|f74161:sub|110                  ; pin_name     ; pin_name    ; 0.000        ; 0.073      ; 0.976      ;
; 0.688 ; eastwest:inst|daomo60:inst|mo60tongbu:inst|mo6tongbu:inst14|74161:inst|f74161:sub|87      ; eastwest:inst|daomo60:inst|mo60tongbu:inst|mo6tongbu:inst14|74161:inst|f74161:sub|99      ; pin_name     ; pin_name    ; 0.000        ; 0.072      ; 0.975      ;
; 0.688 ; eastwest:inst|daomo10:inst2|mo10tongbu:inst|74161:inst|f74161:sub|110                     ; eastwest:inst|daomo10:inst2|mo10tongbu:inst|74161:inst|f74161:sub|9                       ; pin_name     ; pin_name    ; 0.000        ; 0.072      ; 0.975      ;
; 0.690 ; eastwest:inst|daomo60:inst|mo60tongbu:inst|mo10tongbu:inst|74161:inst|f74161:sub|99       ; eastwest:inst|daomo60:inst|mo60tongbu:inst|mo10tongbu:inst|74161:inst|f74161:sub|110      ; pin_name     ; pin_name    ; 0.000        ; 0.072      ; 0.977      ;
; 0.690 ; eastwest:inst|daomo10:inst2|mo10tongbu:inst|74161:inst|f74161:sub|99                      ; eastwest:inst|daomo10:inst2|mo10tongbu:inst|74161:inst|f74161:sub|110                     ; pin_name     ; pin_name    ; 0.000        ; 0.072      ; 0.977      ;
; 0.692 ; eastwest:inst|daomo10:inst3|mo10tongbu:inst|74161:inst|f74161:sub|99                      ; eastwest:inst|daomo10:inst3|mo10tongbu:inst|74161:inst|f74161:sub|110                     ; pin_name     ; pin_name    ; 0.000        ; 0.072      ; 0.979      ;
; 0.695 ; southnorth:inst1|leidao60:inst5|mo60tongbu:inst|mo6tongbu:inst14|74161:inst|f74161:sub|9  ; southnorth:inst1|leidao60:inst5|mo60tongbu:inst|mo6tongbu:inst14|74161:inst|f74161:sub|99 ; pin_name     ; pin_name    ; 0.000        ; 0.073      ; 0.983      ;
; 0.708 ; eastwest:inst|daomo60:inst|mo60tongbu:inst|mo6tongbu:inst14|74161:inst|f74161:sub|9       ; eastwest:inst|daomo60:inst|mo60tongbu:inst|mo6tongbu:inst14|74161:inst|f74161:sub|99      ; pin_name     ; pin_name    ; 0.000        ; 0.072      ; 0.995      ;
; 0.728 ; southnorth:inst1|daomo60:inst|mo60tongbu:inst|mo10tongbu:inst|74161:inst|f74161:sub|110   ; southnorth:inst1|daomo60:inst|mo60tongbu:inst|mo6tongbu:inst14|74161:inst|f74161:sub|9    ; pin_name     ; pin_name    ; 0.000        ; 0.073      ; 1.016      ;
; 0.737 ; eastwest:inst|daomo60:inst|mo60tongbu:inst|mo10tongbu:inst|74161:inst|f74161:sub|9        ; eastwest:inst|daomo60:inst|mo60tongbu:inst|mo6tongbu:inst14|74161:inst|f74161:sub|9       ; pin_name     ; pin_name    ; 0.000        ; 0.072      ; 1.024      ;
; 0.740 ; southnorth:inst1|leidao60:inst5|mo60tongbu:inst|mo6tongbu:inst14|74161:inst|f74161:sub|9  ; southnorth:inst1|leidao60:inst5|mo60tongbu:inst|mo6tongbu:inst14|74161:inst|f74161:sub|87 ; pin_name     ; pin_name    ; 0.000        ; 0.073      ; 1.028      ;
; 0.742 ; southnorth:inst1|daomo10:inst3|mo10tongbu:inst|74161:inst|f74161:sub|110                  ; southnorth:inst1|daomo10:inst3|mo10tongbu:inst|74161:inst|f74161:sub|99                   ; pin_name     ; pin_name    ; 0.000        ; 0.073      ; 1.030      ;
; 0.751 ; southnorth:inst1|daomo10:inst3|mo10tongbu:inst|74161:inst|f74161:sub|110                  ; southnorth:inst1|daomo10:inst3|mo10tongbu:inst|74161:inst|f74161:sub|9                    ; pin_name     ; pin_name    ; 0.000        ; 0.073      ; 1.039      ;
; 0.751 ; southnorth:inst1|daomo10:inst2|mo10tongbu:inst|74161:inst|f74161:sub|9                    ; southnorth:inst1|daomo10:inst2|mo10tongbu:inst|74161:inst|f74161:sub|99                   ; pin_name     ; pin_name    ; 0.000        ; 0.073      ; 1.039      ;
; 0.752 ; southnorth:inst1|leidao60:inst5|mo60tongbu:inst|mo10tongbu:inst|74161:inst|f74161:sub|9   ; southnorth:inst1|leidao60:inst5|mo60tongbu:inst|mo10tongbu:inst|74161:inst|f74161:sub|110 ; pin_name     ; pin_name    ; 0.000        ; 0.073      ; 1.040      ;
; 0.757 ; southnorth:inst1|daomo10:inst3|mo10tongbu:inst|74161:inst|f74161:sub|9                    ; southnorth:inst1|daomo10:inst3|mo10tongbu:inst|74161:inst|f74161:sub|110                  ; pin_name     ; pin_name    ; 0.000        ; 0.073      ; 1.045      ;
; 0.758 ; southnorth:inst1|daomo60:inst|mo60tongbu:inst|mo10tongbu:inst|74161:inst|f74161:sub|110   ; southnorth:inst1|daomo60:inst|mo60tongbu:inst|mo10tongbu:inst|74161:inst|f74161:sub|99    ; pin_name     ; pin_name    ; 0.000        ; 0.073      ; 1.046      ;
; 0.758 ; eastwest:inst|daomo10:inst3|mo10tongbu:inst|74161:inst|f74161:sub|110                     ; eastwest:inst|daomo10:inst3|mo10tongbu:inst|74161:inst|f74161:sub|99                      ; pin_name     ; pin_name    ; 0.000        ; 0.072      ; 1.045      ;
; 0.759 ; southnorth:inst1|daomo60:inst|mo60tongbu:inst|mo10tongbu:inst|74161:inst|f74161:sub|9     ; southnorth:inst1|daomo60:inst|mo60tongbu:inst|mo10tongbu:inst|74161:inst|f74161:sub|110   ; pin_name     ; pin_name    ; 0.000        ; 0.073      ; 1.047      ;
; 0.759 ; eastwest:inst|mo4control:inst4|74161:inst|f74161:sub|87                                   ; eastwest:inst|daomo10:inst3|mo10tongbu:inst|74161:inst|f74161:sub|9                       ; pin_name     ; pin_name    ; 0.000        ; 0.072      ; 1.046      ;
; 0.760 ; southnorth:inst1|daomo60:inst|mo60tongbu:inst|mo10tongbu:inst|74161:inst|f74161:sub|110   ; southnorth:inst1|daomo60:inst|mo60tongbu:inst|mo10tongbu:inst|74161:inst|f74161:sub|87    ; pin_name     ; pin_name    ; 0.000        ; 0.073      ; 1.048      ;
; 0.761 ; eastwest:inst|daomo10:inst2|mo10tongbu:inst|74161:inst|f74161:sub|9                       ; eastwest:inst|daomo10:inst2|mo10tongbu:inst|74161:inst|f74161:sub|110                     ; pin_name     ; pin_name    ; 0.000        ; 0.072      ; 1.048      ;
; 0.761 ; eastwest:inst|daomo60:inst|mo60tongbu:inst|mo10tongbu:inst|74161:inst|f74161:sub|9        ; eastwest:inst|daomo60:inst|mo60tongbu:inst|mo10tongbu:inst|74161:inst|f74161:sub|87       ; pin_name     ; pin_name    ; 0.000        ; 0.072      ; 1.048      ;
; 0.764 ; eastwest:inst|daomo60:inst|mo60tongbu:inst|mo10tongbu:inst|74161:inst|f74161:sub|9        ; eastwest:inst|daomo60:inst|mo60tongbu:inst|mo10tongbu:inst|74161:inst|f74161:sub|110      ; pin_name     ; pin_name    ; 0.000        ; 0.072      ; 1.051      ;
; 0.765 ; southnorth:inst1|daomo10:inst3|mo10tongbu:inst|74161:inst|f74161:sub|9                    ; southnorth:inst1|daomo10:inst3|mo10tongbu:inst|74161:inst|f74161:sub|99                   ; pin_name     ; pin_name    ; 0.000        ; 0.073      ; 1.053      ;
; 0.767 ; southnorth:inst1|mo4control:inst4|74161:inst|f74161:sub|87                                ; southnorth:inst1|daomo10:inst2|mo10tongbu:inst|74161:inst|f74161:sub|9                    ; pin_name     ; pin_name    ; 0.000        ; 0.073      ; 1.055      ;
; 0.767 ; eastwest:inst|mo4control:inst4|74161:inst|f74161:sub|9                                    ; eastwest:inst|mo4control:inst4|74161:inst|f74161:sub|87                                   ; pin_name     ; pin_name    ; 0.000        ; 0.072      ; 1.054      ;
; 0.767 ; eastwest:inst|mo4control:inst4|74161:inst|f74161:sub|9                                    ; eastwest:inst|daomo10:inst3|mo10tongbu:inst|74161:inst|f74161:sub|9                       ; pin_name     ; pin_name    ; 0.000        ; 0.072      ; 1.054      ;
; 0.769 ; eastwest:inst|daomo60:inst|mo60tongbu:inst|mo10tongbu:inst|74161:inst|f74161:sub|9        ; eastwest:inst|daomo60:inst|mo60tongbu:inst|mo10tongbu:inst|74161:inst|f74161:sub|99       ; pin_name     ; pin_name    ; 0.000        ; 0.072      ; 1.056      ;
; 0.781 ; eastwest:inst|mo4control:inst4|74161:inst|f74161:sub|87                                   ; eastwest:inst|leidao60:inst5|mo60tongbu:inst|mo10tongbu:inst|74161:inst|f74161:sub|9      ; pin_name     ; pin_name    ; 0.000        ; 0.072      ; 1.068      ;
; 0.786 ; eastwest:inst|mo4control:inst4|74161:inst|f74161:sub|9                                    ; eastwest:inst|daomo10:inst2|mo10tongbu:inst|74161:inst|f74161:sub|9                       ; pin_name     ; pin_name    ; 0.000        ; 0.072      ; 1.073      ;
; 0.788 ; southnorth:inst1|daomo10:inst3|mo10tongbu:inst|74161:inst|f74161:sub|110                  ; southnorth:inst1|daomo10:inst3|mo10tongbu:inst|74161:inst|f74161:sub|87                   ; pin_name     ; pin_name    ; 0.000        ; 0.072      ; 1.075      ;
; 0.790 ; eastwest:inst|mo4control:inst4|74161:inst|f74161:sub|87                                   ; eastwest:inst|daomo10:inst2|mo10tongbu:inst|74161:inst|f74161:sub|9                       ; pin_name     ; pin_name    ; 0.000        ; 0.072      ; 1.077      ;
; 0.792 ; southnorth:inst1|mo4control:inst4|74161:inst|f74161:sub|87                                ; southnorth:inst1|daomo10:inst3|mo10tongbu:inst|74161:inst|f74161:sub|9                    ; pin_name     ; pin_name    ; 0.000        ; 0.073      ; 1.080      ;
; 0.800 ; eastwest:inst|mo4control:inst4|74161:inst|f74161:sub|9                                    ; eastwest:inst|leidao60:inst5|mo60tongbu:inst|mo10tongbu:inst|74161:inst|f74161:sub|9      ; pin_name     ; pin_name    ; 0.000        ; 0.072      ; 1.087      ;
; 0.834 ; southnorth:inst1|daomo60:inst|mo60tongbu:inst|mo10tongbu:inst|74161:inst|f74161:sub|87    ; southnorth:inst1|daomo60:inst|mo60tongbu:inst|mo10tongbu:inst|74161:inst|f74161:sub|110   ; pin_name     ; pin_name    ; 0.000        ; 0.073      ; 1.122      ;
; 0.834 ; southnorth:inst1|daomo60:inst|mo60tongbu:inst|mo10tongbu:inst|74161:inst|f74161:sub|87    ; southnorth:inst1|daomo60:inst|mo60tongbu:inst|mo10tongbu:inst|74161:inst|f74161:sub|99    ; pin_name     ; pin_name    ; 0.000        ; 0.073      ; 1.122      ;
; 0.834 ; southnorth:inst1|mo4control:inst4|74161:inst|f74161:sub|87                                ; southnorth:inst1|leidao60:inst5|mo60tongbu:inst|mo10tongbu:inst|74161:inst|f74161:sub|9   ; pin_name     ; pin_name    ; 0.000        ; 0.073      ; 1.122      ;
+-------+-------------------------------------------------------------------------------------------+-------------------------------------------------------------------------------------------+--------------+-------------+--------------+------------+------------+


+-------------------------------------------------------------------------------------------------------------------------------------------------------------------------------+
; Slow 1200mV 0C Model Minimum Pulse Width: 'pin_name'                                                                                                                          ;
+--------+--------------+----------------+------------------+----------+------------+-------------------------------------------------------------------------------------------+
; Slack  ; Actual Width ; Required Width ; Type             ; Clock    ; Clock Edge ; Target                                                                                    ;
+--------+--------------+----------------+------------------+----------+------------+-------------------------------------------------------------------------------------------+
; -3.000 ; 1.000        ; 4.000          ; Port Rate        ; pin_name ; Rise       ; pin_name                                                                                  ;
; -1.487 ; 1.000        ; 2.487          ; Min Period       ; pin_name ; Rise       ; eastwest:inst|daomo10:inst2|mo10tongbu:inst|74161:inst|f74161:sub|110                     ;
; -1.487 ; 1.000        ; 2.487          ; Min Period       ; pin_name ; Rise       ; eastwest:inst|daomo10:inst2|mo10tongbu:inst|74161:inst|f74161:sub|87                      ;
; -1.487 ; 1.000        ; 2.487          ; Min Period       ; pin_name ; Rise       ; eastwest:inst|daomo10:inst2|mo10tongbu:inst|74161:inst|f74161:sub|9                       ;
; -1.487 ; 1.000        ; 2.487          ; Min Period       ; pin_name ; Rise       ; eastwest:inst|daomo10:inst2|mo10tongbu:inst|74161:inst|f74161:sub|99                      ;
; -1.487 ; 1.000        ; 2.487          ; Min Period       ; pin_name ; Rise       ; eastwest:inst|daomo10:inst3|mo10tongbu:inst|74161:inst|f74161:sub|110                     ;
; -1.487 ; 1.000        ; 2.487          ; Min Period       ; pin_name ; Rise       ; eastwest:inst|daomo10:inst3|mo10tongbu:inst|74161:inst|f74161:sub|87                      ;
; -1.487 ; 1.000        ; 2.487          ; Min Period       ; pin_name ; Rise       ; eastwest:inst|daomo10:inst3|mo10tongbu:inst|74161:inst|f74161:sub|9                       ;
; -1.487 ; 1.000        ; 2.487          ; Min Period       ; pin_name ; Rise       ; eastwest:inst|daomo10:inst3|mo10tongbu:inst|74161:inst|f74161:sub|99                      ;
; -1.487 ; 1.000        ; 2.487          ; Min Period       ; pin_name ; Rise       ; eastwest:inst|daomo60:inst|mo60tongbu:inst|mo10tongbu:inst|74161:inst|f74161:sub|110      ;
; -1.487 ; 1.000        ; 2.487          ; Min Period       ; pin_name ; Rise       ; eastwest:inst|daomo60:inst|mo60tongbu:inst|mo10tongbu:inst|74161:inst|f74161:sub|87       ;
; -1.487 ; 1.000        ; 2.487          ; Min Period       ; pin_name ; Rise       ; eastwest:inst|daomo60:inst|mo60tongbu:inst|mo10tongbu:inst|74161:inst|f74161:sub|9        ;
; -1.487 ; 1.000        ; 2.487          ; Min Period       ; pin_name ; Rise       ; eastwest:inst|daomo60:inst|mo60tongbu:inst|mo10tongbu:inst|74161:inst|f74161:sub|99       ;
; -1.487 ; 1.000        ; 2.487          ; Min Period       ; pin_name ; Rise       ; eastwest:inst|daomo60:inst|mo60tongbu:inst|mo6tongbu:inst14|74161:inst|f74161:sub|87      ;
; -1.487 ; 1.000        ; 2.487          ; Min Period       ; pin_name ; Rise       ; eastwest:inst|daomo60:inst|mo60tongbu:inst|mo6tongbu:inst14|74161:inst|f74161:sub|9       ;
; -1.487 ; 1.000        ; 2.487          ; Min Period       ; pin_name ; Rise       ; eastwest:inst|daomo60:inst|mo60tongbu:inst|mo6tongbu:inst14|74161:inst|f74161:sub|99      ;
; -1.487 ; 1.000        ; 2.487          ; Min Period       ; pin_name ; Rise       ; eastwest:inst|leidao60:inst5|mo60tongbu:inst|mo10tongbu:inst|74161:inst|f74161:sub|110    ;
; -1.487 ; 1.000        ; 2.487          ; Min Period       ; pin_name ; Rise       ; eastwest:inst|leidao60:inst5|mo60tongbu:inst|mo10tongbu:inst|74161:inst|f74161:sub|87     ;
; -1.487 ; 1.000        ; 2.487          ; Min Period       ; pin_name ; Rise       ; eastwest:inst|leidao60:inst5|mo60tongbu:inst|mo10tongbu:inst|74161:inst|f74161:sub|9      ;
; -1.487 ; 1.000        ; 2.487          ; Min Period       ; pin_name ; Rise       ; eastwest:inst|leidao60:inst5|mo60tongbu:inst|mo10tongbu:inst|74161:inst|f74161:sub|99     ;
; -1.487 ; 1.000        ; 2.487          ; Min Period       ; pin_name ; Rise       ; eastwest:inst|leidao60:inst5|mo60tongbu:inst|mo6tongbu:inst14|74161:inst|f74161:sub|87    ;
; -1.487 ; 1.000        ; 2.487          ; Min Period       ; pin_name ; Rise       ; eastwest:inst|leidao60:inst5|mo60tongbu:inst|mo6tongbu:inst14|74161:inst|f74161:sub|9     ;
; -1.487 ; 1.000        ; 2.487          ; Min Period       ; pin_name ; Rise       ; eastwest:inst|leidao60:inst5|mo60tongbu:inst|mo6tongbu:inst14|74161:inst|f74161:sub|99    ;
; -1.487 ; 1.000        ; 2.487          ; Min Period       ; pin_name ; Rise       ; eastwest:inst|mo4control:inst4|74161:inst|f74161:sub|87                                   ;
; -1.487 ; 1.000        ; 2.487          ; Min Period       ; pin_name ; Rise       ; eastwest:inst|mo4control:inst4|74161:inst|f74161:sub|9                                    ;
; -1.487 ; 1.000        ; 2.487          ; Min Period       ; pin_name ; Rise       ; southnorth:inst1|daomo10:inst2|mo10tongbu:inst|74161:inst|f74161:sub|110                  ;
; -1.487 ; 1.000        ; 2.487          ; Min Period       ; pin_name ; Rise       ; southnorth:inst1|daomo10:inst2|mo10tongbu:inst|74161:inst|f74161:sub|87                   ;
; -1.487 ; 1.000        ; 2.487          ; Min Period       ; pin_name ; Rise       ; southnorth:inst1|daomo10:inst2|mo10tongbu:inst|74161:inst|f74161:sub|9                    ;
; -1.487 ; 1.000        ; 2.487          ; Min Period       ; pin_name ; Rise       ; southnorth:inst1|daomo10:inst2|mo10tongbu:inst|74161:inst|f74161:sub|99                   ;
; -1.487 ; 1.000        ; 2.487          ; Min Period       ; pin_name ; Rise       ; southnorth:inst1|daomo10:inst3|mo10tongbu:inst|74161:inst|f74161:sub|110                  ;
; -1.487 ; 1.000        ; 2.487          ; Min Period       ; pin_name ; Rise       ; southnorth:inst1|daomo10:inst3|mo10tongbu:inst|74161:inst|f74161:sub|87                   ;
; -1.487 ; 1.000        ; 2.487          ; Min Period       ; pin_name ; Rise       ; southnorth:inst1|daomo10:inst3|mo10tongbu:inst|74161:inst|f74161:sub|9                    ;
; -1.487 ; 1.000        ; 2.487          ; Min Period       ; pin_name ; Rise       ; southnorth:inst1|daomo10:inst3|mo10tongbu:inst|74161:inst|f74161:sub|99                   ;
; -1.487 ; 1.000        ; 2.487          ; Min Period       ; pin_name ; Rise       ; southnorth:inst1|daomo60:inst|mo60tongbu:inst|mo10tongbu:inst|74161:inst|f74161:sub|110   ;
; -1.487 ; 1.000        ; 2.487          ; Min Period       ; pin_name ; Rise       ; southnorth:inst1|daomo60:inst|mo60tongbu:inst|mo10tongbu:inst|74161:inst|f74161:sub|87    ;
; -1.487 ; 1.000        ; 2.487          ; Min Period       ; pin_name ; Rise       ; southnorth:inst1|daomo60:inst|mo60tongbu:inst|mo10tongbu:inst|74161:inst|f74161:sub|9     ;
; -1.487 ; 1.000        ; 2.487          ; Min Period       ; pin_name ; Rise       ; southnorth:inst1|daomo60:inst|mo60tongbu:inst|mo10tongbu:inst|74161:inst|f74161:sub|99    ;
; -1.487 ; 1.000        ; 2.487          ; Min Period       ; pin_name ; Rise       ; southnorth:inst1|daomo60:inst|mo60tongbu:inst|mo6tongbu:inst14|74161:inst|f74161:sub|87   ;
; -1.487 ; 1.000        ; 2.487          ; Min Period       ; pin_name ; Rise       ; southnorth:inst1|daomo60:inst|mo60tongbu:inst|mo6tongbu:inst14|74161:inst|f74161:sub|9    ;
; -1.487 ; 1.000        ; 2.487          ; Min Period       ; pin_name ; Rise       ; southnorth:inst1|daomo60:inst|mo60tongbu:inst|mo6tongbu:inst14|74161:inst|f74161:sub|99   ;
; -1.487 ; 1.000        ; 2.487          ; Min Period       ; pin_name ; Rise       ; southnorth:inst1|leidao60:inst5|mo60tongbu:inst|mo10tongbu:inst|74161:inst|f74161:sub|110 ;
; -1.487 ; 1.000        ; 2.487          ; Min Period       ; pin_name ; Rise       ; southnorth:inst1|leidao60:inst5|mo60tongbu:inst|mo10tongbu:inst|74161:inst|f74161:sub|87  ;
; -1.487 ; 1.000        ; 2.487          ; Min Period       ; pin_name ; Rise       ; southnorth:inst1|leidao60:inst5|mo60tongbu:inst|mo10tongbu:inst|74161:inst|f74161:sub|9   ;
; -1.487 ; 1.000        ; 2.487          ; Min Period       ; pin_name ; Rise       ; southnorth:inst1|leidao60:inst5|mo60tongbu:inst|mo10tongbu:inst|74161:inst|f74161:sub|99  ;
; -1.487 ; 1.000        ; 2.487          ; Min Period       ; pin_name ; Rise       ; southnorth:inst1|leidao60:inst5|mo60tongbu:inst|mo6tongbu:inst14|74161:inst|f74161:sub|87 ;
; -1.487 ; 1.000        ; 2.487          ; Min Period       ; pin_name ; Rise       ; southnorth:inst1|leidao60:inst5|mo60tongbu:inst|mo6tongbu:inst14|74161:inst|f74161:sub|9  ;
; -1.487 ; 1.000        ; 2.487          ; Min Period       ; pin_name ; Rise       ; southnorth:inst1|leidao60:inst5|mo60tongbu:inst|mo6tongbu:inst14|74161:inst|f74161:sub|99 ;
; -1.487 ; 1.000        ; 2.487          ; Min Period       ; pin_name ; Rise       ; southnorth:inst1|mo4control:inst4|74161:inst|f74161:sub|87                                ;
; -1.487 ; 1.000        ; 2.487          ; Min Period       ; pin_name ; Rise       ; southnorth:inst1|mo4control:inst4|74161:inst|f74161:sub|9                                 ;
; 0.296  ; 0.480        ; 0.184          ; Low Pulse Width  ; pin_name ; Rise       ; eastwest:inst|daomo10:inst2|mo10tongbu:inst|74161:inst|f74161:sub|87                      ;
; 0.296  ; 0.480        ; 0.184          ; Low Pulse Width  ; pin_name ; Rise       ; eastwest:inst|daomo10:inst3|mo10tongbu:inst|74161:inst|f74161:sub|87                      ;
; 0.296  ; 0.480        ; 0.184          ; Low Pulse Width  ; pin_name ; Rise       ; eastwest:inst|leidao60:inst5|mo60tongbu:inst|mo6tongbu:inst14|74161:inst|f74161:sub|87    ;
; 0.296  ; 0.480        ; 0.184          ; Low Pulse Width  ; pin_name ; Rise       ; eastwest:inst|leidao60:inst5|mo60tongbu:inst|mo6tongbu:inst14|74161:inst|f74161:sub|99    ;
; 0.297  ; 0.481        ; 0.184          ; Low Pulse Width  ; pin_name ; Rise       ; eastwest:inst|daomo60:inst|mo60tongbu:inst|mo10tongbu:inst|74161:inst|f74161:sub|110      ;
; 0.297  ; 0.481        ; 0.184          ; Low Pulse Width  ; pin_name ; Rise       ; eastwest:inst|daomo60:inst|mo60tongbu:inst|mo10tongbu:inst|74161:inst|f74161:sub|87       ;
; 0.297  ; 0.481        ; 0.184          ; Low Pulse Width  ; pin_name ; Rise       ; eastwest:inst|daomo60:inst|mo60tongbu:inst|mo10tongbu:inst|74161:inst|f74161:sub|9        ;
; 0.297  ; 0.481        ; 0.184          ; Low Pulse Width  ; pin_name ; Rise       ; eastwest:inst|daomo60:inst|mo60tongbu:inst|mo10tongbu:inst|74161:inst|f74161:sub|99       ;
; 0.297  ; 0.481        ; 0.184          ; Low Pulse Width  ; pin_name ; Rise       ; eastwest:inst|daomo60:inst|mo60tongbu:inst|mo6tongbu:inst14|74161:inst|f74161:sub|87      ;
; 0.297  ; 0.481        ; 0.184          ; Low Pulse Width  ; pin_name ; Rise       ; eastwest:inst|daomo60:inst|mo60tongbu:inst|mo6tongbu:inst14|74161:inst|f74161:sub|9       ;
; 0.297  ; 0.481        ; 0.184          ; Low Pulse Width  ; pin_name ; Rise       ; eastwest:inst|daomo60:inst|mo60tongbu:inst|mo6tongbu:inst14|74161:inst|f74161:sub|99      ;
; 0.298  ; 0.482        ; 0.184          ; Low Pulse Width  ; pin_name ; Rise       ; eastwest:inst|leidao60:inst5|mo60tongbu:inst|mo10tongbu:inst|74161:inst|f74161:sub|87     ;
; 0.298  ; 0.482        ; 0.184          ; Low Pulse Width  ; pin_name ; Rise       ; eastwest:inst|leidao60:inst5|mo60tongbu:inst|mo10tongbu:inst|74161:inst|f74161:sub|99     ;
; 0.298  ; 0.482        ; 0.184          ; Low Pulse Width  ; pin_name ; Rise       ; eastwest:inst|leidao60:inst5|mo60tongbu:inst|mo6tongbu:inst14|74161:inst|f74161:sub|9     ;
; 0.298  ; 0.514        ; 0.216          ; High Pulse Width ; pin_name ; Rise       ; southnorth:inst1|daomo10:inst2|mo10tongbu:inst|74161:inst|f74161:sub|110                  ;
; 0.298  ; 0.514        ; 0.216          ; High Pulse Width ; pin_name ; Rise       ; southnorth:inst1|daomo10:inst2|mo10tongbu:inst|74161:inst|f74161:sub|9                    ;
; 0.298  ; 0.514        ; 0.216          ; High Pulse Width ; pin_name ; Rise       ; southnorth:inst1|daomo10:inst2|mo10tongbu:inst|74161:inst|f74161:sub|99                   ;
; 0.298  ; 0.514        ; 0.216          ; High Pulse Width ; pin_name ; Rise       ; southnorth:inst1|daomo10:inst3|mo10tongbu:inst|74161:inst|f74161:sub|110                  ;
; 0.298  ; 0.514        ; 0.216          ; High Pulse Width ; pin_name ; Rise       ; southnorth:inst1|daomo10:inst3|mo10tongbu:inst|74161:inst|f74161:sub|9                    ;
; 0.298  ; 0.514        ; 0.216          ; High Pulse Width ; pin_name ; Rise       ; southnorth:inst1|daomo10:inst3|mo10tongbu:inst|74161:inst|f74161:sub|99                   ;
; 0.298  ; 0.514        ; 0.216          ; High Pulse Width ; pin_name ; Rise       ; southnorth:inst1|daomo60:inst|mo60tongbu:inst|mo10tongbu:inst|74161:inst|f74161:sub|110   ;
; 0.298  ; 0.514        ; 0.216          ; High Pulse Width ; pin_name ; Rise       ; southnorth:inst1|daomo60:inst|mo60tongbu:inst|mo10tongbu:inst|74161:inst|f74161:sub|87    ;
; 0.298  ; 0.514        ; 0.216          ; High Pulse Width ; pin_name ; Rise       ; southnorth:inst1|daomo60:inst|mo60tongbu:inst|mo10tongbu:inst|74161:inst|f74161:sub|9     ;
; 0.298  ; 0.514        ; 0.216          ; High Pulse Width ; pin_name ; Rise       ; southnorth:inst1|daomo60:inst|mo60tongbu:inst|mo10tongbu:inst|74161:inst|f74161:sub|99    ;
; 0.298  ; 0.514        ; 0.216          ; High Pulse Width ; pin_name ; Rise       ; southnorth:inst1|daomo60:inst|mo60tongbu:inst|mo6tongbu:inst14|74161:inst|f74161:sub|87   ;
; 0.298  ; 0.514        ; 0.216          ; High Pulse Width ; pin_name ; Rise       ; southnorth:inst1|daomo60:inst|mo60tongbu:inst|mo6tongbu:inst14|74161:inst|f74161:sub|9    ;
; 0.298  ; 0.514        ; 0.216          ; High Pulse Width ; pin_name ; Rise       ; southnorth:inst1|daomo60:inst|mo60tongbu:inst|mo6tongbu:inst14|74161:inst|f74161:sub|99   ;
; 0.298  ; 0.514        ; 0.216          ; High Pulse Width ; pin_name ; Rise       ; southnorth:inst1|leidao60:inst5|mo60tongbu:inst|mo10tongbu:inst|74161:inst|f74161:sub|110 ;
; 0.298  ; 0.514        ; 0.216          ; High Pulse Width ; pin_name ; Rise       ; southnorth:inst1|leidao60:inst5|mo60tongbu:inst|mo10tongbu:inst|74161:inst|f74161:sub|9   ;
; 0.298  ; 0.514        ; 0.216          ; High Pulse Width ; pin_name ; Rise       ; southnorth:inst1|mo4control:inst4|74161:inst|f74161:sub|87                                ;
; 0.298  ; 0.514        ; 0.216          ; High Pulse Width ; pin_name ; Rise       ; southnorth:inst1|mo4control:inst4|74161:inst|f74161:sub|9                                 ;
; 0.299  ; 0.483        ; 0.184          ; Low Pulse Width  ; pin_name ; Rise       ; eastwest:inst|daomo10:inst2|mo10tongbu:inst|74161:inst|f74161:sub|110                     ;
; 0.299  ; 0.483        ; 0.184          ; Low Pulse Width  ; pin_name ; Rise       ; eastwest:inst|daomo10:inst2|mo10tongbu:inst|74161:inst|f74161:sub|9                       ;
; 0.299  ; 0.483        ; 0.184          ; Low Pulse Width  ; pin_name ; Rise       ; eastwest:inst|daomo10:inst2|mo10tongbu:inst|74161:inst|f74161:sub|99                      ;
; 0.299  ; 0.483        ; 0.184          ; Low Pulse Width  ; pin_name ; Rise       ; eastwest:inst|daomo10:inst3|mo10tongbu:inst|74161:inst|f74161:sub|110                     ;
; 0.299  ; 0.483        ; 0.184          ; Low Pulse Width  ; pin_name ; Rise       ; eastwest:inst|daomo10:inst3|mo10tongbu:inst|74161:inst|f74161:sub|9                       ;
; 0.299  ; 0.483        ; 0.184          ; Low Pulse Width  ; pin_name ; Rise       ; eastwest:inst|daomo10:inst3|mo10tongbu:inst|74161:inst|f74161:sub|99                      ;
; 0.299  ; 0.483        ; 0.184          ; Low Pulse Width  ; pin_name ; Rise       ; eastwest:inst|leidao60:inst5|mo60tongbu:inst|mo10tongbu:inst|74161:inst|f74161:sub|110    ;
; 0.299  ; 0.483        ; 0.184          ; Low Pulse Width  ; pin_name ; Rise       ; eastwest:inst|leidao60:inst5|mo60tongbu:inst|mo10tongbu:inst|74161:inst|f74161:sub|9      ;
; 0.299  ; 0.483        ; 0.184          ; Low Pulse Width  ; pin_name ; Rise       ; eastwest:inst|mo4control:inst4|74161:inst|f74161:sub|87                                   ;
; 0.299  ; 0.483        ; 0.184          ; Low Pulse Width  ; pin_name ; Rise       ; eastwest:inst|mo4control:inst4|74161:inst|f74161:sub|9                                    ;
; 0.299  ; 0.515        ; 0.216          ; High Pulse Width ; pin_name ; Rise       ; southnorth:inst1|daomo10:inst2|mo10tongbu:inst|74161:inst|f74161:sub|87                   ;
; 0.299  ; 0.483        ; 0.184          ; Low Pulse Width  ; pin_name ; Rise       ; southnorth:inst1|daomo10:inst2|mo10tongbu:inst|74161:inst|f74161:sub|87                   ;
; 0.299  ; 0.515        ; 0.216          ; High Pulse Width ; pin_name ; Rise       ; southnorth:inst1|daomo10:inst3|mo10tongbu:inst|74161:inst|f74161:sub|87                   ;
; 0.299  ; 0.483        ; 0.184          ; Low Pulse Width  ; pin_name ; Rise       ; southnorth:inst1|daomo10:inst3|mo10tongbu:inst|74161:inst|f74161:sub|87                   ;
; 0.299  ; 0.515        ; 0.216          ; High Pulse Width ; pin_name ; Rise       ; southnorth:inst1|leidao60:inst5|mo60tongbu:inst|mo10tongbu:inst|74161:inst|f74161:sub|87  ;
; 0.299  ; 0.483        ; 0.184          ; Low Pulse Width  ; pin_name ; Rise       ; southnorth:inst1|leidao60:inst5|mo60tongbu:inst|mo10tongbu:inst|74161:inst|f74161:sub|87  ;
; 0.299  ; 0.515        ; 0.216          ; High Pulse Width ; pin_name ; Rise       ; southnorth:inst1|leidao60:inst5|mo60tongbu:inst|mo10tongbu:inst|74161:inst|f74161:sub|99  ;
; 0.299  ; 0.483        ; 0.184          ; Low Pulse Width  ; pin_name ; Rise       ; southnorth:inst1|leidao60:inst5|mo60tongbu:inst|mo10tongbu:inst|74161:inst|f74161:sub|99  ;
; 0.299  ; 0.515        ; 0.216          ; High Pulse Width ; pin_name ; Rise       ; southnorth:inst1|leidao60:inst5|mo60tongbu:inst|mo6tongbu:inst14|74161:inst|f74161:sub|87 ;
; 0.299  ; 0.483        ; 0.184          ; Low Pulse Width  ; pin_name ; Rise       ; southnorth:inst1|leidao60:inst5|mo60tongbu:inst|mo6tongbu:inst14|74161:inst|f74161:sub|87 ;
+--------+--------------+----------------+------------------+----------+------------+-------------------------------------------------------------------------------------------+


+-------------------------------------------------------------------------+
; Clock to Output Times                                                   ;
+-----------+------------+--------+--------+------------+-----------------+
; Data Port ; Clock Port ; Rise   ; Fall   ; Clock Edge ; Clock Reference ;
+-----------+------------+--------+--------+------------+-----------------+
; ew1       ; pin_name   ; 8.905  ; 8.709  ; Rise       ; pin_name        ;
; ew2       ; pin_name   ; 7.842  ; 7.485  ; Rise       ; pin_name        ;
; ew3       ; pin_name   ; 8.308  ; 8.155  ; Rise       ; pin_name        ;
; ew4       ; pin_name   ; 9.856  ; 9.989  ; Rise       ; pin_name        ;
; ew5       ; pin_name   ; 7.549  ; 7.419  ; Rise       ; pin_name        ;
; ew6       ; pin_name   ; 10.028 ; 9.355  ; Rise       ; pin_name        ;
; ew7       ; pin_name   ; 8.071  ; 8.330  ; Rise       ; pin_name        ;
; ewgreen   ; pin_name   ; 7.649  ; 7.402  ; Rise       ; pin_name        ;
; ewred     ; pin_name   ; 5.990  ; 5.902  ; Rise       ; pin_name        ;
; ewyellow  ; pin_name   ; 7.516  ; 7.185  ; Rise       ; pin_name        ;
; sn1       ; pin_name   ; 10.173 ; 10.003 ; Rise       ; pin_name        ;
; sn2       ; pin_name   ; 8.611  ; 8.251  ; Rise       ; pin_name        ;
; sn3       ; pin_name   ; 9.082  ; 8.671  ; Rise       ; pin_name        ;
; sn4       ; pin_name   ; 9.220  ; 9.072  ; Rise       ; pin_name        ;
; sn5       ; pin_name   ; 9.795  ; 9.521  ; Rise       ; pin_name        ;
; sn6       ; pin_name   ; 8.568  ; 8.474  ; Rise       ; pin_name        ;
; sn7       ; pin_name   ; 10.048 ; 10.735 ; Rise       ; pin_name        ;
; sngreen   ; pin_name   ; 7.949  ; 7.769  ; Rise       ; pin_name        ;
; snred     ; pin_name   ; 7.131  ; 7.307  ; Rise       ; pin_name        ;
; snyellow  ; pin_name   ; 8.121  ; 7.748  ; Rise       ; pin_name        ;
+-----------+------------+--------+--------+------------+-----------------+


+-----------------------------------------------------------------------+
; Minimum Clock to Output Times                                         ;
+-----------+------------+-------+-------+------------+-----------------+
; Data Port ; Clock Port ; Rise  ; Fall  ; Clock Edge ; Clock Reference ;
+-----------+------------+-------+-------+------------+-----------------+
; ew1       ; pin_name   ; 7.124 ; 6.988 ; Rise       ; pin_name        ;
; ew2       ; pin_name   ; 6.680 ; 6.533 ; Rise       ; pin_name        ;
; ew3       ; pin_name   ; 6.769 ; 6.617 ; Rise       ; pin_name        ;
; ew4       ; pin_name   ; 8.488 ; 8.310 ; Rise       ; pin_name        ;
; ew5       ; pin_name   ; 6.751 ; 6.494 ; Rise       ; pin_name        ;
; ew6       ; pin_name   ; 8.079 ; 7.540 ; Rise       ; pin_name        ;
; ew7       ; pin_name   ; 6.371 ; 6.576 ; Rise       ; pin_name        ;
; ewgreen   ; pin_name   ; 7.395 ; 7.128 ; Rise       ; pin_name        ;
; ewred     ; pin_name   ; 5.874 ; 5.789 ; Rise       ; pin_name        ;
; ewyellow  ; pin_name   ; 7.114 ; 6.966 ; Rise       ; pin_name        ;
; sn1       ; pin_name   ; 8.776 ; 8.611 ; Rise       ; pin_name        ;
; sn2       ; pin_name   ; 7.607 ; 7.259 ; Rise       ; pin_name        ;
; sn3       ; pin_name   ; 7.824 ; 7.496 ; Rise       ; pin_name        ;
; sn4       ; pin_name   ; 7.652 ; 7.388 ; Rise       ; pin_name        ;
; sn5       ; pin_name   ; 8.603 ; 8.333 ; Rise       ; pin_name        ;
; sn6       ; pin_name   ; 6.932 ; 6.713 ; Rise       ; pin_name        ;
; sn7       ; pin_name   ; 7.901 ; 8.313 ; Rise       ; pin_name        ;
; sngreen   ; pin_name   ; 7.681 ; 7.369 ; Rise       ; pin_name        ;
; snred     ; pin_name   ; 6.967 ; 7.137 ; Rise       ; pin_name        ;
; snyellow  ; pin_name   ; 7.623 ; 7.281 ; Rise       ; pin_name        ;
+-----------+------------+-------+-------+------------+-----------------+


---------------------------------------------
; Slow 1200mV 0C Model Metastability Report ;
---------------------------------------------
No synchronizer chains to report.


+------------------------------------+
; Fast 1200mV 0C Model Setup Summary ;
+----------+--------+----------------+
; Clock    ; Slack  ; End Point TNS  ;
+----------+--------+----------------+
; pin_name ; -0.198 ; -1.191         ;
+----------+--------+----------------+


+-----------------------------------+
; Fast 1200mV 0C Model Hold Summary ;
+----------+-------+----------------+
; Clock    ; Slack ; End Point TNS  ;
+----------+-------+----------------+
; pin_name ; 0.166 ; 0.000          ;
+----------+-------+----------------+


-----------------------------------------
; Fast 1200mV 0C Model Recovery Summary ;
-----------------------------------------
No paths to report.


----------------------------------------
; Fast 1200mV 0C Model Removal Summary ;
----------------------------------------
No paths to report.


+--------------------------------------------------+
; Fast 1200mV 0C Model Minimum Pulse Width Summary ;
+----------+--------+------------------------------+
; Clock    ; Slack  ; End Point TNS                ;
+----------+--------+------------------------------+
; pin_name ; -3.000 ; -53.938                      ;
+----------+--------+------------------------------+


+----------------------------------------------------------------------------------------------------------------------------------------------------------------------------------------------------------------------------------------------------------------------+
; Fast 1200mV 0C Model Setup: 'pin_name'                                                                                                                                                                                                                               ;
+--------+-------------------------------------------------------------------------------------------+-------------------------------------------------------------------------------------------+--------------+-------------+--------------+------------+------------+
; Slack  ; From Node                                                                                 ; To Node                                                                                   ; Launch Clock ; Latch Clock ; Relationship ; Clock Skew ; Data Delay ;
+--------+-------------------------------------------------------------------------------------------+-------------------------------------------------------------------------------------------+--------------+-------------+--------------+------------+------------+
; -0.198 ; eastwest:inst|daomo60:inst|mo60tongbu:inst|mo10tongbu:inst|74161:inst|f74161:sub|9        ; eastwest:inst|mo4control:inst4|74161:inst|f74161:sub|87                                   ; pin_name     ; pin_name    ; 1.000        ; -0.038     ; 1.147      ;
; -0.197 ; eastwest:inst|daomo60:inst|mo60tongbu:inst|mo10tongbu:inst|74161:inst|f74161:sub|9        ; eastwest:inst|mo4control:inst4|74161:inst|f74161:sub|9                                    ; pin_name     ; pin_name    ; 1.000        ; -0.038     ; 1.146      ;
; -0.196 ; eastwest:inst|daomo60:inst|mo60tongbu:inst|mo6tongbu:inst14|74161:inst|f74161:sub|9       ; eastwest:inst|mo4control:inst4|74161:inst|f74161:sub|87                                   ; pin_name     ; pin_name    ; 1.000        ; -0.038     ; 1.145      ;
; -0.195 ; eastwest:inst|daomo60:inst|mo60tongbu:inst|mo6tongbu:inst14|74161:inst|f74161:sub|9       ; eastwest:inst|mo4control:inst4|74161:inst|f74161:sub|9                                    ; pin_name     ; pin_name    ; 1.000        ; -0.038     ; 1.144      ;
; -0.189 ; eastwest:inst|daomo60:inst|mo60tongbu:inst|mo10tongbu:inst|74161:inst|f74161:sub|110      ; eastwest:inst|mo4control:inst4|74161:inst|f74161:sub|87                                   ; pin_name     ; pin_name    ; 1.000        ; -0.038     ; 1.138      ;
; -0.188 ; eastwest:inst|daomo60:inst|mo60tongbu:inst|mo10tongbu:inst|74161:inst|f74161:sub|110      ; eastwest:inst|mo4control:inst4|74161:inst|f74161:sub|9                                    ; pin_name     ; pin_name    ; 1.000        ; -0.038     ; 1.137      ;
; -0.124 ; southnorth:inst1|daomo10:inst3|mo10tongbu:inst|74161:inst|f74161:sub|110                  ; southnorth:inst1|mo4control:inst4|74161:inst|f74161:sub|87                                ; pin_name     ; pin_name    ; 1.000        ; -0.036     ; 1.075      ;
; -0.124 ; southnorth:inst1|daomo10:inst3|mo10tongbu:inst|74161:inst|f74161:sub|110                  ; southnorth:inst1|mo4control:inst4|74161:inst|f74161:sub|9                                 ; pin_name     ; pin_name    ; 1.000        ; -0.036     ; 1.075      ;
; -0.123 ; southnorth:inst1|daomo10:inst3|mo10tongbu:inst|74161:inst|f74161:sub|9                    ; southnorth:inst1|mo4control:inst4|74161:inst|f74161:sub|87                                ; pin_name     ; pin_name    ; 1.000        ; -0.036     ; 1.074      ;
; -0.123 ; southnorth:inst1|daomo10:inst3|mo10tongbu:inst|74161:inst|f74161:sub|9                    ; southnorth:inst1|mo4control:inst4|74161:inst|f74161:sub|9                                 ; pin_name     ; pin_name    ; 1.000        ; -0.036     ; 1.074      ;
; -0.108 ; southnorth:inst1|daomo10:inst2|mo10tongbu:inst|74161:inst|f74161:sub|9                    ; southnorth:inst1|mo4control:inst4|74161:inst|f74161:sub|87                                ; pin_name     ; pin_name    ; 1.000        ; -0.036     ; 1.059      ;
; -0.108 ; southnorth:inst1|daomo10:inst2|mo10tongbu:inst|74161:inst|f74161:sub|9                    ; southnorth:inst1|mo4control:inst4|74161:inst|f74161:sub|9                                 ; pin_name     ; pin_name    ; 1.000        ; -0.036     ; 1.059      ;
; -0.106 ; southnorth:inst1|mo4control:inst4|74161:inst|f74161:sub|9                                 ; southnorth:inst1|daomo10:inst3|mo10tongbu:inst|74161:inst|f74161:sub|87                   ; pin_name     ; pin_name    ; 1.000        ; -0.037     ; 1.056      ;
; -0.105 ; southnorth:inst1|mo4control:inst4|74161:inst|f74161:sub|87                                ; southnorth:inst1|daomo60:inst|mo60tongbu:inst|mo10tongbu:inst|74161:inst|f74161:sub|110   ; pin_name     ; pin_name    ; 1.000        ; -0.036     ; 1.056      ;
; -0.105 ; southnorth:inst1|mo4control:inst4|74161:inst|f74161:sub|87                                ; southnorth:inst1|daomo60:inst|mo60tongbu:inst|mo10tongbu:inst|74161:inst|f74161:sub|99    ; pin_name     ; pin_name    ; 1.000        ; -0.036     ; 1.056      ;
; -0.072 ; southnorth:inst1|mo4control:inst4|74161:inst|f74161:sub|9                                 ; southnorth:inst1|daomo60:inst|mo60tongbu:inst|mo10tongbu:inst|74161:inst|f74161:sub|87    ; pin_name     ; pin_name    ; 1.000        ; -0.036     ; 1.023      ;
; -0.069 ; southnorth:inst1|daomo10:inst3|mo10tongbu:inst|74161:inst|f74161:sub|9                    ; southnorth:inst1|daomo10:inst3|mo10tongbu:inst|74161:inst|f74161:sub|87                   ; pin_name     ; pin_name    ; 1.000        ; -0.037     ; 1.019      ;
; -0.067 ; southnorth:inst1|mo4control:inst4|74161:inst|f74161:sub|87                                ; southnorth:inst1|daomo10:inst3|mo10tongbu:inst|74161:inst|f74161:sub|87                   ; pin_name     ; pin_name    ; 1.000        ; -0.037     ; 1.017      ;
; -0.055 ; southnorth:inst1|leidao60:inst5|mo60tongbu:inst|mo10tongbu:inst|74161:inst|f74161:sub|9   ; southnorth:inst1|leidao60:inst5|mo60tongbu:inst|mo6tongbu:inst14|74161:inst|f74161:sub|87 ; pin_name     ; pin_name    ; 1.000        ; -0.037     ; 1.005      ;
; -0.051 ; southnorth:inst1|leidao60:inst5|mo60tongbu:inst|mo10tongbu:inst|74161:inst|f74161:sub|9   ; southnorth:inst1|mo4control:inst4|74161:inst|f74161:sub|87                                ; pin_name     ; pin_name    ; 1.000        ; -0.036     ; 1.002      ;
; -0.051 ; southnorth:inst1|leidao60:inst5|mo60tongbu:inst|mo10tongbu:inst|74161:inst|f74161:sub|9   ; southnorth:inst1|mo4control:inst4|74161:inst|f74161:sub|9                                 ; pin_name     ; pin_name    ; 1.000        ; -0.036     ; 1.002      ;
; -0.046 ; southnorth:inst1|leidao60:inst5|mo60tongbu:inst|mo10tongbu:inst|74161:inst|f74161:sub|9   ; southnorth:inst1|leidao60:inst5|mo60tongbu:inst|mo6tongbu:inst14|74161:inst|f74161:sub|99 ; pin_name     ; pin_name    ; 1.000        ; -0.037     ; 0.996      ;
; -0.042 ; eastwest:inst|daomo60:inst|mo60tongbu:inst|mo6tongbu:inst14|74161:inst|f74161:sub|99      ; eastwest:inst|mo4control:inst4|74161:inst|f74161:sub|87                                   ; pin_name     ; pin_name    ; 1.000        ; -0.038     ; 0.991      ;
; -0.041 ; eastwest:inst|daomo60:inst|mo60tongbu:inst|mo6tongbu:inst14|74161:inst|f74161:sub|99      ; eastwest:inst|mo4control:inst4|74161:inst|f74161:sub|9                                    ; pin_name     ; pin_name    ; 1.000        ; -0.038     ; 0.990      ;
; -0.035 ; southnorth:inst1|daomo60:inst|mo60tongbu:inst|mo10tongbu:inst|74161:inst|f74161:sub|110   ; southnorth:inst1|mo4control:inst4|74161:inst|f74161:sub|87                                ; pin_name     ; pin_name    ; 1.000        ; -0.036     ; 0.986      ;
; -0.033 ; southnorth:inst1|daomo60:inst|mo60tongbu:inst|mo10tongbu:inst|74161:inst|f74161:sub|110   ; southnorth:inst1|mo4control:inst4|74161:inst|f74161:sub|9                                 ; pin_name     ; pin_name    ; 1.000        ; -0.036     ; 0.984      ;
; -0.033 ; eastwest:inst|leidao60:inst5|mo60tongbu:inst|mo10tongbu:inst|74161:inst|f74161:sub|110    ; eastwest:inst|mo4control:inst4|74161:inst|f74161:sub|87                                   ; pin_name     ; pin_name    ; 1.000        ; -0.036     ; 0.984      ;
; -0.031 ; eastwest:inst|leidao60:inst5|mo60tongbu:inst|mo10tongbu:inst|74161:inst|f74161:sub|110    ; eastwest:inst|mo4control:inst4|74161:inst|f74161:sub|9                                    ; pin_name     ; pin_name    ; 1.000        ; -0.036     ; 0.982      ;
; -0.030 ; eastwest:inst|leidao60:inst5|mo60tongbu:inst|mo10tongbu:inst|74161:inst|f74161:sub|9      ; eastwest:inst|leidao60:inst5|mo60tongbu:inst|mo10tongbu:inst|74161:inst|f74161:sub|87     ; pin_name     ; pin_name    ; 1.000        ; -0.036     ; 0.981      ;
; -0.026 ; southnorth:inst1|mo4control:inst4|74161:inst|f74161:sub|87                                ; southnorth:inst1|daomo60:inst|mo60tongbu:inst|mo10tongbu:inst|74161:inst|f74161:sub|87    ; pin_name     ; pin_name    ; 1.000        ; -0.036     ; 0.977      ;
; -0.016 ; southnorth:inst1|daomo60:inst|mo60tongbu:inst|mo6tongbu:inst14|74161:inst|f74161:sub|9    ; southnorth:inst1|mo4control:inst4|74161:inst|f74161:sub|87                                ; pin_name     ; pin_name    ; 1.000        ; -0.036     ; 0.967      ;
; -0.015 ; southnorth:inst1|daomo10:inst2|mo10tongbu:inst|74161:inst|f74161:sub|87                   ; southnorth:inst1|daomo10:inst2|mo10tongbu:inst|74161:inst|f74161:sub|110                  ; pin_name     ; pin_name    ; 1.000        ; -0.036     ; 0.966      ;
; -0.014 ; southnorth:inst1|daomo60:inst|mo60tongbu:inst|mo6tongbu:inst14|74161:inst|f74161:sub|9    ; southnorth:inst1|mo4control:inst4|74161:inst|f74161:sub|9                                 ; pin_name     ; pin_name    ; 1.000        ; -0.036     ; 0.965      ;
; -0.012 ; southnorth:inst1|daomo10:inst3|mo10tongbu:inst|74161:inst|f74161:sub|87                   ; southnorth:inst1|daomo10:inst3|mo10tongbu:inst|74161:inst|f74161:sub|87                   ; pin_name     ; pin_name    ; 1.000        ; -0.037     ; 0.962      ;
; -0.008 ; eastwest:inst|daomo60:inst|mo60tongbu:inst|mo10tongbu:inst|74161:inst|f74161:sub|9        ; eastwest:inst|daomo60:inst|mo60tongbu:inst|mo6tongbu:inst14|74161:inst|f74161:sub|87      ; pin_name     ; pin_name    ; 1.000        ; -0.037     ; 0.958      ;
; -0.006 ; southnorth:inst1|mo4control:inst4|74161:inst|f74161:sub|9                                 ; southnorth:inst1|daomo10:inst3|mo10tongbu:inst|74161:inst|f74161:sub|110                  ; pin_name     ; pin_name    ; 1.000        ; -0.036     ; 0.957      ;
; -0.006 ; eastwest:inst|daomo60:inst|mo60tongbu:inst|mo6tongbu:inst14|74161:inst|f74161:sub|9       ; eastwest:inst|daomo60:inst|mo60tongbu:inst|mo6tongbu:inst14|74161:inst|f74161:sub|87      ; pin_name     ; pin_name    ; 1.000        ; -0.037     ; 0.956      ;
; 0.001  ; eastwest:inst|daomo60:inst|mo60tongbu:inst|mo10tongbu:inst|74161:inst|f74161:sub|110      ; eastwest:inst|daomo60:inst|mo60tongbu:inst|mo6tongbu:inst14|74161:inst|f74161:sub|87      ; pin_name     ; pin_name    ; 1.000        ; -0.037     ; 0.949      ;
; 0.012  ; eastwest:inst|mo4control:inst4|74161:inst|f74161:sub|9                                    ; eastwest:inst|daomo60:inst|mo60tongbu:inst|mo10tongbu:inst|74161:inst|f74161:sub|87       ; pin_name     ; pin_name    ; 1.000        ; -0.035     ; 0.940      ;
; 0.013  ; eastwest:inst|mo4control:inst4|74161:inst|f74161:sub|9                                    ; eastwest:inst|daomo60:inst|mo60tongbu:inst|mo10tongbu:inst|74161:inst|f74161:sub|99       ; pin_name     ; pin_name    ; 1.000        ; -0.035     ; 0.939      ;
; 0.014  ; eastwest:inst|mo4control:inst4|74161:inst|f74161:sub|9                                    ; eastwest:inst|daomo60:inst|mo60tongbu:inst|mo10tongbu:inst|74161:inst|f74161:sub|110      ; pin_name     ; pin_name    ; 1.000        ; -0.035     ; 0.938      ;
; 0.025  ; eastwest:inst|mo4control:inst4|74161:inst|f74161:sub|9                                    ; eastwest:inst|daomo10:inst2|mo10tongbu:inst|74161:inst|f74161:sub|87                      ; pin_name     ; pin_name    ; 1.000        ; -0.035     ; 0.927      ;
; 0.028  ; eastwest:inst|leidao60:inst5|mo60tongbu:inst|mo10tongbu:inst|74161:inst|f74161:sub|9      ; eastwest:inst|leidao60:inst5|mo60tongbu:inst|mo10tongbu:inst|74161:inst|f74161:sub|110    ; pin_name     ; pin_name    ; 1.000        ; -0.036     ; 0.923      ;
; 0.031  ; eastwest:inst|leidao60:inst5|mo60tongbu:inst|mo10tongbu:inst|74161:inst|f74161:sub|9      ; eastwest:inst|mo4control:inst4|74161:inst|f74161:sub|87                                   ; pin_name     ; pin_name    ; 1.000        ; -0.036     ; 0.920      ;
; 0.033  ; eastwest:inst|leidao60:inst5|mo60tongbu:inst|mo10tongbu:inst|74161:inst|f74161:sub|110    ; eastwest:inst|leidao60:inst5|mo60tongbu:inst|mo6tongbu:inst14|74161:inst|f74161:sub|99    ; pin_name     ; pin_name    ; 1.000        ; -0.035     ; 0.919      ;
; 0.033  ; eastwest:inst|leidao60:inst5|mo60tongbu:inst|mo10tongbu:inst|74161:inst|f74161:sub|110    ; eastwest:inst|leidao60:inst5|mo60tongbu:inst|mo6tongbu:inst14|74161:inst|f74161:sub|87    ; pin_name     ; pin_name    ; 1.000        ; -0.035     ; 0.919      ;
; 0.033  ; eastwest:inst|leidao60:inst5|mo60tongbu:inst|mo10tongbu:inst|74161:inst|f74161:sub|9      ; eastwest:inst|mo4control:inst4|74161:inst|f74161:sub|9                                    ; pin_name     ; pin_name    ; 1.000        ; -0.036     ; 0.918      ;
; 0.035  ; eastwest:inst|mo4control:inst4|74161:inst|f74161:sub|9                                    ; eastwest:inst|daomo10:inst3|mo10tongbu:inst|74161:inst|f74161:sub|87                      ; pin_name     ; pin_name    ; 1.000        ; -0.035     ; 0.917      ;
; 0.037  ; southnorth:inst1|mo4control:inst4|74161:inst|f74161:sub|9                                 ; southnorth:inst1|daomo60:inst|mo60tongbu:inst|mo10tongbu:inst|74161:inst|f74161:sub|99    ; pin_name     ; pin_name    ; 1.000        ; -0.036     ; 0.914      ;
; 0.038  ; southnorth:inst1|mo4control:inst4|74161:inst|f74161:sub|9                                 ; southnorth:inst1|daomo60:inst|mo60tongbu:inst|mo10tongbu:inst|74161:inst|f74161:sub|110   ; pin_name     ; pin_name    ; 1.000        ; -0.036     ; 0.913      ;
; 0.038  ; eastwest:inst|leidao60:inst5|mo60tongbu:inst|mo6tongbu:inst14|74161:inst|f74161:sub|99    ; eastwest:inst|mo4control:inst4|74161:inst|f74161:sub|87                                   ; pin_name     ; pin_name    ; 1.000        ; -0.038     ; 0.911      ;
; 0.040  ; eastwest:inst|leidao60:inst5|mo60tongbu:inst|mo6tongbu:inst14|74161:inst|f74161:sub|99    ; eastwest:inst|mo4control:inst4|74161:inst|f74161:sub|9                                    ; pin_name     ; pin_name    ; 1.000        ; -0.038     ; 0.909      ;
; 0.041  ; southnorth:inst1|leidao60:inst5|mo60tongbu:inst|mo10tongbu:inst|74161:inst|f74161:sub|110 ; southnorth:inst1|leidao60:inst5|mo60tongbu:inst|mo6tongbu:inst14|74161:inst|f74161:sub|87 ; pin_name     ; pin_name    ; 1.000        ; -0.037     ; 0.909      ;
; 0.044  ; eastwest:inst|daomo10:inst2|mo10tongbu:inst|74161:inst|f74161:sub|110                     ; eastwest:inst|mo4control:inst4|74161:inst|f74161:sub|87                                   ; pin_name     ; pin_name    ; 1.000        ; -0.036     ; 0.907      ;
; 0.045  ; southnorth:inst1|leidao60:inst5|mo60tongbu:inst|mo10tongbu:inst|74161:inst|f74161:sub|110 ; southnorth:inst1|mo4control:inst4|74161:inst|f74161:sub|87                                ; pin_name     ; pin_name    ; 1.000        ; -0.036     ; 0.906      ;
; 0.045  ; southnorth:inst1|leidao60:inst5|mo60tongbu:inst|mo10tongbu:inst|74161:inst|f74161:sub|110 ; southnorth:inst1|mo4control:inst4|74161:inst|f74161:sub|9                                 ; pin_name     ; pin_name    ; 1.000        ; -0.036     ; 0.906      ;
; 0.046  ; eastwest:inst|daomo10:inst2|mo10tongbu:inst|74161:inst|f74161:sub|110                     ; eastwest:inst|mo4control:inst4|74161:inst|f74161:sub|9                                    ; pin_name     ; pin_name    ; 1.000        ; -0.036     ; 0.905      ;
; 0.046  ; eastwest:inst|mo4control:inst4|74161:inst|f74161:sub|87                                   ; eastwest:inst|daomo60:inst|mo60tongbu:inst|mo10tongbu:inst|74161:inst|f74161:sub|87       ; pin_name     ; pin_name    ; 1.000        ; -0.035     ; 0.906      ;
; 0.050  ; southnorth:inst1|leidao60:inst5|mo60tongbu:inst|mo10tongbu:inst|74161:inst|f74161:sub|110 ; southnorth:inst1|leidao60:inst5|mo60tongbu:inst|mo6tongbu:inst14|74161:inst|f74161:sub|99 ; pin_name     ; pin_name    ; 1.000        ; -0.037     ; 0.900      ;
; 0.050  ; eastwest:inst|mo4control:inst4|74161:inst|f74161:sub|87                                   ; eastwest:inst|daomo60:inst|mo60tongbu:inst|mo10tongbu:inst|74161:inst|f74161:sub|99       ; pin_name     ; pin_name    ; 1.000        ; -0.035     ; 0.902      ;
; 0.051  ; eastwest:inst|mo4control:inst4|74161:inst|f74161:sub|87                                   ; eastwest:inst|daomo60:inst|mo60tongbu:inst|mo10tongbu:inst|74161:inst|f74161:sub|110      ; pin_name     ; pin_name    ; 1.000        ; -0.035     ; 0.901      ;
; 0.052  ; southnorth:inst1|daomo10:inst2|mo10tongbu:inst|74161:inst|f74161:sub|110                  ; southnorth:inst1|mo4control:inst4|74161:inst|f74161:sub|87                                ; pin_name     ; pin_name    ; 1.000        ; -0.036     ; 0.899      ;
; 0.052  ; southnorth:inst1|daomo10:inst2|mo10tongbu:inst|74161:inst|f74161:sub|110                  ; southnorth:inst1|mo4control:inst4|74161:inst|f74161:sub|9                                 ; pin_name     ; pin_name    ; 1.000        ; -0.036     ; 0.899      ;
; 0.056  ; eastwest:inst|daomo10:inst3|mo10tongbu:inst|74161:inst|f74161:sub|9                       ; eastwest:inst|mo4control:inst4|74161:inst|f74161:sub|87                                   ; pin_name     ; pin_name    ; 1.000        ; -0.036     ; 0.895      ;
; 0.058  ; southnorth:inst1|daomo60:inst|mo60tongbu:inst|mo10tongbu:inst|74161:inst|f74161:sub|110   ; southnorth:inst1|daomo60:inst|mo60tongbu:inst|mo6tongbu:inst14|74161:inst|f74161:sub|87   ; pin_name     ; pin_name    ; 1.000        ; -0.036     ; 0.893      ;
; 0.058  ; eastwest:inst|daomo10:inst3|mo10tongbu:inst|74161:inst|f74161:sub|9                       ; eastwest:inst|mo4control:inst4|74161:inst|f74161:sub|9                                    ; pin_name     ; pin_name    ; 1.000        ; -0.036     ; 0.893      ;
; 0.059  ; southnorth:inst1|mo4control:inst4|74161:inst|f74161:sub|87                                ; southnorth:inst1|daomo60:inst|mo60tongbu:inst|mo10tongbu:inst|74161:inst|f74161:sub|9     ; pin_name     ; pin_name    ; 1.000        ; -0.036     ; 0.892      ;
; 0.059  ; eastwest:inst|daomo10:inst2|mo10tongbu:inst|74161:inst|f74161:sub|9                       ; eastwest:inst|daomo10:inst2|mo10tongbu:inst|74161:inst|f74161:sub|87                      ; pin_name     ; pin_name    ; 1.000        ; -0.035     ; 0.893      ;
; 0.060  ; southnorth:inst1|daomo60:inst|mo60tongbu:inst|mo6tongbu:inst14|74161:inst|f74161:sub|99   ; southnorth:inst1|mo4control:inst4|74161:inst|f74161:sub|87                                ; pin_name     ; pin_name    ; 1.000        ; -0.036     ; 0.891      ;
; 0.062  ; southnorth:inst1|daomo60:inst|mo60tongbu:inst|mo10tongbu:inst|74161:inst|f74161:sub|9     ; southnorth:inst1|daomo60:inst|mo60tongbu:inst|mo6tongbu:inst14|74161:inst|f74161:sub|99   ; pin_name     ; pin_name    ; 1.000        ; -0.036     ; 0.889      ;
; 0.062  ; southnorth:inst1|daomo60:inst|mo60tongbu:inst|mo6tongbu:inst14|74161:inst|f74161:sub|99   ; southnorth:inst1|mo4control:inst4|74161:inst|f74161:sub|9                                 ; pin_name     ; pin_name    ; 1.000        ; -0.036     ; 0.889      ;
; 0.064  ; southnorth:inst1|daomo10:inst2|mo10tongbu:inst|74161:inst|f74161:sub|9                    ; southnorth:inst1|daomo10:inst2|mo10tongbu:inst|74161:inst|f74161:sub|110                  ; pin_name     ; pin_name    ; 1.000        ; -0.036     ; 0.887      ;
; 0.072  ; eastwest:inst|mo4control:inst4|74161:inst|f74161:sub|9                                    ; eastwest:inst|leidao60:inst5|mo60tongbu:inst|mo10tongbu:inst|74161:inst|f74161:sub|87     ; pin_name     ; pin_name    ; 1.000        ; -0.036     ; 0.879      ;
; 0.073  ; eastwest:inst|mo4control:inst4|74161:inst|f74161:sub|9                                    ; eastwest:inst|daomo60:inst|mo60tongbu:inst|mo10tongbu:inst|74161:inst|f74161:sub|9        ; pin_name     ; pin_name    ; 1.000        ; -0.035     ; 0.879      ;
; 0.075  ; eastwest:inst|leidao60:inst5|mo60tongbu:inst|mo10tongbu:inst|74161:inst|f74161:sub|9      ; eastwest:inst|leidao60:inst5|mo60tongbu:inst|mo10tongbu:inst|74161:inst|f74161:sub|99     ; pin_name     ; pin_name    ; 1.000        ; -0.036     ; 0.876      ;
; 0.077  ; southnorth:inst1|daomo60:inst|mo60tongbu:inst|mo6tongbu:inst14|74161:inst|f74161:sub|9    ; southnorth:inst1|daomo60:inst|mo60tongbu:inst|mo6tongbu:inst14|74161:inst|f74161:sub|87   ; pin_name     ; pin_name    ; 1.000        ; -0.036     ; 0.874      ;
; 0.077  ; eastwest:inst|mo4control:inst4|74161:inst|f74161:sub|9                                    ; eastwest:inst|leidao60:inst5|mo60tongbu:inst|mo10tongbu:inst|74161:inst|f74161:sub|110    ; pin_name     ; pin_name    ; 1.000        ; -0.036     ; 0.874      ;
; 0.079  ; southnorth:inst1|daomo60:inst|mo60tongbu:inst|mo10tongbu:inst|74161:inst|f74161:sub|9     ; southnorth:inst1|daomo60:inst|mo60tongbu:inst|mo6tongbu:inst14|74161:inst|f74161:sub|87   ; pin_name     ; pin_name    ; 1.000        ; -0.036     ; 0.872      ;
; 0.084  ; eastwest:inst|mo4control:inst4|74161:inst|f74161:sub|87                                   ; eastwest:inst|daomo10:inst2|mo10tongbu:inst|74161:inst|f74161:sub|87                      ; pin_name     ; pin_name    ; 1.000        ; -0.035     ; 0.868      ;
; 0.085  ; southnorth:inst1|daomo10:inst3|mo10tongbu:inst|74161:inst|f74161:sub|9                    ; southnorth:inst1|daomo10:inst3|mo10tongbu:inst|74161:inst|f74161:sub|110                  ; pin_name     ; pin_name    ; 1.000        ; -0.036     ; 0.866      ;
; 0.087  ; southnorth:inst1|mo4control:inst4|74161:inst|f74161:sub|87                                ; southnorth:inst1|daomo10:inst2|mo10tongbu:inst|74161:inst|f74161:sub|110                  ; pin_name     ; pin_name    ; 1.000        ; -0.036     ; 0.864      ;
; 0.090  ; southnorth:inst1|daomo60:inst|mo60tongbu:inst|mo10tongbu:inst|74161:inst|f74161:sub|9     ; southnorth:inst1|mo4control:inst4|74161:inst|f74161:sub|87                                ; pin_name     ; pin_name    ; 1.000        ; -0.036     ; 0.861      ;
; 0.091  ; eastwest:inst|mo4control:inst4|74161:inst|f74161:sub|87                                   ; eastwest:inst|daomo10:inst3|mo10tongbu:inst|74161:inst|f74161:sub|87                      ; pin_name     ; pin_name    ; 1.000        ; -0.035     ; 0.861      ;
; 0.092  ; southnorth:inst1|daomo60:inst|mo60tongbu:inst|mo10tongbu:inst|74161:inst|f74161:sub|9     ; southnorth:inst1|mo4control:inst4|74161:inst|f74161:sub|9                                 ; pin_name     ; pin_name    ; 1.000        ; -0.036     ; 0.859      ;
; 0.096  ; southnorth:inst1|mo4control:inst4|74161:inst|f74161:sub|9                                 ; southnorth:inst1|daomo60:inst|mo60tongbu:inst|mo10tongbu:inst|74161:inst|f74161:sub|9     ; pin_name     ; pin_name    ; 1.000        ; -0.036     ; 0.855      ;
; 0.097  ; eastwest:inst|leidao60:inst5|mo60tongbu:inst|mo10tongbu:inst|74161:inst|f74161:sub|9      ; eastwest:inst|leidao60:inst5|mo60tongbu:inst|mo6tongbu:inst14|74161:inst|f74161:sub|99    ; pin_name     ; pin_name    ; 1.000        ; -0.035     ; 0.855      ;
; 0.097  ; eastwest:inst|leidao60:inst5|mo60tongbu:inst|mo10tongbu:inst|74161:inst|f74161:sub|9      ; eastwest:inst|leidao60:inst5|mo60tongbu:inst|mo6tongbu:inst14|74161:inst|f74161:sub|87    ; pin_name     ; pin_name    ; 1.000        ; -0.035     ; 0.855      ;
; 0.100  ; eastwest:inst|daomo10:inst3|mo10tongbu:inst|74161:inst|f74161:sub|9                       ; eastwest:inst|daomo10:inst3|mo10tongbu:inst|74161:inst|f74161:sub|87                      ; pin_name     ; pin_name    ; 1.000        ; -0.035     ; 0.852      ;
; 0.109  ; eastwest:inst|daomo10:inst2|mo10tongbu:inst|74161:inst|f74161:sub|9                       ; eastwest:inst|mo4control:inst4|74161:inst|f74161:sub|87                                   ; pin_name     ; pin_name    ; 1.000        ; -0.036     ; 0.842      ;
; 0.111  ; eastwest:inst|daomo10:inst2|mo10tongbu:inst|74161:inst|f74161:sub|9                       ; eastwest:inst|mo4control:inst4|74161:inst|f74161:sub|9                                    ; pin_name     ; pin_name    ; 1.000        ; -0.036     ; 0.840      ;
; 0.111  ; eastwest:inst|mo4control:inst4|74161:inst|f74161:sub|9                                    ; eastwest:inst|leidao60:inst5|mo60tongbu:inst|mo10tongbu:inst|74161:inst|f74161:sub|99     ; pin_name     ; pin_name    ; 1.000        ; -0.036     ; 0.840      ;
; 0.112  ; southnorth:inst1|mo4control:inst4|74161:inst|f74161:sub|9                                 ; southnorth:inst1|leidao60:inst5|mo60tongbu:inst|mo10tongbu:inst|74161:inst|f74161:sub|87  ; pin_name     ; pin_name    ; 1.000        ; -0.036     ; 0.839      ;
; 0.119  ; eastwest:inst|daomo10:inst2|mo10tongbu:inst|74161:inst|f74161:sub|87                      ; eastwest:inst|daomo10:inst2|mo10tongbu:inst|74161:inst|f74161:sub|110                     ; pin_name     ; pin_name    ; 1.000        ; -0.038     ; 0.830      ;
; 0.119  ; eastwest:inst|daomo10:inst3|mo10tongbu:inst|74161:inst|f74161:sub|87                      ; eastwest:inst|daomo10:inst3|mo10tongbu:inst|74161:inst|f74161:sub|99                      ; pin_name     ; pin_name    ; 1.000        ; -0.038     ; 0.830      ;
; 0.120  ; eastwest:inst|daomo10:inst3|mo10tongbu:inst|74161:inst|f74161:sub|87                      ; eastwest:inst|daomo10:inst3|mo10tongbu:inst|74161:inst|f74161:sub|110                     ; pin_name     ; pin_name    ; 1.000        ; -0.038     ; 0.829      ;
; 0.121  ; eastwest:inst|mo4control:inst4|74161:inst|f74161:sub|87                                   ; eastwest:inst|leidao60:inst5|mo60tongbu:inst|mo10tongbu:inst|74161:inst|f74161:sub|110    ; pin_name     ; pin_name    ; 1.000        ; -0.036     ; 0.830      ;
; 0.122  ; eastwest:inst|daomo10:inst2|mo10tongbu:inst|74161:inst|f74161:sub|87                      ; eastwest:inst|daomo10:inst2|mo10tongbu:inst|74161:inst|f74161:sub|99                      ; pin_name     ; pin_name    ; 1.000        ; -0.038     ; 0.827      ;
; 0.123  ; southnorth:inst1|mo4control:inst4|74161:inst|f74161:sub|87                                ; southnorth:inst1|leidao60:inst5|mo60tongbu:inst|mo10tongbu:inst|74161:inst|f74161:sub|99  ; pin_name     ; pin_name    ; 1.000        ; -0.036     ; 0.828      ;
; 0.126  ; southnorth:inst1|mo4control:inst4|74161:inst|f74161:sub|9                                 ; southnorth:inst1|daomo10:inst2|mo10tongbu:inst|74161:inst|f74161:sub|87                   ; pin_name     ; pin_name    ; 1.000        ; -0.037     ; 0.824      ;
; 0.129  ; southnorth:inst1|mo4control:inst4|74161:inst|f74161:sub|87                                ; southnorth:inst1|leidao60:inst5|mo60tongbu:inst|mo10tongbu:inst|74161:inst|f74161:sub|87  ; pin_name     ; pin_name    ; 1.000        ; -0.036     ; 0.822      ;
+--------+-------------------------------------------------------------------------------------------+-------------------------------------------------------------------------------------------+--------------+-------------+--------------+------------+------------+


+---------------------------------------------------------------------------------------------------------------------------------------------------------------------------------------------------------------------------------------------------------------------+
; Fast 1200mV 0C Model Hold: 'pin_name'                                                                                                                                                                                                                               ;
+-------+-------------------------------------------------------------------------------------------+-------------------------------------------------------------------------------------------+--------------+-------------+--------------+------------+------------+
; Slack ; From Node                                                                                 ; To Node                                                                                   ; Launch Clock ; Latch Clock ; Relationship ; Clock Skew ; Data Delay ;
+-------+-------------------------------------------------------------------------------------------+-------------------------------------------------------------------------------------------+--------------+-------------+--------------+------------+------------+
; 0.166 ; southnorth:inst1|leidao60:inst5|mo60tongbu:inst|mo6tongbu:inst14|74161:inst|f74161:sub|99 ; southnorth:inst1|leidao60:inst5|mo60tongbu:inst|mo6tongbu:inst14|74161:inst|f74161:sub|99 ; pin_name     ; pin_name    ; 0.000        ; 0.037      ; 0.307      ;
; 0.166 ; southnorth:inst1|leidao60:inst5|mo60tongbu:inst|mo6tongbu:inst14|74161:inst|f74161:sub|9  ; southnorth:inst1|leidao60:inst5|mo60tongbu:inst|mo6tongbu:inst14|74161:inst|f74161:sub|9  ; pin_name     ; pin_name    ; 0.000        ; 0.037      ; 0.307      ;
; 0.166 ; southnorth:inst1|leidao60:inst5|mo60tongbu:inst|mo6tongbu:inst14|74161:inst|f74161:sub|87 ; southnorth:inst1|leidao60:inst5|mo60tongbu:inst|mo6tongbu:inst14|74161:inst|f74161:sub|87 ; pin_name     ; pin_name    ; 0.000        ; 0.037      ; 0.307      ;
; 0.166 ; southnorth:inst1|leidao60:inst5|mo60tongbu:inst|mo10tongbu:inst|74161:inst|f74161:sub|99  ; southnorth:inst1|leidao60:inst5|mo60tongbu:inst|mo10tongbu:inst|74161:inst|f74161:sub|99  ; pin_name     ; pin_name    ; 0.000        ; 0.037      ; 0.307      ;
; 0.166 ; southnorth:inst1|daomo10:inst2|mo10tongbu:inst|74161:inst|f74161:sub|87                   ; southnorth:inst1|daomo10:inst2|mo10tongbu:inst|74161:inst|f74161:sub|87                   ; pin_name     ; pin_name    ; 0.000        ; 0.037      ; 0.307      ;
; 0.166 ; eastwest:inst|daomo60:inst|mo60tongbu:inst|mo6tongbu:inst14|74161:inst|f74161:sub|9       ; eastwest:inst|daomo60:inst|mo60tongbu:inst|mo6tongbu:inst14|74161:inst|f74161:sub|9       ; pin_name     ; pin_name    ; 0.000        ; 0.037      ; 0.307      ;
; 0.166 ; eastwest:inst|daomo60:inst|mo60tongbu:inst|mo10tongbu:inst|74161:inst|f74161:sub|110      ; eastwest:inst|daomo60:inst|mo60tongbu:inst|mo10tongbu:inst|74161:inst|f74161:sub|110      ; pin_name     ; pin_name    ; 0.000        ; 0.037      ; 0.307      ;
; 0.166 ; eastwest:inst|daomo60:inst|mo60tongbu:inst|mo10tongbu:inst|74161:inst|f74161:sub|9        ; eastwest:inst|daomo60:inst|mo60tongbu:inst|mo10tongbu:inst|74161:inst|f74161:sub|9        ; pin_name     ; pin_name    ; 0.000        ; 0.037      ; 0.307      ;
; 0.166 ; eastwest:inst|daomo60:inst|mo60tongbu:inst|mo6tongbu:inst14|74161:inst|f74161:sub|99      ; eastwest:inst|daomo60:inst|mo60tongbu:inst|mo6tongbu:inst14|74161:inst|f74161:sub|99      ; pin_name     ; pin_name    ; 0.000        ; 0.037      ; 0.307      ;
; 0.166 ; eastwest:inst|leidao60:inst5|mo60tongbu:inst|mo6tongbu:inst14|74161:inst|f74161:sub|99    ; eastwest:inst|leidao60:inst5|mo60tongbu:inst|mo6tongbu:inst14|74161:inst|f74161:sub|99    ; pin_name     ; pin_name    ; 0.000        ; 0.037      ; 0.307      ;
; 0.166 ; eastwest:inst|daomo60:inst|mo60tongbu:inst|mo10tongbu:inst|74161:inst|f74161:sub|99       ; eastwest:inst|daomo60:inst|mo60tongbu:inst|mo10tongbu:inst|74161:inst|f74161:sub|99       ; pin_name     ; pin_name    ; 0.000        ; 0.037      ; 0.307      ;
; 0.166 ; eastwest:inst|daomo60:inst|mo60tongbu:inst|mo6tongbu:inst14|74161:inst|f74161:sub|87      ; eastwest:inst|daomo60:inst|mo60tongbu:inst|mo6tongbu:inst14|74161:inst|f74161:sub|87      ; pin_name     ; pin_name    ; 0.000        ; 0.037      ; 0.307      ;
; 0.166 ; eastwest:inst|leidao60:inst5|mo60tongbu:inst|mo6tongbu:inst14|74161:inst|f74161:sub|87    ; eastwest:inst|leidao60:inst5|mo60tongbu:inst|mo6tongbu:inst14|74161:inst|f74161:sub|87    ; pin_name     ; pin_name    ; 0.000        ; 0.037      ; 0.307      ;
; 0.166 ; eastwest:inst|daomo60:inst|mo60tongbu:inst|mo10tongbu:inst|74161:inst|f74161:sub|87       ; eastwest:inst|daomo60:inst|mo60tongbu:inst|mo10tongbu:inst|74161:inst|f74161:sub|87       ; pin_name     ; pin_name    ; 0.000        ; 0.037      ; 0.307      ;
; 0.166 ; eastwest:inst|daomo10:inst2|mo10tongbu:inst|74161:inst|f74161:sub|87                      ; eastwest:inst|daomo10:inst2|mo10tongbu:inst|74161:inst|f74161:sub|87                      ; pin_name     ; pin_name    ; 0.000        ; 0.037      ; 0.307      ;
; 0.166 ; eastwest:inst|daomo10:inst3|mo10tongbu:inst|74161:inst|f74161:sub|87                      ; eastwest:inst|daomo10:inst3|mo10tongbu:inst|74161:inst|f74161:sub|87                      ; pin_name     ; pin_name    ; 0.000        ; 0.037      ; 0.307      ;
; 0.167 ; southnorth:inst1|mo4control:inst4|74161:inst|f74161:sub|9                                 ; southnorth:inst1|mo4control:inst4|74161:inst|f74161:sub|9                                 ; pin_name     ; pin_name    ; 0.000        ; 0.036      ; 0.307      ;
; 0.167 ; southnorth:inst1|daomo60:inst|mo60tongbu:inst|mo6tongbu:inst14|74161:inst|f74161:sub|9    ; southnorth:inst1|daomo60:inst|mo60tongbu:inst|mo6tongbu:inst14|74161:inst|f74161:sub|9    ; pin_name     ; pin_name    ; 0.000        ; 0.036      ; 0.307      ;
; 0.167 ; southnorth:inst1|daomo60:inst|mo60tongbu:inst|mo10tongbu:inst|74161:inst|f74161:sub|110   ; southnorth:inst1|daomo60:inst|mo60tongbu:inst|mo10tongbu:inst|74161:inst|f74161:sub|110   ; pin_name     ; pin_name    ; 0.000        ; 0.036      ; 0.307      ;
; 0.167 ; southnorth:inst1|daomo60:inst|mo60tongbu:inst|mo6tongbu:inst14|74161:inst|f74161:sub|99   ; southnorth:inst1|daomo60:inst|mo60tongbu:inst|mo6tongbu:inst14|74161:inst|f74161:sub|99   ; pin_name     ; pin_name    ; 0.000        ; 0.036      ; 0.307      ;
; 0.167 ; southnorth:inst1|daomo60:inst|mo60tongbu:inst|mo10tongbu:inst|74161:inst|f74161:sub|9     ; southnorth:inst1|daomo60:inst|mo60tongbu:inst|mo10tongbu:inst|74161:inst|f74161:sub|9     ; pin_name     ; pin_name    ; 0.000        ; 0.036      ; 0.307      ;
; 0.167 ; southnorth:inst1|daomo10:inst3|mo10tongbu:inst|74161:inst|f74161:sub|110                  ; southnorth:inst1|daomo10:inst3|mo10tongbu:inst|74161:inst|f74161:sub|110                  ; pin_name     ; pin_name    ; 0.000        ; 0.036      ; 0.307      ;
; 0.167 ; southnorth:inst1|daomo10:inst2|mo10tongbu:inst|74161:inst|f74161:sub|9                    ; southnorth:inst1|daomo10:inst2|mo10tongbu:inst|74161:inst|f74161:sub|9                    ; pin_name     ; pin_name    ; 0.000        ; 0.036      ; 0.307      ;
; 0.167 ; southnorth:inst1|daomo10:inst3|mo10tongbu:inst|74161:inst|f74161:sub|9                    ; southnorth:inst1|daomo10:inst3|mo10tongbu:inst|74161:inst|f74161:sub|9                    ; pin_name     ; pin_name    ; 0.000        ; 0.036      ; 0.307      ;
; 0.167 ; southnorth:inst1|daomo10:inst2|mo10tongbu:inst|74161:inst|f74161:sub|110                  ; southnorth:inst1|daomo10:inst2|mo10tongbu:inst|74161:inst|f74161:sub|110                  ; pin_name     ; pin_name    ; 0.000        ; 0.036      ; 0.307      ;
; 0.167 ; southnorth:inst1|leidao60:inst5|mo60tongbu:inst|mo10tongbu:inst|74161:inst|f74161:sub|9   ; southnorth:inst1|leidao60:inst5|mo60tongbu:inst|mo10tongbu:inst|74161:inst|f74161:sub|9   ; pin_name     ; pin_name    ; 0.000        ; 0.036      ; 0.307      ;
; 0.167 ; southnorth:inst1|leidao60:inst5|mo60tongbu:inst|mo10tongbu:inst|74161:inst|f74161:sub|110 ; southnorth:inst1|leidao60:inst5|mo60tongbu:inst|mo10tongbu:inst|74161:inst|f74161:sub|110 ; pin_name     ; pin_name    ; 0.000        ; 0.036      ; 0.307      ;
; 0.167 ; southnorth:inst1|daomo60:inst|mo60tongbu:inst|mo10tongbu:inst|74161:inst|f74161:sub|99    ; southnorth:inst1|daomo60:inst|mo60tongbu:inst|mo10tongbu:inst|74161:inst|f74161:sub|99    ; pin_name     ; pin_name    ; 0.000        ; 0.036      ; 0.307      ;
; 0.167 ; southnorth:inst1|daomo60:inst|mo60tongbu:inst|mo6tongbu:inst14|74161:inst|f74161:sub|87   ; southnorth:inst1|daomo60:inst|mo60tongbu:inst|mo6tongbu:inst14|74161:inst|f74161:sub|87   ; pin_name     ; pin_name    ; 0.000        ; 0.036      ; 0.307      ;
; 0.167 ; southnorth:inst1|daomo60:inst|mo60tongbu:inst|mo10tongbu:inst|74161:inst|f74161:sub|87    ; southnorth:inst1|daomo60:inst|mo60tongbu:inst|mo10tongbu:inst|74161:inst|f74161:sub|87    ; pin_name     ; pin_name    ; 0.000        ; 0.036      ; 0.307      ;
; 0.167 ; southnorth:inst1|daomo10:inst3|mo10tongbu:inst|74161:inst|f74161:sub|99                   ; southnorth:inst1|daomo10:inst3|mo10tongbu:inst|74161:inst|f74161:sub|99                   ; pin_name     ; pin_name    ; 0.000        ; 0.036      ; 0.307      ;
; 0.167 ; southnorth:inst1|daomo10:inst2|mo10tongbu:inst|74161:inst|f74161:sub|99                   ; southnorth:inst1|daomo10:inst2|mo10tongbu:inst|74161:inst|f74161:sub|99                   ; pin_name     ; pin_name    ; 0.000        ; 0.036      ; 0.307      ;
; 0.167 ; eastwest:inst|leidao60:inst5|mo60tongbu:inst|mo10tongbu:inst|74161:inst|f74161:sub|9      ; eastwest:inst|leidao60:inst5|mo60tongbu:inst|mo10tongbu:inst|74161:inst|f74161:sub|9      ; pin_name     ; pin_name    ; 0.000        ; 0.036      ; 0.307      ;
; 0.167 ; eastwest:inst|mo4control:inst4|74161:inst|f74161:sub|87                                   ; eastwest:inst|mo4control:inst4|74161:inst|f74161:sub|87                                   ; pin_name     ; pin_name    ; 0.000        ; 0.036      ; 0.307      ;
; 0.167 ; eastwest:inst|mo4control:inst4|74161:inst|f74161:sub|9                                    ; eastwest:inst|mo4control:inst4|74161:inst|f74161:sub|9                                    ; pin_name     ; pin_name    ; 0.000        ; 0.036      ; 0.307      ;
; 0.167 ; eastwest:inst|leidao60:inst5|mo60tongbu:inst|mo10tongbu:inst|74161:inst|f74161:sub|110    ; eastwest:inst|leidao60:inst5|mo60tongbu:inst|mo10tongbu:inst|74161:inst|f74161:sub|110    ; pin_name     ; pin_name    ; 0.000        ; 0.036      ; 0.307      ;
; 0.167 ; eastwest:inst|leidao60:inst5|mo60tongbu:inst|mo10tongbu:inst|74161:inst|f74161:sub|99     ; eastwest:inst|leidao60:inst5|mo60tongbu:inst|mo10tongbu:inst|74161:inst|f74161:sub|99     ; pin_name     ; pin_name    ; 0.000        ; 0.036      ; 0.307      ;
; 0.167 ; eastwest:inst|leidao60:inst5|mo60tongbu:inst|mo6tongbu:inst14|74161:inst|f74161:sub|9     ; eastwest:inst|leidao60:inst5|mo60tongbu:inst|mo6tongbu:inst14|74161:inst|f74161:sub|9     ; pin_name     ; pin_name    ; 0.000        ; 0.036      ; 0.307      ;
; 0.167 ; eastwest:inst|daomo10:inst2|mo10tongbu:inst|74161:inst|f74161:sub|110                     ; eastwest:inst|daomo10:inst2|mo10tongbu:inst|74161:inst|f74161:sub|110                     ; pin_name     ; pin_name    ; 0.000        ; 0.036      ; 0.307      ;
; 0.167 ; eastwest:inst|daomo10:inst3|mo10tongbu:inst|74161:inst|f74161:sub|9                       ; eastwest:inst|daomo10:inst3|mo10tongbu:inst|74161:inst|f74161:sub|9                       ; pin_name     ; pin_name    ; 0.000        ; 0.036      ; 0.307      ;
; 0.167 ; eastwest:inst|daomo10:inst2|mo10tongbu:inst|74161:inst|f74161:sub|9                       ; eastwest:inst|daomo10:inst2|mo10tongbu:inst|74161:inst|f74161:sub|9                       ; pin_name     ; pin_name    ; 0.000        ; 0.036      ; 0.307      ;
; 0.167 ; eastwest:inst|daomo10:inst3|mo10tongbu:inst|74161:inst|f74161:sub|110                     ; eastwest:inst|daomo10:inst3|mo10tongbu:inst|74161:inst|f74161:sub|110                     ; pin_name     ; pin_name    ; 0.000        ; 0.036      ; 0.307      ;
; 0.167 ; eastwest:inst|daomo10:inst2|mo10tongbu:inst|74161:inst|f74161:sub|99                      ; eastwest:inst|daomo10:inst2|mo10tongbu:inst|74161:inst|f74161:sub|99                      ; pin_name     ; pin_name    ; 0.000        ; 0.036      ; 0.307      ;
; 0.167 ; eastwest:inst|daomo10:inst3|mo10tongbu:inst|74161:inst|f74161:sub|99                      ; eastwest:inst|daomo10:inst3|mo10tongbu:inst|74161:inst|f74161:sub|99                      ; pin_name     ; pin_name    ; 0.000        ; 0.036      ; 0.307      ;
; 0.185 ; southnorth:inst1|daomo60:inst|mo60tongbu:inst|mo6tongbu:inst14|74161:inst|f74161:sub|9    ; southnorth:inst1|daomo60:inst|mo60tongbu:inst|mo6tongbu:inst14|74161:inst|f74161:sub|99   ; pin_name     ; pin_name    ; 0.000        ; 0.036      ; 0.325      ;
; 0.186 ; southnorth:inst1|daomo60:inst|mo60tongbu:inst|mo6tongbu:inst14|74161:inst|f74161:sub|9    ; southnorth:inst1|daomo60:inst|mo60tongbu:inst|mo6tongbu:inst14|74161:inst|f74161:sub|87   ; pin_name     ; pin_name    ; 0.000        ; 0.036      ; 0.326      ;
; 0.187 ; southnorth:inst1|leidao60:inst5|mo60tongbu:inst|mo6tongbu:inst14|74161:inst|f74161:sub|87 ; southnorth:inst1|leidao60:inst5|mo60tongbu:inst|mo6tongbu:inst14|74161:inst|f74161:sub|99 ; pin_name     ; pin_name    ; 0.000        ; 0.037      ; 0.328      ;
; 0.188 ; southnorth:inst1|daomo10:inst3|mo10tongbu:inst|74161:inst|f74161:sub|99                   ; southnorth:inst1|daomo10:inst3|mo10tongbu:inst|74161:inst|f74161:sub|110                  ; pin_name     ; pin_name    ; 0.000        ; 0.036      ; 0.328      ;
; 0.191 ; southnorth:inst1|leidao60:inst5|mo60tongbu:inst|mo6tongbu:inst14|74161:inst|f74161:sub|99 ; southnorth:inst1|leidao60:inst5|mo60tongbu:inst|mo6tongbu:inst14|74161:inst|f74161:sub|87 ; pin_name     ; pin_name    ; 0.000        ; 0.037      ; 0.332      ;
; 0.205 ; southnorth:inst1|daomo60:inst|mo60tongbu:inst|mo10tongbu:inst|74161:inst|f74161:sub|9     ; southnorth:inst1|daomo60:inst|mo60tongbu:inst|mo6tongbu:inst14|74161:inst|f74161:sub|9    ; pin_name     ; pin_name    ; 0.000        ; 0.036      ; 0.345      ;
; 0.207 ; southnorth:inst1|daomo10:inst2|mo10tongbu:inst|74161:inst|f74161:sub|9                    ; southnorth:inst1|daomo10:inst2|mo10tongbu:inst|74161:inst|f74161:sub|110                  ; pin_name     ; pin_name    ; 0.000        ; 0.036      ; 0.347      ;
; 0.209 ; southnorth:inst1|mo4control:inst4|74161:inst|f74161:sub|9                                 ; southnorth:inst1|daomo10:inst2|mo10tongbu:inst|74161:inst|f74161:sub|9                    ; pin_name     ; pin_name    ; 0.000        ; 0.036      ; 0.349      ;
; 0.209 ; southnorth:inst1|mo4control:inst4|74161:inst|f74161:sub|9                                 ; southnorth:inst1|daomo10:inst3|mo10tongbu:inst|74161:inst|f74161:sub|9                    ; pin_name     ; pin_name    ; 0.000        ; 0.036      ; 0.349      ;
; 0.209 ; southnorth:inst1|mo4control:inst4|74161:inst|f74161:sub|9                                 ; southnorth:inst1|leidao60:inst5|mo60tongbu:inst|mo10tongbu:inst|74161:inst|f74161:sub|9   ; pin_name     ; pin_name    ; 0.000        ; 0.036      ; 0.349      ;
; 0.209 ; eastwest:inst|daomo10:inst3|mo10tongbu:inst|74161:inst|f74161:sub|110                     ; eastwest:inst|daomo10:inst3|mo10tongbu:inst|74161:inst|f74161:sub|9                       ; pin_name     ; pin_name    ; 0.000        ; 0.036      ; 0.349      ;
; 0.253 ; eastwest:inst|daomo60:inst|mo60tongbu:inst|mo6tongbu:inst14|74161:inst|f74161:sub|9       ; eastwest:inst|daomo60:inst|mo60tongbu:inst|mo6tongbu:inst14|74161:inst|f74161:sub|87      ; pin_name     ; pin_name    ; 0.000        ; 0.037      ; 0.394      ;
; 0.259 ; southnorth:inst1|daomo60:inst|mo60tongbu:inst|mo10tongbu:inst|74161:inst|f74161:sub|110   ; southnorth:inst1|daomo60:inst|mo60tongbu:inst|mo10tongbu:inst|74161:inst|f74161:sub|9     ; pin_name     ; pin_name    ; 0.000        ; 0.036      ; 0.399      ;
; 0.260 ; eastwest:inst|leidao60:inst5|mo60tongbu:inst|mo10tongbu:inst|74161:inst|f74161:sub|110    ; eastwest:inst|leidao60:inst5|mo60tongbu:inst|mo10tongbu:inst|74161:inst|f74161:sub|9      ; pin_name     ; pin_name    ; 0.000        ; 0.036      ; 0.400      ;
; 0.261 ; eastwest:inst|leidao60:inst5|mo60tongbu:inst|mo10tongbu:inst|74161:inst|f74161:sub|99     ; eastwest:inst|leidao60:inst5|mo60tongbu:inst|mo10tongbu:inst|74161:inst|f74161:sub|110    ; pin_name     ; pin_name    ; 0.000        ; 0.036      ; 0.401      ;
; 0.265 ; southnorth:inst1|leidao60:inst5|mo60tongbu:inst|mo10tongbu:inst|74161:inst|f74161:sub|110 ; southnorth:inst1|leidao60:inst5|mo60tongbu:inst|mo6tongbu:inst14|74161:inst|f74161:sub|9  ; pin_name     ; pin_name    ; 0.000        ; 0.036      ; 0.405      ;
; 0.279 ; eastwest:inst|daomo10:inst2|mo10tongbu:inst|74161:inst|f74161:sub|110                     ; eastwest:inst|daomo10:inst2|mo10tongbu:inst|74161:inst|f74161:sub|9                       ; pin_name     ; pin_name    ; 0.000        ; 0.036      ; 0.419      ;
; 0.285 ; southnorth:inst1|daomo60:inst|mo60tongbu:inst|mo10tongbu:inst|74161:inst|f74161:sub|99    ; southnorth:inst1|daomo60:inst|mo60tongbu:inst|mo10tongbu:inst|74161:inst|f74161:sub|110   ; pin_name     ; pin_name    ; 0.000        ; 0.036      ; 0.425      ;
; 0.285 ; eastwest:inst|daomo60:inst|mo60tongbu:inst|mo10tongbu:inst|74161:inst|f74161:sub|99       ; eastwest:inst|daomo60:inst|mo60tongbu:inst|mo10tongbu:inst|74161:inst|f74161:sub|110      ; pin_name     ; pin_name    ; 0.000        ; 0.037      ; 0.426      ;
; 0.286 ; southnorth:inst1|daomo60:inst|mo60tongbu:inst|mo6tongbu:inst14|74161:inst|f74161:sub|87   ; southnorth:inst1|daomo60:inst|mo60tongbu:inst|mo6tongbu:inst14|74161:inst|f74161:sub|99   ; pin_name     ; pin_name    ; 0.000        ; 0.036      ; 0.426      ;
; 0.286 ; southnorth:inst1|daomo10:inst2|mo10tongbu:inst|74161:inst|f74161:sub|99                   ; southnorth:inst1|daomo10:inst2|mo10tongbu:inst|74161:inst|f74161:sub|110                  ; pin_name     ; pin_name    ; 0.000        ; 0.036      ; 0.426      ;
; 0.286 ; eastwest:inst|daomo60:inst|mo60tongbu:inst|mo6tongbu:inst14|74161:inst|f74161:sub|87      ; eastwest:inst|daomo60:inst|mo60tongbu:inst|mo6tongbu:inst14|74161:inst|f74161:sub|99      ; pin_name     ; pin_name    ; 0.000        ; 0.037      ; 0.427      ;
; 0.286 ; eastwest:inst|daomo10:inst2|mo10tongbu:inst|74161:inst|f74161:sub|99                      ; eastwest:inst|daomo10:inst2|mo10tongbu:inst|74161:inst|f74161:sub|110                     ; pin_name     ; pin_name    ; 0.000        ; 0.036      ; 0.426      ;
; 0.287 ; eastwest:inst|daomo10:inst3|mo10tongbu:inst|74161:inst|f74161:sub|99                      ; eastwest:inst|daomo10:inst3|mo10tongbu:inst|74161:inst|f74161:sub|110                     ; pin_name     ; pin_name    ; 0.000        ; 0.036      ; 0.427      ;
; 0.288 ; southnorth:inst1|leidao60:inst5|mo60tongbu:inst|mo6tongbu:inst14|74161:inst|f74161:sub|9  ; southnorth:inst1|leidao60:inst5|mo60tongbu:inst|mo6tongbu:inst14|74161:inst|f74161:sub|99 ; pin_name     ; pin_name    ; 0.000        ; 0.037      ; 0.429      ;
; 0.294 ; eastwest:inst|daomo60:inst|mo60tongbu:inst|mo6tongbu:inst14|74161:inst|f74161:sub|9       ; eastwest:inst|daomo60:inst|mo60tongbu:inst|mo6tongbu:inst14|74161:inst|f74161:sub|99      ; pin_name     ; pin_name    ; 0.000        ; 0.037      ; 0.435      ;
; 0.306 ; southnorth:inst1|daomo60:inst|mo60tongbu:inst|mo10tongbu:inst|74161:inst|f74161:sub|110   ; southnorth:inst1|daomo60:inst|mo60tongbu:inst|mo6tongbu:inst14|74161:inst|f74161:sub|9    ; pin_name     ; pin_name    ; 0.000        ; 0.036      ; 0.446      ;
; 0.309 ; eastwest:inst|daomo60:inst|mo60tongbu:inst|mo10tongbu:inst|74161:inst|f74161:sub|9        ; eastwest:inst|daomo60:inst|mo60tongbu:inst|mo6tongbu:inst14|74161:inst|f74161:sub|9       ; pin_name     ; pin_name    ; 0.000        ; 0.037      ; 0.450      ;
; 0.315 ; southnorth:inst1|leidao60:inst5|mo60tongbu:inst|mo6tongbu:inst14|74161:inst|f74161:sub|9  ; southnorth:inst1|leidao60:inst5|mo60tongbu:inst|mo6tongbu:inst14|74161:inst|f74161:sub|87 ; pin_name     ; pin_name    ; 0.000        ; 0.037      ; 0.456      ;
; 0.319 ; southnorth:inst1|daomo10:inst3|mo10tongbu:inst|74161:inst|f74161:sub|9                    ; southnorth:inst1|daomo10:inst3|mo10tongbu:inst|74161:inst|f74161:sub|110                  ; pin_name     ; pin_name    ; 0.000        ; 0.036      ; 0.459      ;
; 0.319 ; southnorth:inst1|leidao60:inst5|mo60tongbu:inst|mo10tongbu:inst|74161:inst|f74161:sub|9   ; southnorth:inst1|leidao60:inst5|mo60tongbu:inst|mo10tongbu:inst|74161:inst|f74161:sub|110 ; pin_name     ; pin_name    ; 0.000        ; 0.036      ; 0.459      ;
; 0.319 ; eastwest:inst|daomo60:inst|mo60tongbu:inst|mo10tongbu:inst|74161:inst|f74161:sub|9        ; eastwest:inst|daomo60:inst|mo60tongbu:inst|mo10tongbu:inst|74161:inst|f74161:sub|87       ; pin_name     ; pin_name    ; 0.000        ; 0.037      ; 0.460      ;
; 0.320 ; southnorth:inst1|daomo60:inst|mo60tongbu:inst|mo10tongbu:inst|74161:inst|f74161:sub|9     ; southnorth:inst1|daomo60:inst|mo60tongbu:inst|mo10tongbu:inst|74161:inst|f74161:sub|110   ; pin_name     ; pin_name    ; 0.000        ; 0.036      ; 0.460      ;
; 0.321 ; southnorth:inst1|daomo10:inst3|mo10tongbu:inst|74161:inst|f74161:sub|110                  ; southnorth:inst1|daomo10:inst3|mo10tongbu:inst|74161:inst|f74161:sub|9                    ; pin_name     ; pin_name    ; 0.000        ; 0.036      ; 0.461      ;
; 0.321 ; southnorth:inst1|daomo10:inst3|mo10tongbu:inst|74161:inst|f74161:sub|110                  ; southnorth:inst1|daomo10:inst3|mo10tongbu:inst|74161:inst|f74161:sub|99                   ; pin_name     ; pin_name    ; 0.000        ; 0.036      ; 0.461      ;
; 0.323 ; eastwest:inst|mo4control:inst4|74161:inst|f74161:sub|87                                   ; eastwest:inst|daomo10:inst3|mo10tongbu:inst|74161:inst|f74161:sub|9                       ; pin_name     ; pin_name    ; 0.000        ; 0.036      ; 0.463      ;
; 0.323 ; eastwest:inst|daomo60:inst|mo60tongbu:inst|mo10tongbu:inst|74161:inst|f74161:sub|9        ; eastwest:inst|daomo60:inst|mo60tongbu:inst|mo10tongbu:inst|74161:inst|f74161:sub|110      ; pin_name     ; pin_name    ; 0.000        ; 0.037      ; 0.464      ;
; 0.324 ; southnorth:inst1|daomo10:inst2|mo10tongbu:inst|74161:inst|f74161:sub|9                    ; southnorth:inst1|daomo10:inst2|mo10tongbu:inst|74161:inst|f74161:sub|99                   ; pin_name     ; pin_name    ; 0.000        ; 0.036      ; 0.464      ;
; 0.324 ; eastwest:inst|daomo10:inst2|mo10tongbu:inst|74161:inst|f74161:sub|9                       ; eastwest:inst|daomo10:inst2|mo10tongbu:inst|74161:inst|f74161:sub|110                     ; pin_name     ; pin_name    ; 0.000        ; 0.036      ; 0.464      ;
; 0.325 ; southnorth:inst1|daomo10:inst3|mo10tongbu:inst|74161:inst|f74161:sub|110                  ; southnorth:inst1|daomo10:inst3|mo10tongbu:inst|74161:inst|f74161:sub|87                   ; pin_name     ; pin_name    ; 0.000        ; 0.036      ; 0.465      ;
; 0.325 ; eastwest:inst|mo4control:inst4|74161:inst|f74161:sub|9                                    ; eastwest:inst|daomo10:inst3|mo10tongbu:inst|74161:inst|f74161:sub|9                       ; pin_name     ; pin_name    ; 0.000        ; 0.036      ; 0.465      ;
; 0.326 ; eastwest:inst|daomo10:inst3|mo10tongbu:inst|74161:inst|f74161:sub|110                     ; eastwest:inst|daomo10:inst3|mo10tongbu:inst|74161:inst|f74161:sub|99                      ; pin_name     ; pin_name    ; 0.000        ; 0.036      ; 0.466      ;
; 0.327 ; southnorth:inst1|daomo60:inst|mo60tongbu:inst|mo10tongbu:inst|74161:inst|f74161:sub|110   ; southnorth:inst1|daomo60:inst|mo60tongbu:inst|mo10tongbu:inst|74161:inst|f74161:sub|99    ; pin_name     ; pin_name    ; 0.000        ; 0.036      ; 0.467      ;
; 0.327 ; southnorth:inst1|daomo60:inst|mo60tongbu:inst|mo10tongbu:inst|74161:inst|f74161:sub|110   ; southnorth:inst1|daomo60:inst|mo60tongbu:inst|mo10tongbu:inst|74161:inst|f74161:sub|87    ; pin_name     ; pin_name    ; 0.000        ; 0.036      ; 0.467      ;
; 0.327 ; eastwest:inst|mo4control:inst4|74161:inst|f74161:sub|87                                   ; eastwest:inst|leidao60:inst5|mo60tongbu:inst|mo10tongbu:inst|74161:inst|f74161:sub|9      ; pin_name     ; pin_name    ; 0.000        ; 0.036      ; 0.467      ;
; 0.328 ; eastwest:inst|mo4control:inst4|74161:inst|f74161:sub|9                                    ; eastwest:inst|mo4control:inst4|74161:inst|f74161:sub|87                                   ; pin_name     ; pin_name    ; 0.000        ; 0.036      ; 0.468      ;
; 0.329 ; southnorth:inst1|mo4control:inst4|74161:inst|f74161:sub|87                                ; southnorth:inst1|daomo10:inst2|mo10tongbu:inst|74161:inst|f74161:sub|9                    ; pin_name     ; pin_name    ; 0.000        ; 0.036      ; 0.469      ;
; 0.330 ; eastwest:inst|mo4control:inst4|74161:inst|f74161:sub|9                                    ; eastwest:inst|daomo10:inst2|mo10tongbu:inst|74161:inst|f74161:sub|9                       ; pin_name     ; pin_name    ; 0.000        ; 0.036      ; 0.470      ;
; 0.331 ; southnorth:inst1|daomo10:inst3|mo10tongbu:inst|74161:inst|f74161:sub|9                    ; southnorth:inst1|daomo10:inst3|mo10tongbu:inst|74161:inst|f74161:sub|99                   ; pin_name     ; pin_name    ; 0.000        ; 0.036      ; 0.471      ;
; 0.334 ; southnorth:inst1|mo4control:inst4|74161:inst|f74161:sub|87                                ; southnorth:inst1|daomo10:inst3|mo10tongbu:inst|74161:inst|f74161:sub|9                    ; pin_name     ; pin_name    ; 0.000        ; 0.036      ; 0.474      ;
; 0.334 ; eastwest:inst|daomo60:inst|mo60tongbu:inst|mo10tongbu:inst|74161:inst|f74161:sub|9        ; eastwest:inst|daomo60:inst|mo60tongbu:inst|mo10tongbu:inst|74161:inst|f74161:sub|99       ; pin_name     ; pin_name    ; 0.000        ; 0.037      ; 0.475      ;
; 0.345 ; southnorth:inst1|daomo60:inst|mo60tongbu:inst|mo10tongbu:inst|74161:inst|f74161:sub|87    ; southnorth:inst1|daomo60:inst|mo60tongbu:inst|mo10tongbu:inst|74161:inst|f74161:sub|110   ; pin_name     ; pin_name    ; 0.000        ; 0.036      ; 0.485      ;
; 0.345 ; southnorth:inst1|daomo60:inst|mo60tongbu:inst|mo10tongbu:inst|74161:inst|f74161:sub|87    ; southnorth:inst1|daomo60:inst|mo60tongbu:inst|mo10tongbu:inst|74161:inst|f74161:sub|99    ; pin_name     ; pin_name    ; 0.000        ; 0.036      ; 0.485      ;
; 0.347 ; eastwest:inst|mo4control:inst4|74161:inst|f74161:sub|87                                   ; eastwest:inst|daomo10:inst2|mo10tongbu:inst|74161:inst|f74161:sub|9                       ; pin_name     ; pin_name    ; 0.000        ; 0.036      ; 0.487      ;
; 0.349 ; southnorth:inst1|leidao60:inst5|mo60tongbu:inst|mo10tongbu:inst|74161:inst|f74161:sub|110 ; southnorth:inst1|leidao60:inst5|mo60tongbu:inst|mo10tongbu:inst|74161:inst|f74161:sub|87  ; pin_name     ; pin_name    ; 0.000        ; 0.037      ; 0.490      ;
; 0.349 ; eastwest:inst|mo4control:inst4|74161:inst|f74161:sub|9                                    ; eastwest:inst|leidao60:inst5|mo60tongbu:inst|mo10tongbu:inst|74161:inst|f74161:sub|9      ; pin_name     ; pin_name    ; 0.000        ; 0.036      ; 0.489      ;
+-------+-------------------------------------------------------------------------------------------+-------------------------------------------------------------------------------------------+--------------+-------------+--------------+------------+------------+


+------------------------------------------------------------------------------------------------------------------------------------------------------------------------------+
; Fast 1200mV 0C Model Minimum Pulse Width: 'pin_name'                                                                                                                         ;
+--------+--------------+----------------+-----------------+----------+------------+-------------------------------------------------------------------------------------------+
; Slack  ; Actual Width ; Required Width ; Type            ; Clock    ; Clock Edge ; Target                                                                                    ;
+--------+--------------+----------------+-----------------+----------+------------+-------------------------------------------------------------------------------------------+
; -3.000 ; 1.000        ; 4.000          ; Port Rate       ; pin_name ; Rise       ; pin_name                                                                                  ;
; -1.000 ; 1.000        ; 2.000          ; Min Period      ; pin_name ; Rise       ; eastwest:inst|daomo10:inst2|mo10tongbu:inst|74161:inst|f74161:sub|110                     ;
; -1.000 ; 1.000        ; 2.000          ; Min Period      ; pin_name ; Rise       ; eastwest:inst|daomo10:inst2|mo10tongbu:inst|74161:inst|f74161:sub|87                      ;
; -1.000 ; 1.000        ; 2.000          ; Min Period      ; pin_name ; Rise       ; eastwest:inst|daomo10:inst2|mo10tongbu:inst|74161:inst|f74161:sub|9                       ;
; -1.000 ; 1.000        ; 2.000          ; Min Period      ; pin_name ; Rise       ; eastwest:inst|daomo10:inst2|mo10tongbu:inst|74161:inst|f74161:sub|99                      ;
; -1.000 ; 1.000        ; 2.000          ; Min Period      ; pin_name ; Rise       ; eastwest:inst|daomo10:inst3|mo10tongbu:inst|74161:inst|f74161:sub|110                     ;
; -1.000 ; 1.000        ; 2.000          ; Min Period      ; pin_name ; Rise       ; eastwest:inst|daomo10:inst3|mo10tongbu:inst|74161:inst|f74161:sub|87                      ;
; -1.000 ; 1.000        ; 2.000          ; Min Period      ; pin_name ; Rise       ; eastwest:inst|daomo10:inst3|mo10tongbu:inst|74161:inst|f74161:sub|9                       ;
; -1.000 ; 1.000        ; 2.000          ; Min Period      ; pin_name ; Rise       ; eastwest:inst|daomo10:inst3|mo10tongbu:inst|74161:inst|f74161:sub|99                      ;
; -1.000 ; 1.000        ; 2.000          ; Min Period      ; pin_name ; Rise       ; eastwest:inst|daomo60:inst|mo60tongbu:inst|mo10tongbu:inst|74161:inst|f74161:sub|110      ;
; -1.000 ; 1.000        ; 2.000          ; Min Period      ; pin_name ; Rise       ; eastwest:inst|daomo60:inst|mo60tongbu:inst|mo10tongbu:inst|74161:inst|f74161:sub|87       ;
; -1.000 ; 1.000        ; 2.000          ; Min Period      ; pin_name ; Rise       ; eastwest:inst|daomo60:inst|mo60tongbu:inst|mo10tongbu:inst|74161:inst|f74161:sub|9        ;
; -1.000 ; 1.000        ; 2.000          ; Min Period      ; pin_name ; Rise       ; eastwest:inst|daomo60:inst|mo60tongbu:inst|mo10tongbu:inst|74161:inst|f74161:sub|99       ;
; -1.000 ; 1.000        ; 2.000          ; Min Period      ; pin_name ; Rise       ; eastwest:inst|daomo60:inst|mo60tongbu:inst|mo6tongbu:inst14|74161:inst|f74161:sub|87      ;
; -1.000 ; 1.000        ; 2.000          ; Min Period      ; pin_name ; Rise       ; eastwest:inst|daomo60:inst|mo60tongbu:inst|mo6tongbu:inst14|74161:inst|f74161:sub|9       ;
; -1.000 ; 1.000        ; 2.000          ; Min Period      ; pin_name ; Rise       ; eastwest:inst|daomo60:inst|mo60tongbu:inst|mo6tongbu:inst14|74161:inst|f74161:sub|99      ;
; -1.000 ; 1.000        ; 2.000          ; Min Period      ; pin_name ; Rise       ; eastwest:inst|leidao60:inst5|mo60tongbu:inst|mo10tongbu:inst|74161:inst|f74161:sub|110    ;
; -1.000 ; 1.000        ; 2.000          ; Min Period      ; pin_name ; Rise       ; eastwest:inst|leidao60:inst5|mo60tongbu:inst|mo10tongbu:inst|74161:inst|f74161:sub|87     ;
; -1.000 ; 1.000        ; 2.000          ; Min Period      ; pin_name ; Rise       ; eastwest:inst|leidao60:inst5|mo60tongbu:inst|mo10tongbu:inst|74161:inst|f74161:sub|9      ;
; -1.000 ; 1.000        ; 2.000          ; Min Period      ; pin_name ; Rise       ; eastwest:inst|leidao60:inst5|mo60tongbu:inst|mo10tongbu:inst|74161:inst|f74161:sub|99     ;
; -1.000 ; 1.000        ; 2.000          ; Min Period      ; pin_name ; Rise       ; eastwest:inst|leidao60:inst5|mo60tongbu:inst|mo6tongbu:inst14|74161:inst|f74161:sub|87    ;
; -1.000 ; 1.000        ; 2.000          ; Min Period      ; pin_name ; Rise       ; eastwest:inst|leidao60:inst5|mo60tongbu:inst|mo6tongbu:inst14|74161:inst|f74161:sub|9     ;
; -1.000 ; 1.000        ; 2.000          ; Min Period      ; pin_name ; Rise       ; eastwest:inst|leidao60:inst5|mo60tongbu:inst|mo6tongbu:inst14|74161:inst|f74161:sub|99    ;
; -1.000 ; 1.000        ; 2.000          ; Min Period      ; pin_name ; Rise       ; eastwest:inst|mo4control:inst4|74161:inst|f74161:sub|87                                   ;
; -1.000 ; 1.000        ; 2.000          ; Min Period      ; pin_name ; Rise       ; eastwest:inst|mo4control:inst4|74161:inst|f74161:sub|9                                    ;
; -1.000 ; 1.000        ; 2.000          ; Min Period      ; pin_name ; Rise       ; southnorth:inst1|daomo10:inst2|mo10tongbu:inst|74161:inst|f74161:sub|110                  ;
; -1.000 ; 1.000        ; 2.000          ; Min Period      ; pin_name ; Rise       ; southnorth:inst1|daomo10:inst2|mo10tongbu:inst|74161:inst|f74161:sub|87                   ;
; -1.000 ; 1.000        ; 2.000          ; Min Period      ; pin_name ; Rise       ; southnorth:inst1|daomo10:inst2|mo10tongbu:inst|74161:inst|f74161:sub|9                    ;
; -1.000 ; 1.000        ; 2.000          ; Min Period      ; pin_name ; Rise       ; southnorth:inst1|daomo10:inst2|mo10tongbu:inst|74161:inst|f74161:sub|99                   ;
; -1.000 ; 1.000        ; 2.000          ; Min Period      ; pin_name ; Rise       ; southnorth:inst1|daomo10:inst3|mo10tongbu:inst|74161:inst|f74161:sub|110                  ;
; -1.000 ; 1.000        ; 2.000          ; Min Period      ; pin_name ; Rise       ; southnorth:inst1|daomo10:inst3|mo10tongbu:inst|74161:inst|f74161:sub|87                   ;
; -1.000 ; 1.000        ; 2.000          ; Min Period      ; pin_name ; Rise       ; southnorth:inst1|daomo10:inst3|mo10tongbu:inst|74161:inst|f74161:sub|9                    ;
; -1.000 ; 1.000        ; 2.000          ; Min Period      ; pin_name ; Rise       ; southnorth:inst1|daomo10:inst3|mo10tongbu:inst|74161:inst|f74161:sub|99                   ;
; -1.000 ; 1.000        ; 2.000          ; Min Period      ; pin_name ; Rise       ; southnorth:inst1|daomo60:inst|mo60tongbu:inst|mo10tongbu:inst|74161:inst|f74161:sub|110   ;
; -1.000 ; 1.000        ; 2.000          ; Min Period      ; pin_name ; Rise       ; southnorth:inst1|daomo60:inst|mo60tongbu:inst|mo10tongbu:inst|74161:inst|f74161:sub|87    ;
; -1.000 ; 1.000        ; 2.000          ; Min Period      ; pin_name ; Rise       ; southnorth:inst1|daomo60:inst|mo60tongbu:inst|mo10tongbu:inst|74161:inst|f74161:sub|9     ;
; -1.000 ; 1.000        ; 2.000          ; Min Period      ; pin_name ; Rise       ; southnorth:inst1|daomo60:inst|mo60tongbu:inst|mo10tongbu:inst|74161:inst|f74161:sub|99    ;
; -1.000 ; 1.000        ; 2.000          ; Min Period      ; pin_name ; Rise       ; southnorth:inst1|daomo60:inst|mo60tongbu:inst|mo6tongbu:inst14|74161:inst|f74161:sub|87   ;
; -1.000 ; 1.000        ; 2.000          ; Min Period      ; pin_name ; Rise       ; southnorth:inst1|daomo60:inst|mo60tongbu:inst|mo6tongbu:inst14|74161:inst|f74161:sub|9    ;
; -1.000 ; 1.000        ; 2.000          ; Min Period      ; pin_name ; Rise       ; southnorth:inst1|daomo60:inst|mo60tongbu:inst|mo6tongbu:inst14|74161:inst|f74161:sub|99   ;
; -1.000 ; 1.000        ; 2.000          ; Min Period      ; pin_name ; Rise       ; southnorth:inst1|leidao60:inst5|mo60tongbu:inst|mo10tongbu:inst|74161:inst|f74161:sub|110 ;
; -1.000 ; 1.000        ; 2.000          ; Min Period      ; pin_name ; Rise       ; southnorth:inst1|leidao60:inst5|mo60tongbu:inst|mo10tongbu:inst|74161:inst|f74161:sub|87  ;
; -1.000 ; 1.000        ; 2.000          ; Min Period      ; pin_name ; Rise       ; southnorth:inst1|leidao60:inst5|mo60tongbu:inst|mo10tongbu:inst|74161:inst|f74161:sub|9   ;
; -1.000 ; 1.000        ; 2.000          ; Min Period      ; pin_name ; Rise       ; southnorth:inst1|leidao60:inst5|mo60tongbu:inst|mo10tongbu:inst|74161:inst|f74161:sub|99  ;
; -1.000 ; 1.000        ; 2.000          ; Min Period      ; pin_name ; Rise       ; southnorth:inst1|leidao60:inst5|mo60tongbu:inst|mo6tongbu:inst14|74161:inst|f74161:sub|87 ;
; -1.000 ; 1.000        ; 2.000          ; Min Period      ; pin_name ; Rise       ; southnorth:inst1|leidao60:inst5|mo60tongbu:inst|mo6tongbu:inst14|74161:inst|f74161:sub|9  ;
; -1.000 ; 1.000        ; 2.000          ; Min Period      ; pin_name ; Rise       ; southnorth:inst1|leidao60:inst5|mo60tongbu:inst|mo6tongbu:inst14|74161:inst|f74161:sub|99 ;
; -1.000 ; 1.000        ; 2.000          ; Min Period      ; pin_name ; Rise       ; southnorth:inst1|mo4control:inst4|74161:inst|f74161:sub|87                                ;
; -1.000 ; 1.000        ; 2.000          ; Min Period      ; pin_name ; Rise       ; southnorth:inst1|mo4control:inst4|74161:inst|f74161:sub|9                                 ;
; -0.062 ; 0.122        ; 0.184          ; Low Pulse Width ; pin_name ; Rise       ; southnorth:inst1|daomo10:inst2|mo10tongbu:inst|74161:inst|f74161:sub|110                  ;
; -0.062 ; 0.122        ; 0.184          ; Low Pulse Width ; pin_name ; Rise       ; southnorth:inst1|daomo10:inst2|mo10tongbu:inst|74161:inst|f74161:sub|87                   ;
; -0.062 ; 0.122        ; 0.184          ; Low Pulse Width ; pin_name ; Rise       ; southnorth:inst1|daomo10:inst2|mo10tongbu:inst|74161:inst|f74161:sub|9                    ;
; -0.062 ; 0.122        ; 0.184          ; Low Pulse Width ; pin_name ; Rise       ; southnorth:inst1|daomo10:inst2|mo10tongbu:inst|74161:inst|f74161:sub|99                   ;
; -0.062 ; 0.122        ; 0.184          ; Low Pulse Width ; pin_name ; Rise       ; southnorth:inst1|daomo10:inst3|mo10tongbu:inst|74161:inst|f74161:sub|110                  ;
; -0.062 ; 0.122        ; 0.184          ; Low Pulse Width ; pin_name ; Rise       ; southnorth:inst1|daomo10:inst3|mo10tongbu:inst|74161:inst|f74161:sub|87                   ;
; -0.062 ; 0.122        ; 0.184          ; Low Pulse Width ; pin_name ; Rise       ; southnorth:inst1|daomo10:inst3|mo10tongbu:inst|74161:inst|f74161:sub|9                    ;
; -0.062 ; 0.122        ; 0.184          ; Low Pulse Width ; pin_name ; Rise       ; southnorth:inst1|daomo10:inst3|mo10tongbu:inst|74161:inst|f74161:sub|99                   ;
; -0.062 ; 0.122        ; 0.184          ; Low Pulse Width ; pin_name ; Rise       ; southnorth:inst1|daomo60:inst|mo60tongbu:inst|mo10tongbu:inst|74161:inst|f74161:sub|110   ;
; -0.062 ; 0.122        ; 0.184          ; Low Pulse Width ; pin_name ; Rise       ; southnorth:inst1|daomo60:inst|mo60tongbu:inst|mo10tongbu:inst|74161:inst|f74161:sub|87    ;
; -0.062 ; 0.122        ; 0.184          ; Low Pulse Width ; pin_name ; Rise       ; southnorth:inst1|daomo60:inst|mo60tongbu:inst|mo10tongbu:inst|74161:inst|f74161:sub|9     ;
; -0.062 ; 0.122        ; 0.184          ; Low Pulse Width ; pin_name ; Rise       ; southnorth:inst1|daomo60:inst|mo60tongbu:inst|mo10tongbu:inst|74161:inst|f74161:sub|99    ;
; -0.062 ; 0.122        ; 0.184          ; Low Pulse Width ; pin_name ; Rise       ; southnorth:inst1|daomo60:inst|mo60tongbu:inst|mo6tongbu:inst14|74161:inst|f74161:sub|87   ;
; -0.062 ; 0.122        ; 0.184          ; Low Pulse Width ; pin_name ; Rise       ; southnorth:inst1|daomo60:inst|mo60tongbu:inst|mo6tongbu:inst14|74161:inst|f74161:sub|9    ;
; -0.062 ; 0.122        ; 0.184          ; Low Pulse Width ; pin_name ; Rise       ; southnorth:inst1|daomo60:inst|mo60tongbu:inst|mo6tongbu:inst14|74161:inst|f74161:sub|99   ;
; -0.062 ; 0.122        ; 0.184          ; Low Pulse Width ; pin_name ; Rise       ; southnorth:inst1|leidao60:inst5|mo60tongbu:inst|mo10tongbu:inst|74161:inst|f74161:sub|110 ;
; -0.062 ; 0.122        ; 0.184          ; Low Pulse Width ; pin_name ; Rise       ; southnorth:inst1|leidao60:inst5|mo60tongbu:inst|mo10tongbu:inst|74161:inst|f74161:sub|87  ;
; -0.062 ; 0.122        ; 0.184          ; Low Pulse Width ; pin_name ; Rise       ; southnorth:inst1|leidao60:inst5|mo60tongbu:inst|mo10tongbu:inst|74161:inst|f74161:sub|9   ;
; -0.062 ; 0.122        ; 0.184          ; Low Pulse Width ; pin_name ; Rise       ; southnorth:inst1|leidao60:inst5|mo60tongbu:inst|mo10tongbu:inst|74161:inst|f74161:sub|99  ;
; -0.062 ; 0.122        ; 0.184          ; Low Pulse Width ; pin_name ; Rise       ; southnorth:inst1|leidao60:inst5|mo60tongbu:inst|mo6tongbu:inst14|74161:inst|f74161:sub|87 ;
; -0.062 ; 0.122        ; 0.184          ; Low Pulse Width ; pin_name ; Rise       ; southnorth:inst1|leidao60:inst5|mo60tongbu:inst|mo6tongbu:inst14|74161:inst|f74161:sub|9  ;
; -0.062 ; 0.122        ; 0.184          ; Low Pulse Width ; pin_name ; Rise       ; southnorth:inst1|leidao60:inst5|mo60tongbu:inst|mo6tongbu:inst14|74161:inst|f74161:sub|99 ;
; -0.062 ; 0.122        ; 0.184          ; Low Pulse Width ; pin_name ; Rise       ; southnorth:inst1|mo4control:inst4|74161:inst|f74161:sub|87                                ;
; -0.062 ; 0.122        ; 0.184          ; Low Pulse Width ; pin_name ; Rise       ; southnorth:inst1|mo4control:inst4|74161:inst|f74161:sub|9                                 ;
; -0.061 ; 0.123        ; 0.184          ; Low Pulse Width ; pin_name ; Rise       ; eastwest:inst|daomo10:inst2|mo10tongbu:inst|74161:inst|f74161:sub|110                     ;
; -0.061 ; 0.123        ; 0.184          ; Low Pulse Width ; pin_name ; Rise       ; eastwest:inst|daomo10:inst2|mo10tongbu:inst|74161:inst|f74161:sub|9                       ;
; -0.061 ; 0.123        ; 0.184          ; Low Pulse Width ; pin_name ; Rise       ; eastwest:inst|daomo10:inst2|mo10tongbu:inst|74161:inst|f74161:sub|99                      ;
; -0.061 ; 0.123        ; 0.184          ; Low Pulse Width ; pin_name ; Rise       ; eastwest:inst|daomo10:inst3|mo10tongbu:inst|74161:inst|f74161:sub|110                     ;
; -0.061 ; 0.123        ; 0.184          ; Low Pulse Width ; pin_name ; Rise       ; eastwest:inst|daomo10:inst3|mo10tongbu:inst|74161:inst|f74161:sub|9                       ;
; -0.061 ; 0.123        ; 0.184          ; Low Pulse Width ; pin_name ; Rise       ; eastwest:inst|daomo10:inst3|mo10tongbu:inst|74161:inst|f74161:sub|99                      ;
; -0.061 ; 0.123        ; 0.184          ; Low Pulse Width ; pin_name ; Rise       ; eastwest:inst|leidao60:inst5|mo60tongbu:inst|mo10tongbu:inst|74161:inst|f74161:sub|110    ;
; -0.061 ; 0.123        ; 0.184          ; Low Pulse Width ; pin_name ; Rise       ; eastwest:inst|leidao60:inst5|mo60tongbu:inst|mo10tongbu:inst|74161:inst|f74161:sub|9      ;
; -0.061 ; 0.123        ; 0.184          ; Low Pulse Width ; pin_name ; Rise       ; eastwest:inst|mo4control:inst4|74161:inst|f74161:sub|87                                   ;
; -0.061 ; 0.123        ; 0.184          ; Low Pulse Width ; pin_name ; Rise       ; eastwest:inst|mo4control:inst4|74161:inst|f74161:sub|9                                    ;
; -0.060 ; 0.124        ; 0.184          ; Low Pulse Width ; pin_name ; Rise       ; eastwest:inst|daomo10:inst2|mo10tongbu:inst|74161:inst|f74161:sub|87                      ;
; -0.060 ; 0.124        ; 0.184          ; Low Pulse Width ; pin_name ; Rise       ; eastwest:inst|daomo10:inst3|mo10tongbu:inst|74161:inst|f74161:sub|87                      ;
; -0.060 ; 0.124        ; 0.184          ; Low Pulse Width ; pin_name ; Rise       ; eastwest:inst|daomo60:inst|mo60tongbu:inst|mo10tongbu:inst|74161:inst|f74161:sub|110      ;
; -0.060 ; 0.124        ; 0.184          ; Low Pulse Width ; pin_name ; Rise       ; eastwest:inst|daomo60:inst|mo60tongbu:inst|mo10tongbu:inst|74161:inst|f74161:sub|87       ;
; -0.060 ; 0.124        ; 0.184          ; Low Pulse Width ; pin_name ; Rise       ; eastwest:inst|daomo60:inst|mo60tongbu:inst|mo10tongbu:inst|74161:inst|f74161:sub|9        ;
; -0.060 ; 0.124        ; 0.184          ; Low Pulse Width ; pin_name ; Rise       ; eastwest:inst|daomo60:inst|mo60tongbu:inst|mo10tongbu:inst|74161:inst|f74161:sub|99       ;
; -0.060 ; 0.124        ; 0.184          ; Low Pulse Width ; pin_name ; Rise       ; eastwest:inst|daomo60:inst|mo60tongbu:inst|mo6tongbu:inst14|74161:inst|f74161:sub|87      ;
; -0.060 ; 0.124        ; 0.184          ; Low Pulse Width ; pin_name ; Rise       ; eastwest:inst|daomo60:inst|mo60tongbu:inst|mo6tongbu:inst14|74161:inst|f74161:sub|9       ;
; -0.060 ; 0.124        ; 0.184          ; Low Pulse Width ; pin_name ; Rise       ; eastwest:inst|daomo60:inst|mo60tongbu:inst|mo6tongbu:inst14|74161:inst|f74161:sub|99      ;
; -0.060 ; 0.124        ; 0.184          ; Low Pulse Width ; pin_name ; Rise       ; eastwest:inst|leidao60:inst5|mo60tongbu:inst|mo10tongbu:inst|74161:inst|f74161:sub|87     ;
; -0.060 ; 0.124        ; 0.184          ; Low Pulse Width ; pin_name ; Rise       ; eastwest:inst|leidao60:inst5|mo60tongbu:inst|mo10tongbu:inst|74161:inst|f74161:sub|99     ;
; -0.060 ; 0.124        ; 0.184          ; Low Pulse Width ; pin_name ; Rise       ; eastwest:inst|leidao60:inst5|mo60tongbu:inst|mo6tongbu:inst14|74161:inst|f74161:sub|87    ;
; -0.060 ; 0.124        ; 0.184          ; Low Pulse Width ; pin_name ; Rise       ; eastwest:inst|leidao60:inst5|mo60tongbu:inst|mo6tongbu:inst14|74161:inst|f74161:sub|9     ;
; -0.060 ; 0.124        ; 0.184          ; Low Pulse Width ; pin_name ; Rise       ; eastwest:inst|leidao60:inst5|mo60tongbu:inst|mo6tongbu:inst14|74161:inst|f74161:sub|99    ;
; 0.118  ; 0.118        ; 0.000          ; Low Pulse Width ; pin_name ; Rise       ; inst1|inst2|inst|inst|sub|110|clk                                                         ;
; 0.118  ; 0.118        ; 0.000          ; Low Pulse Width ; pin_name ; Rise       ; inst1|inst2|inst|inst|sub|87|clk                                                          ;
; 0.118  ; 0.118        ; 0.000          ; Low Pulse Width ; pin_name ; Rise       ; inst1|inst2|inst|inst|sub|99|clk                                                          ;
+--------+--------------+----------------+-----------------+----------+------------+-------------------------------------------------------------------------------------------+


+-----------------------------------------------------------------------+
; Clock to Output Times                                                 ;
+-----------+------------+-------+-------+------------+-----------------+
; Data Port ; Clock Port ; Rise  ; Fall  ; Clock Edge ; Clock Reference ;
+-----------+------------+-------+-------+------------+-----------------+
; ew1       ; pin_name   ; 4.321 ; 4.378 ; Rise       ; pin_name        ;
; ew2       ; pin_name   ; 3.781 ; 3.873 ; Rise       ; pin_name        ;
; ew3       ; pin_name   ; 4.051 ; 4.087 ; Rise       ; pin_name        ;
; ew4       ; pin_name   ; 5.089 ; 5.101 ; Rise       ; pin_name        ;
; ew5       ; pin_name   ; 3.742 ; 3.774 ; Rise       ; pin_name        ;
; ew6       ; pin_name   ; 4.631 ; 4.911 ; Rise       ; pin_name        ;
; ew7       ; pin_name   ; 4.027 ; 4.045 ; Rise       ; pin_name        ;
; ewgreen   ; pin_name   ; 3.758 ; 3.727 ; Rise       ; pin_name        ;
; ewred     ; pin_name   ; 2.979 ; 3.057 ; Rise       ; pin_name        ;
; ewyellow  ; pin_name   ; 3.620 ; 3.723 ; Rise       ; pin_name        ;
; sn1       ; pin_name   ; 5.140 ; 5.285 ; Rise       ; pin_name        ;
; sn2       ; pin_name   ; 4.132 ; 4.235 ; Rise       ; pin_name        ;
; sn3       ; pin_name   ; 4.325 ; 4.459 ; Rise       ; pin_name        ;
; sn4       ; pin_name   ; 4.476 ; 4.510 ; Rise       ; pin_name        ;
; sn5       ; pin_name   ; 4.953 ; 5.112 ; Rise       ; pin_name        ;
; sn6       ; pin_name   ; 4.203 ; 4.209 ; Rise       ; pin_name        ;
; sn7       ; pin_name   ; 5.282 ; 4.952 ; Rise       ; pin_name        ;
; sngreen   ; pin_name   ; 3.920 ; 3.926 ; Rise       ; pin_name        ;
; snred     ; pin_name   ; 3.750 ; 3.577 ; Rise       ; pin_name        ;
; snyellow  ; pin_name   ; 3.870 ; 4.061 ; Rise       ; pin_name        ;
+-----------+------------+-------+-------+------------+-----------------+


+-----------------------------------------------------------------------+
; Minimum Clock to Output Times                                         ;
+-----------+------------+-------+-------+------------+-----------------+
; Data Port ; Clock Port ; Rise  ; Fall  ; Clock Edge ; Clock Reference ;
+-----------+------------+-------+-------+------------+-----------------+
; ew1       ; pin_name   ; 3.537 ; 3.535 ; Rise       ; pin_name        ;
; ew2       ; pin_name   ; 3.268 ; 3.310 ; Rise       ; pin_name        ;
; ew3       ; pin_name   ; 3.308 ; 3.350 ; Rise       ; pin_name        ;
; ew4       ; pin_name   ; 4.317 ; 4.476 ; Rise       ; pin_name        ;
; ew5       ; pin_name   ; 3.313 ; 3.309 ; Rise       ; pin_name        ;
; ew6       ; pin_name   ; 3.790 ; 3.977 ; Rise       ; pin_name        ;
; ew7       ; pin_name   ; 3.265 ; 3.183 ; Rise       ; pin_name        ;
; ewgreen   ; pin_name   ; 3.636 ; 3.611 ; Rise       ; pin_name        ;
; ewred     ; pin_name   ; 2.923 ; 2.999 ; Rise       ; pin_name        ;
; ewyellow  ; pin_name   ; 3.499 ; 3.519 ; Rise       ; pin_name        ;
; sn1       ; pin_name   ; 4.515 ; 4.606 ; Rise       ; pin_name        ;
; sn2       ; pin_name   ; 3.617 ; 3.724 ; Rise       ; pin_name        ;
; sn3       ; pin_name   ; 3.746 ; 3.844 ; Rise       ; pin_name        ;
; sn4       ; pin_name   ; 3.676 ; 3.787 ; Rise       ; pin_name        ;
; sn5       ; pin_name   ; 4.401 ; 4.489 ; Rise       ; pin_name        ;
; sn6       ; pin_name   ; 3.357 ; 3.474 ; Rise       ; pin_name        ;
; sn7       ; pin_name   ; 4.123 ; 3.948 ; Rise       ; pin_name        ;
; sngreen   ; pin_name   ; 3.669 ; 3.769 ; Rise       ; pin_name        ;
; snred     ; pin_name   ; 3.663 ; 3.496 ; Rise       ; pin_name        ;
; snyellow  ; pin_name   ; 3.655 ; 3.816 ; Rise       ; pin_name        ;
+-----------+------------+-------+-------+------------+-----------------+


---------------------------------------------
; Fast 1200mV 0C Model Metastability Report ;
---------------------------------------------
No synchronizer chains to report.


+-------------------------------------------------------------------------------+
; Multicorner Timing Analysis Summary                                           ;
+------------------+---------+-------+----------+---------+---------------------+
; Clock            ; Setup   ; Hold  ; Recovery ; Removal ; Minimum Pulse Width ;
+------------------+---------+-------+----------+---------+---------------------+
; Worst-case Slack ; -1.663  ; 0.166 ; N/A      ; N/A     ; -3.000              ;
;  pin_name        ; -1.663  ; 0.166 ; N/A      ; N/A     ; -3.000              ;
; Design-wide TNS  ; -50.839 ; 0.0   ; 0.0      ; 0.0     ; -74.376             ;
;  pin_name        ; -50.839 ; 0.000 ; N/A      ; N/A     ; -74.376             ;
+------------------+---------+-------+----------+---------+---------------------+


+-------------------------------------------------------------------------+
; Clock to Output Times                                                   ;
+-----------+------------+--------+--------+------------+-----------------+
; Data Port ; Clock Port ; Rise   ; Fall   ; Clock Edge ; Clock Reference ;
+-----------+------------+--------+--------+------------+-----------------+
; ew1       ; pin_name   ; 9.270  ; 9.134  ; Rise       ; pin_name        ;
; ew2       ; pin_name   ; 8.157  ; 7.909  ; Rise       ; pin_name        ;
; ew3       ; pin_name   ; 8.661  ; 8.533  ; Rise       ; pin_name        ;
; ew4       ; pin_name   ; 10.350 ; 10.445 ; Rise       ; pin_name        ;
; ew5       ; pin_name   ; 7.928  ; 7.797  ; Rise       ; pin_name        ;
; ew6       ; pin_name   ; 10.402 ; 10.070 ; Rise       ; pin_name        ;
; ew7       ; pin_name   ; 8.546  ; 8.760  ; Rise       ; pin_name        ;
; ewgreen   ; pin_name   ; 8.029  ; 7.812  ; Rise       ; pin_name        ;
; ewred     ; pin_name   ; 6.237  ; 6.198  ; Rise       ; pin_name        ;
; ewyellow  ; pin_name   ; 7.827  ; 7.629  ; Rise       ; pin_name        ;
; sn1       ; pin_name   ; 10.605 ; 10.521 ; Rise       ; pin_name        ;
; sn2       ; pin_name   ; 8.957  ; 8.726  ; Rise       ; pin_name        ;
; sn3       ; pin_name   ; 9.461  ; 9.175  ; Rise       ; pin_name        ;
; sn4       ; pin_name   ; 9.714  ; 9.579  ; Rise       ; pin_name        ;
; sn5       ; pin_name   ; 10.113 ; 9.972  ; Rise       ; pin_name        ;
; sn6       ; pin_name   ; 9.049  ; 8.946  ; Rise       ; pin_name        ;
; sn7       ; pin_name   ; 10.824 ; 11.191 ; Rise       ; pin_name        ;
; sngreen   ; pin_name   ; 8.387  ; 8.198  ; Rise       ; pin_name        ;
; snred     ; pin_name   ; 7.536  ; 7.631  ; Rise       ; pin_name        ;
; snyellow  ; pin_name   ; 8.465  ; 8.264  ; Rise       ; pin_name        ;
+-----------+------------+--------+--------+------------+-----------------+


+-----------------------------------------------------------------------+
; Minimum Clock to Output Times                                         ;
+-----------+------------+-------+-------+------------+-----------------+
; Data Port ; Clock Port ; Rise  ; Fall  ; Clock Edge ; Clock Reference ;
+-----------+------------+-------+-------+------------+-----------------+
; ew1       ; pin_name   ; 3.537 ; 3.535 ; Rise       ; pin_name        ;
; ew2       ; pin_name   ; 3.268 ; 3.310 ; Rise       ; pin_name        ;
; ew3       ; pin_name   ; 3.308 ; 3.350 ; Rise       ; pin_name        ;
; ew4       ; pin_name   ; 4.317 ; 4.476 ; Rise       ; pin_name        ;
; ew5       ; pin_name   ; 3.313 ; 3.309 ; Rise       ; pin_name        ;
; ew6       ; pin_name   ; 3.790 ; 3.977 ; Rise       ; pin_name        ;
; ew7       ; pin_name   ; 3.265 ; 3.183 ; Rise       ; pin_name        ;
; ewgreen   ; pin_name   ; 3.636 ; 3.611 ; Rise       ; pin_name        ;
; ewred     ; pin_name   ; 2.923 ; 2.999 ; Rise       ; pin_name        ;
; ewyellow  ; pin_name   ; 3.499 ; 3.519 ; Rise       ; pin_name        ;
; sn1       ; pin_name   ; 4.515 ; 4.606 ; Rise       ; pin_name        ;
; sn2       ; pin_name   ; 3.617 ; 3.724 ; Rise       ; pin_name        ;
; sn3       ; pin_name   ; 3.746 ; 3.844 ; Rise       ; pin_name        ;
; sn4       ; pin_name   ; 3.676 ; 3.787 ; Rise       ; pin_name        ;
; sn5       ; pin_name   ; 4.401 ; 4.489 ; Rise       ; pin_name        ;
; sn6       ; pin_name   ; 3.357 ; 3.474 ; Rise       ; pin_name        ;
; sn7       ; pin_name   ; 4.123 ; 3.948 ; Rise       ; pin_name        ;
; sngreen   ; pin_name   ; 3.669 ; 3.769 ; Rise       ; pin_name        ;
; snred     ; pin_name   ; 3.663 ; 3.496 ; Rise       ; pin_name        ;
; snyellow  ; pin_name   ; 3.655 ; 3.816 ; Rise       ; pin_name        ;
+-----------+------------+-------+-------+------------+-----------------+


+------------------------------------------------------------------------------------------------------------------------------------------------------------------------------------------------------------------------------------------------------------------------------------------------------------------------------------------------------------------+
; Board Trace Model Assignments                                                                                                                                                                                                                                                                                                                                    ;
+---------------+--------------+-------------------+-------------------------+-------------------------+---------------+---------------------+----------------+------------------+--------+------------------+------------------------+------------------------+--------------+---------------+-----------------+-------+---------------------+--------------------+
; Pin           ; I/O Standard ; Near Tline Length ; Near Tline L per Length ; Near Tline C per Length ; Near Series R ; Near Differential R ; Near Pull-up R ; Near Pull-down R ; Near C ; Far Tline Length ; Far Tline L per Length ; Far Tline C per Length ; Far Series R ; Far Pull-up R ; Far Pull-down R ; Far C ; Termination Voltage ; Far Differential R ;
+---------------+--------------+-------------------+-------------------------+-------------------------+---------------+---------------------+----------------+------------------+--------+------------------+------------------------+------------------------+--------------+---------------+-----------------+-------+---------------------+--------------------+
; ew1           ; 2.5 V        ; 0 in              ; 0 H/in                  ; 0 F/in                  ; short         ; -                   ; open           ; open             ; open   ; 0 in             ; 0 H/in                 ; 0 F/in                 ; short        ; open          ; open            ; open  ; 0 V                 ; -                  ;
; ew2           ; 2.5 V        ; 0 in              ; 0 H/in                  ; 0 F/in                  ; short         ; -                   ; open           ; open             ; open   ; 0 in             ; 0 H/in                 ; 0 F/in                 ; short        ; open          ; open            ; open  ; 0 V                 ; -                  ;
; ew3           ; 2.5 V        ; 0 in              ; 0 H/in                  ; 0 F/in                  ; short         ; -                   ; open           ; open             ; open   ; 0 in             ; 0 H/in                 ; 0 F/in                 ; short        ; open          ; open            ; open  ; 0 V                 ; -                  ;
; ew4           ; 2.5 V        ; 0 in              ; 0 H/in                  ; 0 F/in                  ; short         ; -                   ; open           ; open             ; open   ; 0 in             ; 0 H/in                 ; 0 F/in                 ; short        ; open          ; open            ; open  ; 0 V                 ; -                  ;
; ew5           ; 2.5 V        ; 0 in              ; 0 H/in                  ; 0 F/in                  ; short         ; -                   ; open           ; open             ; open   ; 0 in             ; 0 H/in                 ; 0 F/in                 ; short        ; open          ; open            ; open  ; 0 V                 ; -                  ;
; ew6           ; 2.5 V        ; 0 in              ; 0 H/in                  ; 0 F/in                  ; short         ; -                   ; open           ; open             ; open   ; 0 in             ; 0 H/in                 ; 0 F/in                 ; short        ; open          ; open            ; open  ; 0 V                 ; -                  ;
; ew7           ; 2.5 V        ; 0 in              ; 0 H/in                  ; 0 F/in                  ; short         ; -                   ; open           ; open             ; open   ; 0 in             ; 0 H/in                 ; 0 F/in                 ; short        ; open          ; open            ; open  ; 0 V                 ; -                  ;
; sn1           ; 2.5 V        ; 0 in              ; 0 H/in                  ; 0 F/in                  ; short         ; -                   ; open           ; open             ; open   ; 0 in             ; 0 H/in                 ; 0 F/in                 ; short        ; open          ; open            ; open  ; 0 V                 ; -                  ;
; sn2           ; 2.5 V        ; 0 in              ; 0 H/in                  ; 0 F/in                  ; short         ; -                   ; open           ; open             ; open   ; 0 in             ; 0 H/in                 ; 0 F/in                 ; short        ; open          ; open            ; open  ; 0 V                 ; -                  ;
; sn3           ; 2.5 V        ; 0 in              ; 0 H/in                  ; 0 F/in                  ; short         ; -                   ; open           ; open             ; open   ; 0 in             ; 0 H/in                 ; 0 F/in                 ; short        ; open          ; open            ; open  ; 0 V                 ; -                  ;
; sn4           ; 2.5 V        ; 0 in              ; 0 H/in                  ; 0 F/in                  ; short         ; -                   ; open           ; open             ; open   ; 0 in             ; 0 H/in                 ; 0 F/in                 ; short        ; open          ; open            ; open  ; 0 V                 ; -                  ;
; sn5           ; 2.5 V        ; 0 in              ; 0 H/in                  ; 0 F/in                  ; short         ; -                   ; open           ; open             ; open   ; 0 in             ; 0 H/in                 ; 0 F/in                 ; short        ; open          ; open            ; open  ; 0 V                 ; -                  ;
; sn6           ; 2.5 V        ; 0 in              ; 0 H/in                  ; 0 F/in                  ; short         ; -                   ; open           ; open             ; open   ; 0 in             ; 0 H/in                 ; 0 F/in                 ; short        ; open          ; open            ; open  ; 0 V                 ; -                  ;
; sn7           ; 2.5 V        ; 0 in              ; 0 H/in                  ; 0 F/in                  ; short         ; -                   ; open           ; open             ; open   ; 0 in             ; 0 H/in                 ; 0 F/in                 ; short        ; open          ; open            ; open  ; 0 V                 ; -                  ;
; ewgreen       ; 2.5 V        ; 0 in              ; 0 H/in                  ; 0 F/in                  ; short         ; -                   ; open           ; open             ; open   ; 0 in             ; 0 H/in                 ; 0 F/in                 ; short        ; open          ; open            ; open  ; 0 V                 ; -                  ;
; ewyellow      ; 2.5 V        ; 0 in              ; 0 H/in                  ; 0 F/in                  ; short         ; -                   ; open           ; open             ; open   ; 0 in             ; 0 H/in                 ; 0 F/in                 ; short        ; open          ; open            ; open  ; 0 V                 ; -                  ;
; ewred         ; 2.5 V        ; 0 in              ; 0 H/in                  ; 0 F/in                  ; short         ; -                   ; open           ; open             ; open   ; 0 in             ; 0 H/in                 ; 0 F/in                 ; short        ; open          ; open            ; open  ; 0 V                 ; -                  ;
; snred         ; 2.5 V        ; 0 in              ; 0 H/in                  ; 0 F/in                  ; short         ; -                   ; open           ; open             ; open   ; 0 in             ; 0 H/in                 ; 0 F/in                 ; short        ; open          ; open            ; open  ; 0 V                 ; -                  ;
; snyellow      ; 2.5 V        ; 0 in              ; 0 H/in                  ; 0 F/in                  ; short         ; -                   ; open           ; open             ; open   ; 0 in             ; 0 H/in                 ; 0 F/in                 ; short        ; open          ; open            ; open  ; 0 V                 ; -                  ;
; sngreen       ; 2.5 V        ; 0 in              ; 0 H/in                  ; 0 F/in                  ; short         ; -                   ; open           ; open             ; open   ; 0 in             ; 0 H/in                 ; 0 F/in                 ; short        ; open          ; open            ; open  ; 0 V                 ; -                  ;
; ~ALTERA_DCLK~ ; 2.5 V        ; 0 in              ; 0 H/in                  ; 0 F/in                  ; short         ; -                   ; open           ; open             ; open   ; 0 in             ; 0 H/in                 ; 0 F/in                 ; short        ; open          ; open            ; open  ; 0 V                 ; -                  ;
; ~ALTERA_nCEO~ ; 2.5 V        ; 0 in              ; 0 H/in                  ; 0 F/in                  ; short         ; -                   ; open           ; open             ; open   ; 0 in             ; 0 H/in                 ; 0 F/in                 ; short        ; open          ; open            ; open  ; 0 V                 ; -                  ;
+---------------+--------------+-------------------+-------------------------+-------------------------+---------------+---------------------+----------------+------------------+--------+------------------+------------------------+------------------------+--------------+---------------+-----------------+-------+---------------------+--------------------+


+----------------------------------------------------------------------------+
; Input Transition Times                                                     ;
+-------------------------+--------------+-----------------+-----------------+
; Pin                     ; I/O Standard ; 10-90 Rise Time ; 90-10 Fall Time ;
+-------------------------+--------------+-----------------+-----------------+
; pin_name                ; 2.5 V        ; 2000 ps         ; 2000 ps         ;
; ~ALTERA_ASDO_DATA1~     ; 2.5 V        ; 2000 ps         ; 2000 ps         ;
; ~ALTERA_FLASH_nCE_nCSO~ ; 2.5 V        ; 2000 ps         ; 2000 ps         ;
; ~ALTERA_DATA0~          ; 2.5 V        ; 2000 ps         ; 2000 ps         ;
+-------------------------+--------------+-----------------+-----------------+


+--------------------------------------------------------------------------------------------------------------------------------------------------------------------------------------------------------------------------------------------------------------------------------------------------------------------------------------------------------------------------------------------------------------------------------------------------------------------------------------------------------------------------------------------------------------------------------------------------------------------------------------------------------------------------------------------+
; Slow Corner Signal Integrity Metrics                                                                                                                                                                                                                                                                                                                                                                                                                                                                                                                                                                                                                                                       ;
+---------------+--------------+---------------------+---------------------+------------------------------+------------------------------+---------------------+---------------------+--------------------------------------+--------------------------------------+-----------------------------+-----------------------------+----------------------------+----------------------------+-----------------------------+-----------------------------+--------------------+--------------------+-------------------------------------+-------------------------------------+----------------------------+----------------------------+---------------------------+---------------------------+
; Pin           ; I/O Standard ; Board Delay on Rise ; Board Delay on Fall ; Steady State Voh at FPGA Pin ; Steady State Vol at FPGA Pin ; Voh Max at FPGA Pin ; Vol Min at FPGA Pin ; Ringback Voltage on Rise at FPGA Pin ; Ringback Voltage on Fall at FPGA Pin ; 10-90 Rise Time at FPGA Pin ; 90-10 Fall Time at FPGA Pin ; Monotonic Rise at FPGA Pin ; Monotonic Fall at FPGA Pin ; Steady State Voh at Far-end ; Steady State Vol at Far-end ; Voh Max at Far-end ; Vol Min at Far-end ; Ringback Voltage on Rise at Far-end ; Ringback Voltage on Fall at Far-end ; 10-90 Rise Time at Far-end ; 90-10 Fall Time at Far-end ; Monotonic Rise at Far-end ; Monotonic Fall at Far-end ;
+---------------+--------------+---------------------+---------------------+------------------------------+------------------------------+---------------------+---------------------+--------------------------------------+--------------------------------------+-----------------------------+-----------------------------+----------------------------+----------------------------+-----------------------------+-----------------------------+--------------------+--------------------+-------------------------------------+-------------------------------------+----------------------------+----------------------------+---------------------------+---------------------------+
; ew1           ; 2.5 V        ; 0 s                 ; 0 s                 ; 2.32 V                       ; 1.91e-007 V                  ; 2.34 V              ; -0.00803 V          ; 0.14 V                               ; 0.045 V                              ; 6.89e-010 s                 ; 6.56e-010 s                 ; Yes                        ; Yes                        ; 2.32 V                      ; 1.91e-007 V                 ; 2.34 V             ; -0.00803 V         ; 0.14 V                              ; 0.045 V                             ; 6.89e-010 s                ; 6.56e-010 s                ; Yes                       ; Yes                       ;
; ew2           ; 2.5 V        ; 0 s                 ; 0 s                 ; 2.32 V                       ; 2.84e-007 V                  ; 2.35 V              ; -0.0105 V           ; 0.143 V                              ; 0.041 V                              ; 4.81e-010 s                 ; 4.81e-010 s                 ; Yes                        ; Yes                        ; 2.32 V                      ; 2.84e-007 V                 ; 2.35 V             ; -0.0105 V          ; 0.143 V                             ; 0.041 V                             ; 4.81e-010 s                ; 4.81e-010 s                ; Yes                       ; Yes                       ;
; ew3           ; 2.5 V        ; 0 s                 ; 0 s                 ; 2.32 V                       ; 2.84e-007 V                  ; 2.35 V              ; -0.0105 V           ; 0.143 V                              ; 0.041 V                              ; 4.81e-010 s                 ; 4.81e-010 s                 ; Yes                        ; Yes                        ; 2.32 V                      ; 2.84e-007 V                 ; 2.35 V             ; -0.0105 V          ; 0.143 V                             ; 0.041 V                             ; 4.81e-010 s                ; 4.81e-010 s                ; Yes                       ; Yes                       ;
; ew4           ; 2.5 V        ; 0 s                 ; 0 s                 ; 2.32 V                       ; 1.91e-007 V                  ; 2.33 V              ; -0.00219 V          ; 0.108 V                              ; 0.043 V                              ; 3.76e-009 s                 ; 3.48e-009 s                 ; Yes                        ; Yes                        ; 2.32 V                      ; 1.91e-007 V                 ; 2.33 V             ; -0.00219 V         ; 0.108 V                             ; 0.043 V                             ; 3.76e-009 s                ; 3.48e-009 s                ; Yes                       ; Yes                       ;
; ew5           ; 2.5 V        ; 0 s                 ; 0 s                 ; 2.32 V                       ; 2.84e-007 V                  ; 2.35 V              ; -0.0105 V           ; 0.143 V                              ; 0.041 V                              ; 4.81e-010 s                 ; 4.81e-010 s                 ; Yes                        ; Yes                        ; 2.32 V                      ; 2.84e-007 V                 ; 2.35 V             ; -0.0105 V          ; 0.143 V                             ; 0.041 V                             ; 4.81e-010 s                ; 4.81e-010 s                ; Yes                       ; Yes                       ;
; ew6           ; 2.5 V        ; 0 s                 ; 0 s                 ; 2.32 V                       ; 1.91e-007 V                  ; 2.35 V              ; -0.00735 V          ; 0.126 V                              ; 0.011 V                              ; 4.7e-010 s                  ; 4.63e-010 s                 ; Yes                        ; Yes                        ; 2.32 V                      ; 1.91e-007 V                 ; 2.35 V             ; -0.00735 V         ; 0.126 V                             ; 0.011 V                             ; 4.7e-010 s                 ; 4.63e-010 s                ; Yes                       ; Yes                       ;
; ew7           ; 2.5 V        ; 0 s                 ; 0 s                 ; 2.32 V                       ; 2.84e-007 V                  ; 2.35 V              ; -0.0105 V           ; 0.143 V                              ; 0.041 V                              ; 4.81e-010 s                 ; 4.81e-010 s                 ; Yes                        ; Yes                        ; 2.32 V                      ; 2.84e-007 V                 ; 2.35 V             ; -0.0105 V          ; 0.143 V                             ; 0.041 V                             ; 4.81e-010 s                ; 4.81e-010 s                ; Yes                       ; Yes                       ;
; sn1           ; 2.5 V        ; 0 s                 ; 0 s                 ; 2.32 V                       ; 2.84e-007 V                  ; 2.33 V              ; -0.00215 V          ; 0.091 V                              ; 0.057 V                              ; 3.77e-009 s                 ; 3.49e-009 s                 ; Yes                        ; Yes                        ; 2.32 V                      ; 2.84e-007 V                 ; 2.33 V             ; -0.00215 V         ; 0.091 V                             ; 0.057 V                             ; 3.77e-009 s                ; 3.49e-009 s                ; Yes                       ; Yes                       ;
; sn2           ; 2.5 V        ; 0 s                 ; 0 s                 ; 2.32 V                       ; 2.84e-007 V                  ; 2.35 V              ; -0.0105 V           ; 0.143 V                              ; 0.041 V                              ; 4.81e-010 s                 ; 4.81e-010 s                 ; Yes                        ; Yes                        ; 2.32 V                      ; 2.84e-007 V                 ; 2.35 V             ; -0.0105 V          ; 0.143 V                             ; 0.041 V                             ; 4.81e-010 s                ; 4.81e-010 s                ; Yes                       ; Yes                       ;
; sn3           ; 2.5 V        ; 0 s                 ; 0 s                 ; 2.32 V                       ; 2.84e-007 V                  ; 2.35 V              ; -0.0105 V           ; 0.143 V                              ; 0.041 V                              ; 4.81e-010 s                 ; 4.81e-010 s                 ; Yes                        ; Yes                        ; 2.32 V                      ; 2.84e-007 V                 ; 2.35 V             ; -0.0105 V          ; 0.143 V                             ; 0.041 V                             ; 4.81e-010 s                ; 4.81e-010 s                ; Yes                       ; Yes                       ;
; sn4           ; 2.5 V        ; 0 s                 ; 0 s                 ; 2.32 V                       ; 2.84e-007 V                  ; 2.35 V              ; -0.0105 V           ; 0.143 V                              ; 0.041 V                              ; 4.81e-010 s                 ; 4.81e-010 s                 ; Yes                        ; Yes                        ; 2.32 V                      ; 2.84e-007 V                 ; 2.35 V             ; -0.0105 V          ; 0.143 V                             ; 0.041 V                             ; 4.81e-010 s                ; 4.81e-010 s                ; Yes                       ; Yes                       ;
; sn5           ; 2.5 V        ; 0 s                 ; 0 s                 ; 2.32 V                       ; 2.84e-007 V                  ; 2.33 V              ; -0.00215 V          ; 0.091 V                              ; 0.057 V                              ; 3.77e-009 s                 ; 3.49e-009 s                 ; Yes                        ; Yes                        ; 2.32 V                      ; 2.84e-007 V                 ; 2.33 V             ; -0.00215 V         ; 0.091 V                             ; 0.057 V                             ; 3.77e-009 s                ; 3.49e-009 s                ; Yes                       ; Yes                       ;
; sn6           ; 2.5 V        ; 0 s                 ; 0 s                 ; 2.32 V                       ; 2.84e-007 V                  ; 2.35 V              ; -0.0105 V           ; 0.143 V                              ; 0.041 V                              ; 4.81e-010 s                 ; 4.81e-010 s                 ; Yes                        ; Yes                        ; 2.32 V                      ; 2.84e-007 V                 ; 2.35 V             ; -0.0105 V          ; 0.143 V                             ; 0.041 V                             ; 4.81e-010 s                ; 4.81e-010 s                ; Yes                       ; Yes                       ;
; sn7           ; 2.5 V        ; 0 s                 ; 0 s                 ; 2.32 V                       ; 1.91e-007 V                  ; 2.35 V              ; -0.00735 V          ; 0.126 V                              ; 0.011 V                              ; 4.7e-010 s                  ; 4.63e-010 s                 ; Yes                        ; Yes                        ; 2.32 V                      ; 1.91e-007 V                 ; 2.35 V             ; -0.00735 V         ; 0.126 V                             ; 0.011 V                             ; 4.7e-010 s                 ; 4.63e-010 s                ; Yes                       ; Yes                       ;
; ewgreen       ; 2.5 V        ; 0 s                 ; 0 s                 ; 2.32 V                       ; 2.84e-007 V                  ; 2.35 V              ; -0.0105 V           ; 0.143 V                              ; 0.041 V                              ; 4.81e-010 s                 ; 4.81e-010 s                 ; Yes                        ; Yes                        ; 2.32 V                      ; 2.84e-007 V                 ; 2.35 V             ; -0.0105 V          ; 0.143 V                             ; 0.041 V                             ; 4.81e-010 s                ; 4.81e-010 s                ; Yes                       ; Yes                       ;
; ewyellow      ; 2.5 V        ; 0 s                 ; 0 s                 ; 2.32 V                       ; 1.91e-007 V                  ; 2.35 V              ; -0.00735 V          ; 0.126 V                              ; 0.011 V                              ; 4.7e-010 s                  ; 4.63e-010 s                 ; Yes                        ; Yes                        ; 2.32 V                      ; 1.91e-007 V                 ; 2.35 V             ; -0.00735 V         ; 0.126 V                             ; 0.011 V                             ; 4.7e-010 s                 ; 4.63e-010 s                ; Yes                       ; Yes                       ;
; ewred         ; 2.5 V        ; 0 s                 ; 0 s                 ; 2.32 V                       ; 1.91e-007 V                  ; 2.34 V              ; -0.00803 V          ; 0.14 V                               ; 0.045 V                              ; 6.89e-010 s                 ; 6.56e-010 s                 ; Yes                        ; Yes                        ; 2.32 V                      ; 1.91e-007 V                 ; 2.34 V             ; -0.00803 V         ; 0.14 V                              ; 0.045 V                             ; 6.89e-010 s                ; 6.56e-010 s                ; Yes                       ; Yes                       ;
; snred         ; 2.5 V        ; 0 s                 ; 0 s                 ; 2.32 V                       ; 1.91e-007 V                  ; 2.34 V              ; -0.00803 V          ; 0.14 V                               ; 0.045 V                              ; 6.89e-010 s                 ; 6.56e-010 s                 ; Yes                        ; Yes                        ; 2.32 V                      ; 1.91e-007 V                 ; 2.34 V             ; -0.00803 V         ; 0.14 V                              ; 0.045 V                             ; 6.89e-010 s                ; 6.56e-010 s                ; Yes                       ; Yes                       ;
; snyellow      ; 2.5 V        ; 0 s                 ; 0 s                 ; 2.32 V                       ; 1.91e-007 V                  ; 2.34 V              ; -0.00803 V          ; 0.14 V                               ; 0.045 V                              ; 6.89e-010 s                 ; 6.56e-010 s                 ; Yes                        ; Yes                        ; 2.32 V                      ; 1.91e-007 V                 ; 2.34 V             ; -0.00803 V         ; 0.14 V                              ; 0.045 V                             ; 6.89e-010 s                ; 6.56e-010 s                ; Yes                       ; Yes                       ;
; sngreen       ; 2.5 V        ; 0 s                 ; 0 s                 ; 2.32 V                       ; 2.84e-007 V                  ; 2.35 V              ; -0.0105 V           ; 0.143 V                              ; 0.041 V                              ; 4.81e-010 s                 ; 4.81e-010 s                 ; Yes                        ; Yes                        ; 2.32 V                      ; 2.84e-007 V                 ; 2.35 V             ; -0.0105 V          ; 0.143 V                             ; 0.041 V                             ; 4.81e-010 s                ; 4.81e-010 s                ; Yes                       ; Yes                       ;
; ~ALTERA_DCLK~ ; 2.5 V        ; 0 s                 ; 0 s                 ; 2.32 V                       ; 1.53e-007 V                  ; 2.35 V              ; -0.00333 V          ; 0.096 V                              ; 0.006 V                              ; 4.5e-010 s                  ; 3.85e-010 s                 ; Yes                        ; Yes                        ; 2.32 V                      ; 1.53e-007 V                 ; 2.35 V             ; -0.00333 V         ; 0.096 V                             ; 0.006 V                             ; 4.5e-010 s                 ; 3.85e-010 s                ; Yes                       ; Yes                       ;
; ~ALTERA_nCEO~ ; 2.5 V        ; 0 s                 ; 0 s                 ; 2.32 V                       ; 2.51e-007 V                  ; 2.34 V              ; -0.00726 V          ; 0.108 V                              ; 0.026 V                              ; 6.58e-010 s                 ; 8.2e-010 s                  ; Yes                        ; Yes                        ; 2.32 V                      ; 2.51e-007 V                 ; 2.34 V             ; -0.00726 V         ; 0.108 V                             ; 0.026 V                             ; 6.58e-010 s                ; 8.2e-010 s                 ; Yes                       ; Yes                       ;
+---------------+--------------+---------------------+---------------------+------------------------------+------------------------------+---------------------+---------------------+--------------------------------------+--------------------------------------+-----------------------------+-----------------------------+----------------------------+----------------------------+-----------------------------+-----------------------------+--------------------+--------------------+-------------------------------------+-------------------------------------+----------------------------+----------------------------+---------------------------+---------------------------+


+--------------------------------------------------------------------------------------------------------------------------------------------------------------------------------------------------------------------------------------------------------------------------------------------------------------------------------------------------------------------------------------------------------------------------------------------------------------------------------------------------------------------------------------------------------------------------------------------------------------------------------------------------------------------------------------------+
; Fast Corner Signal Integrity Metrics                                                                                                                                                                                                                                                                                                                                                                                                                                                                                                                                                                                                                                                       ;
+---------------+--------------+---------------------+---------------------+------------------------------+------------------------------+---------------------+---------------------+--------------------------------------+--------------------------------------+-----------------------------+-----------------------------+----------------------------+----------------------------+-----------------------------+-----------------------------+--------------------+--------------------+-------------------------------------+-------------------------------------+----------------------------+----------------------------+---------------------------+---------------------------+
; Pin           ; I/O Standard ; Board Delay on Rise ; Board Delay on Fall ; Steady State Voh at FPGA Pin ; Steady State Vol at FPGA Pin ; Voh Max at FPGA Pin ; Vol Min at FPGA Pin ; Ringback Voltage on Rise at FPGA Pin ; Ringback Voltage on Fall at FPGA Pin ; 10-90 Rise Time at FPGA Pin ; 90-10 Fall Time at FPGA Pin ; Monotonic Rise at FPGA Pin ; Monotonic Fall at FPGA Pin ; Steady State Voh at Far-end ; Steady State Vol at Far-end ; Voh Max at Far-end ; Vol Min at Far-end ; Ringback Voltage on Rise at Far-end ; Ringback Voltage on Fall at Far-end ; 10-90 Rise Time at Far-end ; 90-10 Fall Time at Far-end ; Monotonic Rise at Far-end ; Monotonic Fall at Far-end ;
+---------------+--------------+---------------------+---------------------+------------------------------+------------------------------+---------------------+---------------------+--------------------------------------+--------------------------------------+-----------------------------+-----------------------------+----------------------------+----------------------------+-----------------------------+-----------------------------+--------------------+--------------------+-------------------------------------+-------------------------------------+----------------------------+----------------------------+---------------------------+---------------------------+
; ew1           ; 2.5 V        ; 0 s                 ; 0 s                 ; 2.62 V                       ; 2.7e-008 V                   ; 2.71 V              ; -0.0352 V           ; 0.147 V                              ; 0.066 V                              ; 4.51e-010 s                 ; 4.15e-010 s                 ; No                         ; Yes                        ; 2.62 V                      ; 2.7e-008 V                  ; 2.71 V             ; -0.0352 V          ; 0.147 V                             ; 0.066 V                             ; 4.51e-010 s                ; 4.15e-010 s                ; No                        ; Yes                       ;
; ew2           ; 2.5 V        ; 0 s                 ; 0 s                 ; 2.62 V                       ; 4.02e-008 V                  ; 2.71 V              ; -0.0351 V           ; 0.173 V                              ; 0.098 V                              ; 2.73e-010 s                 ; 2.69e-010 s                 ; Yes                        ; Yes                        ; 2.62 V                      ; 4.02e-008 V                 ; 2.71 V             ; -0.0351 V          ; 0.173 V                             ; 0.098 V                             ; 2.73e-010 s                ; 2.69e-010 s                ; Yes                       ; Yes                       ;
; ew3           ; 2.5 V        ; 0 s                 ; 0 s                 ; 2.62 V                       ; 4.02e-008 V                  ; 2.71 V              ; -0.0351 V           ; 0.173 V                              ; 0.098 V                              ; 2.73e-010 s                 ; 2.69e-010 s                 ; Yes                        ; Yes                        ; 2.62 V                      ; 4.02e-008 V                 ; 2.71 V             ; -0.0351 V          ; 0.173 V                             ; 0.098 V                             ; 2.73e-010 s                ; 2.69e-010 s                ; Yes                       ; Yes                       ;
; ew4           ; 2.5 V        ; 0 s                 ; 0 s                 ; 2.62 V                       ; 2.7e-008 V                   ; 2.64 V              ; -0.0118 V           ; 0.201 V                              ; 0.173 V                              ; 2.38e-009 s                 ; 2.19e-009 s                 ; No                         ; Yes                        ; 2.62 V                      ; 2.7e-008 V                  ; 2.64 V             ; -0.0118 V          ; 0.201 V                             ; 0.173 V                             ; 2.38e-009 s                ; 2.19e-009 s                ; No                        ; Yes                       ;
; ew5           ; 2.5 V        ; 0 s                 ; 0 s                 ; 2.62 V                       ; 4.02e-008 V                  ; 2.71 V              ; -0.0351 V           ; 0.173 V                              ; 0.098 V                              ; 2.73e-010 s                 ; 2.69e-010 s                 ; Yes                        ; Yes                        ; 2.62 V                      ; 4.02e-008 V                 ; 2.71 V             ; -0.0351 V          ; 0.173 V                             ; 0.098 V                             ; 2.73e-010 s                ; 2.69e-010 s                ; Yes                       ; Yes                       ;
; ew6           ; 2.5 V        ; 0 s                 ; 0 s                 ; 2.62 V                       ; 2.7e-008 V                   ; 2.72 V              ; -0.0401 V           ; 0.163 V                              ; 0.091 V                              ; 2.71e-010 s                 ; 2.61e-010 s                 ; Yes                        ; Yes                        ; 2.62 V                      ; 2.7e-008 V                  ; 2.72 V             ; -0.0401 V          ; 0.163 V                             ; 0.091 V                             ; 2.71e-010 s                ; 2.61e-010 s                ; Yes                       ; Yes                       ;
; ew7           ; 2.5 V        ; 0 s                 ; 0 s                 ; 2.62 V                       ; 4.02e-008 V                  ; 2.71 V              ; -0.0351 V           ; 0.173 V                              ; 0.098 V                              ; 2.73e-010 s                 ; 2.69e-010 s                 ; Yes                        ; Yes                        ; 2.62 V                      ; 4.02e-008 V                 ; 2.71 V             ; -0.0351 V          ; 0.173 V                             ; 0.098 V                             ; 2.73e-010 s                ; 2.69e-010 s                ; Yes                       ; Yes                       ;
; sn1           ; 2.5 V        ; 0 s                 ; 0 s                 ; 2.62 V                       ; 4.02e-008 V                  ; 2.64 V              ; -0.0115 V           ; 0.204 V                              ; 0.12 V                               ; 2.38e-009 s                 ; 2.24e-009 s                 ; No                         ; Yes                        ; 2.62 V                      ; 4.02e-008 V                 ; 2.64 V             ; -0.0115 V          ; 0.204 V                             ; 0.12 V                              ; 2.38e-009 s                ; 2.24e-009 s                ; No                        ; Yes                       ;
; sn2           ; 2.5 V        ; 0 s                 ; 0 s                 ; 2.62 V                       ; 4.02e-008 V                  ; 2.71 V              ; -0.0351 V           ; 0.173 V                              ; 0.098 V                              ; 2.73e-010 s                 ; 2.69e-010 s                 ; Yes                        ; Yes                        ; 2.62 V                      ; 4.02e-008 V                 ; 2.71 V             ; -0.0351 V          ; 0.173 V                             ; 0.098 V                             ; 2.73e-010 s                ; 2.69e-010 s                ; Yes                       ; Yes                       ;
; sn3           ; 2.5 V        ; 0 s                 ; 0 s                 ; 2.62 V                       ; 4.02e-008 V                  ; 2.71 V              ; -0.0351 V           ; 0.173 V                              ; 0.098 V                              ; 2.73e-010 s                 ; 2.69e-010 s                 ; Yes                        ; Yes                        ; 2.62 V                      ; 4.02e-008 V                 ; 2.71 V             ; -0.0351 V          ; 0.173 V                             ; 0.098 V                             ; 2.73e-010 s                ; 2.69e-010 s                ; Yes                       ; Yes                       ;
; sn4           ; 2.5 V        ; 0 s                 ; 0 s                 ; 2.62 V                       ; 4.02e-008 V                  ; 2.71 V              ; -0.0351 V           ; 0.173 V                              ; 0.098 V                              ; 2.73e-010 s                 ; 2.69e-010 s                 ; Yes                        ; Yes                        ; 2.62 V                      ; 4.02e-008 V                 ; 2.71 V             ; -0.0351 V          ; 0.173 V                             ; 0.098 V                             ; 2.73e-010 s                ; 2.69e-010 s                ; Yes                       ; Yes                       ;
; sn5           ; 2.5 V        ; 0 s                 ; 0 s                 ; 2.62 V                       ; 4.02e-008 V                  ; 2.64 V              ; -0.0115 V           ; 0.204 V                              ; 0.12 V                               ; 2.38e-009 s                 ; 2.24e-009 s                 ; No                         ; Yes                        ; 2.62 V                      ; 4.02e-008 V                 ; 2.64 V             ; -0.0115 V          ; 0.204 V                             ; 0.12 V                              ; 2.38e-009 s                ; 2.24e-009 s                ; No                        ; Yes                       ;
; sn6           ; 2.5 V        ; 0 s                 ; 0 s                 ; 2.62 V                       ; 4.02e-008 V                  ; 2.71 V              ; -0.0351 V           ; 0.173 V                              ; 0.098 V                              ; 2.73e-010 s                 ; 2.69e-010 s                 ; Yes                        ; Yes                        ; 2.62 V                      ; 4.02e-008 V                 ; 2.71 V             ; -0.0351 V          ; 0.173 V                             ; 0.098 V                             ; 2.73e-010 s                ; 2.69e-010 s                ; Yes                       ; Yes                       ;
; sn7           ; 2.5 V        ; 0 s                 ; 0 s                 ; 2.62 V                       ; 2.7e-008 V                   ; 2.72 V              ; -0.0401 V           ; 0.163 V                              ; 0.091 V                              ; 2.71e-010 s                 ; 2.61e-010 s                 ; Yes                        ; Yes                        ; 2.62 V                      ; 2.7e-008 V                  ; 2.72 V             ; -0.0401 V          ; 0.163 V                             ; 0.091 V                             ; 2.71e-010 s                ; 2.61e-010 s                ; Yes                       ; Yes                       ;
; ewgreen       ; 2.5 V        ; 0 s                 ; 0 s                 ; 2.62 V                       ; 4.02e-008 V                  ; 2.71 V              ; -0.0351 V           ; 0.173 V                              ; 0.098 V                              ; 2.73e-010 s                 ; 2.69e-010 s                 ; Yes                        ; Yes                        ; 2.62 V                      ; 4.02e-008 V                 ; 2.71 V             ; -0.0351 V          ; 0.173 V                             ; 0.098 V                             ; 2.73e-010 s                ; 2.69e-010 s                ; Yes                       ; Yes                       ;
; ewyellow      ; 2.5 V        ; 0 s                 ; 0 s                 ; 2.62 V                       ; 2.7e-008 V                   ; 2.72 V              ; -0.0401 V           ; 0.163 V                              ; 0.091 V                              ; 2.71e-010 s                 ; 2.61e-010 s                 ; Yes                        ; Yes                        ; 2.62 V                      ; 2.7e-008 V                  ; 2.72 V             ; -0.0401 V          ; 0.163 V                             ; 0.091 V                             ; 2.71e-010 s                ; 2.61e-010 s                ; Yes                       ; Yes                       ;
; ewred         ; 2.5 V        ; 0 s                 ; 0 s                 ; 2.62 V                       ; 2.7e-008 V                   ; 2.71 V              ; -0.0352 V           ; 0.147 V                              ; 0.066 V                              ; 4.51e-010 s                 ; 4.15e-010 s                 ; No                         ; Yes                        ; 2.62 V                      ; 2.7e-008 V                  ; 2.71 V             ; -0.0352 V          ; 0.147 V                             ; 0.066 V                             ; 4.51e-010 s                ; 4.15e-010 s                ; No                        ; Yes                       ;
; snred         ; 2.5 V        ; 0 s                 ; 0 s                 ; 2.62 V                       ; 2.7e-008 V                   ; 2.71 V              ; -0.0352 V           ; 0.147 V                              ; 0.066 V                              ; 4.51e-010 s                 ; 4.15e-010 s                 ; No                         ; Yes                        ; 2.62 V                      ; 2.7e-008 V                  ; 2.71 V             ; -0.0352 V          ; 0.147 V                             ; 0.066 V                             ; 4.51e-010 s                ; 4.15e-010 s                ; No                        ; Yes                       ;
; snyellow      ; 2.5 V        ; 0 s                 ; 0 s                 ; 2.62 V                       ; 2.7e-008 V                   ; 2.71 V              ; -0.0352 V           ; 0.147 V                              ; 0.066 V                              ; 4.51e-010 s                 ; 4.15e-010 s                 ; No                         ; Yes                        ; 2.62 V                      ; 2.7e-008 V                  ; 2.71 V             ; -0.0352 V          ; 0.147 V                             ; 0.066 V                             ; 4.51e-010 s                ; 4.15e-010 s                ; No                        ; Yes                       ;
; sngreen       ; 2.5 V        ; 0 s                 ; 0 s                 ; 2.62 V                       ; 4.02e-008 V                  ; 2.71 V              ; -0.0351 V           ; 0.173 V                              ; 0.098 V                              ; 2.73e-010 s                 ; 2.69e-010 s                 ; Yes                        ; Yes                        ; 2.62 V                      ; 4.02e-008 V                 ; 2.71 V             ; -0.0351 V          ; 0.173 V                             ; 0.098 V                             ; 2.73e-010 s                ; 2.69e-010 s                ; Yes                       ; Yes                       ;
; ~ALTERA_DCLK~ ; 2.5 V        ; 0 s                 ; 0 s                 ; 2.62 V                       ; 2.2e-008 V                   ; 2.74 V              ; -0.061 V            ; 0.159 V                              ; 0.078 V                              ; 2.7e-010 s                  ; 2.2e-010 s                  ; No                         ; Yes                        ; 2.62 V                      ; 2.2e-008 V                  ; 2.74 V             ; -0.061 V           ; 0.159 V                             ; 0.078 V                             ; 2.7e-010 s                 ; 2.2e-010 s                 ; No                        ; Yes                       ;
; ~ALTERA_nCEO~ ; 2.5 V        ; 0 s                 ; 0 s                 ; 2.62 V                       ; 3.52e-008 V                  ; 2.7 V               ; -0.012 V            ; 0.274 V                              ; 0.034 V                              ; 3.18e-010 s                 ; 4.96e-010 s                 ; No                         ; Yes                        ; 2.62 V                      ; 3.52e-008 V                 ; 2.7 V              ; -0.012 V           ; 0.274 V                             ; 0.034 V                             ; 3.18e-010 s                ; 4.96e-010 s                ; No                        ; Yes                       ;
+---------------+--------------+---------------------+---------------------+------------------------------+------------------------------+---------------------+---------------------+--------------------------------------+--------------------------------------+-----------------------------+-----------------------------+----------------------------+----------------------------+-----------------------------+-----------------------------+--------------------+--------------------+-------------------------------------+-------------------------------------+----------------------------+----------------------------+---------------------------+---------------------------+


+-------------------------------------------------------------------+
; Setup Transfers                                                   ;
+------------+----------+----------+----------+----------+----------+
; From Clock ; To Clock ; RR Paths ; FR Paths ; RF Paths ; FF Paths ;
+------------+----------+----------+----------+----------+----------+
; pin_name   ; pin_name ; 302      ; 0        ; 0        ; 0        ;
+------------+----------+----------+----------+----------+----------+
Entries labeled "false path" only account for clock-to-clock false paths and not path-based false paths. As a result, actual path counts may be lower than reported.


+-------------------------------------------------------------------+
; Hold Transfers                                                    ;
+------------+----------+----------+----------+----------+----------+
; From Clock ; To Clock ; RR Paths ; FR Paths ; RF Paths ; FF Paths ;
+------------+----------+----------+----------+----------+----------+
; pin_name   ; pin_name ; 302      ; 0        ; 0        ; 0        ;
+------------+----------+----------+----------+----------+----------+
Entries labeled "false path" only account for clock-to-clock false paths and not path-based false paths. As a result, actual path counts may be lower than reported.


---------------
; Report TCCS ;
---------------
No dedicated SERDES Transmitter circuitry present in device or used in design


---------------
; Report RSKM ;
---------------
No dedicated SERDES Receiver circuitry present in device or used in design


+------------------------------------------------+
; Unconstrained Paths                            ;
+---------------------------------+-------+------+
; Property                        ; Setup ; Hold ;
+---------------------------------+-------+------+
; Illegal Clocks                  ; 0     ; 0    ;
; Unconstrained Clocks            ; 0     ; 0    ;
; Unconstrained Input Ports       ; 0     ; 0    ;
; Unconstrained Input Port Paths  ; 0     ; 0    ;
; Unconstrained Output Ports      ; 20    ; 20   ;
; Unconstrained Output Port Paths ; 114   ; 114  ;
+---------------------------------+-------+------+


+------------------------------------+
; TimeQuest Timing Analyzer Messages ;
+------------------------------------+
Info: *******************************************************************
Info: Running Quartus II TimeQuest Timing Analyzer
    Info: Version 9.1 Build 350 03/24/2010 Service Pack 2 SJ Web Edition
    Info: Processing started: Tue May 28 20:34:14 2024
Info: Command: quartus_sta mo60tongbu -c mo60tongbu
Info: qsta_default_script.tcl version: #1
Info: Core supply voltage is 1.2V
Info: Low junction temperature is 0 degrees C
Info: High junction temperature is 85 degrees C
Critical Warning: Synopsys Design Constraints File file not found: 'mo60tongbu.sdc'. A Synopsys Design Constraints File is required by the TimeQuest Timing Analyzer to get proper timing constraints. Without it, the Compiler will not properly optimize the design.
Info: No user constrained base clocks found in the design. Calling "derive_clocks -period 1.0"
Info: Deriving Clocks
    Info: create_clock -period 1.000 -name pin_name pin_name
Info: No user constrained clock uncertainty found in the design. Calling "derive_clock_uncertainty"
Info: Deriving Clock Uncertainty
    Info: set_clock_uncertainty -rise_from [get_clocks {pin_name}] -rise_to [get_clocks {pin_name}] -setup 0.020
    Info: set_clock_uncertainty -rise_from [get_clocks {pin_name}] -fall_to [get_clocks {pin_name}] -setup 0.020
    Info: set_clock_uncertainty -fall_from [get_clocks {pin_name}] -rise_to [get_clocks {pin_name}] -setup 0.020
    Info: set_clock_uncertainty -fall_from [get_clocks {pin_name}] -fall_to [get_clocks {pin_name}] -setup 0.020
    Info: set_clock_uncertainty -rise_from [get_clocks {pin_name}] -rise_to [get_clocks {pin_name}] -hold 0.020
    Info: set_clock_uncertainty -rise_from [get_clocks {pin_name}] -fall_to [get_clocks {pin_name}] -hold 0.020
    Info: set_clock_uncertainty -fall_from [get_clocks {pin_name}] -rise_to [get_clocks {pin_name}] -hold 0.020
    Info: set_clock_uncertainty -fall_from [get_clocks {pin_name}] -fall_to [get_clocks {pin_name}] -hold 0.020
Info: Analyzing Slow 1200mV 85C Model
Critical Warning: Timing requirements not met
Info: Worst-case setup slack is -1.663
    Info:     Slack End Point TNS Clock 
    Info: ========= ============= =====================
    Info:    -1.663       -50.839 pin_name 
Info: Worst-case hold slack is 0.432
    Info:     Slack End Point TNS Clock 
    Info: ========= ============= =====================
    Info:     0.432         0.000 pin_name 
Info: No Recovery paths to report
Info: No Removal paths to report
Info: Worst-case minimum pulse width slack is -3.000
    Info:     Slack End Point TNS Clock 
    Info: ========= ============= =====================
    Info:    -3.000       -74.376 pin_name 
Info: Analyzing Slow 1200mV 0C Model
Info: Deriving Clock Uncertainty
    Info: set_clock_uncertainty -rise_from [get_clocks {pin_name}] -rise_to [get_clocks {pin_name}] -setup 0.020
    Info: set_clock_uncertainty -rise_from [get_clocks {pin_name}] -fall_to [get_clocks {pin_name}] -setup 0.020
    Info: set_clock_uncertainty -fall_from [get_clocks {pin_name}] -rise_to [get_clocks {pin_name}] -setup 0.020
    Info: set_clock_uncertainty -fall_from [get_clocks {pin_name}] -fall_to [get_clocks {pin_name}] -setup 0.020
    Info: set_clock_uncertainty -rise_from [get_clocks {pin_name}] -rise_to [get_clocks {pin_name}] -hold 0.020
    Info: set_clock_uncertainty -rise_from [get_clocks {pin_name}] -fall_to [get_clocks {pin_name}] -hold 0.020
    Info: set_clock_uncertainty -fall_from [get_clocks {pin_name}] -rise_to [get_clocks {pin_name}] -hold 0.020
    Info: set_clock_uncertainty -fall_from [get_clocks {pin_name}] -fall_to [get_clocks {pin_name}] -hold 0.020
Critical Warning: Timing requirements not met
Info: Worst-case setup slack is -1.524
    Info:     Slack End Point TNS Clock 
    Info: ========= ============= =====================
    Info:    -1.524       -43.855 pin_name 
Info: Worst-case hold slack is 0.381
    Info:     Slack End Point TNS Clock 
    Info: ========= ============= =====================
    Info:     0.381         0.000 pin_name 
Info: No Recovery paths to report
Info: No Removal paths to report
Info: Worst-case minimum pulse width slack is -3.000
    Info:     Slack End Point TNS Clock 
    Info: ========= ============= =====================
    Info:    -3.000       -74.376 pin_name 
Info: Analyzing Fast 1200mV 0C Model
Info: Deriving Clock Uncertainty
    Info: set_clock_uncertainty -rise_from [get_clocks {pin_name}] -rise_to [get_clocks {pin_name}] -setup 0.020
    Info: set_clock_uncertainty -rise_from [get_clocks {pin_name}] -fall_to [get_clocks {pin_name}] -setup 0.020
    Info: set_clock_uncertainty -fall_from [get_clocks {pin_name}] -rise_to [get_clocks {pin_name}] -setup 0.020
    Info: set_clock_uncertainty -fall_from [get_clocks {pin_name}] -fall_to [get_clocks {pin_name}] -setup 0.020
    Info: set_clock_uncertainty -rise_from [get_clocks {pin_name}] -rise_to [get_clocks {pin_name}] -hold 0.020
    Info: set_clock_uncertainty -rise_from [get_clocks {pin_name}] -fall_to [get_clocks {pin_name}] -hold 0.020
    Info: set_clock_uncertainty -fall_from [get_clocks {pin_name}] -rise_to [get_clocks {pin_name}] -hold 0.020
    Info: set_clock_uncertainty -fall_from [get_clocks {pin_name}] -fall_to [get_clocks {pin_name}] -hold 0.020
Critical Warning: Timing requirements not met
Info: Worst-case setup slack is -0.198
    Info:     Slack End Point TNS Clock 
    Info: ========= ============= =====================
    Info:    -0.198        -1.191 pin_name 
Info: Worst-case hold slack is 0.166
    Info:     Slack End Point TNS Clock 
    Info: ========= ============= =====================
    Info:     0.166         0.000 pin_name 
Info: No Recovery paths to report
Info: No Removal paths to report
Info: Worst-case minimum pulse width slack is -3.000
    Info:     Slack End Point TNS Clock 
    Info: ========= ============= =====================
    Info:    -3.000       -53.938 pin_name 
Info: Design is not fully constrained for setup requirements
Info: Design is not fully constrained for hold requirements
Info: Quartus II TimeQuest Timing Analyzer was successful. 0 errors, 4 warnings
    Info: Peak virtual memory: 259 megabytes
    Info: Processing ended: Tue May 28 20:34:15 2024
    Info: Elapsed time: 00:00:01
    Info: Total CPU time (on all processors): 00:00:01


