Simulator report for coClassProject
Wed Jan 07 19:00:29 2026
Quartus II Version 9.1 Build 350 03/24/2010 Service Pack 2 SJ Web Edition


---------------------
; Table of Contents ;
---------------------
  1. Legal Notice
  2. Simulator Summary
  3. Simulator Settings
  4. Simulation Waveforms
  5. |DataPath|lpm_rom3:inst13|altsyncram:altsyncram_component|altsyncram_hga1:auto_generated|ALTSYNCRAM
  6. Coverage Summary
  7. Complete 1/0-Value Coverage
  8. Missing 1-Value Coverage
  9. Missing 0-Value Coverage
 10. Simulator INI Usage
 11. Simulator Messages



----------------
; Legal Notice ;
----------------
Copyright (C) 1991-2010 Altera Corporation
Your use of Altera Corporation's design tools, logic functions 
and other software and tools, and its AMPP partner logic 
functions, and any output files from any of the foregoing 
(including device programming or simulation files), and any 
associated documentation or information are expressly subject 
to the terms and conditions of the Altera Program License 
Subscription Agreement, Altera MegaCore Function License 
Agreement, or other applicable license agreement, including, 
without limitation, that your use is for the sole purpose of 
programming logic devices manufactured by Altera and sold by 
Altera or its authorized distributors.  Please refer to the 
applicable agreement for further details.



+--------------------------------------------+
; Simulator Summary                          ;
+-----------------------------+--------------+
; Type                        ; Value        ;
+-----------------------------+--------------+
; Simulation Start Time       ; 0 ps         ;
; Simulation End Time         ; 1.0 us       ;
; Simulation Netlist Size     ; 523 nodes    ;
; Simulation Coverage         ;      60.38 % ;
; Total Number of Transitions ; 5790         ;
; Simulation Breakpoints      ; 0            ;
; Family                      ; Cyclone III  ;
+-----------------------------+--------------+


+---------------------------------------------------------------------------------------------------------------------------+
; Simulator Settings                                                                                                        ;
+--------------------------------------------------------------------------------------------+--------------+---------------+
; Option                                                                                     ; Setting      ; Default Value ;
+--------------------------------------------------------------------------------------------+--------------+---------------+
; Simulation mode                                                                            ; Functional   ; Timing        ;
; Start time                                                                                 ; 0 ns         ; 0 ns          ;
; Simulation results format                                                                  ; CVWF         ;               ;
; Vector input source                                                                        ; DataPath.vwf ;               ;
; Add pins automatically to simulation output waveforms                                      ; On           ; On            ;
; Check outputs                                                                              ; Off          ; Off           ;
; Report simulation coverage                                                                 ; On           ; On            ;
; Display complete 1/0 value coverage report                                                 ; On           ; On            ;
; Display missing 1-value coverage report                                                    ; On           ; On            ;
; Display missing 0-value coverage report                                                    ; On           ; On            ;
; Detect setup and hold time violations                                                      ; Off          ; Off           ;
; Detect glitches                                                                            ; Off          ; Off           ;
; Disable timing delays in Timing Simulation                                                 ; Off          ; Off           ;
; Generate Signal Activity File                                                              ; Off          ; Off           ;
; Generate VCD File for PowerPlay Power Analyzer                                             ; Off          ; Off           ;
; Group bus channels in simulation results                                                   ; Off          ; Off           ;
; Preserve fewer signal transitions to reduce memory requirements                            ; On           ; On            ;
; Trigger vector comparison with the specified mode                                          ; INPUT_EDGE   ; INPUT_EDGE    ;
; Disable setup and hold time violations detection in input registers of bi-directional pins ; Off          ; Off           ;
; Overwrite Waveform Inputs With Simulation Outputs                                          ; Off          ;               ;
; Perform Glitch Filtering in Timing Simulation                                              ; Auto         ; Auto          ;
; Interconnect Delay Model Type                                                              ; Transport    ; Transport     ;
; Cell Delay Model Type                                                                      ; Transport    ; Transport     ;
+--------------------------------------------------------------------------------------------+--------------+---------------+


+----------------------+
; Simulation Waveforms ;
+----------------------+
Waveform report data cannot be output to ASCII.
Please use Quartus II to view the waveform report data.


+-----------------------------------------------------------------------------------------------------+
; |DataPath|lpm_rom3:inst13|altsyncram:altsyncram_component|altsyncram_hga1:auto_generated|ALTSYNCRAM ;
+-----------------------------------------------------------------------------------------------------+
Please refer to fitter text-based report (*.fit.rpt) to view logical memory report content in ASCII.


+--------------------------------------------------------------------+
; Coverage Summary                                                   ;
+-----------------------------------------------------+--------------+
; Type                                                ; Value        ;
+-----------------------------------------------------+--------------+
; Total coverage as a percentage                      ;      60.38 % ;
; Total nodes checked                                 ; 523          ;
; Total output ports checked                          ; 530          ;
; Total output ports with complete 1/0-value coverage ; 320          ;
; Total output ports with no 1/0-value coverage       ; 154          ;
; Total output ports with no 1-value coverage         ; 188          ;
; Total output ports with no 0-value coverage         ; 176          ;
+-----------------------------------------------------+--------------+


The following table displays output ports that toggle between 1 and 0 during simulation.
+-----------------------------------------------------------------------------------------------------------------------------------------------------------------------------------------------------------------------------------------------------+
; Complete 1/0-Value Coverage                                                                                                                                                                                                                         ;
+----------------------------------------------------------------------------------------------------------------+-----------------------------------------------------------------------------------------------------------------+------------------+
; Node Name                                                                                                      ; Output Port Name                                                                                                ; Output Port Type ;
+----------------------------------------------------------------------------------------------------------------+-----------------------------------------------------------------------------------------------------------------+------------------+
; |DataPath|CRT[7]                                                                                               ; |DataPath|CRT[7]                                                                                                ; pin_out          ;
; |DataPath|CRT[6]                                                                                               ; |DataPath|CRT[6]                                                                                                ; pin_out          ;
; |DataPath|CRT[5]                                                                                               ; |DataPath|CRT[5]                                                                                                ; pin_out          ;
; |DataPath|CRT[4]                                                                                               ; |DataPath|CRT[4]                                                                                                ; pin_out          ;
; |DataPath|CRT[3]                                                                                               ; |DataPath|CRT[3]                                                                                                ; pin_out          ;
; |DataPath|CRT[2]                                                                                               ; |DataPath|CRT[2]                                                                                                ; pin_out          ;
; |DataPath|CRT[1]                                                                                               ; |DataPath|CRT[1]                                                                                                ; pin_out          ;
; |DataPath|CRT[0]                                                                                               ; |DataPath|CRT[0]                                                                                                ; pin_out          ;
; |DataPath|DBUS[7]                                                                                              ; |DataPath|DBUS[7]                                                                                               ; out0             ;
; |DataPath|DBUS[6]                                                                                              ; |DataPath|DBUS[6]                                                                                               ; out0             ;
; |DataPath|DBUS[5]                                                                                              ; |DataPath|DBUS[5]                                                                                               ; out0             ;
; |DataPath|DBUS[4]                                                                                              ; |DataPath|DBUS[4]                                                                                               ; out0             ;
; |DataPath|DBUS[3]                                                                                              ; |DataPath|DBUS[3]                                                                                               ; out0             ;
; |DataPath|DBUS[2]                                                                                              ; |DataPath|DBUS[2]                                                                                               ; out0             ;
; |DataPath|DBUS[1]                                                                                              ; |DataPath|DBUS[1]                                                                                               ; out0             ;
; |DataPath|DBUS[0]                                                                                              ; |DataPath|DBUS[0]                                                                                               ; out0             ;
; |DataPath|Zout                                                                                                 ; |DataPath|Zout                                                                                                  ; out              ;
; |DataPath|Clk                                                                                                  ; |DataPath|Clk                                                                                                   ; out              ;
; |DataPath|Zin                                                                                                  ; |DataPath|Zin                                                                                                   ; out              ;
; |DataPath|Yin                                                                                                  ; |DataPath|Yin                                                                                                   ; out              ;
; |DataPath|op[0]                                                                                                ; |DataPath|op[0]                                                                                                 ; out              ;
; |DataPath|MDRout                                                                                               ; |DataPath|MDRout                                                                                                ; out              ;
; |DataPath|MDRin                                                                                                ; |DataPath|MDRin                                                                                                 ; out              ;
; |DataPath|MemRd                                                                                                ; |DataPath|MemRd                                                                                                 ; out              ;
; |DataPath|MARin                                                                                                ; |DataPath|MARin                                                                                                 ; out              ;
; |DataPath|GRout                                                                                                ; |DataPath|GRout                                                                                                 ; out              ;
; |DataPath|GRin                                                                                                 ; |DataPath|GRin                                                                                                  ; out              ;
; |DataPath|GRsel                                                                                                ; |DataPath|GRsel                                                                                                 ; out              ;
; |DataPath|IR[5]                                                                                                ; |DataPath|IR[5]                                                                                                 ; pin_out          ;
; |DataPath|IR[3]                                                                                                ; |DataPath|IR[3]                                                                                                 ; pin_out          ;
; |DataPath|IR[2]                                                                                                ; |DataPath|IR[2]                                                                                                 ; pin_out          ;
; |DataPath|IR[0]                                                                                                ; |DataPath|IR[0]                                                                                                 ; pin_out          ;
; |DataPath|IRin                                                                                                 ; |DataPath|IRin                                                                                                  ; out              ;
; |DataPath|PCout                                                                                                ; |DataPath|PCout                                                                                                 ; out              ;
; |DataPath|PCin                                                                                                 ; |DataPath|PCin                                                                                                  ; out              ;
; |DataPath|PC_1                                                                                                 ; |DataPath|PC_1                                                                                                  ; out              ;
; |DataPath|MA[5]                                                                                                ; |DataPath|MA[5]                                                                                                 ; pin_out          ;
; |DataPath|MA[2]                                                                                                ; |DataPath|MA[2]                                                                                                 ; pin_out          ;
; |DataPath|MA[1]                                                                                                ; |DataPath|MA[1]                                                                                                 ; pin_out          ;
; |DataPath|MA[0]                                                                                                ; |DataPath|MA[0]                                                                                                 ; pin_out          ;
; |DataPath|MQ[7]                                                                                                ; |DataPath|MQ[7]                                                                                                 ; pin_out          ;
; |DataPath|MQ[6]                                                                                                ; |DataPath|MQ[6]                                                                                                 ; pin_out          ;
; |DataPath|MQ[5]                                                                                                ; |DataPath|MQ[5]                                                                                                 ; pin_out          ;
; |DataPath|MQ[3]                                                                                                ; |DataPath|MQ[3]                                                                                                 ; pin_out          ;
; |DataPath|MQ[2]                                                                                                ; |DataPath|MQ[2]                                                                                                 ; pin_out          ;
; |DataPath|MQ[0]                                                                                                ; |DataPath|MQ[0]                                                                                                 ; pin_out          ;
; |DataPath|PC[2]                                                                                                ; |DataPath|PC[2]                                                                                                 ; pin_out          ;
; |DataPath|PC[1]                                                                                                ; |DataPath|PC[1]                                                                                                 ; pin_out          ;
; |DataPath|PC[0]                                                                                                ; |DataPath|PC[0]                                                                                                 ; pin_out          ;
; |DataPath|RD[0]                                                                                                ; |DataPath|RD[0]                                                                                                 ; pin_out          ;
; |DataPath|RS[1]                                                                                                ; |DataPath|RS[1]                                                                                                 ; pin_out          ;
; |DataPath|RS[0]                                                                                                ; |DataPath|RS[0]                                                                                                 ; pin_out          ;
; |DataPath|lpm_counter0:inst10|lpm_counter:lpm_counter_component|cntr_tqj:auto_generated|counter_reg_bit[7]~0   ; |DataPath|lpm_counter0:inst10|lpm_counter:lpm_counter_component|cntr_tqj:auto_generated|counter_reg_bit[7]~0    ; out0             ;
; |DataPath|lpm_counter0:inst10|lpm_counter:lpm_counter_component|cntr_tqj:auto_generated|counter_reg_bit[6]~1   ; |DataPath|lpm_counter0:inst10|lpm_counter:lpm_counter_component|cntr_tqj:auto_generated|counter_reg_bit[6]~1    ; out0             ;
; |DataPath|lpm_counter0:inst10|lpm_counter:lpm_counter_component|cntr_tqj:auto_generated|counter_reg_bit[5]~2   ; |DataPath|lpm_counter0:inst10|lpm_counter:lpm_counter_component|cntr_tqj:auto_generated|counter_reg_bit[5]~2    ; out0             ;
; |DataPath|lpm_counter0:inst10|lpm_counter:lpm_counter_component|cntr_tqj:auto_generated|counter_reg_bit[4]~3   ; |DataPath|lpm_counter0:inst10|lpm_counter:lpm_counter_component|cntr_tqj:auto_generated|counter_reg_bit[4]~3    ; out0             ;
; |DataPath|lpm_counter0:inst10|lpm_counter:lpm_counter_component|cntr_tqj:auto_generated|counter_reg_bit[3]~4   ; |DataPath|lpm_counter0:inst10|lpm_counter:lpm_counter_component|cntr_tqj:auto_generated|counter_reg_bit[3]~4    ; out0             ;
; |DataPath|lpm_counter0:inst10|lpm_counter:lpm_counter_component|cntr_tqj:auto_generated|counter_reg_bit[2]~5   ; |DataPath|lpm_counter0:inst10|lpm_counter:lpm_counter_component|cntr_tqj:auto_generated|counter_reg_bit[2]~5    ; out0             ;
; |DataPath|lpm_counter0:inst10|lpm_counter:lpm_counter_component|cntr_tqj:auto_generated|counter_reg_bit[1]~6   ; |DataPath|lpm_counter0:inst10|lpm_counter:lpm_counter_component|cntr_tqj:auto_generated|counter_reg_bit[1]~6    ; out0             ;
; |DataPath|lpm_counter0:inst10|lpm_counter:lpm_counter_component|cntr_tqj:auto_generated|counter_reg_bit[0]~7   ; |DataPath|lpm_counter0:inst10|lpm_counter:lpm_counter_component|cntr_tqj:auto_generated|counter_reg_bit[0]~7    ; out0             ;
; |DataPath|lpm_counter0:inst10|lpm_counter:lpm_counter_component|cntr_tqj:auto_generated|_~27                   ; |DataPath|lpm_counter0:inst10|lpm_counter:lpm_counter_component|cntr_tqj:auto_generated|_~27                    ; out0             ;
; |DataPath|lpm_counter0:inst10|lpm_counter:lpm_counter_component|cntr_tqj:auto_generated|_~28                   ; |DataPath|lpm_counter0:inst10|lpm_counter:lpm_counter_component|cntr_tqj:auto_generated|_~28                    ; out0             ;
; |DataPath|lpm_counter0:inst10|lpm_counter:lpm_counter_component|cntr_tqj:auto_generated|counter_reg_bit[7]~10  ; |DataPath|lpm_counter0:inst10|lpm_counter:lpm_counter_component|cntr_tqj:auto_generated|counter_reg_bit[7]~10   ; out0             ;
; |DataPath|lpm_counter0:inst10|lpm_counter:lpm_counter_component|cntr_tqj:auto_generated|counter_comb_bita0     ; |DataPath|lpm_counter0:inst10|lpm_counter:lpm_counter_component|cntr_tqj:auto_generated|counter_comb_bita0      ; combout          ;
; |DataPath|lpm_counter0:inst10|lpm_counter:lpm_counter_component|cntr_tqj:auto_generated|counter_comb_bita0     ; |DataPath|lpm_counter0:inst10|lpm_counter:lpm_counter_component|cntr_tqj:auto_generated|counter_comb_bita0~COUT ; cout             ;
; |DataPath|lpm_counter0:inst10|lpm_counter:lpm_counter_component|cntr_tqj:auto_generated|counter_comb_bita1     ; |DataPath|lpm_counter0:inst10|lpm_counter:lpm_counter_component|cntr_tqj:auto_generated|counter_comb_bita1      ; combout          ;
; |DataPath|lpm_counter0:inst10|lpm_counter:lpm_counter_component|cntr_tqj:auto_generated|counter_comb_bita1     ; |DataPath|lpm_counter0:inst10|lpm_counter:lpm_counter_component|cntr_tqj:auto_generated|counter_comb_bita1~COUT ; cout             ;
; |DataPath|lpm_counter0:inst10|lpm_counter:lpm_counter_component|cntr_tqj:auto_generated|counter_comb_bita2     ; |DataPath|lpm_counter0:inst10|lpm_counter:lpm_counter_component|cntr_tqj:auto_generated|counter_comb_bita2      ; combout          ;
; |DataPath|lpm_counter0:inst10|lpm_counter:lpm_counter_component|cntr_tqj:auto_generated|counter_comb_bita2     ; |DataPath|lpm_counter0:inst10|lpm_counter:lpm_counter_component|cntr_tqj:auto_generated|counter_comb_bita2~COUT ; cout             ;
; |DataPath|lpm_counter0:inst10|lpm_counter:lpm_counter_component|cntr_tqj:auto_generated|counter_comb_bita3     ; |DataPath|lpm_counter0:inst10|lpm_counter:lpm_counter_component|cntr_tqj:auto_generated|counter_comb_bita3      ; combout          ;
; |DataPath|lpm_counter0:inst10|lpm_counter:lpm_counter_component|cntr_tqj:auto_generated|counter_reg_bit[2]     ; |DataPath|lpm_counter0:inst10|lpm_counter:lpm_counter_component|cntr_tqj:auto_generated|counter_reg_bit[2]      ; regout           ;
; |DataPath|lpm_counter0:inst10|lpm_counter:lpm_counter_component|cntr_tqj:auto_generated|counter_reg_bit[1]     ; |DataPath|lpm_counter0:inst10|lpm_counter:lpm_counter_component|cntr_tqj:auto_generated|counter_reg_bit[1]      ; regout           ;
; |DataPath|lpm_counter0:inst10|lpm_counter:lpm_counter_component|cntr_tqj:auto_generated|counter_reg_bit[0]     ; |DataPath|lpm_counter0:inst10|lpm_counter:lpm_counter_component|cntr_tqj:auto_generated|counter_reg_bit[0]      ; regout           ;
; |DataPath|lpm_bustri0:inst17|lpm_bustri:lpm_bustri_component|dout[5]                                           ; |DataPath|lpm_bustri0:inst17|lpm_bustri:lpm_bustri_component|dout[5]                                            ; out              ;
; |DataPath|lpm_bustri0:inst17|lpm_bustri:lpm_bustri_component|dout[4]                                           ; |DataPath|lpm_bustri0:inst17|lpm_bustri:lpm_bustri_component|dout[4]                                            ; out              ;
; |DataPath|lpm_bustri0:inst17|lpm_bustri:lpm_bustri_component|dout[2]                                           ; |DataPath|lpm_bustri0:inst17|lpm_bustri:lpm_bustri_component|dout[2]                                            ; out              ;
; |DataPath|lpm_bustri0:inst17|lpm_bustri:lpm_bustri_component|dout[1]                                           ; |DataPath|lpm_bustri0:inst17|lpm_bustri:lpm_bustri_component|dout[1]                                            ; out              ;
; |DataPath|lpm_bustri0:inst17|lpm_bustri:lpm_bustri_component|dout[0]                                           ; |DataPath|lpm_bustri0:inst17|lpm_bustri:lpm_bustri_component|dout[0]                                            ; out              ;
; |DataPath|lpm_dff4:inst11|lpm_ff:lpm_ff_component|dffs[5]                                                      ; |DataPath|lpm_dff4:inst11|lpm_ff:lpm_ff_component|dffs[5]                                                       ; regout           ;
; |DataPath|lpm_dff4:inst11|lpm_ff:lpm_ff_component|dffs[3]                                                      ; |DataPath|lpm_dff4:inst11|lpm_ff:lpm_ff_component|dffs[3]                                                       ; regout           ;
; |DataPath|lpm_dff4:inst11|lpm_ff:lpm_ff_component|dffs[2]                                                      ; |DataPath|lpm_dff4:inst11|lpm_ff:lpm_ff_component|dffs[2]                                                       ; regout           ;
; |DataPath|lpm_dff4:inst11|lpm_ff:lpm_ff_component|dffs[0]                                                      ; |DataPath|lpm_dff4:inst11|lpm_ff:lpm_ff_component|dffs[0]                                                       ; regout           ;
; |DataPath|lpm_mux3:inst6|lpm_mux:lpm_mux_component|mux_vpc:auto_generated|result_node[1]~1                     ; |DataPath|lpm_mux3:inst6|lpm_mux:lpm_mux_component|mux_vpc:auto_generated|result_node[1]~1                      ; out0             ;
; |DataPath|lpm_mux3:inst6|lpm_mux:lpm_mux_component|mux_vpc:auto_generated|result_node[1]                       ; |DataPath|lpm_mux3:inst6|lpm_mux:lpm_mux_component|mux_vpc:auto_generated|result_node[1]                        ; out0             ;
; |DataPath|lpm_mux3:inst6|lpm_mux:lpm_mux_component|mux_vpc:auto_generated|result_node[0]~2                     ; |DataPath|lpm_mux3:inst6|lpm_mux:lpm_mux_component|mux_vpc:auto_generated|result_node[0]~2                      ; out0             ;
; |DataPath|lpm_mux3:inst6|lpm_mux:lpm_mux_component|mux_vpc:auto_generated|result_node[0]~3                     ; |DataPath|lpm_mux3:inst6|lpm_mux:lpm_mux_component|mux_vpc:auto_generated|result_node[0]~3                      ; out0             ;
; |DataPath|lpm_mux3:inst6|lpm_mux:lpm_mux_component|mux_vpc:auto_generated|result_node[0]                       ; |DataPath|lpm_mux3:inst6|lpm_mux:lpm_mux_component|mux_vpc:auto_generated|result_node[0]                        ; out0             ;
; |DataPath|GPRs:inst7|lpm_dff2:inst11|lpm_ff:lpm_ff_component|dffs[6]                                           ; |DataPath|GPRs:inst7|lpm_dff2:inst11|lpm_ff:lpm_ff_component|dffs[6]                                            ; regout           ;
; |DataPath|GPRs:inst7|lpm_dff2:inst11|lpm_ff:lpm_ff_component|dffs[2]                                           ; |DataPath|GPRs:inst7|lpm_dff2:inst11|lpm_ff:lpm_ff_component|dffs[2]                                            ; regout           ;
; |DataPath|GPRs:inst7|lpm_decode0:inst9|lpm_decode:lpm_decode_component|decode_7uf:auto_generated|w_anode14w[2] ; |DataPath|GPRs:inst7|lpm_decode0:inst9|lpm_decode:lpm_decode_component|decode_7uf:auto_generated|w_anode14w[2]  ; out0             ;
; |DataPath|GPRs:inst7|lpm_decode0:inst9|lpm_decode:lpm_decode_component|decode_7uf:auto_generated|w_anode14w[1] ; |DataPath|GPRs:inst7|lpm_decode0:inst9|lpm_decode:lpm_decode_component|decode_7uf:auto_generated|w_anode14w[1]  ; out0             ;
; |DataPath|GPRs:inst7|lpm_decode0:inst9|lpm_decode:lpm_decode_component|decode_7uf:auto_generated|w_anode1w[1]  ; |DataPath|GPRs:inst7|lpm_decode0:inst9|lpm_decode:lpm_decode_component|decode_7uf:auto_generated|w_anode1w[1]   ; out0             ;
; |DataPath|GPRs:inst7|lpm_decode0:inst9|lpm_decode:lpm_decode_component|decode_7uf:auto_generated|w_anode22w[2] ; |DataPath|GPRs:inst7|lpm_decode0:inst9|lpm_decode:lpm_decode_component|decode_7uf:auto_generated|w_anode22w[2]  ; out0             ;
; |DataPath|GPRs:inst7|lpm_decode0:inst9|lpm_decode:lpm_decode_component|decode_7uf:auto_generated|w_anode22w[1] ; |DataPath|GPRs:inst7|lpm_decode0:inst9|lpm_decode:lpm_decode_component|decode_7uf:auto_generated|w_anode22w[1]  ; out0             ;
; |DataPath|GPRs:inst7|lpm_decode0:inst9|lpm_decode:lpm_decode_component|decode_7uf:auto_generated|w_anode30w[1] ; |DataPath|GPRs:inst7|lpm_decode0:inst9|lpm_decode:lpm_decode_component|decode_7uf:auto_generated|w_anode30w[1]  ; out0             ;
; |DataPath|GPRs:inst7|lpm_mux0:inst13|lpm_mux:lpm_mux_component|mux_8qc:auto_generated|_~5                      ; |DataPath|GPRs:inst7|lpm_mux0:inst13|lpm_mux:lpm_mux_component|mux_8qc:auto_generated|_~5                       ; out0             ;
; |DataPath|GPRs:inst7|lpm_mux0:inst13|lpm_mux:lpm_mux_component|mux_8qc:auto_generated|_~6                      ; |DataPath|GPRs:inst7|lpm_mux0:inst13|lpm_mux:lpm_mux_component|mux_8qc:auto_generated|_~6                       ; out0             ;
; |DataPath|GPRs:inst7|lpm_mux0:inst13|lpm_mux:lpm_mux_component|mux_8qc:auto_generated|_~7                      ; |DataPath|GPRs:inst7|lpm_mux0:inst13|lpm_mux:lpm_mux_component|mux_8qc:auto_generated|_~7                       ; out0             ;
; |DataPath|GPRs:inst7|lpm_mux0:inst13|lpm_mux:lpm_mux_component|mux_8qc:auto_generated|_~13                     ; |DataPath|GPRs:inst7|lpm_mux0:inst13|lpm_mux:lpm_mux_component|mux_8qc:auto_generated|_~13                      ; out0             ;
; |DataPath|GPRs:inst7|lpm_mux0:inst13|lpm_mux:lpm_mux_component|mux_8qc:auto_generated|_~14                     ; |DataPath|GPRs:inst7|lpm_mux0:inst13|lpm_mux:lpm_mux_component|mux_8qc:auto_generated|_~14                      ; out0             ;
; |DataPath|GPRs:inst7|lpm_mux0:inst13|lpm_mux:lpm_mux_component|mux_8qc:auto_generated|_~15                     ; |DataPath|GPRs:inst7|lpm_mux0:inst13|lpm_mux:lpm_mux_component|mux_8qc:auto_generated|_~15                      ; out0             ;
; |DataPath|GPRs:inst7|lpm_mux0:inst13|lpm_mux:lpm_mux_component|mux_8qc:auto_generated|_~17                     ; |DataPath|GPRs:inst7|lpm_mux0:inst13|lpm_mux:lpm_mux_component|mux_8qc:auto_generated|_~17                      ; out0             ;
; |DataPath|GPRs:inst7|lpm_mux0:inst13|lpm_mux:lpm_mux_component|mux_8qc:auto_generated|result_node[7]~1         ; |DataPath|GPRs:inst7|lpm_mux0:inst13|lpm_mux:lpm_mux_component|mux_8qc:auto_generated|result_node[7]~1          ; out0             ;
; |DataPath|GPRs:inst7|lpm_mux0:inst13|lpm_mux:lpm_mux_component|mux_8qc:auto_generated|result_node[7]           ; |DataPath|GPRs:inst7|lpm_mux0:inst13|lpm_mux:lpm_mux_component|mux_8qc:auto_generated|result_node[7]            ; out0             ;
; |DataPath|GPRs:inst7|lpm_mux0:inst13|lpm_mux:lpm_mux_component|mux_8qc:auto_generated|_~23                     ; |DataPath|GPRs:inst7|lpm_mux0:inst13|lpm_mux:lpm_mux_component|mux_8qc:auto_generated|_~23                      ; out0             ;
; |DataPath|GPRs:inst7|lpm_mux0:inst13|lpm_mux:lpm_mux_component|mux_8qc:auto_generated|_~24                     ; |DataPath|GPRs:inst7|lpm_mux0:inst13|lpm_mux:lpm_mux_component|mux_8qc:auto_generated|_~24                      ; out0             ;
; |DataPath|GPRs:inst7|lpm_mux0:inst13|lpm_mux:lpm_mux_component|mux_8qc:auto_generated|_~25                     ; |DataPath|GPRs:inst7|lpm_mux0:inst13|lpm_mux:lpm_mux_component|mux_8qc:auto_generated|_~25                      ; out0             ;
; |DataPath|GPRs:inst7|lpm_mux0:inst13|lpm_mux:lpm_mux_component|mux_8qc:auto_generated|_~31                     ; |DataPath|GPRs:inst7|lpm_mux0:inst13|lpm_mux:lpm_mux_component|mux_8qc:auto_generated|_~31                      ; out0             ;
; |DataPath|GPRs:inst7|lpm_mux0:inst13|lpm_mux:lpm_mux_component|mux_8qc:auto_generated|_~32                     ; |DataPath|GPRs:inst7|lpm_mux0:inst13|lpm_mux:lpm_mux_component|mux_8qc:auto_generated|_~32                      ; out0             ;
; |DataPath|GPRs:inst7|lpm_mux0:inst13|lpm_mux:lpm_mux_component|mux_8qc:auto_generated|_~33                     ; |DataPath|GPRs:inst7|lpm_mux0:inst13|lpm_mux:lpm_mux_component|mux_8qc:auto_generated|_~33                      ; out0             ;
; |DataPath|GPRs:inst7|lpm_mux0:inst13|lpm_mux:lpm_mux_component|mux_8qc:auto_generated|_~35                     ; |DataPath|GPRs:inst7|lpm_mux0:inst13|lpm_mux:lpm_mux_component|mux_8qc:auto_generated|_~35                      ; out0             ;
; |DataPath|GPRs:inst7|lpm_mux0:inst13|lpm_mux:lpm_mux_component|mux_8qc:auto_generated|result_node[6]~3         ; |DataPath|GPRs:inst7|lpm_mux0:inst13|lpm_mux:lpm_mux_component|mux_8qc:auto_generated|result_node[6]~3          ; out0             ;
; |DataPath|GPRs:inst7|lpm_mux0:inst13|lpm_mux:lpm_mux_component|mux_8qc:auto_generated|result_node[6]           ; |DataPath|GPRs:inst7|lpm_mux0:inst13|lpm_mux:lpm_mux_component|mux_8qc:auto_generated|result_node[6]            ; out0             ;
; |DataPath|GPRs:inst7|lpm_mux0:inst13|lpm_mux:lpm_mux_component|mux_8qc:auto_generated|_~36                     ; |DataPath|GPRs:inst7|lpm_mux0:inst13|lpm_mux:lpm_mux_component|mux_8qc:auto_generated|_~36                      ; out0             ;
; |DataPath|GPRs:inst7|lpm_mux0:inst13|lpm_mux:lpm_mux_component|mux_8qc:auto_generated|_~41                     ; |DataPath|GPRs:inst7|lpm_mux0:inst13|lpm_mux:lpm_mux_component|mux_8qc:auto_generated|_~41                      ; out0             ;
; |DataPath|GPRs:inst7|lpm_mux0:inst13|lpm_mux:lpm_mux_component|mux_8qc:auto_generated|_~42                     ; |DataPath|GPRs:inst7|lpm_mux0:inst13|lpm_mux:lpm_mux_component|mux_8qc:auto_generated|_~42                      ; out0             ;
; |DataPath|GPRs:inst7|lpm_mux0:inst13|lpm_mux:lpm_mux_component|mux_8qc:auto_generated|_~43                     ; |DataPath|GPRs:inst7|lpm_mux0:inst13|lpm_mux:lpm_mux_component|mux_8qc:auto_generated|_~43                      ; out0             ;
; |DataPath|GPRs:inst7|lpm_mux0:inst13|lpm_mux:lpm_mux_component|mux_8qc:auto_generated|result_node[5]~4         ; |DataPath|GPRs:inst7|lpm_mux0:inst13|lpm_mux:lpm_mux_component|mux_8qc:auto_generated|result_node[5]~4          ; out0             ;
; |DataPath|GPRs:inst7|lpm_mux0:inst13|lpm_mux:lpm_mux_component|mux_8qc:auto_generated|_~49                     ; |DataPath|GPRs:inst7|lpm_mux0:inst13|lpm_mux:lpm_mux_component|mux_8qc:auto_generated|_~49                      ; out0             ;
; |DataPath|GPRs:inst7|lpm_mux0:inst13|lpm_mux:lpm_mux_component|mux_8qc:auto_generated|_~50                     ; |DataPath|GPRs:inst7|lpm_mux0:inst13|lpm_mux:lpm_mux_component|mux_8qc:auto_generated|_~50                      ; out0             ;
; |DataPath|GPRs:inst7|lpm_mux0:inst13|lpm_mux:lpm_mux_component|mux_8qc:auto_generated|_~51                     ; |DataPath|GPRs:inst7|lpm_mux0:inst13|lpm_mux:lpm_mux_component|mux_8qc:auto_generated|_~51                      ; out0             ;
; |DataPath|GPRs:inst7|lpm_mux0:inst13|lpm_mux:lpm_mux_component|mux_8qc:auto_generated|_~53                     ; |DataPath|GPRs:inst7|lpm_mux0:inst13|lpm_mux:lpm_mux_component|mux_8qc:auto_generated|_~53                      ; out0             ;
; |DataPath|GPRs:inst7|lpm_mux0:inst13|lpm_mux:lpm_mux_component|mux_8qc:auto_generated|result_node[5]~5         ; |DataPath|GPRs:inst7|lpm_mux0:inst13|lpm_mux:lpm_mux_component|mux_8qc:auto_generated|result_node[5]~5          ; out0             ;
; |DataPath|GPRs:inst7|lpm_mux0:inst13|lpm_mux:lpm_mux_component|mux_8qc:auto_generated|result_node[5]           ; |DataPath|GPRs:inst7|lpm_mux0:inst13|lpm_mux:lpm_mux_component|mux_8qc:auto_generated|result_node[5]            ; out0             ;
; |DataPath|GPRs:inst7|lpm_mux0:inst13|lpm_mux:lpm_mux_component|mux_8qc:auto_generated|_~59                     ; |DataPath|GPRs:inst7|lpm_mux0:inst13|lpm_mux:lpm_mux_component|mux_8qc:auto_generated|_~59                      ; out0             ;
; |DataPath|GPRs:inst7|lpm_mux0:inst13|lpm_mux:lpm_mux_component|mux_8qc:auto_generated|_~60                     ; |DataPath|GPRs:inst7|lpm_mux0:inst13|lpm_mux:lpm_mux_component|mux_8qc:auto_generated|_~60                      ; out0             ;
; |DataPath|GPRs:inst7|lpm_mux0:inst13|lpm_mux:lpm_mux_component|mux_8qc:auto_generated|_~61                     ; |DataPath|GPRs:inst7|lpm_mux0:inst13|lpm_mux:lpm_mux_component|mux_8qc:auto_generated|_~61                      ; out0             ;
; |DataPath|GPRs:inst7|lpm_mux0:inst13|lpm_mux:lpm_mux_component|mux_8qc:auto_generated|_~67                     ; |DataPath|GPRs:inst7|lpm_mux0:inst13|lpm_mux:lpm_mux_component|mux_8qc:auto_generated|_~67                      ; out0             ;
; |DataPath|GPRs:inst7|lpm_mux0:inst13|lpm_mux:lpm_mux_component|mux_8qc:auto_generated|_~68                     ; |DataPath|GPRs:inst7|lpm_mux0:inst13|lpm_mux:lpm_mux_component|mux_8qc:auto_generated|_~68                      ; out0             ;
; |DataPath|GPRs:inst7|lpm_mux0:inst13|lpm_mux:lpm_mux_component|mux_8qc:auto_generated|_~69                     ; |DataPath|GPRs:inst7|lpm_mux0:inst13|lpm_mux:lpm_mux_component|mux_8qc:auto_generated|_~69                      ; out0             ;
; |DataPath|GPRs:inst7|lpm_mux0:inst13|lpm_mux:lpm_mux_component|mux_8qc:auto_generated|_~71                     ; |DataPath|GPRs:inst7|lpm_mux0:inst13|lpm_mux:lpm_mux_component|mux_8qc:auto_generated|_~71                      ; out0             ;
; |DataPath|GPRs:inst7|lpm_mux0:inst13|lpm_mux:lpm_mux_component|mux_8qc:auto_generated|result_node[4]~7         ; |DataPath|GPRs:inst7|lpm_mux0:inst13|lpm_mux:lpm_mux_component|mux_8qc:auto_generated|result_node[4]~7          ; out0             ;
; |DataPath|GPRs:inst7|lpm_mux0:inst13|lpm_mux:lpm_mux_component|mux_8qc:auto_generated|result_node[4]           ; |DataPath|GPRs:inst7|lpm_mux0:inst13|lpm_mux:lpm_mux_component|mux_8qc:auto_generated|result_node[4]            ; out0             ;
; |DataPath|GPRs:inst7|lpm_mux0:inst13|lpm_mux:lpm_mux_component|mux_8qc:auto_generated|_~77                     ; |DataPath|GPRs:inst7|lpm_mux0:inst13|lpm_mux:lpm_mux_component|mux_8qc:auto_generated|_~77                      ; out0             ;
; |DataPath|GPRs:inst7|lpm_mux0:inst13|lpm_mux:lpm_mux_component|mux_8qc:auto_generated|_~78                     ; |DataPath|GPRs:inst7|lpm_mux0:inst13|lpm_mux:lpm_mux_component|mux_8qc:auto_generated|_~78                      ; out0             ;
; |DataPath|GPRs:inst7|lpm_mux0:inst13|lpm_mux:lpm_mux_component|mux_8qc:auto_generated|_~79                     ; |DataPath|GPRs:inst7|lpm_mux0:inst13|lpm_mux:lpm_mux_component|mux_8qc:auto_generated|_~79                      ; out0             ;
; |DataPath|GPRs:inst7|lpm_mux0:inst13|lpm_mux:lpm_mux_component|mux_8qc:auto_generated|_~85                     ; |DataPath|GPRs:inst7|lpm_mux0:inst13|lpm_mux:lpm_mux_component|mux_8qc:auto_generated|_~85                      ; out0             ;
; |DataPath|GPRs:inst7|lpm_mux0:inst13|lpm_mux:lpm_mux_component|mux_8qc:auto_generated|_~86                     ; |DataPath|GPRs:inst7|lpm_mux0:inst13|lpm_mux:lpm_mux_component|mux_8qc:auto_generated|_~86                      ; out0             ;
; |DataPath|GPRs:inst7|lpm_mux0:inst13|lpm_mux:lpm_mux_component|mux_8qc:auto_generated|_~87                     ; |DataPath|GPRs:inst7|lpm_mux0:inst13|lpm_mux:lpm_mux_component|mux_8qc:auto_generated|_~87                      ; out0             ;
; |DataPath|GPRs:inst7|lpm_mux0:inst13|lpm_mux:lpm_mux_component|mux_8qc:auto_generated|_~89                     ; |DataPath|GPRs:inst7|lpm_mux0:inst13|lpm_mux:lpm_mux_component|mux_8qc:auto_generated|_~89                      ; out0             ;
; |DataPath|GPRs:inst7|lpm_mux0:inst13|lpm_mux:lpm_mux_component|mux_8qc:auto_generated|result_node[3]~9         ; |DataPath|GPRs:inst7|lpm_mux0:inst13|lpm_mux:lpm_mux_component|mux_8qc:auto_generated|result_node[3]~9          ; out0             ;
; |DataPath|GPRs:inst7|lpm_mux0:inst13|lpm_mux:lpm_mux_component|mux_8qc:auto_generated|result_node[3]           ; |DataPath|GPRs:inst7|lpm_mux0:inst13|lpm_mux:lpm_mux_component|mux_8qc:auto_generated|result_node[3]            ; out0             ;
; |DataPath|GPRs:inst7|lpm_mux0:inst13|lpm_mux:lpm_mux_component|mux_8qc:auto_generated|_~90                     ; |DataPath|GPRs:inst7|lpm_mux0:inst13|lpm_mux:lpm_mux_component|mux_8qc:auto_generated|_~90                      ; out0             ;
; |DataPath|GPRs:inst7|lpm_mux0:inst13|lpm_mux:lpm_mux_component|mux_8qc:auto_generated|_~95                     ; |DataPath|GPRs:inst7|lpm_mux0:inst13|lpm_mux:lpm_mux_component|mux_8qc:auto_generated|_~95                      ; out0             ;
; |DataPath|GPRs:inst7|lpm_mux0:inst13|lpm_mux:lpm_mux_component|mux_8qc:auto_generated|_~96                     ; |DataPath|GPRs:inst7|lpm_mux0:inst13|lpm_mux:lpm_mux_component|mux_8qc:auto_generated|_~96                      ; out0             ;
; |DataPath|GPRs:inst7|lpm_mux0:inst13|lpm_mux:lpm_mux_component|mux_8qc:auto_generated|_~97                     ; |DataPath|GPRs:inst7|lpm_mux0:inst13|lpm_mux:lpm_mux_component|mux_8qc:auto_generated|_~97                      ; out0             ;
; |DataPath|GPRs:inst7|lpm_mux0:inst13|lpm_mux:lpm_mux_component|mux_8qc:auto_generated|result_node[2]~10        ; |DataPath|GPRs:inst7|lpm_mux0:inst13|lpm_mux:lpm_mux_component|mux_8qc:auto_generated|result_node[2]~10         ; out0             ;
; |DataPath|GPRs:inst7|lpm_mux0:inst13|lpm_mux:lpm_mux_component|mux_8qc:auto_generated|_~103                    ; |DataPath|GPRs:inst7|lpm_mux0:inst13|lpm_mux:lpm_mux_component|mux_8qc:auto_generated|_~103                     ; out0             ;
; |DataPath|GPRs:inst7|lpm_mux0:inst13|lpm_mux:lpm_mux_component|mux_8qc:auto_generated|_~104                    ; |DataPath|GPRs:inst7|lpm_mux0:inst13|lpm_mux:lpm_mux_component|mux_8qc:auto_generated|_~104                     ; out0             ;
; |DataPath|GPRs:inst7|lpm_mux0:inst13|lpm_mux:lpm_mux_component|mux_8qc:auto_generated|_~105                    ; |DataPath|GPRs:inst7|lpm_mux0:inst13|lpm_mux:lpm_mux_component|mux_8qc:auto_generated|_~105                     ; out0             ;
; |DataPath|GPRs:inst7|lpm_mux0:inst13|lpm_mux:lpm_mux_component|mux_8qc:auto_generated|_~107                    ; |DataPath|GPRs:inst7|lpm_mux0:inst13|lpm_mux:lpm_mux_component|mux_8qc:auto_generated|_~107                     ; out0             ;
; |DataPath|GPRs:inst7|lpm_mux0:inst13|lpm_mux:lpm_mux_component|mux_8qc:auto_generated|result_node[2]~11        ; |DataPath|GPRs:inst7|lpm_mux0:inst13|lpm_mux:lpm_mux_component|mux_8qc:auto_generated|result_node[2]~11         ; out0             ;
; |DataPath|GPRs:inst7|lpm_mux0:inst13|lpm_mux:lpm_mux_component|mux_8qc:auto_generated|result_node[2]           ; |DataPath|GPRs:inst7|lpm_mux0:inst13|lpm_mux:lpm_mux_component|mux_8qc:auto_generated|result_node[2]            ; out0             ;
; |DataPath|GPRs:inst7|lpm_mux0:inst13|lpm_mux:lpm_mux_component|mux_8qc:auto_generated|_~113                    ; |DataPath|GPRs:inst7|lpm_mux0:inst13|lpm_mux:lpm_mux_component|mux_8qc:auto_generated|_~113                     ; out0             ;
; |DataPath|GPRs:inst7|lpm_mux0:inst13|lpm_mux:lpm_mux_component|mux_8qc:auto_generated|_~114                    ; |DataPath|GPRs:inst7|lpm_mux0:inst13|lpm_mux:lpm_mux_component|mux_8qc:auto_generated|_~114                     ; out0             ;
; |DataPath|GPRs:inst7|lpm_mux0:inst13|lpm_mux:lpm_mux_component|mux_8qc:auto_generated|_~115                    ; |DataPath|GPRs:inst7|lpm_mux0:inst13|lpm_mux:lpm_mux_component|mux_8qc:auto_generated|_~115                     ; out0             ;
; |DataPath|GPRs:inst7|lpm_mux0:inst13|lpm_mux:lpm_mux_component|mux_8qc:auto_generated|_~121                    ; |DataPath|GPRs:inst7|lpm_mux0:inst13|lpm_mux:lpm_mux_component|mux_8qc:auto_generated|_~121                     ; out0             ;
; |DataPath|GPRs:inst7|lpm_mux0:inst13|lpm_mux:lpm_mux_component|mux_8qc:auto_generated|_~122                    ; |DataPath|GPRs:inst7|lpm_mux0:inst13|lpm_mux:lpm_mux_component|mux_8qc:auto_generated|_~122                     ; out0             ;
; |DataPath|GPRs:inst7|lpm_mux0:inst13|lpm_mux:lpm_mux_component|mux_8qc:auto_generated|_~123                    ; |DataPath|GPRs:inst7|lpm_mux0:inst13|lpm_mux:lpm_mux_component|mux_8qc:auto_generated|_~123                     ; out0             ;
; |DataPath|GPRs:inst7|lpm_mux0:inst13|lpm_mux:lpm_mux_component|mux_8qc:auto_generated|_~125                    ; |DataPath|GPRs:inst7|lpm_mux0:inst13|lpm_mux:lpm_mux_component|mux_8qc:auto_generated|_~125                     ; out0             ;
; |DataPath|GPRs:inst7|lpm_mux0:inst13|lpm_mux:lpm_mux_component|mux_8qc:auto_generated|result_node[1]~13        ; |DataPath|GPRs:inst7|lpm_mux0:inst13|lpm_mux:lpm_mux_component|mux_8qc:auto_generated|result_node[1]~13         ; out0             ;
; |DataPath|GPRs:inst7|lpm_mux0:inst13|lpm_mux:lpm_mux_component|mux_8qc:auto_generated|result_node[1]           ; |DataPath|GPRs:inst7|lpm_mux0:inst13|lpm_mux:lpm_mux_component|mux_8qc:auto_generated|result_node[1]            ; out0             ;
; |DataPath|GPRs:inst7|lpm_mux0:inst13|lpm_mux:lpm_mux_component|mux_8qc:auto_generated|_~131                    ; |DataPath|GPRs:inst7|lpm_mux0:inst13|lpm_mux:lpm_mux_component|mux_8qc:auto_generated|_~131                     ; out0             ;
; |DataPath|GPRs:inst7|lpm_mux0:inst13|lpm_mux:lpm_mux_component|mux_8qc:auto_generated|_~132                    ; |DataPath|GPRs:inst7|lpm_mux0:inst13|lpm_mux:lpm_mux_component|mux_8qc:auto_generated|_~132                     ; out0             ;
; |DataPath|GPRs:inst7|lpm_mux0:inst13|lpm_mux:lpm_mux_component|mux_8qc:auto_generated|_~133                    ; |DataPath|GPRs:inst7|lpm_mux0:inst13|lpm_mux:lpm_mux_component|mux_8qc:auto_generated|_~133                     ; out0             ;
; |DataPath|GPRs:inst7|lpm_mux0:inst13|lpm_mux:lpm_mux_component|mux_8qc:auto_generated|_~139                    ; |DataPath|GPRs:inst7|lpm_mux0:inst13|lpm_mux:lpm_mux_component|mux_8qc:auto_generated|_~139                     ; out0             ;
; |DataPath|GPRs:inst7|lpm_mux0:inst13|lpm_mux:lpm_mux_component|mux_8qc:auto_generated|_~140                    ; |DataPath|GPRs:inst7|lpm_mux0:inst13|lpm_mux:lpm_mux_component|mux_8qc:auto_generated|_~140                     ; out0             ;
; |DataPath|GPRs:inst7|lpm_mux0:inst13|lpm_mux:lpm_mux_component|mux_8qc:auto_generated|_~141                    ; |DataPath|GPRs:inst7|lpm_mux0:inst13|lpm_mux:lpm_mux_component|mux_8qc:auto_generated|_~141                     ; out0             ;
; |DataPath|GPRs:inst7|lpm_mux0:inst13|lpm_mux:lpm_mux_component|mux_8qc:auto_generated|_~143                    ; |DataPath|GPRs:inst7|lpm_mux0:inst13|lpm_mux:lpm_mux_component|mux_8qc:auto_generated|_~143                     ; out0             ;
; |DataPath|GPRs:inst7|lpm_mux0:inst13|lpm_mux:lpm_mux_component|mux_8qc:auto_generated|result_node[0]~15        ; |DataPath|GPRs:inst7|lpm_mux0:inst13|lpm_mux:lpm_mux_component|mux_8qc:auto_generated|result_node[0]~15         ; out0             ;
; |DataPath|GPRs:inst7|lpm_mux0:inst13|lpm_mux:lpm_mux_component|mux_8qc:auto_generated|result_node[0]           ; |DataPath|GPRs:inst7|lpm_mux0:inst13|lpm_mux:lpm_mux_component|mux_8qc:auto_generated|result_node[0]            ; out0             ;
; |DataPath|lpm_bustri0:inst15|lpm_bustri:lpm_bustri_component|dout[6]                                           ; |DataPath|lpm_bustri0:inst15|lpm_bustri:lpm_bustri_component|dout[6]                                            ; out              ;
; |DataPath|lpm_bustri0:inst15|lpm_bustri:lpm_bustri_component|dout[5]                                           ; |DataPath|lpm_bustri0:inst15|lpm_bustri:lpm_bustri_component|dout[5]                                            ; out              ;
; |DataPath|lpm_bustri0:inst15|lpm_bustri:lpm_bustri_component|dout[2]                                           ; |DataPath|lpm_bustri0:inst15|lpm_bustri:lpm_bustri_component|dout[2]                                            ; out              ;
; |DataPath|lpm_dff4:inst12|lpm_ff:lpm_ff_component|dffs[5]                                                      ; |DataPath|lpm_dff4:inst12|lpm_ff:lpm_ff_component|dffs[5]                                                       ; regout           ;
; |DataPath|lpm_dff4:inst12|lpm_ff:lpm_ff_component|dffs[2]                                                      ; |DataPath|lpm_dff4:inst12|lpm_ff:lpm_ff_component|dffs[2]                                                       ; regout           ;
; |DataPath|lpm_dff4:inst12|lpm_ff:lpm_ff_component|dffs[1]                                                      ; |DataPath|lpm_dff4:inst12|lpm_ff:lpm_ff_component|dffs[1]                                                       ; regout           ;
; |DataPath|lpm_dff4:inst12|lpm_ff:lpm_ff_component|dffs[0]                                                      ; |DataPath|lpm_dff4:inst12|lpm_ff:lpm_ff_component|dffs[0]                                                       ; regout           ;
; |DataPath|lpm_rom3:inst13|altsyncram:altsyncram_component|altsyncram_hga1:auto_generated|ram_block1a0          ; |DataPath|lpm_rom3:inst13|altsyncram:altsyncram_component|altsyncram_hga1:auto_generated|q_a[0]                 ; portadataout0    ;
; |DataPath|lpm_rom3:inst13|altsyncram:altsyncram_component|altsyncram_hga1:auto_generated|ram_block1a2          ; |DataPath|lpm_rom3:inst13|altsyncram:altsyncram_component|altsyncram_hga1:auto_generated|q_a[2]                 ; portadataout0    ;
; |DataPath|lpm_rom3:inst13|altsyncram:altsyncram_component|altsyncram_hga1:auto_generated|ram_block1a3          ; |DataPath|lpm_rom3:inst13|altsyncram:altsyncram_component|altsyncram_hga1:auto_generated|q_a[3]                 ; portadataout0    ;
; |DataPath|lpm_rom3:inst13|altsyncram:altsyncram_component|altsyncram_hga1:auto_generated|ram_block1a5          ; |DataPath|lpm_rom3:inst13|altsyncram:altsyncram_component|altsyncram_hga1:auto_generated|q_a[5]                 ; portadataout0    ;
; |DataPath|lpm_rom3:inst13|altsyncram:altsyncram_component|altsyncram_hga1:auto_generated|ram_block1a6          ; |DataPath|lpm_rom3:inst13|altsyncram:altsyncram_component|altsyncram_hga1:auto_generated|q_a[6]                 ; portadataout0    ;
; |DataPath|lpm_rom3:inst13|altsyncram:altsyncram_component|altsyncram_hga1:auto_generated|ram_block1a7          ; |DataPath|lpm_rom3:inst13|altsyncram:altsyncram_component|altsyncram_hga1:auto_generated|q_a[7]                 ; portadataout0    ;
; |DataPath|lpm_dff4:inst14|lpm_ff:lpm_ff_component|dffs[7]                                                      ; |DataPath|lpm_dff4:inst14|lpm_ff:lpm_ff_component|dffs[7]                                                       ; regout           ;
; |DataPath|lpm_dff4:inst14|lpm_ff:lpm_ff_component|dffs[6]                                                      ; |DataPath|lpm_dff4:inst14|lpm_ff:lpm_ff_component|dffs[6]                                                       ; regout           ;
; |DataPath|lpm_dff4:inst14|lpm_ff:lpm_ff_component|dffs[5]                                                      ; |DataPath|lpm_dff4:inst14|lpm_ff:lpm_ff_component|dffs[5]                                                       ; regout           ;
; |DataPath|lpm_dff4:inst14|lpm_ff:lpm_ff_component|dffs[3]                                                      ; |DataPath|lpm_dff4:inst14|lpm_ff:lpm_ff_component|dffs[3]                                                       ; regout           ;
; |DataPath|lpm_dff4:inst14|lpm_ff:lpm_ff_component|dffs[2]                                                      ; |DataPath|lpm_dff4:inst14|lpm_ff:lpm_ff_component|dffs[2]                                                       ; regout           ;
; |DataPath|lpm_dff4:inst14|lpm_ff:lpm_ff_component|dffs[0]                                                      ; |DataPath|lpm_dff4:inst14|lpm_ff:lpm_ff_component|dffs[0]                                                       ; regout           ;
; |DataPath|lpm_bustri0:inst18|lpm_bustri:lpm_bustri_component|dout[7]                                           ; |DataPath|lpm_bustri0:inst18|lpm_bustri:lpm_bustri_component|dout[7]                                            ; out              ;
; |DataPath|lpm_bustri0:inst18|lpm_bustri:lpm_bustri_component|dout[6]                                           ; |DataPath|lpm_bustri0:inst18|lpm_bustri:lpm_bustri_component|dout[6]                                            ; out              ;
; |DataPath|lpm_bustri0:inst18|lpm_bustri:lpm_bustri_component|dout[5]                                           ; |DataPath|lpm_bustri0:inst18|lpm_bustri:lpm_bustri_component|dout[5]                                            ; out              ;
; |DataPath|lpm_bustri0:inst18|lpm_bustri:lpm_bustri_component|dout[4]                                           ; |DataPath|lpm_bustri0:inst18|lpm_bustri:lpm_bustri_component|dout[4]                                            ; out              ;
; |DataPath|lpm_bustri0:inst18|lpm_bustri:lpm_bustri_component|dout[3]                                           ; |DataPath|lpm_bustri0:inst18|lpm_bustri:lpm_bustri_component|dout[3]                                            ; out              ;
; |DataPath|lpm_bustri0:inst18|lpm_bustri:lpm_bustri_component|dout[2]                                           ; |DataPath|lpm_bustri0:inst18|lpm_bustri:lpm_bustri_component|dout[2]                                            ; out              ;
; |DataPath|lpm_bustri0:inst18|lpm_bustri:lpm_bustri_component|dout[0]                                           ; |DataPath|lpm_bustri0:inst18|lpm_bustri:lpm_bustri_component|dout[0]                                            ; out              ;
; |DataPath|ALU:inst|lpm_and0:inst1|lpm_and:lpm_and_component|and_node[6][1]                                     ; |DataPath|ALU:inst|lpm_and0:inst1|lpm_and:lpm_and_component|and_node[6][1]                                      ; out0             ;
; |DataPath|ALU:inst|lpm_and0:inst1|lpm_and:lpm_and_component|and_node[2][1]                                     ; |DataPath|ALU:inst|lpm_and0:inst1|lpm_and:lpm_and_component|and_node[2][1]                                      ; out0             ;
; |DataPath|ALU:inst|lpm_mux1:inst4|lpm_mux:lpm_mux_component|mux_8qc:auto_generated|_~2                         ; |DataPath|ALU:inst|lpm_mux1:inst4|lpm_mux:lpm_mux_component|mux_8qc:auto_generated|_~2                          ; out0             ;
; |DataPath|ALU:inst|lpm_mux1:inst4|lpm_mux:lpm_mux_component|mux_8qc:auto_generated|_~4                         ; |DataPath|ALU:inst|lpm_mux1:inst4|lpm_mux:lpm_mux_component|mux_8qc:auto_generated|_~4                          ; out0             ;
; |DataPath|ALU:inst|lpm_mux1:inst4|lpm_mux:lpm_mux_component|mux_8qc:auto_generated|_~5                         ; |DataPath|ALU:inst|lpm_mux1:inst4|lpm_mux:lpm_mux_component|mux_8qc:auto_generated|_~5                          ; out0             ;
; |DataPath|ALU:inst|lpm_mux1:inst4|lpm_mux:lpm_mux_component|mux_8qc:auto_generated|_~7                         ; |DataPath|ALU:inst|lpm_mux1:inst4|lpm_mux:lpm_mux_component|mux_8qc:auto_generated|_~7                          ; out0             ;
; |DataPath|ALU:inst|lpm_mux1:inst4|lpm_mux:lpm_mux_component|mux_8qc:auto_generated|_~10                        ; |DataPath|ALU:inst|lpm_mux1:inst4|lpm_mux:lpm_mux_component|mux_8qc:auto_generated|_~10                         ; out0             ;
; |DataPath|ALU:inst|lpm_mux1:inst4|lpm_mux:lpm_mux_component|mux_8qc:auto_generated|_~12                        ; |DataPath|ALU:inst|lpm_mux1:inst4|lpm_mux:lpm_mux_component|mux_8qc:auto_generated|_~12                         ; out0             ;
; |DataPath|ALU:inst|lpm_mux1:inst4|lpm_mux:lpm_mux_component|mux_8qc:auto_generated|_~13                        ; |DataPath|ALU:inst|lpm_mux1:inst4|lpm_mux:lpm_mux_component|mux_8qc:auto_generated|_~13                         ; out0             ;
; |DataPath|ALU:inst|lpm_mux1:inst4|lpm_mux:lpm_mux_component|mux_8qc:auto_generated|_~15                        ; |DataPath|ALU:inst|lpm_mux1:inst4|lpm_mux:lpm_mux_component|mux_8qc:auto_generated|_~15                         ; out0             ;
; |DataPath|ALU:inst|lpm_mux1:inst4|lpm_mux:lpm_mux_component|mux_8qc:auto_generated|result_node[7]~1            ; |DataPath|ALU:inst|lpm_mux1:inst4|lpm_mux:lpm_mux_component|mux_8qc:auto_generated|result_node[7]~1             ; out0             ;
; |DataPath|ALU:inst|lpm_mux1:inst4|lpm_mux:lpm_mux_component|mux_8qc:auto_generated|result_node[7]              ; |DataPath|ALU:inst|lpm_mux1:inst4|lpm_mux:lpm_mux_component|mux_8qc:auto_generated|result_node[7]               ; out0             ;
; |DataPath|ALU:inst|lpm_mux1:inst4|lpm_mux:lpm_mux_component|mux_8qc:auto_generated|_~20                        ; |DataPath|ALU:inst|lpm_mux1:inst4|lpm_mux:lpm_mux_component|mux_8qc:auto_generated|_~20                         ; out0             ;
; |DataPath|ALU:inst|lpm_mux1:inst4|lpm_mux:lpm_mux_component|mux_8qc:auto_generated|_~22                        ; |DataPath|ALU:inst|lpm_mux1:inst4|lpm_mux:lpm_mux_component|mux_8qc:auto_generated|_~22                         ; out0             ;
; |DataPath|ALU:inst|lpm_mux1:inst4|lpm_mux:lpm_mux_component|mux_8qc:auto_generated|_~23                        ; |DataPath|ALU:inst|lpm_mux1:inst4|lpm_mux:lpm_mux_component|mux_8qc:auto_generated|_~23                         ; out0             ;
; |DataPath|ALU:inst|lpm_mux1:inst4|lpm_mux:lpm_mux_component|mux_8qc:auto_generated|_~25                        ; |DataPath|ALU:inst|lpm_mux1:inst4|lpm_mux:lpm_mux_component|mux_8qc:auto_generated|_~25                         ; out0             ;
; |DataPath|ALU:inst|lpm_mux1:inst4|lpm_mux:lpm_mux_component|mux_8qc:auto_generated|_~28                        ; |DataPath|ALU:inst|lpm_mux1:inst4|lpm_mux:lpm_mux_component|mux_8qc:auto_generated|_~28                         ; out0             ;
; |DataPath|ALU:inst|lpm_mux1:inst4|lpm_mux:lpm_mux_component|mux_8qc:auto_generated|_~30                        ; |DataPath|ALU:inst|lpm_mux1:inst4|lpm_mux:lpm_mux_component|mux_8qc:auto_generated|_~30                         ; out0             ;
; |DataPath|ALU:inst|lpm_mux1:inst4|lpm_mux:lpm_mux_component|mux_8qc:auto_generated|_~31                        ; |DataPath|ALU:inst|lpm_mux1:inst4|lpm_mux:lpm_mux_component|mux_8qc:auto_generated|_~31                         ; out0             ;
; |DataPath|ALU:inst|lpm_mux1:inst4|lpm_mux:lpm_mux_component|mux_8qc:auto_generated|_~33                        ; |DataPath|ALU:inst|lpm_mux1:inst4|lpm_mux:lpm_mux_component|mux_8qc:auto_generated|_~33                         ; out0             ;
; |DataPath|ALU:inst|lpm_mux1:inst4|lpm_mux:lpm_mux_component|mux_8qc:auto_generated|_~35                        ; |DataPath|ALU:inst|lpm_mux1:inst4|lpm_mux:lpm_mux_component|mux_8qc:auto_generated|_~35                         ; out0             ;
; |DataPath|ALU:inst|lpm_mux1:inst4|lpm_mux:lpm_mux_component|mux_8qc:auto_generated|result_node[6]~3            ; |DataPath|ALU:inst|lpm_mux1:inst4|lpm_mux:lpm_mux_component|mux_8qc:auto_generated|result_node[6]~3             ; out0             ;
; |DataPath|ALU:inst|lpm_mux1:inst4|lpm_mux:lpm_mux_component|mux_8qc:auto_generated|result_node[6]              ; |DataPath|ALU:inst|lpm_mux1:inst4|lpm_mux:lpm_mux_component|mux_8qc:auto_generated|result_node[6]               ; out0             ;
; |DataPath|ALU:inst|lpm_mux1:inst4|lpm_mux:lpm_mux_component|mux_8qc:auto_generated|_~36                        ; |DataPath|ALU:inst|lpm_mux1:inst4|lpm_mux:lpm_mux_component|mux_8qc:auto_generated|_~36                         ; out0             ;
; |DataPath|ALU:inst|lpm_mux1:inst4|lpm_mux:lpm_mux_component|mux_8qc:auto_generated|_~38                        ; |DataPath|ALU:inst|lpm_mux1:inst4|lpm_mux:lpm_mux_component|mux_8qc:auto_generated|_~38                         ; out0             ;
; |DataPath|ALU:inst|lpm_mux1:inst4|lpm_mux:lpm_mux_component|mux_8qc:auto_generated|_~40                        ; |DataPath|ALU:inst|lpm_mux1:inst4|lpm_mux:lpm_mux_component|mux_8qc:auto_generated|_~40                         ; out0             ;
; |DataPath|ALU:inst|lpm_mux1:inst4|lpm_mux:lpm_mux_component|mux_8qc:auto_generated|_~41                        ; |DataPath|ALU:inst|lpm_mux1:inst4|lpm_mux:lpm_mux_component|mux_8qc:auto_generated|_~41                         ; out0             ;
; |DataPath|ALU:inst|lpm_mux1:inst4|lpm_mux:lpm_mux_component|mux_8qc:auto_generated|_~43                        ; |DataPath|ALU:inst|lpm_mux1:inst4|lpm_mux:lpm_mux_component|mux_8qc:auto_generated|_~43                         ; out0             ;
; |DataPath|ALU:inst|lpm_mux1:inst4|lpm_mux:lpm_mux_component|mux_8qc:auto_generated|result_node[5]~4            ; |DataPath|ALU:inst|lpm_mux1:inst4|lpm_mux:lpm_mux_component|mux_8qc:auto_generated|result_node[5]~4             ; out0             ;
; |DataPath|ALU:inst|lpm_mux1:inst4|lpm_mux:lpm_mux_component|mux_8qc:auto_generated|_~46                        ; |DataPath|ALU:inst|lpm_mux1:inst4|lpm_mux:lpm_mux_component|mux_8qc:auto_generated|_~46                         ; out0             ;
; |DataPath|ALU:inst|lpm_mux1:inst4|lpm_mux:lpm_mux_component|mux_8qc:auto_generated|_~48                        ; |DataPath|ALU:inst|lpm_mux1:inst4|lpm_mux:lpm_mux_component|mux_8qc:auto_generated|_~48                         ; out0             ;
; |DataPath|ALU:inst|lpm_mux1:inst4|lpm_mux:lpm_mux_component|mux_8qc:auto_generated|_~49                        ; |DataPath|ALU:inst|lpm_mux1:inst4|lpm_mux:lpm_mux_component|mux_8qc:auto_generated|_~49                         ; out0             ;
; |DataPath|ALU:inst|lpm_mux1:inst4|lpm_mux:lpm_mux_component|mux_8qc:auto_generated|_~51                        ; |DataPath|ALU:inst|lpm_mux1:inst4|lpm_mux:lpm_mux_component|mux_8qc:auto_generated|_~51                         ; out0             ;
; |DataPath|ALU:inst|lpm_mux1:inst4|lpm_mux:lpm_mux_component|mux_8qc:auto_generated|result_node[5]~5            ; |DataPath|ALU:inst|lpm_mux1:inst4|lpm_mux:lpm_mux_component|mux_8qc:auto_generated|result_node[5]~5             ; out0             ;
; |DataPath|ALU:inst|lpm_mux1:inst4|lpm_mux:lpm_mux_component|mux_8qc:auto_generated|result_node[5]              ; |DataPath|ALU:inst|lpm_mux1:inst4|lpm_mux:lpm_mux_component|mux_8qc:auto_generated|result_node[5]               ; out0             ;
; |DataPath|ALU:inst|lpm_mux1:inst4|lpm_mux:lpm_mux_component|mux_8qc:auto_generated|_~56                        ; |DataPath|ALU:inst|lpm_mux1:inst4|lpm_mux:lpm_mux_component|mux_8qc:auto_generated|_~56                         ; out0             ;
; |DataPath|ALU:inst|lpm_mux1:inst4|lpm_mux:lpm_mux_component|mux_8qc:auto_generated|_~58                        ; |DataPath|ALU:inst|lpm_mux1:inst4|lpm_mux:lpm_mux_component|mux_8qc:auto_generated|_~58                         ; out0             ;
; |DataPath|ALU:inst|lpm_mux1:inst4|lpm_mux:lpm_mux_component|mux_8qc:auto_generated|_~59                        ; |DataPath|ALU:inst|lpm_mux1:inst4|lpm_mux:lpm_mux_component|mux_8qc:auto_generated|_~59                         ; out0             ;
; |DataPath|ALU:inst|lpm_mux1:inst4|lpm_mux:lpm_mux_component|mux_8qc:auto_generated|_~61                        ; |DataPath|ALU:inst|lpm_mux1:inst4|lpm_mux:lpm_mux_component|mux_8qc:auto_generated|_~61                         ; out0             ;
; |DataPath|ALU:inst|lpm_mux1:inst4|lpm_mux:lpm_mux_component|mux_8qc:auto_generated|_~64                        ; |DataPath|ALU:inst|lpm_mux1:inst4|lpm_mux:lpm_mux_component|mux_8qc:auto_generated|_~64                         ; out0             ;
; |DataPath|ALU:inst|lpm_mux1:inst4|lpm_mux:lpm_mux_component|mux_8qc:auto_generated|_~66                        ; |DataPath|ALU:inst|lpm_mux1:inst4|lpm_mux:lpm_mux_component|mux_8qc:auto_generated|_~66                         ; out0             ;
; |DataPath|ALU:inst|lpm_mux1:inst4|lpm_mux:lpm_mux_component|mux_8qc:auto_generated|_~67                        ; |DataPath|ALU:inst|lpm_mux1:inst4|lpm_mux:lpm_mux_component|mux_8qc:auto_generated|_~67                         ; out0             ;
; |DataPath|ALU:inst|lpm_mux1:inst4|lpm_mux:lpm_mux_component|mux_8qc:auto_generated|_~69                        ; |DataPath|ALU:inst|lpm_mux1:inst4|lpm_mux:lpm_mux_component|mux_8qc:auto_generated|_~69                         ; out0             ;
; |DataPath|ALU:inst|lpm_mux1:inst4|lpm_mux:lpm_mux_component|mux_8qc:auto_generated|result_node[4]~7            ; |DataPath|ALU:inst|lpm_mux1:inst4|lpm_mux:lpm_mux_component|mux_8qc:auto_generated|result_node[4]~7             ; out0             ;
; |DataPath|ALU:inst|lpm_mux1:inst4|lpm_mux:lpm_mux_component|mux_8qc:auto_generated|result_node[4]              ; |DataPath|ALU:inst|lpm_mux1:inst4|lpm_mux:lpm_mux_component|mux_8qc:auto_generated|result_node[4]               ; out0             ;
; |DataPath|ALU:inst|lpm_mux1:inst4|lpm_mux:lpm_mux_component|mux_8qc:auto_generated|_~74                        ; |DataPath|ALU:inst|lpm_mux1:inst4|lpm_mux:lpm_mux_component|mux_8qc:auto_generated|_~74                         ; out0             ;
; |DataPath|ALU:inst|lpm_mux1:inst4|lpm_mux:lpm_mux_component|mux_8qc:auto_generated|_~76                        ; |DataPath|ALU:inst|lpm_mux1:inst4|lpm_mux:lpm_mux_component|mux_8qc:auto_generated|_~76                         ; out0             ;
; |DataPath|ALU:inst|lpm_mux1:inst4|lpm_mux:lpm_mux_component|mux_8qc:auto_generated|_~77                        ; |DataPath|ALU:inst|lpm_mux1:inst4|lpm_mux:lpm_mux_component|mux_8qc:auto_generated|_~77                         ; out0             ;
; |DataPath|ALU:inst|lpm_mux1:inst4|lpm_mux:lpm_mux_component|mux_8qc:auto_generated|_~79                        ; |DataPath|ALU:inst|lpm_mux1:inst4|lpm_mux:lpm_mux_component|mux_8qc:auto_generated|_~79                         ; out0             ;
; |DataPath|ALU:inst|lpm_mux1:inst4|lpm_mux:lpm_mux_component|mux_8qc:auto_generated|_~82                        ; |DataPath|ALU:inst|lpm_mux1:inst4|lpm_mux:lpm_mux_component|mux_8qc:auto_generated|_~82                         ; out0             ;
; |DataPath|ALU:inst|lpm_mux1:inst4|lpm_mux:lpm_mux_component|mux_8qc:auto_generated|_~84                        ; |DataPath|ALU:inst|lpm_mux1:inst4|lpm_mux:lpm_mux_component|mux_8qc:auto_generated|_~84                         ; out0             ;
; |DataPath|ALU:inst|lpm_mux1:inst4|lpm_mux:lpm_mux_component|mux_8qc:auto_generated|_~85                        ; |DataPath|ALU:inst|lpm_mux1:inst4|lpm_mux:lpm_mux_component|mux_8qc:auto_generated|_~85                         ; out0             ;
; |DataPath|ALU:inst|lpm_mux1:inst4|lpm_mux:lpm_mux_component|mux_8qc:auto_generated|_~87                        ; |DataPath|ALU:inst|lpm_mux1:inst4|lpm_mux:lpm_mux_component|mux_8qc:auto_generated|_~87                         ; out0             ;
; |DataPath|ALU:inst|lpm_mux1:inst4|lpm_mux:lpm_mux_component|mux_8qc:auto_generated|result_node[3]~9            ; |DataPath|ALU:inst|lpm_mux1:inst4|lpm_mux:lpm_mux_component|mux_8qc:auto_generated|result_node[3]~9             ; out0             ;
; |DataPath|ALU:inst|lpm_mux1:inst4|lpm_mux:lpm_mux_component|mux_8qc:auto_generated|result_node[3]              ; |DataPath|ALU:inst|lpm_mux1:inst4|lpm_mux:lpm_mux_component|mux_8qc:auto_generated|result_node[3]               ; out0             ;
; |DataPath|ALU:inst|lpm_mux1:inst4|lpm_mux:lpm_mux_component|mux_8qc:auto_generated|_~92                        ; |DataPath|ALU:inst|lpm_mux1:inst4|lpm_mux:lpm_mux_component|mux_8qc:auto_generated|_~92                         ; out0             ;
; |DataPath|ALU:inst|lpm_mux1:inst4|lpm_mux:lpm_mux_component|mux_8qc:auto_generated|_~94                        ; |DataPath|ALU:inst|lpm_mux1:inst4|lpm_mux:lpm_mux_component|mux_8qc:auto_generated|_~94                         ; out0             ;
; |DataPath|ALU:inst|lpm_mux1:inst4|lpm_mux:lpm_mux_component|mux_8qc:auto_generated|_~95                        ; |DataPath|ALU:inst|lpm_mux1:inst4|lpm_mux:lpm_mux_component|mux_8qc:auto_generated|_~95                         ; out0             ;
; |DataPath|ALU:inst|lpm_mux1:inst4|lpm_mux:lpm_mux_component|mux_8qc:auto_generated|_~97                        ; |DataPath|ALU:inst|lpm_mux1:inst4|lpm_mux:lpm_mux_component|mux_8qc:auto_generated|_~97                         ; out0             ;
; |DataPath|ALU:inst|lpm_mux1:inst4|lpm_mux:lpm_mux_component|mux_8qc:auto_generated|_~100                       ; |DataPath|ALU:inst|lpm_mux1:inst4|lpm_mux:lpm_mux_component|mux_8qc:auto_generated|_~100                        ; out0             ;
; |DataPath|ALU:inst|lpm_mux1:inst4|lpm_mux:lpm_mux_component|mux_8qc:auto_generated|_~102                       ; |DataPath|ALU:inst|lpm_mux1:inst4|lpm_mux:lpm_mux_component|mux_8qc:auto_generated|_~102                        ; out0             ;
; |DataPath|ALU:inst|lpm_mux1:inst4|lpm_mux:lpm_mux_component|mux_8qc:auto_generated|_~103                       ; |DataPath|ALU:inst|lpm_mux1:inst4|lpm_mux:lpm_mux_component|mux_8qc:auto_generated|_~103                        ; out0             ;
; |DataPath|ALU:inst|lpm_mux1:inst4|lpm_mux:lpm_mux_component|mux_8qc:auto_generated|_~105                       ; |DataPath|ALU:inst|lpm_mux1:inst4|lpm_mux:lpm_mux_component|mux_8qc:auto_generated|_~105                        ; out0             ;
; |DataPath|ALU:inst|lpm_mux1:inst4|lpm_mux:lpm_mux_component|mux_8qc:auto_generated|_~107                       ; |DataPath|ALU:inst|lpm_mux1:inst4|lpm_mux:lpm_mux_component|mux_8qc:auto_generated|_~107                        ; out0             ;
; |DataPath|ALU:inst|lpm_mux1:inst4|lpm_mux:lpm_mux_component|mux_8qc:auto_generated|result_node[2]~11           ; |DataPath|ALU:inst|lpm_mux1:inst4|lpm_mux:lpm_mux_component|mux_8qc:auto_generated|result_node[2]~11            ; out0             ;
; |DataPath|ALU:inst|lpm_mux1:inst4|lpm_mux:lpm_mux_component|mux_8qc:auto_generated|result_node[2]              ; |DataPath|ALU:inst|lpm_mux1:inst4|lpm_mux:lpm_mux_component|mux_8qc:auto_generated|result_node[2]               ; out0             ;
; |DataPath|ALU:inst|lpm_mux1:inst4|lpm_mux:lpm_mux_component|mux_8qc:auto_generated|_~110                       ; |DataPath|ALU:inst|lpm_mux1:inst4|lpm_mux:lpm_mux_component|mux_8qc:auto_generated|_~110                        ; out0             ;
; |DataPath|ALU:inst|lpm_mux1:inst4|lpm_mux:lpm_mux_component|mux_8qc:auto_generated|_~112                       ; |DataPath|ALU:inst|lpm_mux1:inst4|lpm_mux:lpm_mux_component|mux_8qc:auto_generated|_~112                        ; out0             ;
; |DataPath|ALU:inst|lpm_mux1:inst4|lpm_mux:lpm_mux_component|mux_8qc:auto_generated|_~113                       ; |DataPath|ALU:inst|lpm_mux1:inst4|lpm_mux:lpm_mux_component|mux_8qc:auto_generated|_~113                        ; out0             ;
; |DataPath|ALU:inst|lpm_mux1:inst4|lpm_mux:lpm_mux_component|mux_8qc:auto_generated|_~115                       ; |DataPath|ALU:inst|lpm_mux1:inst4|lpm_mux:lpm_mux_component|mux_8qc:auto_generated|_~115                        ; out0             ;
; |DataPath|ALU:inst|lpm_mux1:inst4|lpm_mux:lpm_mux_component|mux_8qc:auto_generated|_~118                       ; |DataPath|ALU:inst|lpm_mux1:inst4|lpm_mux:lpm_mux_component|mux_8qc:auto_generated|_~118                        ; out0             ;
; |DataPath|ALU:inst|lpm_mux1:inst4|lpm_mux:lpm_mux_component|mux_8qc:auto_generated|_~120                       ; |DataPath|ALU:inst|lpm_mux1:inst4|lpm_mux:lpm_mux_component|mux_8qc:auto_generated|_~120                        ; out0             ;
; |DataPath|ALU:inst|lpm_mux1:inst4|lpm_mux:lpm_mux_component|mux_8qc:auto_generated|_~121                       ; |DataPath|ALU:inst|lpm_mux1:inst4|lpm_mux:lpm_mux_component|mux_8qc:auto_generated|_~121                        ; out0             ;
; |DataPath|ALU:inst|lpm_mux1:inst4|lpm_mux:lpm_mux_component|mux_8qc:auto_generated|_~123                       ; |DataPath|ALU:inst|lpm_mux1:inst4|lpm_mux:lpm_mux_component|mux_8qc:auto_generated|_~123                        ; out0             ;
; |DataPath|ALU:inst|lpm_mux1:inst4|lpm_mux:lpm_mux_component|mux_8qc:auto_generated|result_node[1]~13           ; |DataPath|ALU:inst|lpm_mux1:inst4|lpm_mux:lpm_mux_component|mux_8qc:auto_generated|result_node[1]~13            ; out0             ;
; |DataPath|ALU:inst|lpm_mux1:inst4|lpm_mux:lpm_mux_component|mux_8qc:auto_generated|result_node[1]              ; |DataPath|ALU:inst|lpm_mux1:inst4|lpm_mux:lpm_mux_component|mux_8qc:auto_generated|result_node[1]               ; out0             ;
; |DataPath|ALU:inst|lpm_mux1:inst4|lpm_mux:lpm_mux_component|mux_8qc:auto_generated|_~128                       ; |DataPath|ALU:inst|lpm_mux1:inst4|lpm_mux:lpm_mux_component|mux_8qc:auto_generated|_~128                        ; out0             ;
; |DataPath|ALU:inst|lpm_mux1:inst4|lpm_mux:lpm_mux_component|mux_8qc:auto_generated|_~130                       ; |DataPath|ALU:inst|lpm_mux1:inst4|lpm_mux:lpm_mux_component|mux_8qc:auto_generated|_~130                        ; out0             ;
; |DataPath|ALU:inst|lpm_mux1:inst4|lpm_mux:lpm_mux_component|mux_8qc:auto_generated|_~131                       ; |DataPath|ALU:inst|lpm_mux1:inst4|lpm_mux:lpm_mux_component|mux_8qc:auto_generated|_~131                        ; out0             ;
; |DataPath|ALU:inst|lpm_mux1:inst4|lpm_mux:lpm_mux_component|mux_8qc:auto_generated|_~133                       ; |DataPath|ALU:inst|lpm_mux1:inst4|lpm_mux:lpm_mux_component|mux_8qc:auto_generated|_~133                        ; out0             ;
; |DataPath|ALU:inst|lpm_mux1:inst4|lpm_mux:lpm_mux_component|mux_8qc:auto_generated|_~136                       ; |DataPath|ALU:inst|lpm_mux1:inst4|lpm_mux:lpm_mux_component|mux_8qc:auto_generated|_~136                        ; out0             ;
; |DataPath|ALU:inst|lpm_mux1:inst4|lpm_mux:lpm_mux_component|mux_8qc:auto_generated|_~138                       ; |DataPath|ALU:inst|lpm_mux1:inst4|lpm_mux:lpm_mux_component|mux_8qc:auto_generated|_~138                        ; out0             ;
; |DataPath|ALU:inst|lpm_mux1:inst4|lpm_mux:lpm_mux_component|mux_8qc:auto_generated|_~139                       ; |DataPath|ALU:inst|lpm_mux1:inst4|lpm_mux:lpm_mux_component|mux_8qc:auto_generated|_~139                        ; out0             ;
; |DataPath|ALU:inst|lpm_mux1:inst4|lpm_mux:lpm_mux_component|mux_8qc:auto_generated|_~141                       ; |DataPath|ALU:inst|lpm_mux1:inst4|lpm_mux:lpm_mux_component|mux_8qc:auto_generated|_~141                        ; out0             ;
; |DataPath|ALU:inst|lpm_mux1:inst4|lpm_mux:lpm_mux_component|mux_8qc:auto_generated|result_node[0]~15           ; |DataPath|ALU:inst|lpm_mux1:inst4|lpm_mux:lpm_mux_component|mux_8qc:auto_generated|result_node[0]~15            ; out0             ;
; |DataPath|ALU:inst|lpm_mux1:inst4|lpm_mux:lpm_mux_component|mux_8qc:auto_generated|result_node[0]              ; |DataPath|ALU:inst|lpm_mux1:inst4|lpm_mux:lpm_mux_component|mux_8qc:auto_generated|result_node[0]               ; out0             ;
; |DataPath|ALU:inst|lpm_add_sub1:inst|lpm_add_sub:lpm_add_sub_component|add_sub_0qh:auto_generated|_~3          ; |DataPath|ALU:inst|lpm_add_sub1:inst|lpm_add_sub:lpm_add_sub_component|add_sub_0qh:auto_generated|_~3           ; out0             ;
; |DataPath|ALU:inst|lpm_add_sub1:inst|lpm_add_sub:lpm_add_sub_component|add_sub_0qh:auto_generated|_~4          ; |DataPath|ALU:inst|lpm_add_sub1:inst|lpm_add_sub:lpm_add_sub_component|add_sub_0qh:auto_generated|_~4           ; out0             ;
; |DataPath|ALU:inst|lpm_add_sub1:inst|lpm_add_sub:lpm_add_sub_component|add_sub_0qh:auto_generated|_~5          ; |DataPath|ALU:inst|lpm_add_sub1:inst|lpm_add_sub:lpm_add_sub_component|add_sub_0qh:auto_generated|_~5           ; out0             ;
; |DataPath|ALU:inst|lpm_add_sub1:inst|lpm_add_sub:lpm_add_sub_component|add_sub_0qh:auto_generated|_~6          ; |DataPath|ALU:inst|lpm_add_sub1:inst|lpm_add_sub:lpm_add_sub_component|add_sub_0qh:auto_generated|_~6           ; out0             ;
; |DataPath|ALU:inst|lpm_add_sub1:inst|lpm_add_sub:lpm_add_sub_component|add_sub_0qh:auto_generated|_~7          ; |DataPath|ALU:inst|lpm_add_sub1:inst|lpm_add_sub:lpm_add_sub_component|add_sub_0qh:auto_generated|_~7           ; out0             ;
; |DataPath|ALU:inst|lpm_add_sub1:inst|lpm_add_sub:lpm_add_sub_component|add_sub_0qh:auto_generated|_~8          ; |DataPath|ALU:inst|lpm_add_sub1:inst|lpm_add_sub:lpm_add_sub_component|add_sub_0qh:auto_generated|_~8           ; out0             ;
; |DataPath|ALU:inst|lpm_add_sub1:inst|lpm_add_sub:lpm_add_sub_component|add_sub_0qh:auto_generated|_~9          ; |DataPath|ALU:inst|lpm_add_sub1:inst|lpm_add_sub:lpm_add_sub_component|add_sub_0qh:auto_generated|_~9           ; out0             ;
; |DataPath|ALU:inst|lpm_add_sub1:inst|lpm_add_sub:lpm_add_sub_component|add_sub_0qh:auto_generated|_~10         ; |DataPath|ALU:inst|lpm_add_sub1:inst|lpm_add_sub:lpm_add_sub_component|add_sub_0qh:auto_generated|_~10          ; out0             ;
; |DataPath|lpm_counter0:inst10|lpm_counter:lpm_counter_component|cntr_tqj:auto_generated|counter_reg_bit[3]~15  ; |DataPath|lpm_counter0:inst10|lpm_counter:lpm_counter_component|cntr_tqj:auto_generated|counter_reg_bit[3]~15   ; out              ;
; |DataPath|lpm_counter0:inst10|lpm_counter:lpm_counter_component|cntr_tqj:auto_generated|counter_reg_bit[2]~16  ; |DataPath|lpm_counter0:inst10|lpm_counter:lpm_counter_component|cntr_tqj:auto_generated|counter_reg_bit[2]~16   ; out              ;
; |DataPath|lpm_counter0:inst10|lpm_counter:lpm_counter_component|cntr_tqj:auto_generated|counter_reg_bit[1]~17  ; |DataPath|lpm_counter0:inst10|lpm_counter:lpm_counter_component|cntr_tqj:auto_generated|counter_reg_bit[1]~17   ; out              ;
; |DataPath|lpm_counter0:inst10|lpm_counter:lpm_counter_component|cntr_tqj:auto_generated|counter_reg_bit[0]~18  ; |DataPath|lpm_counter0:inst10|lpm_counter:lpm_counter_component|cntr_tqj:auto_generated|counter_reg_bit[0]~18   ; out              ;
; |DataPath|ALU:inst|lpm_add_sub1:inst|lpm_add_sub:lpm_add_sub_component|add_sub_0qh:auto_generated|op_1~0       ; |DataPath|ALU:inst|lpm_add_sub1:inst|lpm_add_sub:lpm_add_sub_component|add_sub_0qh:auto_generated|op_1~0        ; out0             ;
; |DataPath|ALU:inst|lpm_add_sub1:inst|lpm_add_sub:lpm_add_sub_component|add_sub_0qh:auto_generated|op_1~1       ; |DataPath|ALU:inst|lpm_add_sub1:inst|lpm_add_sub:lpm_add_sub_component|add_sub_0qh:auto_generated|op_1~1        ; out0             ;
; |DataPath|ALU:inst|lpm_add_sub1:inst|lpm_add_sub:lpm_add_sub_component|add_sub_0qh:auto_generated|op_1~4       ; |DataPath|ALU:inst|lpm_add_sub1:inst|lpm_add_sub:lpm_add_sub_component|add_sub_0qh:auto_generated|op_1~4        ; out0             ;
; |DataPath|ALU:inst|lpm_add_sub1:inst|lpm_add_sub:lpm_add_sub_component|add_sub_0qh:auto_generated|op_1~5       ; |DataPath|ALU:inst|lpm_add_sub1:inst|lpm_add_sub:lpm_add_sub_component|add_sub_0qh:auto_generated|op_1~5        ; out0             ;
; |DataPath|ALU:inst|lpm_add_sub1:inst|lpm_add_sub:lpm_add_sub_component|add_sub_0qh:auto_generated|op_1~6       ; |DataPath|ALU:inst|lpm_add_sub1:inst|lpm_add_sub:lpm_add_sub_component|add_sub_0qh:auto_generated|op_1~6        ; out0             ;
; |DataPath|ALU:inst|lpm_add_sub1:inst|lpm_add_sub:lpm_add_sub_component|add_sub_0qh:auto_generated|op_1~9       ; |DataPath|ALU:inst|lpm_add_sub1:inst|lpm_add_sub:lpm_add_sub_component|add_sub_0qh:auto_generated|op_1~9        ; out0             ;
; |DataPath|ALU:inst|lpm_add_sub1:inst|lpm_add_sub:lpm_add_sub_component|add_sub_0qh:auto_generated|op_1~10      ; |DataPath|ALU:inst|lpm_add_sub1:inst|lpm_add_sub:lpm_add_sub_component|add_sub_0qh:auto_generated|op_1~10       ; out0             ;
; |DataPath|ALU:inst|lpm_add_sub1:inst|lpm_add_sub:lpm_add_sub_component|add_sub_0qh:auto_generated|op_1~11      ; |DataPath|ALU:inst|lpm_add_sub1:inst|lpm_add_sub:lpm_add_sub_component|add_sub_0qh:auto_generated|op_1~11       ; out0             ;
; |DataPath|ALU:inst|lpm_add_sub1:inst|lpm_add_sub:lpm_add_sub_component|add_sub_0qh:auto_generated|op_1~12      ; |DataPath|ALU:inst|lpm_add_sub1:inst|lpm_add_sub:lpm_add_sub_component|add_sub_0qh:auto_generated|op_1~12       ; out0             ;
; |DataPath|ALU:inst|lpm_add_sub1:inst|lpm_add_sub:lpm_add_sub_component|add_sub_0qh:auto_generated|op_1~13      ; |DataPath|ALU:inst|lpm_add_sub1:inst|lpm_add_sub:lpm_add_sub_component|add_sub_0qh:auto_generated|op_1~13       ; out0             ;
; |DataPath|ALU:inst|lpm_add_sub1:inst|lpm_add_sub:lpm_add_sub_component|add_sub_0qh:auto_generated|op_1~14      ; |DataPath|ALU:inst|lpm_add_sub1:inst|lpm_add_sub:lpm_add_sub_component|add_sub_0qh:auto_generated|op_1~14       ; out0             ;
; |DataPath|ALU:inst|lpm_add_sub1:inst|lpm_add_sub:lpm_add_sub_component|add_sub_0qh:auto_generated|op_1~15      ; |DataPath|ALU:inst|lpm_add_sub1:inst|lpm_add_sub:lpm_add_sub_component|add_sub_0qh:auto_generated|op_1~15       ; out0             ;
; |DataPath|ALU:inst|lpm_add_sub1:inst|lpm_add_sub:lpm_add_sub_component|add_sub_0qh:auto_generated|op_1~16      ; |DataPath|ALU:inst|lpm_add_sub1:inst|lpm_add_sub:lpm_add_sub_component|add_sub_0qh:auto_generated|op_1~16       ; out0             ;
; |DataPath|ALU:inst|lpm_add_sub1:inst|lpm_add_sub:lpm_add_sub_component|add_sub_0qh:auto_generated|op_1~19      ; |DataPath|ALU:inst|lpm_add_sub1:inst|lpm_add_sub:lpm_add_sub_component|add_sub_0qh:auto_generated|op_1~19       ; out0             ;
; |DataPath|ALU:inst|lpm_add_sub1:inst|lpm_add_sub:lpm_add_sub_component|add_sub_0qh:auto_generated|op_1~20      ; |DataPath|ALU:inst|lpm_add_sub1:inst|lpm_add_sub:lpm_add_sub_component|add_sub_0qh:auto_generated|op_1~20       ; out0             ;
; |DataPath|ALU:inst|lpm_add_sub1:inst|lpm_add_sub:lpm_add_sub_component|add_sub_0qh:auto_generated|op_1~21      ; |DataPath|ALU:inst|lpm_add_sub1:inst|lpm_add_sub:lpm_add_sub_component|add_sub_0qh:auto_generated|op_1~21       ; out0             ;
; |DataPath|ALU:inst|lpm_add_sub1:inst|lpm_add_sub:lpm_add_sub_component|add_sub_0qh:auto_generated|op_1~24      ; |DataPath|ALU:inst|lpm_add_sub1:inst|lpm_add_sub:lpm_add_sub_component|add_sub_0qh:auto_generated|op_1~24       ; out0             ;
; |DataPath|ALU:inst|lpm_add_sub1:inst|lpm_add_sub:lpm_add_sub_component|add_sub_0qh:auto_generated|op_1~25      ; |DataPath|ALU:inst|lpm_add_sub1:inst|lpm_add_sub:lpm_add_sub_component|add_sub_0qh:auto_generated|op_1~25       ; out0             ;
; |DataPath|ALU:inst|lpm_add_sub1:inst|lpm_add_sub:lpm_add_sub_component|add_sub_0qh:auto_generated|op_1~26      ; |DataPath|ALU:inst|lpm_add_sub1:inst|lpm_add_sub:lpm_add_sub_component|add_sub_0qh:auto_generated|op_1~26       ; out0             ;
; |DataPath|ALU:inst|lpm_add_sub1:inst|lpm_add_sub:lpm_add_sub_component|add_sub_0qh:auto_generated|op_1~29      ; |DataPath|ALU:inst|lpm_add_sub1:inst|lpm_add_sub:lpm_add_sub_component|add_sub_0qh:auto_generated|op_1~29       ; out0             ;
; |DataPath|ALU:inst|lpm_add_sub1:inst|lpm_add_sub:lpm_add_sub_component|add_sub_0qh:auto_generated|op_1~30      ; |DataPath|ALU:inst|lpm_add_sub1:inst|lpm_add_sub:lpm_add_sub_component|add_sub_0qh:auto_generated|op_1~30       ; out0             ;
; |DataPath|ALU:inst|lpm_add_sub1:inst|lpm_add_sub:lpm_add_sub_component|add_sub_0qh:auto_generated|op_1~31      ; |DataPath|ALU:inst|lpm_add_sub1:inst|lpm_add_sub:lpm_add_sub_component|add_sub_0qh:auto_generated|op_1~31       ; out0             ;
; |DataPath|ALU:inst|lpm_add_sub1:inst|lpm_add_sub:lpm_add_sub_component|add_sub_0qh:auto_generated|op_1~32      ; |DataPath|ALU:inst|lpm_add_sub1:inst|lpm_add_sub:lpm_add_sub_component|add_sub_0qh:auto_generated|op_1~32       ; out0             ;
; |DataPath|ALU:inst|lpm_add_sub1:inst|lpm_add_sub:lpm_add_sub_component|add_sub_0qh:auto_generated|op_1~33      ; |DataPath|ALU:inst|lpm_add_sub1:inst|lpm_add_sub:lpm_add_sub_component|add_sub_0qh:auto_generated|op_1~33       ; out0             ;
; |DataPath|ALU:inst|lpm_add_sub1:inst|lpm_add_sub:lpm_add_sub_component|add_sub_0qh:auto_generated|op_1~35      ; |DataPath|ALU:inst|lpm_add_sub1:inst|lpm_add_sub:lpm_add_sub_component|add_sub_0qh:auto_generated|op_1~35       ; out0             ;
+----------------------------------------------------------------------------------------------------------------+-----------------------------------------------------------------------------------------------------------------+------------------+


The following table displays output ports that do not toggle to 1 during simulation.
+-----------------------------------------------------------------------------------------------------------------------------------------------------------------------------------------------------------------------------------------------------+
; Missing 1-Value Coverage                                                                                                                                                                                                                            ;
+----------------------------------------------------------------------------------------------------------------+-----------------------------------------------------------------------------------------------------------------+------------------+
; Node Name                                                                                                      ; Output Port Name                                                                                                ; Output Port Type ;
+----------------------------------------------------------------------------------------------------------------+-----------------------------------------------------------------------------------------------------------------+------------------+
; |DataPath|op[1]                                                                                                ; |DataPath|op[1]                                                                                                 ; out              ;
; |DataPath|Reset                                                                                                ; |DataPath|Reset                                                                                                 ; out              ;
; |DataPath|IR[4]                                                                                                ; |DataPath|IR[4]                                                                                                 ; pin_out          ;
; |DataPath|IR[1]                                                                                                ; |DataPath|IR[1]                                                                                                 ; pin_out          ;
; |DataPath|MA[7]                                                                                                ; |DataPath|MA[7]                                                                                                 ; pin_out          ;
; |DataPath|MA[6]                                                                                                ; |DataPath|MA[6]                                                                                                 ; pin_out          ;
; |DataPath|MA[4]                                                                                                ; |DataPath|MA[4]                                                                                                 ; pin_out          ;
; |DataPath|MA[3]                                                                                                ; |DataPath|MA[3]                                                                                                 ; pin_out          ;
; |DataPath|MQ[1]                                                                                                ; |DataPath|MQ[1]                                                                                                 ; pin_out          ;
; |DataPath|PC[7]                                                                                                ; |DataPath|PC[7]                                                                                                 ; pin_out          ;
; |DataPath|PC[6]                                                                                                ; |DataPath|PC[6]                                                                                                 ; pin_out          ;
; |DataPath|PC[3]                                                                                                ; |DataPath|PC[3]                                                                                                 ; pin_out          ;
; |DataPath|RD[1]                                                                                                ; |DataPath|RD[1]                                                                                                 ; pin_out          ;
; |DataPath|lpm_counter0:inst10|lpm_counter:lpm_counter_component|cntr_tqj:auto_generated|counter_comb_bita3     ; |DataPath|lpm_counter0:inst10|lpm_counter:lpm_counter_component|cntr_tqj:auto_generated|counter_comb_bita3~COUT ; cout             ;
; |DataPath|lpm_counter0:inst10|lpm_counter:lpm_counter_component|cntr_tqj:auto_generated|counter_comb_bita4     ; |DataPath|lpm_counter0:inst10|lpm_counter:lpm_counter_component|cntr_tqj:auto_generated|counter_comb_bita4~COUT ; cout             ;
; |DataPath|lpm_counter0:inst10|lpm_counter:lpm_counter_component|cntr_tqj:auto_generated|counter_comb_bita5     ; |DataPath|lpm_counter0:inst10|lpm_counter:lpm_counter_component|cntr_tqj:auto_generated|counter_comb_bita5~COUT ; cout             ;
; |DataPath|lpm_counter0:inst10|lpm_counter:lpm_counter_component|cntr_tqj:auto_generated|counter_comb_bita6     ; |DataPath|lpm_counter0:inst10|lpm_counter:lpm_counter_component|cntr_tqj:auto_generated|counter_comb_bita6      ; combout          ;
; |DataPath|lpm_counter0:inst10|lpm_counter:lpm_counter_component|cntr_tqj:auto_generated|counter_comb_bita6     ; |DataPath|lpm_counter0:inst10|lpm_counter:lpm_counter_component|cntr_tqj:auto_generated|counter_comb_bita6~COUT ; cout             ;
; |DataPath|lpm_counter0:inst10|lpm_counter:lpm_counter_component|cntr_tqj:auto_generated|counter_comb_bita7     ; |DataPath|lpm_counter0:inst10|lpm_counter:lpm_counter_component|cntr_tqj:auto_generated|counter_comb_bita7      ; combout          ;
; |DataPath|lpm_counter0:inst10|lpm_counter:lpm_counter_component|cntr_tqj:auto_generated|counter_reg_bit[7]     ; |DataPath|lpm_counter0:inst10|lpm_counter:lpm_counter_component|cntr_tqj:auto_generated|counter_reg_bit[7]      ; regout           ;
; |DataPath|lpm_counter0:inst10|lpm_counter:lpm_counter_component|cntr_tqj:auto_generated|counter_reg_bit[6]     ; |DataPath|lpm_counter0:inst10|lpm_counter:lpm_counter_component|cntr_tqj:auto_generated|counter_reg_bit[6]      ; regout           ;
; |DataPath|lpm_counter0:inst10|lpm_counter:lpm_counter_component|cntr_tqj:auto_generated|counter_reg_bit[3]     ; |DataPath|lpm_counter0:inst10|lpm_counter:lpm_counter_component|cntr_tqj:auto_generated|counter_reg_bit[3]      ; regout           ;
; |DataPath|lpm_bustri0:inst17|lpm_bustri:lpm_bustri_component|dout[7]                                           ; |DataPath|lpm_bustri0:inst17|lpm_bustri:lpm_bustri_component|dout[7]                                            ; out              ;
; |DataPath|lpm_bustri0:inst17|lpm_bustri:lpm_bustri_component|dout[6]                                           ; |DataPath|lpm_bustri0:inst17|lpm_bustri:lpm_bustri_component|dout[6]                                            ; out              ;
; |DataPath|lpm_bustri0:inst17|lpm_bustri:lpm_bustri_component|dout[3]                                           ; |DataPath|lpm_bustri0:inst17|lpm_bustri:lpm_bustri_component|dout[3]                                            ; out              ;
; |DataPath|lpm_dff4:inst11|lpm_ff:lpm_ff_component|dffs[4]                                                      ; |DataPath|lpm_dff4:inst11|lpm_ff:lpm_ff_component|dffs[4]                                                       ; regout           ;
; |DataPath|lpm_dff4:inst11|lpm_ff:lpm_ff_component|dffs[1]                                                      ; |DataPath|lpm_dff4:inst11|lpm_ff:lpm_ff_component|dffs[1]                                                       ; regout           ;
; |DataPath|lpm_mux3:inst6|lpm_mux:lpm_mux_component|mux_vpc:auto_generated|result_node[1]~0                     ; |DataPath|lpm_mux3:inst6|lpm_mux:lpm_mux_component|mux_vpc:auto_generated|result_node[1]~0                      ; out0             ;
; |DataPath|GPRs:inst7|lpm_dff3:inst12|lpm_ff:lpm_ff_component|dffs[7]                                           ; |DataPath|GPRs:inst7|lpm_dff3:inst12|lpm_ff:lpm_ff_component|dffs[7]                                            ; regout           ;
; |DataPath|GPRs:inst7|lpm_dff3:inst12|lpm_ff:lpm_ff_component|dffs[6]                                           ; |DataPath|GPRs:inst7|lpm_dff3:inst12|lpm_ff:lpm_ff_component|dffs[6]                                            ; regout           ;
; |DataPath|GPRs:inst7|lpm_dff3:inst12|lpm_ff:lpm_ff_component|dffs[5]                                           ; |DataPath|GPRs:inst7|lpm_dff3:inst12|lpm_ff:lpm_ff_component|dffs[5]                                            ; regout           ;
; |DataPath|GPRs:inst7|lpm_dff3:inst12|lpm_ff:lpm_ff_component|dffs[4]                                           ; |DataPath|GPRs:inst7|lpm_dff3:inst12|lpm_ff:lpm_ff_component|dffs[4]                                            ; regout           ;
; |DataPath|GPRs:inst7|lpm_dff3:inst12|lpm_ff:lpm_ff_component|dffs[3]                                           ; |DataPath|GPRs:inst7|lpm_dff3:inst12|lpm_ff:lpm_ff_component|dffs[3]                                            ; regout           ;
; |DataPath|GPRs:inst7|lpm_dff3:inst12|lpm_ff:lpm_ff_component|dffs[2]                                           ; |DataPath|GPRs:inst7|lpm_dff3:inst12|lpm_ff:lpm_ff_component|dffs[2]                                            ; regout           ;
; |DataPath|GPRs:inst7|lpm_dff3:inst12|lpm_ff:lpm_ff_component|dffs[1]                                           ; |DataPath|GPRs:inst7|lpm_dff3:inst12|lpm_ff:lpm_ff_component|dffs[1]                                            ; regout           ;
; |DataPath|GPRs:inst7|lpm_dff3:inst12|lpm_ff:lpm_ff_component|dffs[0]                                           ; |DataPath|GPRs:inst7|lpm_dff3:inst12|lpm_ff:lpm_ff_component|dffs[0]                                            ; regout           ;
; |DataPath|GPRs:inst7|lpm_dff2:inst11|lpm_ff:lpm_ff_component|dffs[7]                                           ; |DataPath|GPRs:inst7|lpm_dff2:inst11|lpm_ff:lpm_ff_component|dffs[7]                                            ; regout           ;
; |DataPath|GPRs:inst7|lpm_dff2:inst11|lpm_ff:lpm_ff_component|dffs[4]                                           ; |DataPath|GPRs:inst7|lpm_dff2:inst11|lpm_ff:lpm_ff_component|dffs[4]                                            ; regout           ;
; |DataPath|GPRs:inst7|lpm_dff2:inst11|lpm_ff:lpm_ff_component|dffs[3]                                           ; |DataPath|GPRs:inst7|lpm_dff2:inst11|lpm_ff:lpm_ff_component|dffs[3]                                            ; regout           ;
; |DataPath|GPRs:inst7|lpm_dff2:inst11|lpm_ff:lpm_ff_component|dffs[1]                                           ; |DataPath|GPRs:inst7|lpm_dff2:inst11|lpm_ff:lpm_ff_component|dffs[1]                                            ; regout           ;
; |DataPath|GPRs:inst7|lpm_dff2:inst11|lpm_ff:lpm_ff_component|dffs[0]                                           ; |DataPath|GPRs:inst7|lpm_dff2:inst11|lpm_ff:lpm_ff_component|dffs[0]                                            ; regout           ;
; |DataPath|GPRs:inst7|lpm_dff1:inst10|lpm_ff:lpm_ff_component|dffs[7]                                           ; |DataPath|GPRs:inst7|lpm_dff1:inst10|lpm_ff:lpm_ff_component|dffs[7]                                            ; regout           ;
; |DataPath|GPRs:inst7|lpm_dff1:inst10|lpm_ff:lpm_ff_component|dffs[6]                                           ; |DataPath|GPRs:inst7|lpm_dff1:inst10|lpm_ff:lpm_ff_component|dffs[6]                                            ; regout           ;
; |DataPath|GPRs:inst7|lpm_dff1:inst10|lpm_ff:lpm_ff_component|dffs[4]                                           ; |DataPath|GPRs:inst7|lpm_dff1:inst10|lpm_ff:lpm_ff_component|dffs[4]                                            ; regout           ;
; |DataPath|GPRs:inst7|lpm_dff1:inst10|lpm_ff:lpm_ff_component|dffs[3]                                           ; |DataPath|GPRs:inst7|lpm_dff1:inst10|lpm_ff:lpm_ff_component|dffs[3]                                            ; regout           ;
; |DataPath|GPRs:inst7|lpm_dff1:inst10|lpm_ff:lpm_ff_component|dffs[1]                                           ; |DataPath|GPRs:inst7|lpm_dff1:inst10|lpm_ff:lpm_ff_component|dffs[1]                                            ; regout           ;
; |DataPath|GPRs:inst7|lpm_dff1:inst10|lpm_ff:lpm_ff_component|dffs[0]                                           ; |DataPath|GPRs:inst7|lpm_dff1:inst10|lpm_ff:lpm_ff_component|dffs[0]                                            ; regout           ;
; |DataPath|GPRs:inst7|lpm_decode0:inst9|lpm_decode:lpm_decode_component|decode_7uf:auto_generated|w_anode1w[2]  ; |DataPath|GPRs:inst7|lpm_decode0:inst9|lpm_decode:lpm_decode_component|decode_7uf:auto_generated|w_anode1w[2]   ; out0             ;
; |DataPath|GPRs:inst7|lpm_decode0:inst9|lpm_decode:lpm_decode_component|decode_7uf:auto_generated|w_anode30w[2] ; |DataPath|GPRs:inst7|lpm_decode0:inst9|lpm_decode:lpm_decode_component|decode_7uf:auto_generated|w_anode30w[2]  ; out0             ;
; |DataPath|GPRs:inst7|lpm_dff0:inst|lpm_ff:lpm_ff_component|dffs[7]                                             ; |DataPath|GPRs:inst7|lpm_dff0:inst|lpm_ff:lpm_ff_component|dffs[7]                                              ; regout           ;
; |DataPath|GPRs:inst7|lpm_dff0:inst|lpm_ff:lpm_ff_component|dffs[6]                                             ; |DataPath|GPRs:inst7|lpm_dff0:inst|lpm_ff:lpm_ff_component|dffs[6]                                              ; regout           ;
; |DataPath|GPRs:inst7|lpm_dff0:inst|lpm_ff:lpm_ff_component|dffs[5]                                             ; |DataPath|GPRs:inst7|lpm_dff0:inst|lpm_ff:lpm_ff_component|dffs[5]                                              ; regout           ;
; |DataPath|GPRs:inst7|lpm_dff0:inst|lpm_ff:lpm_ff_component|dffs[4]                                             ; |DataPath|GPRs:inst7|lpm_dff0:inst|lpm_ff:lpm_ff_component|dffs[4]                                              ; regout           ;
; |DataPath|GPRs:inst7|lpm_dff0:inst|lpm_ff:lpm_ff_component|dffs[3]                                             ; |DataPath|GPRs:inst7|lpm_dff0:inst|lpm_ff:lpm_ff_component|dffs[3]                                              ; regout           ;
; |DataPath|GPRs:inst7|lpm_dff0:inst|lpm_ff:lpm_ff_component|dffs[2]                                             ; |DataPath|GPRs:inst7|lpm_dff0:inst|lpm_ff:lpm_ff_component|dffs[2]                                              ; regout           ;
; |DataPath|GPRs:inst7|lpm_dff0:inst|lpm_ff:lpm_ff_component|dffs[1]                                             ; |DataPath|GPRs:inst7|lpm_dff0:inst|lpm_ff:lpm_ff_component|dffs[1]                                              ; regout           ;
; |DataPath|GPRs:inst7|lpm_dff0:inst|lpm_ff:lpm_ff_component|dffs[0]                                             ; |DataPath|GPRs:inst7|lpm_dff0:inst|lpm_ff:lpm_ff_component|dffs[0]                                              ; regout           ;
; |DataPath|GPRs:inst7|lpm_mux0:inst13|lpm_mux:lpm_mux_component|mux_8qc:auto_generated|_~0                      ; |DataPath|GPRs:inst7|lpm_mux0:inst13|lpm_mux:lpm_mux_component|mux_8qc:auto_generated|_~0                       ; out0             ;
; |DataPath|GPRs:inst7|lpm_mux0:inst13|lpm_mux:lpm_mux_component|mux_8qc:auto_generated|_~2                      ; |DataPath|GPRs:inst7|lpm_mux0:inst13|lpm_mux:lpm_mux_component|mux_8qc:auto_generated|_~2                       ; out0             ;
; |DataPath|GPRs:inst7|lpm_mux0:inst13|lpm_mux:lpm_mux_component|mux_8qc:auto_generated|_~4                      ; |DataPath|GPRs:inst7|lpm_mux0:inst13|lpm_mux:lpm_mux_component|mux_8qc:auto_generated|_~4                       ; out0             ;
; |DataPath|GPRs:inst7|lpm_mux0:inst13|lpm_mux:lpm_mux_component|mux_8qc:auto_generated|result_node[7]~0         ; |DataPath|GPRs:inst7|lpm_mux0:inst13|lpm_mux:lpm_mux_component|mux_8qc:auto_generated|result_node[7]~0          ; out0             ;
; |DataPath|GPRs:inst7|lpm_mux0:inst13|lpm_mux:lpm_mux_component|mux_8qc:auto_generated|_~10                     ; |DataPath|GPRs:inst7|lpm_mux0:inst13|lpm_mux:lpm_mux_component|mux_8qc:auto_generated|_~10                      ; out0             ;
; |DataPath|GPRs:inst7|lpm_mux0:inst13|lpm_mux:lpm_mux_component|mux_8qc:auto_generated|_~12                     ; |DataPath|GPRs:inst7|lpm_mux0:inst13|lpm_mux:lpm_mux_component|mux_8qc:auto_generated|_~12                      ; out0             ;
; |DataPath|GPRs:inst7|lpm_mux0:inst13|lpm_mux:lpm_mux_component|mux_8qc:auto_generated|_~18                     ; |DataPath|GPRs:inst7|lpm_mux0:inst13|lpm_mux:lpm_mux_component|mux_8qc:auto_generated|_~18                      ; out0             ;
; |DataPath|GPRs:inst7|lpm_mux0:inst13|lpm_mux:lpm_mux_component|mux_8qc:auto_generated|_~20                     ; |DataPath|GPRs:inst7|lpm_mux0:inst13|lpm_mux:lpm_mux_component|mux_8qc:auto_generated|_~20                      ; out0             ;
; |DataPath|GPRs:inst7|lpm_mux0:inst13|lpm_mux:lpm_mux_component|mux_8qc:auto_generated|_~22                     ; |DataPath|GPRs:inst7|lpm_mux0:inst13|lpm_mux:lpm_mux_component|mux_8qc:auto_generated|_~22                      ; out0             ;
; |DataPath|GPRs:inst7|lpm_mux0:inst13|lpm_mux:lpm_mux_component|mux_8qc:auto_generated|result_node[6]~2         ; |DataPath|GPRs:inst7|lpm_mux0:inst13|lpm_mux:lpm_mux_component|mux_8qc:auto_generated|result_node[6]~2          ; out0             ;
; |DataPath|GPRs:inst7|lpm_mux0:inst13|lpm_mux:lpm_mux_component|mux_8qc:auto_generated|_~28                     ; |DataPath|GPRs:inst7|lpm_mux0:inst13|lpm_mux:lpm_mux_component|mux_8qc:auto_generated|_~28                      ; out0             ;
; |DataPath|GPRs:inst7|lpm_mux0:inst13|lpm_mux:lpm_mux_component|mux_8qc:auto_generated|_~30                     ; |DataPath|GPRs:inst7|lpm_mux0:inst13|lpm_mux:lpm_mux_component|mux_8qc:auto_generated|_~30                      ; out0             ;
; |DataPath|GPRs:inst7|lpm_mux0:inst13|lpm_mux:lpm_mux_component|mux_8qc:auto_generated|_~38                     ; |DataPath|GPRs:inst7|lpm_mux0:inst13|lpm_mux:lpm_mux_component|mux_8qc:auto_generated|_~38                      ; out0             ;
; |DataPath|GPRs:inst7|lpm_mux0:inst13|lpm_mux:lpm_mux_component|mux_8qc:auto_generated|_~40                     ; |DataPath|GPRs:inst7|lpm_mux0:inst13|lpm_mux:lpm_mux_component|mux_8qc:auto_generated|_~40                      ; out0             ;
; |DataPath|GPRs:inst7|lpm_mux0:inst13|lpm_mux:lpm_mux_component|mux_8qc:auto_generated|_~46                     ; |DataPath|GPRs:inst7|lpm_mux0:inst13|lpm_mux:lpm_mux_component|mux_8qc:auto_generated|_~46                      ; out0             ;
; |DataPath|GPRs:inst7|lpm_mux0:inst13|lpm_mux:lpm_mux_component|mux_8qc:auto_generated|_~48                     ; |DataPath|GPRs:inst7|lpm_mux0:inst13|lpm_mux:lpm_mux_component|mux_8qc:auto_generated|_~48                      ; out0             ;
; |DataPath|GPRs:inst7|lpm_mux0:inst13|lpm_mux:lpm_mux_component|mux_8qc:auto_generated|_~54                     ; |DataPath|GPRs:inst7|lpm_mux0:inst13|lpm_mux:lpm_mux_component|mux_8qc:auto_generated|_~54                      ; out0             ;
; |DataPath|GPRs:inst7|lpm_mux0:inst13|lpm_mux:lpm_mux_component|mux_8qc:auto_generated|_~56                     ; |DataPath|GPRs:inst7|lpm_mux0:inst13|lpm_mux:lpm_mux_component|mux_8qc:auto_generated|_~56                      ; out0             ;
; |DataPath|GPRs:inst7|lpm_mux0:inst13|lpm_mux:lpm_mux_component|mux_8qc:auto_generated|_~58                     ; |DataPath|GPRs:inst7|lpm_mux0:inst13|lpm_mux:lpm_mux_component|mux_8qc:auto_generated|_~58                      ; out0             ;
; |DataPath|GPRs:inst7|lpm_mux0:inst13|lpm_mux:lpm_mux_component|mux_8qc:auto_generated|result_node[4]~6         ; |DataPath|GPRs:inst7|lpm_mux0:inst13|lpm_mux:lpm_mux_component|mux_8qc:auto_generated|result_node[4]~6          ; out0             ;
; |DataPath|GPRs:inst7|lpm_mux0:inst13|lpm_mux:lpm_mux_component|mux_8qc:auto_generated|_~64                     ; |DataPath|GPRs:inst7|lpm_mux0:inst13|lpm_mux:lpm_mux_component|mux_8qc:auto_generated|_~64                      ; out0             ;
; |DataPath|GPRs:inst7|lpm_mux0:inst13|lpm_mux:lpm_mux_component|mux_8qc:auto_generated|_~66                     ; |DataPath|GPRs:inst7|lpm_mux0:inst13|lpm_mux:lpm_mux_component|mux_8qc:auto_generated|_~66                      ; out0             ;
; |DataPath|GPRs:inst7|lpm_mux0:inst13|lpm_mux:lpm_mux_component|mux_8qc:auto_generated|_~72                     ; |DataPath|GPRs:inst7|lpm_mux0:inst13|lpm_mux:lpm_mux_component|mux_8qc:auto_generated|_~72                      ; out0             ;
; |DataPath|GPRs:inst7|lpm_mux0:inst13|lpm_mux:lpm_mux_component|mux_8qc:auto_generated|_~74                     ; |DataPath|GPRs:inst7|lpm_mux0:inst13|lpm_mux:lpm_mux_component|mux_8qc:auto_generated|_~74                      ; out0             ;
; |DataPath|GPRs:inst7|lpm_mux0:inst13|lpm_mux:lpm_mux_component|mux_8qc:auto_generated|_~76                     ; |DataPath|GPRs:inst7|lpm_mux0:inst13|lpm_mux:lpm_mux_component|mux_8qc:auto_generated|_~76                      ; out0             ;
; |DataPath|GPRs:inst7|lpm_mux0:inst13|lpm_mux:lpm_mux_component|mux_8qc:auto_generated|result_node[3]~8         ; |DataPath|GPRs:inst7|lpm_mux0:inst13|lpm_mux:lpm_mux_component|mux_8qc:auto_generated|result_node[3]~8          ; out0             ;
; |DataPath|GPRs:inst7|lpm_mux0:inst13|lpm_mux:lpm_mux_component|mux_8qc:auto_generated|_~82                     ; |DataPath|GPRs:inst7|lpm_mux0:inst13|lpm_mux:lpm_mux_component|mux_8qc:auto_generated|_~82                      ; out0             ;
; |DataPath|GPRs:inst7|lpm_mux0:inst13|lpm_mux:lpm_mux_component|mux_8qc:auto_generated|_~84                     ; |DataPath|GPRs:inst7|lpm_mux0:inst13|lpm_mux:lpm_mux_component|mux_8qc:auto_generated|_~84                      ; out0             ;
; |DataPath|GPRs:inst7|lpm_mux0:inst13|lpm_mux:lpm_mux_component|mux_8qc:auto_generated|_~92                     ; |DataPath|GPRs:inst7|lpm_mux0:inst13|lpm_mux:lpm_mux_component|mux_8qc:auto_generated|_~92                      ; out0             ;
; |DataPath|GPRs:inst7|lpm_mux0:inst13|lpm_mux:lpm_mux_component|mux_8qc:auto_generated|_~94                     ; |DataPath|GPRs:inst7|lpm_mux0:inst13|lpm_mux:lpm_mux_component|mux_8qc:auto_generated|_~94                      ; out0             ;
; |DataPath|GPRs:inst7|lpm_mux0:inst13|lpm_mux:lpm_mux_component|mux_8qc:auto_generated|_~100                    ; |DataPath|GPRs:inst7|lpm_mux0:inst13|lpm_mux:lpm_mux_component|mux_8qc:auto_generated|_~100                     ; out0             ;
; |DataPath|GPRs:inst7|lpm_mux0:inst13|lpm_mux:lpm_mux_component|mux_8qc:auto_generated|_~102                    ; |DataPath|GPRs:inst7|lpm_mux0:inst13|lpm_mux:lpm_mux_component|mux_8qc:auto_generated|_~102                     ; out0             ;
; |DataPath|GPRs:inst7|lpm_mux0:inst13|lpm_mux:lpm_mux_component|mux_8qc:auto_generated|_~108                    ; |DataPath|GPRs:inst7|lpm_mux0:inst13|lpm_mux:lpm_mux_component|mux_8qc:auto_generated|_~108                     ; out0             ;
; |DataPath|GPRs:inst7|lpm_mux0:inst13|lpm_mux:lpm_mux_component|mux_8qc:auto_generated|_~110                    ; |DataPath|GPRs:inst7|lpm_mux0:inst13|lpm_mux:lpm_mux_component|mux_8qc:auto_generated|_~110                     ; out0             ;
; |DataPath|GPRs:inst7|lpm_mux0:inst13|lpm_mux:lpm_mux_component|mux_8qc:auto_generated|_~112                    ; |DataPath|GPRs:inst7|lpm_mux0:inst13|lpm_mux:lpm_mux_component|mux_8qc:auto_generated|_~112                     ; out0             ;
; |DataPath|GPRs:inst7|lpm_mux0:inst13|lpm_mux:lpm_mux_component|mux_8qc:auto_generated|result_node[1]~12        ; |DataPath|GPRs:inst7|lpm_mux0:inst13|lpm_mux:lpm_mux_component|mux_8qc:auto_generated|result_node[1]~12         ; out0             ;
; |DataPath|GPRs:inst7|lpm_mux0:inst13|lpm_mux:lpm_mux_component|mux_8qc:auto_generated|_~118                    ; |DataPath|GPRs:inst7|lpm_mux0:inst13|lpm_mux:lpm_mux_component|mux_8qc:auto_generated|_~118                     ; out0             ;
; |DataPath|GPRs:inst7|lpm_mux0:inst13|lpm_mux:lpm_mux_component|mux_8qc:auto_generated|_~120                    ; |DataPath|GPRs:inst7|lpm_mux0:inst13|lpm_mux:lpm_mux_component|mux_8qc:auto_generated|_~120                     ; out0             ;
; |DataPath|GPRs:inst7|lpm_mux0:inst13|lpm_mux:lpm_mux_component|mux_8qc:auto_generated|_~126                    ; |DataPath|GPRs:inst7|lpm_mux0:inst13|lpm_mux:lpm_mux_component|mux_8qc:auto_generated|_~126                     ; out0             ;
; |DataPath|GPRs:inst7|lpm_mux0:inst13|lpm_mux:lpm_mux_component|mux_8qc:auto_generated|_~128                    ; |DataPath|GPRs:inst7|lpm_mux0:inst13|lpm_mux:lpm_mux_component|mux_8qc:auto_generated|_~128                     ; out0             ;
; |DataPath|GPRs:inst7|lpm_mux0:inst13|lpm_mux:lpm_mux_component|mux_8qc:auto_generated|_~130                    ; |DataPath|GPRs:inst7|lpm_mux0:inst13|lpm_mux:lpm_mux_component|mux_8qc:auto_generated|_~130                     ; out0             ;
; |DataPath|GPRs:inst7|lpm_mux0:inst13|lpm_mux:lpm_mux_component|mux_8qc:auto_generated|result_node[0]~14        ; |DataPath|GPRs:inst7|lpm_mux0:inst13|lpm_mux:lpm_mux_component|mux_8qc:auto_generated|result_node[0]~14         ; out0             ;
; |DataPath|GPRs:inst7|lpm_mux0:inst13|lpm_mux:lpm_mux_component|mux_8qc:auto_generated|_~136                    ; |DataPath|GPRs:inst7|lpm_mux0:inst13|lpm_mux:lpm_mux_component|mux_8qc:auto_generated|_~136                     ; out0             ;
; |DataPath|GPRs:inst7|lpm_mux0:inst13|lpm_mux:lpm_mux_component|mux_8qc:auto_generated|_~138                    ; |DataPath|GPRs:inst7|lpm_mux0:inst13|lpm_mux:lpm_mux_component|mux_8qc:auto_generated|_~138                     ; out0             ;
; |DataPath|lpm_bustri0:inst15|lpm_bustri:lpm_bustri_component|dout[7]                                           ; |DataPath|lpm_bustri0:inst15|lpm_bustri:lpm_bustri_component|dout[7]                                            ; out              ;
; |DataPath|lpm_bustri0:inst15|lpm_bustri:lpm_bustri_component|dout[4]                                           ; |DataPath|lpm_bustri0:inst15|lpm_bustri:lpm_bustri_component|dout[4]                                            ; out              ;
; |DataPath|lpm_bustri0:inst15|lpm_bustri:lpm_bustri_component|dout[3]                                           ; |DataPath|lpm_bustri0:inst15|lpm_bustri:lpm_bustri_component|dout[3]                                            ; out              ;
; |DataPath|lpm_bustri0:inst15|lpm_bustri:lpm_bustri_component|dout[1]                                           ; |DataPath|lpm_bustri0:inst15|lpm_bustri:lpm_bustri_component|dout[1]                                            ; out              ;
; |DataPath|lpm_bustri0:inst15|lpm_bustri:lpm_bustri_component|dout[0]                                           ; |DataPath|lpm_bustri0:inst15|lpm_bustri:lpm_bustri_component|dout[0]                                            ; out              ;
; |DataPath|lpm_dff4:inst12|lpm_ff:lpm_ff_component|dffs[7]                                                      ; |DataPath|lpm_dff4:inst12|lpm_ff:lpm_ff_component|dffs[7]                                                       ; regout           ;
; |DataPath|lpm_dff4:inst12|lpm_ff:lpm_ff_component|dffs[6]                                                      ; |DataPath|lpm_dff4:inst12|lpm_ff:lpm_ff_component|dffs[6]                                                       ; regout           ;
; |DataPath|lpm_dff4:inst12|lpm_ff:lpm_ff_component|dffs[4]                                                      ; |DataPath|lpm_dff4:inst12|lpm_ff:lpm_ff_component|dffs[4]                                                       ; regout           ;
; |DataPath|lpm_dff4:inst12|lpm_ff:lpm_ff_component|dffs[3]                                                      ; |DataPath|lpm_dff4:inst12|lpm_ff:lpm_ff_component|dffs[3]                                                       ; regout           ;
; |DataPath|lpm_rom3:inst13|altsyncram:altsyncram_component|altsyncram_hga1:auto_generated|ram_block1a1          ; |DataPath|lpm_rom3:inst13|altsyncram:altsyncram_component|altsyncram_hga1:auto_generated|q_a[1]                 ; portadataout0    ;
; |DataPath|lpm_dff4:inst14|lpm_ff:lpm_ff_component|dffs[1]                                                      ; |DataPath|lpm_dff4:inst14|lpm_ff:lpm_ff_component|dffs[1]                                                       ; regout           ;
; |DataPath|lpm_bustri0:inst18|lpm_bustri:lpm_bustri_component|dout[1]                                           ; |DataPath|lpm_bustri0:inst18|lpm_bustri:lpm_bustri_component|dout[1]                                            ; out              ;
; |DataPath|lpm_dff4:inst29|lpm_ff:lpm_ff_component|dffs[7]                                                      ; |DataPath|lpm_dff4:inst29|lpm_ff:lpm_ff_component|dffs[7]                                                       ; regout           ;
; |DataPath|lpm_dff4:inst29|lpm_ff:lpm_ff_component|dffs[5]                                                      ; |DataPath|lpm_dff4:inst29|lpm_ff:lpm_ff_component|dffs[5]                                                       ; regout           ;
; |DataPath|lpm_dff4:inst29|lpm_ff:lpm_ff_component|dffs[4]                                                      ; |DataPath|lpm_dff4:inst29|lpm_ff:lpm_ff_component|dffs[4]                                                       ; regout           ;
; |DataPath|lpm_dff4:inst29|lpm_ff:lpm_ff_component|dffs[3]                                                      ; |DataPath|lpm_dff4:inst29|lpm_ff:lpm_ff_component|dffs[3]                                                       ; regout           ;
; |DataPath|lpm_dff4:inst29|lpm_ff:lpm_ff_component|dffs[1]                                                      ; |DataPath|lpm_dff4:inst29|lpm_ff:lpm_ff_component|dffs[1]                                                       ; regout           ;
; |DataPath|lpm_dff4:inst29|lpm_ff:lpm_ff_component|dffs[0]                                                      ; |DataPath|lpm_dff4:inst29|lpm_ff:lpm_ff_component|dffs[0]                                                       ; regout           ;
; |DataPath|ALU:inst|lpm_and0:inst1|lpm_and:lpm_and_component|and_node[7][1]                                     ; |DataPath|ALU:inst|lpm_and0:inst1|lpm_and:lpm_and_component|and_node[7][1]                                      ; out0             ;
; |DataPath|ALU:inst|lpm_and0:inst1|lpm_and:lpm_and_component|and_node[5][1]                                     ; |DataPath|ALU:inst|lpm_and0:inst1|lpm_and:lpm_and_component|and_node[5][1]                                      ; out0             ;
; |DataPath|ALU:inst|lpm_and0:inst1|lpm_and:lpm_and_component|and_node[4][1]                                     ; |DataPath|ALU:inst|lpm_and0:inst1|lpm_and:lpm_and_component|and_node[4][1]                                      ; out0             ;
; |DataPath|ALU:inst|lpm_and0:inst1|lpm_and:lpm_and_component|and_node[3][1]                                     ; |DataPath|ALU:inst|lpm_and0:inst1|lpm_and:lpm_and_component|and_node[3][1]                                      ; out0             ;
; |DataPath|ALU:inst|lpm_and0:inst1|lpm_and:lpm_and_component|and_node[1][1]                                     ; |DataPath|ALU:inst|lpm_and0:inst1|lpm_and:lpm_and_component|and_node[1][1]                                      ; out0             ;
; |DataPath|ALU:inst|lpm_and0:inst1|lpm_and:lpm_and_component|and_node[0][1]                                     ; |DataPath|ALU:inst|lpm_and0:inst1|lpm_and:lpm_and_component|and_node[0][1]                                      ; out0             ;
; |DataPath|ALU:inst|lpm_mux1:inst4|lpm_mux:lpm_mux_component|mux_8qc:auto_generated|_~0                         ; |DataPath|ALU:inst|lpm_mux1:inst4|lpm_mux:lpm_mux_component|mux_8qc:auto_generated|_~0                          ; out0             ;
; |DataPath|ALU:inst|lpm_mux1:inst4|lpm_mux:lpm_mux_component|mux_8qc:auto_generated|_~6                         ; |DataPath|ALU:inst|lpm_mux1:inst4|lpm_mux:lpm_mux_component|mux_8qc:auto_generated|_~6                          ; out0             ;
; |DataPath|ALU:inst|lpm_mux1:inst4|lpm_mux:lpm_mux_component|mux_8qc:auto_generated|result_node[7]~0            ; |DataPath|ALU:inst|lpm_mux1:inst4|lpm_mux:lpm_mux_component|mux_8qc:auto_generated|result_node[7]~0             ; out0             ;
; |DataPath|ALU:inst|lpm_mux1:inst4|lpm_mux:lpm_mux_component|mux_8qc:auto_generated|_~14                        ; |DataPath|ALU:inst|lpm_mux1:inst4|lpm_mux:lpm_mux_component|mux_8qc:auto_generated|_~14                         ; out0             ;
; |DataPath|ALU:inst|lpm_mux1:inst4|lpm_mux:lpm_mux_component|mux_8qc:auto_generated|_~17                        ; |DataPath|ALU:inst|lpm_mux1:inst4|lpm_mux:lpm_mux_component|mux_8qc:auto_generated|_~17                         ; out0             ;
; |DataPath|ALU:inst|lpm_mux1:inst4|lpm_mux:lpm_mux_component|mux_8qc:auto_generated|_~18                        ; |DataPath|ALU:inst|lpm_mux1:inst4|lpm_mux:lpm_mux_component|mux_8qc:auto_generated|_~18                         ; out0             ;
; |DataPath|ALU:inst|lpm_mux1:inst4|lpm_mux:lpm_mux_component|mux_8qc:auto_generated|_~24                        ; |DataPath|ALU:inst|lpm_mux1:inst4|lpm_mux:lpm_mux_component|mux_8qc:auto_generated|_~24                         ; out0             ;
; |DataPath|ALU:inst|lpm_mux1:inst4|lpm_mux:lpm_mux_component|mux_8qc:auto_generated|result_node[6]~2            ; |DataPath|ALU:inst|lpm_mux1:inst4|lpm_mux:lpm_mux_component|mux_8qc:auto_generated|result_node[6]~2             ; out0             ;
; |DataPath|ALU:inst|lpm_mux1:inst4|lpm_mux:lpm_mux_component|mux_8qc:auto_generated|_~32                        ; |DataPath|ALU:inst|lpm_mux1:inst4|lpm_mux:lpm_mux_component|mux_8qc:auto_generated|_~32                         ; out0             ;
; |DataPath|ALU:inst|lpm_mux1:inst4|lpm_mux:lpm_mux_component|mux_8qc:auto_generated|_~42                        ; |DataPath|ALU:inst|lpm_mux1:inst4|lpm_mux:lpm_mux_component|mux_8qc:auto_generated|_~42                         ; out0             ;
; |DataPath|ALU:inst|lpm_mux1:inst4|lpm_mux:lpm_mux_component|mux_8qc:auto_generated|_~50                        ; |DataPath|ALU:inst|lpm_mux1:inst4|lpm_mux:lpm_mux_component|mux_8qc:auto_generated|_~50                         ; out0             ;
; |DataPath|ALU:inst|lpm_mux1:inst4|lpm_mux:lpm_mux_component|mux_8qc:auto_generated|_~53                        ; |DataPath|ALU:inst|lpm_mux1:inst4|lpm_mux:lpm_mux_component|mux_8qc:auto_generated|_~53                         ; out0             ;
; |DataPath|ALU:inst|lpm_mux1:inst4|lpm_mux:lpm_mux_component|mux_8qc:auto_generated|_~54                        ; |DataPath|ALU:inst|lpm_mux1:inst4|lpm_mux:lpm_mux_component|mux_8qc:auto_generated|_~54                         ; out0             ;
; |DataPath|ALU:inst|lpm_mux1:inst4|lpm_mux:lpm_mux_component|mux_8qc:auto_generated|_~60                        ; |DataPath|ALU:inst|lpm_mux1:inst4|lpm_mux:lpm_mux_component|mux_8qc:auto_generated|_~60                         ; out0             ;
; |DataPath|ALU:inst|lpm_mux1:inst4|lpm_mux:lpm_mux_component|mux_8qc:auto_generated|result_node[4]~6            ; |DataPath|ALU:inst|lpm_mux1:inst4|lpm_mux:lpm_mux_component|mux_8qc:auto_generated|result_node[4]~6             ; out0             ;
; |DataPath|ALU:inst|lpm_mux1:inst4|lpm_mux:lpm_mux_component|mux_8qc:auto_generated|_~68                        ; |DataPath|ALU:inst|lpm_mux1:inst4|lpm_mux:lpm_mux_component|mux_8qc:auto_generated|_~68                         ; out0             ;
; |DataPath|ALU:inst|lpm_mux1:inst4|lpm_mux:lpm_mux_component|mux_8qc:auto_generated|_~71                        ; |DataPath|ALU:inst|lpm_mux1:inst4|lpm_mux:lpm_mux_component|mux_8qc:auto_generated|_~71                         ; out0             ;
; |DataPath|ALU:inst|lpm_mux1:inst4|lpm_mux:lpm_mux_component|mux_8qc:auto_generated|_~72                        ; |DataPath|ALU:inst|lpm_mux1:inst4|lpm_mux:lpm_mux_component|mux_8qc:auto_generated|_~72                         ; out0             ;
; |DataPath|ALU:inst|lpm_mux1:inst4|lpm_mux:lpm_mux_component|mux_8qc:auto_generated|_~78                        ; |DataPath|ALU:inst|lpm_mux1:inst4|lpm_mux:lpm_mux_component|mux_8qc:auto_generated|_~78                         ; out0             ;
; |DataPath|ALU:inst|lpm_mux1:inst4|lpm_mux:lpm_mux_component|mux_8qc:auto_generated|result_node[3]~8            ; |DataPath|ALU:inst|lpm_mux1:inst4|lpm_mux:lpm_mux_component|mux_8qc:auto_generated|result_node[3]~8             ; out0             ;
; |DataPath|ALU:inst|lpm_mux1:inst4|lpm_mux:lpm_mux_component|mux_8qc:auto_generated|_~86                        ; |DataPath|ALU:inst|lpm_mux1:inst4|lpm_mux:lpm_mux_component|mux_8qc:auto_generated|_~86                         ; out0             ;
; |DataPath|ALU:inst|lpm_mux1:inst4|lpm_mux:lpm_mux_component|mux_8qc:auto_generated|_~89                        ; |DataPath|ALU:inst|lpm_mux1:inst4|lpm_mux:lpm_mux_component|mux_8qc:auto_generated|_~89                         ; out0             ;
; |DataPath|ALU:inst|lpm_mux1:inst4|lpm_mux:lpm_mux_component|mux_8qc:auto_generated|_~90                        ; |DataPath|ALU:inst|lpm_mux1:inst4|lpm_mux:lpm_mux_component|mux_8qc:auto_generated|_~90                         ; out0             ;
; |DataPath|ALU:inst|lpm_mux1:inst4|lpm_mux:lpm_mux_component|mux_8qc:auto_generated|_~96                        ; |DataPath|ALU:inst|lpm_mux1:inst4|lpm_mux:lpm_mux_component|mux_8qc:auto_generated|_~96                         ; out0             ;
; |DataPath|ALU:inst|lpm_mux1:inst4|lpm_mux:lpm_mux_component|mux_8qc:auto_generated|result_node[2]~10           ; |DataPath|ALU:inst|lpm_mux1:inst4|lpm_mux:lpm_mux_component|mux_8qc:auto_generated|result_node[2]~10            ; out0             ;
; |DataPath|ALU:inst|lpm_mux1:inst4|lpm_mux:lpm_mux_component|mux_8qc:auto_generated|_~104                       ; |DataPath|ALU:inst|lpm_mux1:inst4|lpm_mux:lpm_mux_component|mux_8qc:auto_generated|_~104                        ; out0             ;
; |DataPath|ALU:inst|lpm_mux1:inst4|lpm_mux:lpm_mux_component|mux_8qc:auto_generated|_~108                       ; |DataPath|ALU:inst|lpm_mux1:inst4|lpm_mux:lpm_mux_component|mux_8qc:auto_generated|_~108                        ; out0             ;
; |DataPath|ALU:inst|lpm_mux1:inst4|lpm_mux:lpm_mux_component|mux_8qc:auto_generated|_~114                       ; |DataPath|ALU:inst|lpm_mux1:inst4|lpm_mux:lpm_mux_component|mux_8qc:auto_generated|_~114                        ; out0             ;
; |DataPath|ALU:inst|lpm_mux1:inst4|lpm_mux:lpm_mux_component|mux_8qc:auto_generated|result_node[1]~12           ; |DataPath|ALU:inst|lpm_mux1:inst4|lpm_mux:lpm_mux_component|mux_8qc:auto_generated|result_node[1]~12            ; out0             ;
; |DataPath|ALU:inst|lpm_mux1:inst4|lpm_mux:lpm_mux_component|mux_8qc:auto_generated|_~122                       ; |DataPath|ALU:inst|lpm_mux1:inst4|lpm_mux:lpm_mux_component|mux_8qc:auto_generated|_~122                        ; out0             ;
; |DataPath|ALU:inst|lpm_mux1:inst4|lpm_mux:lpm_mux_component|mux_8qc:auto_generated|_~125                       ; |DataPath|ALU:inst|lpm_mux1:inst4|lpm_mux:lpm_mux_component|mux_8qc:auto_generated|_~125                        ; out0             ;
; |DataPath|ALU:inst|lpm_mux1:inst4|lpm_mux:lpm_mux_component|mux_8qc:auto_generated|_~126                       ; |DataPath|ALU:inst|lpm_mux1:inst4|lpm_mux:lpm_mux_component|mux_8qc:auto_generated|_~126                        ; out0             ;
; |DataPath|ALU:inst|lpm_mux1:inst4|lpm_mux:lpm_mux_component|mux_8qc:auto_generated|_~132                       ; |DataPath|ALU:inst|lpm_mux1:inst4|lpm_mux:lpm_mux_component|mux_8qc:auto_generated|_~132                        ; out0             ;
; |DataPath|ALU:inst|lpm_mux1:inst4|lpm_mux:lpm_mux_component|mux_8qc:auto_generated|result_node[0]~14           ; |DataPath|ALU:inst|lpm_mux1:inst4|lpm_mux:lpm_mux_component|mux_8qc:auto_generated|result_node[0]~14            ; out0             ;
; |DataPath|ALU:inst|lpm_mux1:inst4|lpm_mux:lpm_mux_component|mux_8qc:auto_generated|_~140                       ; |DataPath|ALU:inst|lpm_mux1:inst4|lpm_mux:lpm_mux_component|mux_8qc:auto_generated|_~140                        ; out0             ;
; |DataPath|ALU:inst|lpm_mux1:inst4|lpm_mux:lpm_mux_component|mux_8qc:auto_generated|_~143                       ; |DataPath|ALU:inst|lpm_mux1:inst4|lpm_mux:lpm_mux_component|mux_8qc:auto_generated|_~143                        ; out0             ;
; |DataPath|lpm_dff4:inst28|lpm_ff:lpm_ff_component|dffs[7]                                                      ; |DataPath|lpm_dff4:inst28|lpm_ff:lpm_ff_component|dffs[7]                                                       ; regout           ;
; |DataPath|lpm_dff4:inst28|lpm_ff:lpm_ff_component|dffs[6]                                                      ; |DataPath|lpm_dff4:inst28|lpm_ff:lpm_ff_component|dffs[6]                                                       ; regout           ;
; |DataPath|lpm_dff4:inst28|lpm_ff:lpm_ff_component|dffs[4]                                                      ; |DataPath|lpm_dff4:inst28|lpm_ff:lpm_ff_component|dffs[4]                                                       ; regout           ;
; |DataPath|lpm_dff4:inst28|lpm_ff:lpm_ff_component|dffs[3]                                                      ; |DataPath|lpm_dff4:inst28|lpm_ff:lpm_ff_component|dffs[3]                                                       ; regout           ;
; |DataPath|lpm_dff4:inst28|lpm_ff:lpm_ff_component|dffs[2]                                                      ; |DataPath|lpm_dff4:inst28|lpm_ff:lpm_ff_component|dffs[2]                                                       ; regout           ;
; |DataPath|lpm_dff4:inst28|lpm_ff:lpm_ff_component|dffs[1]                                                      ; |DataPath|lpm_dff4:inst28|lpm_ff:lpm_ff_component|dffs[1]                                                       ; regout           ;
; |DataPath|lpm_dff4:inst28|lpm_ff:lpm_ff_component|dffs[0]                                                      ; |DataPath|lpm_dff4:inst28|lpm_ff:lpm_ff_component|dffs[0]                                                       ; regout           ;
; |DataPath|lpm_bustri0:inst16|lpm_bustri:lpm_bustri_component|dout[7]                                           ; |DataPath|lpm_bustri0:inst16|lpm_bustri:lpm_bustri_component|dout[7]                                            ; out              ;
; |DataPath|lpm_bustri0:inst16|lpm_bustri:lpm_bustri_component|dout[6]                                           ; |DataPath|lpm_bustri0:inst16|lpm_bustri:lpm_bustri_component|dout[6]                                            ; out              ;
; |DataPath|lpm_bustri0:inst16|lpm_bustri:lpm_bustri_component|dout[4]                                           ; |DataPath|lpm_bustri0:inst16|lpm_bustri:lpm_bustri_component|dout[4]                                            ; out              ;
; |DataPath|lpm_bustri0:inst16|lpm_bustri:lpm_bustri_component|dout[3]                                           ; |DataPath|lpm_bustri0:inst16|lpm_bustri:lpm_bustri_component|dout[3]                                            ; out              ;
; |DataPath|lpm_bustri0:inst16|lpm_bustri:lpm_bustri_component|dout[2]                                           ; |DataPath|lpm_bustri0:inst16|lpm_bustri:lpm_bustri_component|dout[2]                                            ; out              ;
; |DataPath|lpm_bustri0:inst16|lpm_bustri:lpm_bustri_component|dout[1]                                           ; |DataPath|lpm_bustri0:inst16|lpm_bustri:lpm_bustri_component|dout[1]                                            ; out              ;
; |DataPath|lpm_bustri0:inst16|lpm_bustri:lpm_bustri_component|dout[0]                                           ; |DataPath|lpm_bustri0:inst16|lpm_bustri:lpm_bustri_component|dout[0]                                            ; out              ;
; |DataPath|lpm_counter0:inst10|lpm_counter:lpm_counter_component|cntr_tqj:auto_generated|counter_reg_bit[7]~11  ; |DataPath|lpm_counter0:inst10|lpm_counter:lpm_counter_component|cntr_tqj:auto_generated|counter_reg_bit[7]~11   ; out              ;
; |DataPath|lpm_counter0:inst10|lpm_counter:lpm_counter_component|cntr_tqj:auto_generated|counter_reg_bit[6]~12  ; |DataPath|lpm_counter0:inst10|lpm_counter:lpm_counter_component|cntr_tqj:auto_generated|counter_reg_bit[6]~12   ; out              ;
; |DataPath|ALU:inst|lpm_add_sub1:inst|lpm_add_sub:lpm_add_sub_component|add_sub_0qh:auto_generated|op_1~2       ; |DataPath|ALU:inst|lpm_add_sub1:inst|lpm_add_sub:lpm_add_sub_component|add_sub_0qh:auto_generated|op_1~2        ; out0             ;
; |DataPath|ALU:inst|lpm_add_sub1:inst|lpm_add_sub:lpm_add_sub_component|add_sub_0qh:auto_generated|op_1~3       ; |DataPath|ALU:inst|lpm_add_sub1:inst|lpm_add_sub:lpm_add_sub_component|add_sub_0qh:auto_generated|op_1~3        ; out0             ;
; |DataPath|ALU:inst|lpm_add_sub1:inst|lpm_add_sub:lpm_add_sub_component|add_sub_0qh:auto_generated|op_1~7       ; |DataPath|ALU:inst|lpm_add_sub1:inst|lpm_add_sub:lpm_add_sub_component|add_sub_0qh:auto_generated|op_1~7        ; out0             ;
; |DataPath|ALU:inst|lpm_add_sub1:inst|lpm_add_sub:lpm_add_sub_component|add_sub_0qh:auto_generated|op_1~8       ; |DataPath|ALU:inst|lpm_add_sub1:inst|lpm_add_sub:lpm_add_sub_component|add_sub_0qh:auto_generated|op_1~8        ; out0             ;
; |DataPath|ALU:inst|lpm_add_sub1:inst|lpm_add_sub:lpm_add_sub_component|add_sub_0qh:auto_generated|op_1~17      ; |DataPath|ALU:inst|lpm_add_sub1:inst|lpm_add_sub:lpm_add_sub_component|add_sub_0qh:auto_generated|op_1~17       ; out0             ;
; |DataPath|ALU:inst|lpm_add_sub1:inst|lpm_add_sub:lpm_add_sub_component|add_sub_0qh:auto_generated|op_1~18      ; |DataPath|ALU:inst|lpm_add_sub1:inst|lpm_add_sub:lpm_add_sub_component|add_sub_0qh:auto_generated|op_1~18       ; out0             ;
; |DataPath|ALU:inst|lpm_add_sub1:inst|lpm_add_sub:lpm_add_sub_component|add_sub_0qh:auto_generated|op_1~22      ; |DataPath|ALU:inst|lpm_add_sub1:inst|lpm_add_sub:lpm_add_sub_component|add_sub_0qh:auto_generated|op_1~22       ; out0             ;
; |DataPath|ALU:inst|lpm_add_sub1:inst|lpm_add_sub:lpm_add_sub_component|add_sub_0qh:auto_generated|op_1~23      ; |DataPath|ALU:inst|lpm_add_sub1:inst|lpm_add_sub:lpm_add_sub_component|add_sub_0qh:auto_generated|op_1~23       ; out0             ;
; |DataPath|ALU:inst|lpm_add_sub1:inst|lpm_add_sub:lpm_add_sub_component|add_sub_0qh:auto_generated|op_1~27      ; |DataPath|ALU:inst|lpm_add_sub1:inst|lpm_add_sub:lpm_add_sub_component|add_sub_0qh:auto_generated|op_1~27       ; out0             ;
; |DataPath|ALU:inst|lpm_add_sub1:inst|lpm_add_sub:lpm_add_sub_component|add_sub_0qh:auto_generated|op_1~28      ; |DataPath|ALU:inst|lpm_add_sub1:inst|lpm_add_sub:lpm_add_sub_component|add_sub_0qh:auto_generated|op_1~28       ; out0             ;
; |DataPath|ALU:inst|lpm_add_sub1:inst|lpm_add_sub:lpm_add_sub_component|add_sub_0qh:auto_generated|op_1~34      ; |DataPath|ALU:inst|lpm_add_sub1:inst|lpm_add_sub:lpm_add_sub_component|add_sub_0qh:auto_generated|op_1~34       ; out0             ;
+----------------------------------------------------------------------------------------------------------------+-----------------------------------------------------------------------------------------------------------------+------------------+


The following table displays output ports that do not toggle to 0 during simulation.
+-----------------------------------------------------------------------------------------------------------------------------------------------------------------------------------------------------------------------------------------------------+
; Missing 0-Value Coverage                                                                                                                                                                                                                            ;
+----------------------------------------------------------------------------------------------------------------+-----------------------------------------------------------------------------------------------------------------+------------------+
; Node Name                                                                                                      ; Output Port Name                                                                                                ; Output Port Type ;
+----------------------------------------------------------------------------------------------------------------+-----------------------------------------------------------------------------------------------------------------+------------------+
; |DataPath|op[1]                                                                                                ; |DataPath|op[1]                                                                                                 ; out              ;
; |DataPath|IR[7]                                                                                                ; |DataPath|IR[7]                                                                                                 ; pin_out          ;
; |DataPath|IR[6]                                                                                                ; |DataPath|IR[6]                                                                                                 ; pin_out          ;
; |DataPath|IR[4]                                                                                                ; |DataPath|IR[4]                                                                                                 ; pin_out          ;
; |DataPath|IR[1]                                                                                                ; |DataPath|IR[1]                                                                                                 ; pin_out          ;
; |DataPath|MA[7]                                                                                                ; |DataPath|MA[7]                                                                                                 ; pin_out          ;
; |DataPath|MA[6]                                                                                                ; |DataPath|MA[6]                                                                                                 ; pin_out          ;
; |DataPath|MA[4]                                                                                                ; |DataPath|MA[4]                                                                                                 ; pin_out          ;
; |DataPath|MA[3]                                                                                                ; |DataPath|MA[3]                                                                                                 ; pin_out          ;
; |DataPath|MQ[4]                                                                                                ; |DataPath|MQ[4]                                                                                                 ; pin_out          ;
; |DataPath|MQ[1]                                                                                                ; |DataPath|MQ[1]                                                                                                 ; pin_out          ;
; |DataPath|PC[7]                                                                                                ; |DataPath|PC[7]                                                                                                 ; pin_out          ;
; |DataPath|PC[6]                                                                                                ; |DataPath|PC[6]                                                                                                 ; pin_out          ;
; |DataPath|PC[5]                                                                                                ; |DataPath|PC[5]                                                                                                 ; pin_out          ;
; |DataPath|PC[4]                                                                                                ; |DataPath|PC[4]                                                                                                 ; pin_out          ;
; |DataPath|PC[3]                                                                                                ; |DataPath|PC[3]                                                                                                 ; pin_out          ;
; |DataPath|RD[1]                                                                                                ; |DataPath|RD[1]                                                                                                 ; pin_out          ;
; |DataPath|lpm_counter0:inst10|lpm_counter:lpm_counter_component|cntr_tqj:auto_generated|counter_comb_bita3     ; |DataPath|lpm_counter0:inst10|lpm_counter:lpm_counter_component|cntr_tqj:auto_generated|counter_comb_bita3~COUT ; cout             ;
; |DataPath|lpm_counter0:inst10|lpm_counter:lpm_counter_component|cntr_tqj:auto_generated|counter_comb_bita4     ; |DataPath|lpm_counter0:inst10|lpm_counter:lpm_counter_component|cntr_tqj:auto_generated|counter_comb_bita4      ; combout          ;
; |DataPath|lpm_counter0:inst10|lpm_counter:lpm_counter_component|cntr_tqj:auto_generated|counter_comb_bita4     ; |DataPath|lpm_counter0:inst10|lpm_counter:lpm_counter_component|cntr_tqj:auto_generated|counter_comb_bita4~COUT ; cout             ;
; |DataPath|lpm_counter0:inst10|lpm_counter:lpm_counter_component|cntr_tqj:auto_generated|counter_comb_bita5     ; |DataPath|lpm_counter0:inst10|lpm_counter:lpm_counter_component|cntr_tqj:auto_generated|counter_comb_bita5      ; combout          ;
; |DataPath|lpm_counter0:inst10|lpm_counter:lpm_counter_component|cntr_tqj:auto_generated|counter_comb_bita5     ; |DataPath|lpm_counter0:inst10|lpm_counter:lpm_counter_component|cntr_tqj:auto_generated|counter_comb_bita5~COUT ; cout             ;
; |DataPath|lpm_counter0:inst10|lpm_counter:lpm_counter_component|cntr_tqj:auto_generated|counter_comb_bita6     ; |DataPath|lpm_counter0:inst10|lpm_counter:lpm_counter_component|cntr_tqj:auto_generated|counter_comb_bita6      ; combout          ;
; |DataPath|lpm_counter0:inst10|lpm_counter:lpm_counter_component|cntr_tqj:auto_generated|counter_comb_bita6     ; |DataPath|lpm_counter0:inst10|lpm_counter:lpm_counter_component|cntr_tqj:auto_generated|counter_comb_bita6~COUT ; cout             ;
; |DataPath|lpm_counter0:inst10|lpm_counter:lpm_counter_component|cntr_tqj:auto_generated|counter_comb_bita7     ; |DataPath|lpm_counter0:inst10|lpm_counter:lpm_counter_component|cntr_tqj:auto_generated|counter_comb_bita7      ; combout          ;
; |DataPath|lpm_counter0:inst10|lpm_counter:lpm_counter_component|cntr_tqj:auto_generated|counter_reg_bit[7]     ; |DataPath|lpm_counter0:inst10|lpm_counter:lpm_counter_component|cntr_tqj:auto_generated|counter_reg_bit[7]      ; regout           ;
; |DataPath|lpm_counter0:inst10|lpm_counter:lpm_counter_component|cntr_tqj:auto_generated|counter_reg_bit[6]     ; |DataPath|lpm_counter0:inst10|lpm_counter:lpm_counter_component|cntr_tqj:auto_generated|counter_reg_bit[6]      ; regout           ;
; |DataPath|lpm_counter0:inst10|lpm_counter:lpm_counter_component|cntr_tqj:auto_generated|counter_reg_bit[5]     ; |DataPath|lpm_counter0:inst10|lpm_counter:lpm_counter_component|cntr_tqj:auto_generated|counter_reg_bit[5]      ; regout           ;
; |DataPath|lpm_counter0:inst10|lpm_counter:lpm_counter_component|cntr_tqj:auto_generated|counter_reg_bit[4]     ; |DataPath|lpm_counter0:inst10|lpm_counter:lpm_counter_component|cntr_tqj:auto_generated|counter_reg_bit[4]      ; regout           ;
; |DataPath|lpm_counter0:inst10|lpm_counter:lpm_counter_component|cntr_tqj:auto_generated|counter_reg_bit[3]     ; |DataPath|lpm_counter0:inst10|lpm_counter:lpm_counter_component|cntr_tqj:auto_generated|counter_reg_bit[3]      ; regout           ;
; |DataPath|lpm_dff4:inst11|lpm_ff:lpm_ff_component|dffs[7]                                                      ; |DataPath|lpm_dff4:inst11|lpm_ff:lpm_ff_component|dffs[7]                                                       ; regout           ;
; |DataPath|lpm_dff4:inst11|lpm_ff:lpm_ff_component|dffs[6]                                                      ; |DataPath|lpm_dff4:inst11|lpm_ff:lpm_ff_component|dffs[6]                                                       ; regout           ;
; |DataPath|lpm_dff4:inst11|lpm_ff:lpm_ff_component|dffs[4]                                                      ; |DataPath|lpm_dff4:inst11|lpm_ff:lpm_ff_component|dffs[4]                                                       ; regout           ;
; |DataPath|lpm_dff4:inst11|lpm_ff:lpm_ff_component|dffs[1]                                                      ; |DataPath|lpm_dff4:inst11|lpm_ff:lpm_ff_component|dffs[1]                                                       ; regout           ;
; |DataPath|lpm_mux3:inst6|lpm_mux:lpm_mux_component|mux_vpc:auto_generated|result_node[1]~0                     ; |DataPath|lpm_mux3:inst6|lpm_mux:lpm_mux_component|mux_vpc:auto_generated|result_node[1]~0                      ; out0             ;
; |DataPath|GPRs:inst7|lpm_dff3:inst12|lpm_ff:lpm_ff_component|dffs[7]                                           ; |DataPath|GPRs:inst7|lpm_dff3:inst12|lpm_ff:lpm_ff_component|dffs[7]                                            ; regout           ;
; |DataPath|GPRs:inst7|lpm_dff3:inst12|lpm_ff:lpm_ff_component|dffs[6]                                           ; |DataPath|GPRs:inst7|lpm_dff3:inst12|lpm_ff:lpm_ff_component|dffs[6]                                            ; regout           ;
; |DataPath|GPRs:inst7|lpm_dff3:inst12|lpm_ff:lpm_ff_component|dffs[5]                                           ; |DataPath|GPRs:inst7|lpm_dff3:inst12|lpm_ff:lpm_ff_component|dffs[5]                                            ; regout           ;
; |DataPath|GPRs:inst7|lpm_dff3:inst12|lpm_ff:lpm_ff_component|dffs[4]                                           ; |DataPath|GPRs:inst7|lpm_dff3:inst12|lpm_ff:lpm_ff_component|dffs[4]                                            ; regout           ;
; |DataPath|GPRs:inst7|lpm_dff3:inst12|lpm_ff:lpm_ff_component|dffs[3]                                           ; |DataPath|GPRs:inst7|lpm_dff3:inst12|lpm_ff:lpm_ff_component|dffs[3]                                            ; regout           ;
; |DataPath|GPRs:inst7|lpm_dff3:inst12|lpm_ff:lpm_ff_component|dffs[2]                                           ; |DataPath|GPRs:inst7|lpm_dff3:inst12|lpm_ff:lpm_ff_component|dffs[2]                                            ; regout           ;
; |DataPath|GPRs:inst7|lpm_dff3:inst12|lpm_ff:lpm_ff_component|dffs[1]                                           ; |DataPath|GPRs:inst7|lpm_dff3:inst12|lpm_ff:lpm_ff_component|dffs[1]                                            ; regout           ;
; |DataPath|GPRs:inst7|lpm_dff3:inst12|lpm_ff:lpm_ff_component|dffs[0]                                           ; |DataPath|GPRs:inst7|lpm_dff3:inst12|lpm_ff:lpm_ff_component|dffs[0]                                            ; regout           ;
; |DataPath|GPRs:inst7|lpm_dff2:inst11|lpm_ff:lpm_ff_component|dffs[7]                                           ; |DataPath|GPRs:inst7|lpm_dff2:inst11|lpm_ff:lpm_ff_component|dffs[7]                                            ; regout           ;
; |DataPath|GPRs:inst7|lpm_dff2:inst11|lpm_ff:lpm_ff_component|dffs[5]                                           ; |DataPath|GPRs:inst7|lpm_dff2:inst11|lpm_ff:lpm_ff_component|dffs[5]                                            ; regout           ;
; |DataPath|GPRs:inst7|lpm_dff2:inst11|lpm_ff:lpm_ff_component|dffs[4]                                           ; |DataPath|GPRs:inst7|lpm_dff2:inst11|lpm_ff:lpm_ff_component|dffs[4]                                            ; regout           ;
; |DataPath|GPRs:inst7|lpm_dff2:inst11|lpm_ff:lpm_ff_component|dffs[3]                                           ; |DataPath|GPRs:inst7|lpm_dff2:inst11|lpm_ff:lpm_ff_component|dffs[3]                                            ; regout           ;
; |DataPath|GPRs:inst7|lpm_dff2:inst11|lpm_ff:lpm_ff_component|dffs[1]                                           ; |DataPath|GPRs:inst7|lpm_dff2:inst11|lpm_ff:lpm_ff_component|dffs[1]                                            ; regout           ;
; |DataPath|GPRs:inst7|lpm_dff2:inst11|lpm_ff:lpm_ff_component|dffs[0]                                           ; |DataPath|GPRs:inst7|lpm_dff2:inst11|lpm_ff:lpm_ff_component|dffs[0]                                            ; regout           ;
; |DataPath|GPRs:inst7|lpm_dff1:inst10|lpm_ff:lpm_ff_component|dffs[7]                                           ; |DataPath|GPRs:inst7|lpm_dff1:inst10|lpm_ff:lpm_ff_component|dffs[7]                                            ; regout           ;
; |DataPath|GPRs:inst7|lpm_dff1:inst10|lpm_ff:lpm_ff_component|dffs[6]                                           ; |DataPath|GPRs:inst7|lpm_dff1:inst10|lpm_ff:lpm_ff_component|dffs[6]                                            ; regout           ;
; |DataPath|GPRs:inst7|lpm_dff1:inst10|lpm_ff:lpm_ff_component|dffs[5]                                           ; |DataPath|GPRs:inst7|lpm_dff1:inst10|lpm_ff:lpm_ff_component|dffs[5]                                            ; regout           ;
; |DataPath|GPRs:inst7|lpm_dff1:inst10|lpm_ff:lpm_ff_component|dffs[4]                                           ; |DataPath|GPRs:inst7|lpm_dff1:inst10|lpm_ff:lpm_ff_component|dffs[4]                                            ; regout           ;
; |DataPath|GPRs:inst7|lpm_dff1:inst10|lpm_ff:lpm_ff_component|dffs[3]                                           ; |DataPath|GPRs:inst7|lpm_dff1:inst10|lpm_ff:lpm_ff_component|dffs[3]                                            ; regout           ;
; |DataPath|GPRs:inst7|lpm_dff1:inst10|lpm_ff:lpm_ff_component|dffs[2]                                           ; |DataPath|GPRs:inst7|lpm_dff1:inst10|lpm_ff:lpm_ff_component|dffs[2]                                            ; regout           ;
; |DataPath|GPRs:inst7|lpm_dff1:inst10|lpm_ff:lpm_ff_component|dffs[1]                                           ; |DataPath|GPRs:inst7|lpm_dff1:inst10|lpm_ff:lpm_ff_component|dffs[1]                                            ; regout           ;
; |DataPath|GPRs:inst7|lpm_dff1:inst10|lpm_ff:lpm_ff_component|dffs[0]                                           ; |DataPath|GPRs:inst7|lpm_dff1:inst10|lpm_ff:lpm_ff_component|dffs[0]                                            ; regout           ;
; |DataPath|GPRs:inst7|lpm_decode0:inst9|lpm_decode:lpm_decode_component|decode_7uf:auto_generated|w_anode1w[2]  ; |DataPath|GPRs:inst7|lpm_decode0:inst9|lpm_decode:lpm_decode_component|decode_7uf:auto_generated|w_anode1w[2]   ; out0             ;
; |DataPath|GPRs:inst7|lpm_decode0:inst9|lpm_decode:lpm_decode_component|decode_7uf:auto_generated|w_anode30w[2] ; |DataPath|GPRs:inst7|lpm_decode0:inst9|lpm_decode:lpm_decode_component|decode_7uf:auto_generated|w_anode30w[2]  ; out0             ;
; |DataPath|GPRs:inst7|lpm_dff0:inst|lpm_ff:lpm_ff_component|dffs[7]                                             ; |DataPath|GPRs:inst7|lpm_dff0:inst|lpm_ff:lpm_ff_component|dffs[7]                                              ; regout           ;
; |DataPath|GPRs:inst7|lpm_dff0:inst|lpm_ff:lpm_ff_component|dffs[6]                                             ; |DataPath|GPRs:inst7|lpm_dff0:inst|lpm_ff:lpm_ff_component|dffs[6]                                              ; regout           ;
; |DataPath|GPRs:inst7|lpm_dff0:inst|lpm_ff:lpm_ff_component|dffs[5]                                             ; |DataPath|GPRs:inst7|lpm_dff0:inst|lpm_ff:lpm_ff_component|dffs[5]                                              ; regout           ;
; |DataPath|GPRs:inst7|lpm_dff0:inst|lpm_ff:lpm_ff_component|dffs[4]                                             ; |DataPath|GPRs:inst7|lpm_dff0:inst|lpm_ff:lpm_ff_component|dffs[4]                                              ; regout           ;
; |DataPath|GPRs:inst7|lpm_dff0:inst|lpm_ff:lpm_ff_component|dffs[3]                                             ; |DataPath|GPRs:inst7|lpm_dff0:inst|lpm_ff:lpm_ff_component|dffs[3]                                              ; regout           ;
; |DataPath|GPRs:inst7|lpm_dff0:inst|lpm_ff:lpm_ff_component|dffs[2]                                             ; |DataPath|GPRs:inst7|lpm_dff0:inst|lpm_ff:lpm_ff_component|dffs[2]                                              ; regout           ;
; |DataPath|GPRs:inst7|lpm_dff0:inst|lpm_ff:lpm_ff_component|dffs[1]                                             ; |DataPath|GPRs:inst7|lpm_dff0:inst|lpm_ff:lpm_ff_component|dffs[1]                                              ; regout           ;
; |DataPath|GPRs:inst7|lpm_dff0:inst|lpm_ff:lpm_ff_component|dffs[0]                                             ; |DataPath|GPRs:inst7|lpm_dff0:inst|lpm_ff:lpm_ff_component|dffs[0]                                              ; regout           ;
; |DataPath|GPRs:inst7|lpm_mux0:inst13|lpm_mux:lpm_mux_component|mux_8qc:auto_generated|_~0                      ; |DataPath|GPRs:inst7|lpm_mux0:inst13|lpm_mux:lpm_mux_component|mux_8qc:auto_generated|_~0                       ; out0             ;
; |DataPath|GPRs:inst7|lpm_mux0:inst13|lpm_mux:lpm_mux_component|mux_8qc:auto_generated|_~2                      ; |DataPath|GPRs:inst7|lpm_mux0:inst13|lpm_mux:lpm_mux_component|mux_8qc:auto_generated|_~2                       ; out0             ;
; |DataPath|GPRs:inst7|lpm_mux0:inst13|lpm_mux:lpm_mux_component|mux_8qc:auto_generated|_~4                      ; |DataPath|GPRs:inst7|lpm_mux0:inst13|lpm_mux:lpm_mux_component|mux_8qc:auto_generated|_~4                       ; out0             ;
; |DataPath|GPRs:inst7|lpm_mux0:inst13|lpm_mux:lpm_mux_component|mux_8qc:auto_generated|result_node[7]~0         ; |DataPath|GPRs:inst7|lpm_mux0:inst13|lpm_mux:lpm_mux_component|mux_8qc:auto_generated|result_node[7]~0          ; out0             ;
; |DataPath|GPRs:inst7|lpm_mux0:inst13|lpm_mux:lpm_mux_component|mux_8qc:auto_generated|_~10                     ; |DataPath|GPRs:inst7|lpm_mux0:inst13|lpm_mux:lpm_mux_component|mux_8qc:auto_generated|_~10                      ; out0             ;
; |DataPath|GPRs:inst7|lpm_mux0:inst13|lpm_mux:lpm_mux_component|mux_8qc:auto_generated|_~12                     ; |DataPath|GPRs:inst7|lpm_mux0:inst13|lpm_mux:lpm_mux_component|mux_8qc:auto_generated|_~12                      ; out0             ;
; |DataPath|GPRs:inst7|lpm_mux0:inst13|lpm_mux:lpm_mux_component|mux_8qc:auto_generated|_~18                     ; |DataPath|GPRs:inst7|lpm_mux0:inst13|lpm_mux:lpm_mux_component|mux_8qc:auto_generated|_~18                      ; out0             ;
; |DataPath|GPRs:inst7|lpm_mux0:inst13|lpm_mux:lpm_mux_component|mux_8qc:auto_generated|_~20                     ; |DataPath|GPRs:inst7|lpm_mux0:inst13|lpm_mux:lpm_mux_component|mux_8qc:auto_generated|_~20                      ; out0             ;
; |DataPath|GPRs:inst7|lpm_mux0:inst13|lpm_mux:lpm_mux_component|mux_8qc:auto_generated|_~22                     ; |DataPath|GPRs:inst7|lpm_mux0:inst13|lpm_mux:lpm_mux_component|mux_8qc:auto_generated|_~22                      ; out0             ;
; |DataPath|GPRs:inst7|lpm_mux0:inst13|lpm_mux:lpm_mux_component|mux_8qc:auto_generated|result_node[6]~2         ; |DataPath|GPRs:inst7|lpm_mux0:inst13|lpm_mux:lpm_mux_component|mux_8qc:auto_generated|result_node[6]~2          ; out0             ;
; |DataPath|GPRs:inst7|lpm_mux0:inst13|lpm_mux:lpm_mux_component|mux_8qc:auto_generated|_~28                     ; |DataPath|GPRs:inst7|lpm_mux0:inst13|lpm_mux:lpm_mux_component|mux_8qc:auto_generated|_~28                      ; out0             ;
; |DataPath|GPRs:inst7|lpm_mux0:inst13|lpm_mux:lpm_mux_component|mux_8qc:auto_generated|_~30                     ; |DataPath|GPRs:inst7|lpm_mux0:inst13|lpm_mux:lpm_mux_component|mux_8qc:auto_generated|_~30                      ; out0             ;
; |DataPath|GPRs:inst7|lpm_mux0:inst13|lpm_mux:lpm_mux_component|mux_8qc:auto_generated|_~38                     ; |DataPath|GPRs:inst7|lpm_mux0:inst13|lpm_mux:lpm_mux_component|mux_8qc:auto_generated|_~38                      ; out0             ;
; |DataPath|GPRs:inst7|lpm_mux0:inst13|lpm_mux:lpm_mux_component|mux_8qc:auto_generated|_~40                     ; |DataPath|GPRs:inst7|lpm_mux0:inst13|lpm_mux:lpm_mux_component|mux_8qc:auto_generated|_~40                      ; out0             ;
; |DataPath|GPRs:inst7|lpm_mux0:inst13|lpm_mux:lpm_mux_component|mux_8qc:auto_generated|_~46                     ; |DataPath|GPRs:inst7|lpm_mux0:inst13|lpm_mux:lpm_mux_component|mux_8qc:auto_generated|_~46                      ; out0             ;
; |DataPath|GPRs:inst7|lpm_mux0:inst13|lpm_mux:lpm_mux_component|mux_8qc:auto_generated|_~48                     ; |DataPath|GPRs:inst7|lpm_mux0:inst13|lpm_mux:lpm_mux_component|mux_8qc:auto_generated|_~48                      ; out0             ;
; |DataPath|GPRs:inst7|lpm_mux0:inst13|lpm_mux:lpm_mux_component|mux_8qc:auto_generated|_~54                     ; |DataPath|GPRs:inst7|lpm_mux0:inst13|lpm_mux:lpm_mux_component|mux_8qc:auto_generated|_~54                      ; out0             ;
; |DataPath|GPRs:inst7|lpm_mux0:inst13|lpm_mux:lpm_mux_component|mux_8qc:auto_generated|_~56                     ; |DataPath|GPRs:inst7|lpm_mux0:inst13|lpm_mux:lpm_mux_component|mux_8qc:auto_generated|_~56                      ; out0             ;
; |DataPath|GPRs:inst7|lpm_mux0:inst13|lpm_mux:lpm_mux_component|mux_8qc:auto_generated|_~58                     ; |DataPath|GPRs:inst7|lpm_mux0:inst13|lpm_mux:lpm_mux_component|mux_8qc:auto_generated|_~58                      ; out0             ;
; |DataPath|GPRs:inst7|lpm_mux0:inst13|lpm_mux:lpm_mux_component|mux_8qc:auto_generated|result_node[4]~6         ; |DataPath|GPRs:inst7|lpm_mux0:inst13|lpm_mux:lpm_mux_component|mux_8qc:auto_generated|result_node[4]~6          ; out0             ;
; |DataPath|GPRs:inst7|lpm_mux0:inst13|lpm_mux:lpm_mux_component|mux_8qc:auto_generated|_~64                     ; |DataPath|GPRs:inst7|lpm_mux0:inst13|lpm_mux:lpm_mux_component|mux_8qc:auto_generated|_~64                      ; out0             ;
; |DataPath|GPRs:inst7|lpm_mux0:inst13|lpm_mux:lpm_mux_component|mux_8qc:auto_generated|_~66                     ; |DataPath|GPRs:inst7|lpm_mux0:inst13|lpm_mux:lpm_mux_component|mux_8qc:auto_generated|_~66                      ; out0             ;
; |DataPath|GPRs:inst7|lpm_mux0:inst13|lpm_mux:lpm_mux_component|mux_8qc:auto_generated|_~72                     ; |DataPath|GPRs:inst7|lpm_mux0:inst13|lpm_mux:lpm_mux_component|mux_8qc:auto_generated|_~72                      ; out0             ;
; |DataPath|GPRs:inst7|lpm_mux0:inst13|lpm_mux:lpm_mux_component|mux_8qc:auto_generated|_~74                     ; |DataPath|GPRs:inst7|lpm_mux0:inst13|lpm_mux:lpm_mux_component|mux_8qc:auto_generated|_~74                      ; out0             ;
; |DataPath|GPRs:inst7|lpm_mux0:inst13|lpm_mux:lpm_mux_component|mux_8qc:auto_generated|_~76                     ; |DataPath|GPRs:inst7|lpm_mux0:inst13|lpm_mux:lpm_mux_component|mux_8qc:auto_generated|_~76                      ; out0             ;
; |DataPath|GPRs:inst7|lpm_mux0:inst13|lpm_mux:lpm_mux_component|mux_8qc:auto_generated|result_node[3]~8         ; |DataPath|GPRs:inst7|lpm_mux0:inst13|lpm_mux:lpm_mux_component|mux_8qc:auto_generated|result_node[3]~8          ; out0             ;
; |DataPath|GPRs:inst7|lpm_mux0:inst13|lpm_mux:lpm_mux_component|mux_8qc:auto_generated|_~82                     ; |DataPath|GPRs:inst7|lpm_mux0:inst13|lpm_mux:lpm_mux_component|mux_8qc:auto_generated|_~82                      ; out0             ;
; |DataPath|GPRs:inst7|lpm_mux0:inst13|lpm_mux:lpm_mux_component|mux_8qc:auto_generated|_~84                     ; |DataPath|GPRs:inst7|lpm_mux0:inst13|lpm_mux:lpm_mux_component|mux_8qc:auto_generated|_~84                      ; out0             ;
; |DataPath|GPRs:inst7|lpm_mux0:inst13|lpm_mux:lpm_mux_component|mux_8qc:auto_generated|_~92                     ; |DataPath|GPRs:inst7|lpm_mux0:inst13|lpm_mux:lpm_mux_component|mux_8qc:auto_generated|_~92                      ; out0             ;
; |DataPath|GPRs:inst7|lpm_mux0:inst13|lpm_mux:lpm_mux_component|mux_8qc:auto_generated|_~94                     ; |DataPath|GPRs:inst7|lpm_mux0:inst13|lpm_mux:lpm_mux_component|mux_8qc:auto_generated|_~94                      ; out0             ;
; |DataPath|GPRs:inst7|lpm_mux0:inst13|lpm_mux:lpm_mux_component|mux_8qc:auto_generated|_~100                    ; |DataPath|GPRs:inst7|lpm_mux0:inst13|lpm_mux:lpm_mux_component|mux_8qc:auto_generated|_~100                     ; out0             ;
; |DataPath|GPRs:inst7|lpm_mux0:inst13|lpm_mux:lpm_mux_component|mux_8qc:auto_generated|_~102                    ; |DataPath|GPRs:inst7|lpm_mux0:inst13|lpm_mux:lpm_mux_component|mux_8qc:auto_generated|_~102                     ; out0             ;
; |DataPath|GPRs:inst7|lpm_mux0:inst13|lpm_mux:lpm_mux_component|mux_8qc:auto_generated|_~108                    ; |DataPath|GPRs:inst7|lpm_mux0:inst13|lpm_mux:lpm_mux_component|mux_8qc:auto_generated|_~108                     ; out0             ;
; |DataPath|GPRs:inst7|lpm_mux0:inst13|lpm_mux:lpm_mux_component|mux_8qc:auto_generated|_~110                    ; |DataPath|GPRs:inst7|lpm_mux0:inst13|lpm_mux:lpm_mux_component|mux_8qc:auto_generated|_~110                     ; out0             ;
; |DataPath|GPRs:inst7|lpm_mux0:inst13|lpm_mux:lpm_mux_component|mux_8qc:auto_generated|_~112                    ; |DataPath|GPRs:inst7|lpm_mux0:inst13|lpm_mux:lpm_mux_component|mux_8qc:auto_generated|_~112                     ; out0             ;
; |DataPath|GPRs:inst7|lpm_mux0:inst13|lpm_mux:lpm_mux_component|mux_8qc:auto_generated|result_node[1]~12        ; |DataPath|GPRs:inst7|lpm_mux0:inst13|lpm_mux:lpm_mux_component|mux_8qc:auto_generated|result_node[1]~12         ; out0             ;
; |DataPath|GPRs:inst7|lpm_mux0:inst13|lpm_mux:lpm_mux_component|mux_8qc:auto_generated|_~118                    ; |DataPath|GPRs:inst7|lpm_mux0:inst13|lpm_mux:lpm_mux_component|mux_8qc:auto_generated|_~118                     ; out0             ;
; |DataPath|GPRs:inst7|lpm_mux0:inst13|lpm_mux:lpm_mux_component|mux_8qc:auto_generated|_~120                    ; |DataPath|GPRs:inst7|lpm_mux0:inst13|lpm_mux:lpm_mux_component|mux_8qc:auto_generated|_~120                     ; out0             ;
; |DataPath|GPRs:inst7|lpm_mux0:inst13|lpm_mux:lpm_mux_component|mux_8qc:auto_generated|_~126                    ; |DataPath|GPRs:inst7|lpm_mux0:inst13|lpm_mux:lpm_mux_component|mux_8qc:auto_generated|_~126                     ; out0             ;
; |DataPath|GPRs:inst7|lpm_mux0:inst13|lpm_mux:lpm_mux_component|mux_8qc:auto_generated|_~128                    ; |DataPath|GPRs:inst7|lpm_mux0:inst13|lpm_mux:lpm_mux_component|mux_8qc:auto_generated|_~128                     ; out0             ;
; |DataPath|GPRs:inst7|lpm_mux0:inst13|lpm_mux:lpm_mux_component|mux_8qc:auto_generated|_~130                    ; |DataPath|GPRs:inst7|lpm_mux0:inst13|lpm_mux:lpm_mux_component|mux_8qc:auto_generated|_~130                     ; out0             ;
; |DataPath|GPRs:inst7|lpm_mux0:inst13|lpm_mux:lpm_mux_component|mux_8qc:auto_generated|result_node[0]~14        ; |DataPath|GPRs:inst7|lpm_mux0:inst13|lpm_mux:lpm_mux_component|mux_8qc:auto_generated|result_node[0]~14         ; out0             ;
; |DataPath|GPRs:inst7|lpm_mux0:inst13|lpm_mux:lpm_mux_component|mux_8qc:auto_generated|_~136                    ; |DataPath|GPRs:inst7|lpm_mux0:inst13|lpm_mux:lpm_mux_component|mux_8qc:auto_generated|_~136                     ; out0             ;
; |DataPath|GPRs:inst7|lpm_mux0:inst13|lpm_mux:lpm_mux_component|mux_8qc:auto_generated|_~138                    ; |DataPath|GPRs:inst7|lpm_mux0:inst13|lpm_mux:lpm_mux_component|mux_8qc:auto_generated|_~138                     ; out0             ;
; |DataPath|lpm_dff4:inst12|lpm_ff:lpm_ff_component|dffs[7]                                                      ; |DataPath|lpm_dff4:inst12|lpm_ff:lpm_ff_component|dffs[7]                                                       ; regout           ;
; |DataPath|lpm_dff4:inst12|lpm_ff:lpm_ff_component|dffs[6]                                                      ; |DataPath|lpm_dff4:inst12|lpm_ff:lpm_ff_component|dffs[6]                                                       ; regout           ;
; |DataPath|lpm_dff4:inst12|lpm_ff:lpm_ff_component|dffs[4]                                                      ; |DataPath|lpm_dff4:inst12|lpm_ff:lpm_ff_component|dffs[4]                                                       ; regout           ;
; |DataPath|lpm_dff4:inst12|lpm_ff:lpm_ff_component|dffs[3]                                                      ; |DataPath|lpm_dff4:inst12|lpm_ff:lpm_ff_component|dffs[3]                                                       ; regout           ;
; |DataPath|lpm_rom3:inst13|altsyncram:altsyncram_component|altsyncram_hga1:auto_generated|ram_block1a1          ; |DataPath|lpm_rom3:inst13|altsyncram:altsyncram_component|altsyncram_hga1:auto_generated|q_a[1]                 ; portadataout0    ;
; |DataPath|lpm_rom3:inst13|altsyncram:altsyncram_component|altsyncram_hga1:auto_generated|ram_block1a4          ; |DataPath|lpm_rom3:inst13|altsyncram:altsyncram_component|altsyncram_hga1:auto_generated|q_a[4]                 ; portadataout0    ;
; |DataPath|lpm_dff4:inst14|lpm_ff:lpm_ff_component|dffs[4]                                                      ; |DataPath|lpm_dff4:inst14|lpm_ff:lpm_ff_component|dffs[4]                                                       ; regout           ;
; |DataPath|lpm_dff4:inst14|lpm_ff:lpm_ff_component|dffs[1]                                                      ; |DataPath|lpm_dff4:inst14|lpm_ff:lpm_ff_component|dffs[1]                                                       ; regout           ;
; |DataPath|lpm_dff4:inst29|lpm_ff:lpm_ff_component|dffs[7]                                                      ; |DataPath|lpm_dff4:inst29|lpm_ff:lpm_ff_component|dffs[7]                                                       ; regout           ;
; |DataPath|lpm_dff4:inst29|lpm_ff:lpm_ff_component|dffs[6]                                                      ; |DataPath|lpm_dff4:inst29|lpm_ff:lpm_ff_component|dffs[6]                                                       ; regout           ;
; |DataPath|lpm_dff4:inst29|lpm_ff:lpm_ff_component|dffs[5]                                                      ; |DataPath|lpm_dff4:inst29|lpm_ff:lpm_ff_component|dffs[5]                                                       ; regout           ;
; |DataPath|lpm_dff4:inst29|lpm_ff:lpm_ff_component|dffs[4]                                                      ; |DataPath|lpm_dff4:inst29|lpm_ff:lpm_ff_component|dffs[4]                                                       ; regout           ;
; |DataPath|lpm_dff4:inst29|lpm_ff:lpm_ff_component|dffs[3]                                                      ; |DataPath|lpm_dff4:inst29|lpm_ff:lpm_ff_component|dffs[3]                                                       ; regout           ;
; |DataPath|lpm_dff4:inst29|lpm_ff:lpm_ff_component|dffs[2]                                                      ; |DataPath|lpm_dff4:inst29|lpm_ff:lpm_ff_component|dffs[2]                                                       ; regout           ;
; |DataPath|lpm_dff4:inst29|lpm_ff:lpm_ff_component|dffs[1]                                                      ; |DataPath|lpm_dff4:inst29|lpm_ff:lpm_ff_component|dffs[1]                                                       ; regout           ;
; |DataPath|lpm_dff4:inst29|lpm_ff:lpm_ff_component|dffs[0]                                                      ; |DataPath|lpm_dff4:inst29|lpm_ff:lpm_ff_component|dffs[0]                                                       ; regout           ;
; |DataPath|ALU:inst|lpm_and0:inst1|lpm_and:lpm_and_component|and_node[7][1]                                     ; |DataPath|ALU:inst|lpm_and0:inst1|lpm_and:lpm_and_component|and_node[7][1]                                      ; out0             ;
; |DataPath|ALU:inst|lpm_and0:inst1|lpm_and:lpm_and_component|and_node[5][1]                                     ; |DataPath|ALU:inst|lpm_and0:inst1|lpm_and:lpm_and_component|and_node[5][1]                                      ; out0             ;
; |DataPath|ALU:inst|lpm_and0:inst1|lpm_and:lpm_and_component|and_node[4][1]                                     ; |DataPath|ALU:inst|lpm_and0:inst1|lpm_and:lpm_and_component|and_node[4][1]                                      ; out0             ;
; |DataPath|ALU:inst|lpm_and0:inst1|lpm_and:lpm_and_component|and_node[3][1]                                     ; |DataPath|ALU:inst|lpm_and0:inst1|lpm_and:lpm_and_component|and_node[3][1]                                      ; out0             ;
; |DataPath|ALU:inst|lpm_and0:inst1|lpm_and:lpm_and_component|and_node[1][1]                                     ; |DataPath|ALU:inst|lpm_and0:inst1|lpm_and:lpm_and_component|and_node[1][1]                                      ; out0             ;
; |DataPath|ALU:inst|lpm_and0:inst1|lpm_and:lpm_and_component|and_node[0][1]                                     ; |DataPath|ALU:inst|lpm_and0:inst1|lpm_and:lpm_and_component|and_node[0][1]                                      ; out0             ;
; |DataPath|ALU:inst|lpm_mux1:inst4|lpm_mux:lpm_mux_component|mux_8qc:auto_generated|_~6                         ; |DataPath|ALU:inst|lpm_mux1:inst4|lpm_mux:lpm_mux_component|mux_8qc:auto_generated|_~6                          ; out0             ;
; |DataPath|ALU:inst|lpm_mux1:inst4|lpm_mux:lpm_mux_component|mux_8qc:auto_generated|_~14                        ; |DataPath|ALU:inst|lpm_mux1:inst4|lpm_mux:lpm_mux_component|mux_8qc:auto_generated|_~14                         ; out0             ;
; |DataPath|ALU:inst|lpm_mux1:inst4|lpm_mux:lpm_mux_component|mux_8qc:auto_generated|_~17                        ; |DataPath|ALU:inst|lpm_mux1:inst4|lpm_mux:lpm_mux_component|mux_8qc:auto_generated|_~17                         ; out0             ;
; |DataPath|ALU:inst|lpm_mux1:inst4|lpm_mux:lpm_mux_component|mux_8qc:auto_generated|_~24                        ; |DataPath|ALU:inst|lpm_mux1:inst4|lpm_mux:lpm_mux_component|mux_8qc:auto_generated|_~24                         ; out0             ;
; |DataPath|ALU:inst|lpm_mux1:inst4|lpm_mux:lpm_mux_component|mux_8qc:auto_generated|_~32                        ; |DataPath|ALU:inst|lpm_mux1:inst4|lpm_mux:lpm_mux_component|mux_8qc:auto_generated|_~32                         ; out0             ;
; |DataPath|ALU:inst|lpm_mux1:inst4|lpm_mux:lpm_mux_component|mux_8qc:auto_generated|_~42                        ; |DataPath|ALU:inst|lpm_mux1:inst4|lpm_mux:lpm_mux_component|mux_8qc:auto_generated|_~42                         ; out0             ;
; |DataPath|ALU:inst|lpm_mux1:inst4|lpm_mux:lpm_mux_component|mux_8qc:auto_generated|_~50                        ; |DataPath|ALU:inst|lpm_mux1:inst4|lpm_mux:lpm_mux_component|mux_8qc:auto_generated|_~50                         ; out0             ;
; |DataPath|ALU:inst|lpm_mux1:inst4|lpm_mux:lpm_mux_component|mux_8qc:auto_generated|_~53                        ; |DataPath|ALU:inst|lpm_mux1:inst4|lpm_mux:lpm_mux_component|mux_8qc:auto_generated|_~53                         ; out0             ;
; |DataPath|ALU:inst|lpm_mux1:inst4|lpm_mux:lpm_mux_component|mux_8qc:auto_generated|_~60                        ; |DataPath|ALU:inst|lpm_mux1:inst4|lpm_mux:lpm_mux_component|mux_8qc:auto_generated|_~60                         ; out0             ;
; |DataPath|ALU:inst|lpm_mux1:inst4|lpm_mux:lpm_mux_component|mux_8qc:auto_generated|_~68                        ; |DataPath|ALU:inst|lpm_mux1:inst4|lpm_mux:lpm_mux_component|mux_8qc:auto_generated|_~68                         ; out0             ;
; |DataPath|ALU:inst|lpm_mux1:inst4|lpm_mux:lpm_mux_component|mux_8qc:auto_generated|_~71                        ; |DataPath|ALU:inst|lpm_mux1:inst4|lpm_mux:lpm_mux_component|mux_8qc:auto_generated|_~71                         ; out0             ;
; |DataPath|ALU:inst|lpm_mux1:inst4|lpm_mux:lpm_mux_component|mux_8qc:auto_generated|_~78                        ; |DataPath|ALU:inst|lpm_mux1:inst4|lpm_mux:lpm_mux_component|mux_8qc:auto_generated|_~78                         ; out0             ;
; |DataPath|ALU:inst|lpm_mux1:inst4|lpm_mux:lpm_mux_component|mux_8qc:auto_generated|_~86                        ; |DataPath|ALU:inst|lpm_mux1:inst4|lpm_mux:lpm_mux_component|mux_8qc:auto_generated|_~86                         ; out0             ;
; |DataPath|ALU:inst|lpm_mux1:inst4|lpm_mux:lpm_mux_component|mux_8qc:auto_generated|_~89                        ; |DataPath|ALU:inst|lpm_mux1:inst4|lpm_mux:lpm_mux_component|mux_8qc:auto_generated|_~89                         ; out0             ;
; |DataPath|ALU:inst|lpm_mux1:inst4|lpm_mux:lpm_mux_component|mux_8qc:auto_generated|_~96                        ; |DataPath|ALU:inst|lpm_mux1:inst4|lpm_mux:lpm_mux_component|mux_8qc:auto_generated|_~96                         ; out0             ;
; |DataPath|ALU:inst|lpm_mux1:inst4|lpm_mux:lpm_mux_component|mux_8qc:auto_generated|_~104                       ; |DataPath|ALU:inst|lpm_mux1:inst4|lpm_mux:lpm_mux_component|mux_8qc:auto_generated|_~104                        ; out0             ;
; |DataPath|ALU:inst|lpm_mux1:inst4|lpm_mux:lpm_mux_component|mux_8qc:auto_generated|_~114                       ; |DataPath|ALU:inst|lpm_mux1:inst4|lpm_mux:lpm_mux_component|mux_8qc:auto_generated|_~114                        ; out0             ;
; |DataPath|ALU:inst|lpm_mux1:inst4|lpm_mux:lpm_mux_component|mux_8qc:auto_generated|_~122                       ; |DataPath|ALU:inst|lpm_mux1:inst4|lpm_mux:lpm_mux_component|mux_8qc:auto_generated|_~122                        ; out0             ;
; |DataPath|ALU:inst|lpm_mux1:inst4|lpm_mux:lpm_mux_component|mux_8qc:auto_generated|_~125                       ; |DataPath|ALU:inst|lpm_mux1:inst4|lpm_mux:lpm_mux_component|mux_8qc:auto_generated|_~125                        ; out0             ;
; |DataPath|ALU:inst|lpm_mux1:inst4|lpm_mux:lpm_mux_component|mux_8qc:auto_generated|_~132                       ; |DataPath|ALU:inst|lpm_mux1:inst4|lpm_mux:lpm_mux_component|mux_8qc:auto_generated|_~132                        ; out0             ;
; |DataPath|ALU:inst|lpm_mux1:inst4|lpm_mux:lpm_mux_component|mux_8qc:auto_generated|_~140                       ; |DataPath|ALU:inst|lpm_mux1:inst4|lpm_mux:lpm_mux_component|mux_8qc:auto_generated|_~140                        ; out0             ;
; |DataPath|ALU:inst|lpm_mux1:inst4|lpm_mux:lpm_mux_component|mux_8qc:auto_generated|_~143                       ; |DataPath|ALU:inst|lpm_mux1:inst4|lpm_mux:lpm_mux_component|mux_8qc:auto_generated|_~143                        ; out0             ;
; |DataPath|lpm_dff4:inst28|lpm_ff:lpm_ff_component|dffs[7]                                                      ; |DataPath|lpm_dff4:inst28|lpm_ff:lpm_ff_component|dffs[7]                                                       ; regout           ;
; |DataPath|lpm_dff4:inst28|lpm_ff:lpm_ff_component|dffs[6]                                                      ; |DataPath|lpm_dff4:inst28|lpm_ff:lpm_ff_component|dffs[6]                                                       ; regout           ;
; |DataPath|lpm_dff4:inst28|lpm_ff:lpm_ff_component|dffs[5]                                                      ; |DataPath|lpm_dff4:inst28|lpm_ff:lpm_ff_component|dffs[5]                                                       ; regout           ;
; |DataPath|lpm_dff4:inst28|lpm_ff:lpm_ff_component|dffs[4]                                                      ; |DataPath|lpm_dff4:inst28|lpm_ff:lpm_ff_component|dffs[4]                                                       ; regout           ;
; |DataPath|lpm_dff4:inst28|lpm_ff:lpm_ff_component|dffs[3]                                                      ; |DataPath|lpm_dff4:inst28|lpm_ff:lpm_ff_component|dffs[3]                                                       ; regout           ;
; |DataPath|lpm_dff4:inst28|lpm_ff:lpm_ff_component|dffs[2]                                                      ; |DataPath|lpm_dff4:inst28|lpm_ff:lpm_ff_component|dffs[2]                                                       ; regout           ;
; |DataPath|lpm_dff4:inst28|lpm_ff:lpm_ff_component|dffs[1]                                                      ; |DataPath|lpm_dff4:inst28|lpm_ff:lpm_ff_component|dffs[1]                                                       ; regout           ;
; |DataPath|lpm_dff4:inst28|lpm_ff:lpm_ff_component|dffs[0]                                                      ; |DataPath|lpm_dff4:inst28|lpm_ff:lpm_ff_component|dffs[0]                                                       ; regout           ;
; |DataPath|lpm_bustri0:inst16|lpm_bustri:lpm_bustri_component|dout[5]                                           ; |DataPath|lpm_bustri0:inst16|lpm_bustri:lpm_bustri_component|dout[5]                                            ; out              ;
; |DataPath|lpm_counter0:inst10|lpm_counter:lpm_counter_component|cntr_tqj:auto_generated|counter_reg_bit[5]~13  ; |DataPath|lpm_counter0:inst10|lpm_counter:lpm_counter_component|cntr_tqj:auto_generated|counter_reg_bit[5]~13   ; out              ;
; |DataPath|lpm_counter0:inst10|lpm_counter:lpm_counter_component|cntr_tqj:auto_generated|counter_reg_bit[4]~14  ; |DataPath|lpm_counter0:inst10|lpm_counter:lpm_counter_component|cntr_tqj:auto_generated|counter_reg_bit[4]~14   ; out              ;
; |DataPath|ALU:inst|lpm_add_sub1:inst|lpm_add_sub:lpm_add_sub_component|add_sub_0qh:auto_generated|op_1~2       ; |DataPath|ALU:inst|lpm_add_sub1:inst|lpm_add_sub:lpm_add_sub_component|add_sub_0qh:auto_generated|op_1~2        ; out0             ;
; |DataPath|ALU:inst|lpm_add_sub1:inst|lpm_add_sub:lpm_add_sub_component|add_sub_0qh:auto_generated|op_1~3       ; |DataPath|ALU:inst|lpm_add_sub1:inst|lpm_add_sub:lpm_add_sub_component|add_sub_0qh:auto_generated|op_1~3        ; out0             ;
; |DataPath|ALU:inst|lpm_add_sub1:inst|lpm_add_sub:lpm_add_sub_component|add_sub_0qh:auto_generated|op_1~7       ; |DataPath|ALU:inst|lpm_add_sub1:inst|lpm_add_sub:lpm_add_sub_component|add_sub_0qh:auto_generated|op_1~7        ; out0             ;
; |DataPath|ALU:inst|lpm_add_sub1:inst|lpm_add_sub:lpm_add_sub_component|add_sub_0qh:auto_generated|op_1~8       ; |DataPath|ALU:inst|lpm_add_sub1:inst|lpm_add_sub:lpm_add_sub_component|add_sub_0qh:auto_generated|op_1~8        ; out0             ;
; |DataPath|ALU:inst|lpm_add_sub1:inst|lpm_add_sub:lpm_add_sub_component|add_sub_0qh:auto_generated|op_1~17      ; |DataPath|ALU:inst|lpm_add_sub1:inst|lpm_add_sub:lpm_add_sub_component|add_sub_0qh:auto_generated|op_1~17       ; out0             ;
; |DataPath|ALU:inst|lpm_add_sub1:inst|lpm_add_sub:lpm_add_sub_component|add_sub_0qh:auto_generated|op_1~18      ; |DataPath|ALU:inst|lpm_add_sub1:inst|lpm_add_sub:lpm_add_sub_component|add_sub_0qh:auto_generated|op_1~18       ; out0             ;
; |DataPath|ALU:inst|lpm_add_sub1:inst|lpm_add_sub:lpm_add_sub_component|add_sub_0qh:auto_generated|op_1~22      ; |DataPath|ALU:inst|lpm_add_sub1:inst|lpm_add_sub:lpm_add_sub_component|add_sub_0qh:auto_generated|op_1~22       ; out0             ;
; |DataPath|ALU:inst|lpm_add_sub1:inst|lpm_add_sub:lpm_add_sub_component|add_sub_0qh:auto_generated|op_1~23      ; |DataPath|ALU:inst|lpm_add_sub1:inst|lpm_add_sub:lpm_add_sub_component|add_sub_0qh:auto_generated|op_1~23       ; out0             ;
; |DataPath|ALU:inst|lpm_add_sub1:inst|lpm_add_sub:lpm_add_sub_component|add_sub_0qh:auto_generated|op_1~27      ; |DataPath|ALU:inst|lpm_add_sub1:inst|lpm_add_sub:lpm_add_sub_component|add_sub_0qh:auto_generated|op_1~27       ; out0             ;
; |DataPath|ALU:inst|lpm_add_sub1:inst|lpm_add_sub:lpm_add_sub_component|add_sub_0qh:auto_generated|op_1~28      ; |DataPath|ALU:inst|lpm_add_sub1:inst|lpm_add_sub:lpm_add_sub_component|add_sub_0qh:auto_generated|op_1~28       ; out0             ;
+----------------------------------------------------------------------------------------------------------------+-----------------------------------------------------------------------------------------------------------------+------------------+


+---------------------+
; Simulator INI Usage ;
+--------+------------+
; Option ; Usage      ;
+--------+------------+


+--------------------+
; Simulator Messages ;
+--------------------+
Info: *******************************************************************
Info: Running Quartus II Simulator
    Info: Version 9.1 Build 350 03/24/2010 Service Pack 2 SJ Web Edition
    Info: Processing started: Wed Jan 07 19:00:29 2026
Info: Command: quartus_sim --read_settings_files=on --write_settings_files=off coClassProject -c coClassProject
Info: Using vector source file "D:/altera/91sp2/quartus/quartus_projects/coClassProject/DataPath.vwf"
Info: Option to preserve fewer signal transitions to reduce memory requirements is enabled
    Info: Simulation has been partitioned into sub-simulations according to the maximum transition count determined by the engine. Transitions from memory will be flushed out to disk at the end of each sub-simulation to reduce memory requirements.
Info: Simulation partitioned into 1 sub-simulations
Info: Simulation coverage is      60.38 %
Info: Number of transitions in simulation is 5790
Info: Quartus II Simulator was successful. 0 errors, 0 warnings
    Info: Peak virtual memory: 160 megabytes
    Info: Processing ended: Wed Jan 07 19:00:29 2026
    Info: Elapsed time: 00:00:00
    Info: Total CPU time (on all processors): 00:00:00


