Fitter report for coClassProject
Wed Jan 07 18:39:08 2026
Quartus II Version 9.1 Build 350 03/24/2010 Service Pack 2 SJ Web Edition


---------------------
; Table of Contents ;
---------------------
  1. Legal Notice
  2. Fitter Summary
  3. Fitter Settings
  4. Parallel Compilation
  5. I/O Assignment Warnings
  6. Incremental Compilation Preservation Summary
  7. Incremental Compilation Partition Settings
  8. Incremental Compilation Placement Preservation
  9. Pin-Out File
 10. Fitter Resource Usage Summary
 11. Input Pins
 12. Output Pins
 13. Dual Purpose and Dedicated Pins
 14. I/O Bank Usage
 15. All Package Pins
 16. Output Pin Default Load For Reported TCO
 17. Fitter Resource Utilization by Entity
 18. Delay Chain Summary
 19. Pad To Core Delay Chain Fanout
 20. Control Signals
 21. Global & Other Fast Signals
 22. Non-Global High Fan-Out Signals
 23. Fitter RAM Summary
 24. |DataPath|lpm_rom3:inst13|altsyncram:altsyncram_component|altsyncram_hga1:auto_generated|ALTSYNCRAM
 25. Interconnect Usage Summary
 26. LAB Logic Elements
 27. LAB-wide Signals
 28. LAB Signals Sourced
 29. LAB Signals Sourced Out
 30. LAB Distinct Inputs
 31. I/O Rules Summary
 32. I/O Rules Details
 33. I/O Rules Matrix
 34. Fitter Device Options
 35. Operating Settings and Conditions
 36. Estimated Delay Added for Hold Timing
 37. Fitter Messages



----------------
; Legal Notice ;
----------------
Copyright (C) 1991-2010 Altera Corporation
Your use of Altera Corporation's design tools, logic functions 
and other software and tools, and its AMPP partner logic 
functions, and any output files from any of the foregoing 
(including device programming or simulation files), and any 
associated documentation or information are expressly subject 
to the terms and conditions of the Altera Program License 
Subscription Agreement, Altera MegaCore Function License 
Agreement, or other applicable license agreement, including, 
without limitation, that your use is for the sole purpose of 
programming logic devices manufactured by Altera and sold by 
Altera or its authorized distributors.  Please refer to the 
applicable agreement for further details.



+-----------------------------------------------------------------------------------+
; Fitter Summary                                                                    ;
+------------------------------------+----------------------------------------------+
; Fitter Status                      ; Successful - Wed Jan 07 18:39:08 2026        ;
; Quartus II Version                 ; 9.1 Build 350 03/24/2010 SP 2 SJ Web Edition ;
; Revision Name                      ; coClassProject                               ;
; Top-level Entity Name              ; DataPath                                     ;
; Family                             ; Cyclone III                                  ;
; Device                             ; EP3C16Q240C8                                 ;
; Timing Models                      ; Final                                        ;
; Total logic elements               ; 120 / 15,408 ( < 1 % )                       ;
;     Total combinational functions  ; 98 / 15,408 ( < 1 % )                        ;
;     Dedicated logic registers      ; 80 / 15,408 ( < 1 % )                        ;
; Total registers                    ; 80                                           ;
; Total pins                         ; 62 / 161 ( 39 % )                            ;
; Total virtual pins                 ; 0                                            ;
; Total memory bits                  ; 2,048 / 516,096 ( < 1 % )                    ;
; Embedded Multiplier 9-bit elements ; 0 / 112 ( 0 % )                              ;
; Total PLLs                         ; 0 / 4 ( 0 % )                                ;
+------------------------------------+----------------------------------------------+


+------------------------------------------------------------------------------------------------------------------------------------------------------------+
; Fitter Settings                                                                                                                                            ;
+----------------------------------------------------------------------------+---------------------------------------+---------------------------------------+
; Option                                                                     ; Setting                               ; Default Value                         ;
+----------------------------------------------------------------------------+---------------------------------------+---------------------------------------+
; Device                                                                     ; EP3C16Q240C8                          ;                                       ;
; Nominal Core Supply Voltage                                                ; 1.2V                                  ;                                       ;
; Minimum Core Junction Temperature                                          ; 0                                     ;                                       ;
; Maximum Core Junction Temperature                                          ; 85                                    ;                                       ;
; Fit Attempts to Skip                                                       ; 0                                     ; 0.0                                   ;
; Use smart compilation                                                      ; Off                                   ; Off                                   ;
; Enable parallel Assembler and TimeQuest Timing Analyzer during compilation ; On                                    ; On                                    ;
; Enable compact report table                                                ; Off                                   ; Off                                   ;
; Use TimeQuest Timing Analyzer                                              ; On                                    ; On                                    ;
; Router Timing Optimization Level                                           ; Normal                                ; Normal                                ;
; Placement Effort Multiplier                                                ; 1.0                                   ; 1.0                                   ;
; Router Effort Multiplier                                                   ; 1.0                                   ; 1.0                                   ;
; Optimize Hold Timing                                                       ; All Paths                             ; All Paths                             ;
; Optimize Multi-Corner Timing                                               ; Off                                   ; Off                                   ;
; PowerPlay Power Optimization                                               ; Normal compilation                    ; Normal compilation                    ;
; SSN Optimization                                                           ; Off                                   ; Off                                   ;
; Optimize Timing                                                            ; Normal compilation                    ; Normal compilation                    ;
; Optimize Timing for ECOs                                                   ; Off                                   ; Off                                   ;
; Regenerate full fit report during ECO compiles                             ; Off                                   ; Off                                   ;
; Optimize IOC Register Placement for Timing                                 ; On                                    ; On                                    ;
; Limit to One Fitting Attempt                                               ; Off                                   ; Off                                   ;
; Final Placement Optimizations                                              ; Automatically                         ; Automatically                         ;
; Fitter Aggressive Routability Optimizations                                ; Automatically                         ; Automatically                         ;
; Fitter Initial Placement Seed                                              ; 1                                     ; 1                                     ;
; PCI I/O                                                                    ; Off                                   ; Off                                   ;
; Weak Pull-Up Resistor                                                      ; Off                                   ; Off                                   ;
; Enable Bus-Hold Circuitry                                                  ; Off                                   ; Off                                   ;
; Auto Packed Registers                                                      ; Auto                                  ; Auto                                  ;
; Auto Delay Chains                                                          ; On                                    ; On                                    ;
; Allow Single-ended Buffer for Differential-XSTL Input                      ; Off                                   ; Off                                   ;
; Treat Bidirectional Pin as Output Pin                                      ; Off                                   ; Off                                   ;
; Auto Merge PLLs                                                            ; On                                    ; On                                    ;
; Perform Physical Synthesis for Combinational Logic for Fitting             ; Off                                   ; Off                                   ;
; Perform Physical Synthesis for Combinational Logic for Performance         ; Off                                   ; Off                                   ;
; Perform Register Duplication for Performance                               ; Off                                   ; Off                                   ;
; Perform Logic to Memory Mapping for Fitting                                ; Off                                   ; Off                                   ;
; Perform Register Retiming for Performance                                  ; Off                                   ; Off                                   ;
; Perform Asynchronous Signal Pipelining                                     ; Off                                   ; Off                                   ;
; Fitter Effort                                                              ; Auto Fit                              ; Auto Fit                              ;
; Physical Synthesis Effort Level                                            ; Normal                                ; Normal                                ;
; Logic Cell Insertion - Logic Duplication                                   ; Auto                                  ; Auto                                  ;
; Auto Register Duplication                                                  ; Auto                                  ; Auto                                  ;
; Auto Global Clock                                                          ; On                                    ; On                                    ;
; Auto Global Register Control Signals                                       ; On                                    ; On                                    ;
; Reserve all unused pins                                                    ; As input tri-stated with weak pull-up ; As input tri-stated with weak pull-up ;
; Stop After Congestion Map Generation                                       ; Off                                   ; Off                                   ;
; Save Intermediate Fitting Results                                          ; Off                                   ; Off                                   ;
; Synchronizer Identification                                                ; Off                                   ; Off                                   ;
; Enable Beneficial Skew Optimization                                        ; On                                    ; On                                    ;
; Optimize Design for Metastability                                          ; On                                    ; On                                    ;
; Force Fitter to Avoid Periphery Placement Warnings                         ; Off                                   ; Off                                   ;
; Use Best Effort Settings for Compilation                                   ; Off                                   ; Off                                   ;
+----------------------------------------------------------------------------+---------------------------------------+---------------------------------------+


Parallel compilation was disabled, but you have multiple processors available. Enable parallel compilation to reduce compilation time.
+-------------------------------------+
; Parallel Compilation                ;
+----------------------------+--------+
; Processors                 ; Number ;
+----------------------------+--------+
; Number detected on machine ; 24     ;
; Maximum allowed            ; 1      ;
+----------------------------+--------+


+------------------------------------------+
; I/O Assignment Warnings                  ;
+----------+-------------------------------+
; Pin Name ; Reason                        ;
+----------+-------------------------------+
; CRT[7]   ; Incomplete set of assignments ;
; CRT[6]   ; Incomplete set of assignments ;
; CRT[5]   ; Incomplete set of assignments ;
; CRT[4]   ; Incomplete set of assignments ;
; CRT[3]   ; Incomplete set of assignments ;
; CRT[2]   ; Incomplete set of assignments ;
; CRT[1]   ; Incomplete set of assignments ;
; CRT[0]   ; Incomplete set of assignments ;
; IR[7]    ; Incomplete set of assignments ;
; IR[6]    ; Incomplete set of assignments ;
; IR[5]    ; Incomplete set of assignments ;
; IR[4]    ; Incomplete set of assignments ;
; IR[3]    ; Incomplete set of assignments ;
; IR[2]    ; Incomplete set of assignments ;
; IR[1]    ; Incomplete set of assignments ;
; IR[0]    ; Incomplete set of assignments ;
; MA[7]    ; Incomplete set of assignments ;
; MA[6]    ; Incomplete set of assignments ;
; MA[5]    ; Incomplete set of assignments ;
; MA[4]    ; Incomplete set of assignments ;
; MA[3]    ; Incomplete set of assignments ;
; MA[2]    ; Incomplete set of assignments ;
; MA[1]    ; Incomplete set of assignments ;
; MA[0]    ; Incomplete set of assignments ;
; MQ[7]    ; Incomplete set of assignments ;
; MQ[6]    ; Incomplete set of assignments ;
; MQ[5]    ; Incomplete set of assignments ;
; MQ[4]    ; Incomplete set of assignments ;
; MQ[3]    ; Incomplete set of assignments ;
; MQ[2]    ; Incomplete set of assignments ;
; MQ[1]    ; Incomplete set of assignments ;
; MQ[0]    ; Incomplete set of assignments ;
; PC[7]    ; Incomplete set of assignments ;
; PC[6]    ; Incomplete set of assignments ;
; PC[5]    ; Incomplete set of assignments ;
; PC[4]    ; Incomplete set of assignments ;
; PC[3]    ; Incomplete set of assignments ;
; PC[2]    ; Incomplete set of assignments ;
; PC[1]    ; Incomplete set of assignments ;
; PC[0]    ; Incomplete set of assignments ;
; RD[1]    ; Incomplete set of assignments ;
; RD[0]    ; Incomplete set of assignments ;
; RS[1]    ; Incomplete set of assignments ;
; RS[0]    ; Incomplete set of assignments ;
; MDRout   ; Incomplete set of assignments ;
; Zout     ; Incomplete set of assignments ;
; PCout    ; Incomplete set of assignments ;
; GRsel    ; Incomplete set of assignments ;
; GRout    ; Incomplete set of assignments ;
; Clk      ; Incomplete set of assignments ;
; IRin     ; Incomplete set of assignments ;
; MARin    ; Incomplete set of assignments ;
; MemRd    ; Incomplete set of assignments ;
; Reset    ; Incomplete set of assignments ;
; PCin     ; Incomplete set of assignments ;
; PC_1     ; Incomplete set of assignments ;
; MDRin    ; Incomplete set of assignments ;
; op[0]    ; Incomplete set of assignments ;
; op[1]    ; Incomplete set of assignments ;
; Zin      ; Incomplete set of assignments ;
; GRin     ; Incomplete set of assignments ;
; Yin      ; Incomplete set of assignments ;
+----------+-------------------------------+


+----------------------------------------------+
; Incremental Compilation Preservation Summary ;
+-------------------------+--------------------+
; Type                    ; Value              ;
+-------------------------+--------------------+
; Netlist                 ;                    ;
;     -- Requested        ; 0 / 0 ( 0.00 % )   ;
;     -- Achieved         ; 0 / 0 ( 0.00 % )   ;
;                         ;                    ;
; Placement               ;                    ;
;     -- Requested        ; 0 / 323 ( 0.00 % ) ;
;     -- Achieved         ; 0 / 323 ( 0.00 % ) ;
;                         ;                    ;
; Routing (by Connection) ;                    ;
;     -- Requested        ; 0 / 0 ( 0.00 % )   ;
;     -- Achieved         ; 0 / 0 ( 0.00 % )   ;
+-------------------------+--------------------+


+--------------------------------------------------------------------------------------------------------------------------------------------------+
; Incremental Compilation Partition Settings                                                                                                       ;
+----------------+----------------+-------------------+-------------------------+------------------------+------------------------------+----------+
; Partition Name ; Partition Type ; Netlist Type Used ; Preservation Level Used ; Netlist Type Requested ; Preservation Level Requested ; Contents ;
+----------------+----------------+-------------------+-------------------------+------------------------+------------------------------+----------+
; Top            ; User-created   ; Source File       ; N/A                     ; Source File            ; N/A                          ;          ;
+----------------+----------------+-------------------+-------------------------+------------------------+------------------------------+----------+


+--------------------------------------------------------------------------------------------+
; Incremental Compilation Placement Preservation                                             ;
+----------------+---------+-------------------+-------------------------+-------------------+
; Partition Name ; # Nodes ; # Preserved Nodes ; Preservation Level Used ; Netlist Type Used ;
+----------------+---------+-------------------+-------------------------+-------------------+
; Top            ; 323     ; 0                 ; N/A                     ; Source File       ;
+----------------+---------+-------------------+-------------------------+-------------------+


+--------------+
; Pin-Out File ;
+--------------+
The pin-out file can be found in D:/altera/91sp2/quartus/quartus_projects/coClassProject/coClassProject.pin.


+-------------------------------------------------------------------------------------------------------------+
; Fitter Resource Usage Summary                                                                               ;
+---------------------------------------------+---------------------------------------------------------------+
; Resource                                    ; Usage                                                         ;
+---------------------------------------------+---------------------------------------------------------------+
; Total logic elements                        ; 120 / 15,408 ( < 1 % )                                        ;
;     -- Combinational with no register       ; 40                                                            ;
;     -- Register only                        ; 22                                                            ;
;     -- Combinational with a register        ; 58                                                            ;
;                                             ;                                                               ;
; Logic element usage by number of LUT inputs ;                                                               ;
;     -- 4 input functions                    ; 43                                                            ;
;     -- 3 input functions                    ; 30                                                            ;
;     -- <=2 input functions                  ; 25                                                            ;
;     -- Register only                        ; 22                                                            ;
;                                             ;                                                               ;
; Logic elements by mode                      ;                                                               ;
;     -- normal mode                          ; 83                                                            ;
;     -- arithmetic mode                      ; 15                                                            ;
;                                             ;                                                               ;
; Total registers*                            ; 80 / 16,138 ( < 1 % )                                         ;
;     -- Dedicated logic registers            ; 80 / 15,408 ( < 1 % )                                         ;
;     -- I/O registers                        ; 0 / 730 ( 0 % )                                               ;
;                                             ;                                                               ;
; Total LABs:  partially or completely used   ; 9 / 963 ( < 1 % )                                             ;
; User inserted logic elements                ; 0                                                             ;
; Virtual pins                                ; 0                                                             ;
; I/O pins                                    ; 62 / 161 ( 39 % )                                             ;
;     -- Clock pins                           ; 1 / 8 ( 13 % )                                                ;
;     -- Dedicated input pins                 ; 0 / 9 ( 0 % )                                                 ;
; Global signals                              ; 2                                                             ;
; M9Ks                                        ; 1 / 56 ( 2 % )                                                ;
; Total block memory bits                     ; 2,048 / 516,096 ( < 1 % )                                     ;
; Total block memory implementation bits      ; 9,216 / 516,096 ( 2 % )                                       ;
; Embedded Multiplier 9-bit elements          ; 0 / 112 ( 0 % )                                               ;
; PLLs                                        ; 0 / 4 ( 0 % )                                                 ;
; Global clocks                               ; 2 / 20 ( 10 % )                                               ;
; JTAGs                                       ; 0 / 1 ( 0 % )                                                 ;
; CRC blocks                                  ; 0 / 1 ( 0 % )                                                 ;
; ASMI blocks                                 ; 0 / 1 ( 0 % )                                                 ;
; Impedance control blocks                    ; 0 / 4 ( 0 % )                                                 ;
; Average interconnect usage (total/H/V)      ; 0% / 0% / 0%                                                  ;
; Peak interconnect usage (total/H/V)         ; 4% / 3% / 6%                                                  ;
; Maximum fan-out node                        ; Clk~inputclkctrl                                              ;
; Maximum fan-out                             ; 81                                                            ;
; Highest non-global fan-out signal           ; lpm_bustri0:inst16|lpm_bustri:lpm_bustri_component|dout[7]~10 ;
; Highest non-global fan-out                  ; 38                                                            ;
; Total fan-out                               ; 768                                                           ;
; Average fan-out                             ; 2.28                                                          ;
+---------------------------------------------+---------------------------------------------------------------+
*  Register count does not include registers inside RAM blocks or DSP blocks.



+-----------------------------------------------------------------------------------------------------------------------------------------------------------------------------------------------------------------------------------------------------------------------------+
; Input Pins                                                                                                                                                                                                                                                                  ;
+--------+-------+----------+--------------+--------------+--------------+-----------------------+--------------------+--------+----------------+---------------+-----------------+----------+--------------+--------------+---------------------------+----------------------+
; Name   ; Pin # ; I/O Bank ; X coordinate ; Y coordinate ; Z coordinate ; Combinational Fan-Out ; Registered Fan-Out ; Global ; Input Register ; Power Up High ; PCI I/O Enabled ; Bus Hold ; Weak Pull Up ; I/O Standard ; Termination Control Block ; Location assigned by ;
+--------+-------+----------+--------------+--------------+--------------+-----------------------+--------------------+--------+----------------+---------------+-----------------+----------+--------------+--------------+---------------------------+----------------------+
; Clk    ; 31    ; 1        ; 0            ; 14           ; 0            ; 81                    ; 0                  ; yes    ; no             ; no            ; yes             ; no       ; Off          ; 2.5 V        ; --                        ; Fitter               ;
; GRin   ; 113   ; 4        ; 35           ; 0            ; 0            ; 4                     ; 0                  ; no     ; no             ; no            ; yes             ; no       ; Off          ; 2.5 V        ; --                        ; Fitter               ;
; GRout  ; 197   ; 7        ; 28           ; 29           ; 21           ; 9                     ; 0                  ; no     ; no             ; no            ; yes             ; no       ; Off          ; 2.5 V        ; --                        ; Fitter               ;
; GRsel  ; 103   ; 4        ; 28           ; 0            ; 28           ; 2                     ; 0                  ; no     ; no             ; no            ; yes             ; no       ; Off          ; 2.5 V        ; --                        ; Fitter               ;
; IRin   ; 109   ; 4        ; 30           ; 0            ; 0            ; 8                     ; 0                  ; no     ; no             ; no            ; yes             ; no       ; Off          ; 2.5 V        ; --                        ; Fitter               ;
; MARin  ; 187   ; 7        ; 32           ; 29           ; 0            ; 8                     ; 0                  ; no     ; no             ; no            ; yes             ; no       ; Off          ; 2.5 V        ; --                        ; Fitter               ;
; MDRin  ; 100   ; 4        ; 26           ; 0            ; 14           ; 8                     ; 0                  ; no     ; no             ; no            ; yes             ; no       ; Off          ; 2.5 V        ; --                        ; Fitter               ;
; MDRout ; 108   ; 4        ; 30           ; 0            ; 7            ; 9                     ; 0                  ; no     ; no             ; no            ; yes             ; no       ; Off          ; 2.5 V        ; --                        ; Fitter               ;
; MemRd  ; 94    ; 4        ; 23           ; 0            ; 21           ; 1                     ; 0                  ; no     ; no             ; no            ; yes             ; no       ; Off          ; 2.5 V        ; --                        ; Fitter               ;
; PC_1   ; 203   ; 7        ; 23           ; 29           ; 7            ; 1                     ; 0                  ; no     ; no             ; no            ; yes             ; no       ; Off          ; 2.5 V        ; --                        ; Fitter               ;
; PCin   ; 111   ; 4        ; 35           ; 0            ; 21           ; 2                     ; 0                  ; no     ; no             ; no            ; yes             ; no       ; Off          ; 2.5 V        ; --                        ; Fitter               ;
; PCout  ; 9     ; 1        ; 0            ; 26           ; 14           ; 9                     ; 0                  ; no     ; no             ; no            ; yes             ; no       ; Off          ; 2.5 V        ; --                        ; Fitter               ;
; Reset  ; 32    ; 1        ; 0            ; 14           ; 7            ; 42                    ; 0                  ; yes    ; no             ; no            ; yes             ; no       ; Off          ; 2.5 V        ; --                        ; Fitter               ;
; Yin    ; 106   ; 4        ; 30           ; 0            ; 21           ; 8                     ; 0                  ; no     ; no             ; no            ; yes             ; no       ; Off          ; 2.5 V        ; --                        ; Fitter               ;
; Zin    ; 194   ; 7        ; 30           ; 29           ; 21           ; 8                     ; 0                  ; no     ; no             ; no            ; yes             ; no       ; Off          ; 2.5 V        ; --                        ; Fitter               ;
; Zout   ; 101   ; 4        ; 26           ; 0            ; 7            ; 9                     ; 0                  ; no     ; no             ; no            ; yes             ; no       ; Off          ; 2.5 V        ; --                        ; Fitter               ;
; op[0]  ; 137   ; 5        ; 41           ; 9            ; 14           ; 17                    ; 0                  ; no     ; no             ; no            ; yes             ; no       ; Off          ; 2.5 V        ; --                        ; Fitter               ;
; op[1]  ; 159   ; 6        ; 41           ; 18           ; 21           ; 8                     ; 0                  ; no     ; no             ; no            ; yes             ; no       ; Off          ; 2.5 V        ; --                        ; Fitter               ;
+--------+-------+----------+--------------+--------------+--------------+-----------------------+--------------------+--------+----------------+---------------+-----------------+----------+--------------+--------------+---------------------------+----------------------+


+----------------------------------------------------------------------------------------------------------------------------------------------------------------------------------------------------------------------------------------------------------------------------------------------------------------------------------------------------------------------------------------------------------------------------------------------------------------+
; Output Pins                                                                                                                                                                                                                                                                                                                                                                                                                                                    ;
+--------+-------+----------+--------------+--------------+--------------+-----------------+------------------------+---------------+-----------+-----------------+------------+---------------+----------+--------------+--------------+------------------+-----------------------------------+---------------------------+----------------------------+-----------------------------+----------------------+------+----------------------+---------------------+
; Name   ; Pin # ; I/O Bank ; X coordinate ; Y coordinate ; Z coordinate ; Output Register ; Output Enable Register ; Power Up High ; Slew Rate ; PCI I/O Enabled ; Open Drain ; TRI Primitive ; Bus Hold ; Weak Pull Up ; I/O Standard ; Current Strength ; Termination                       ; Termination Control Block ; Output Buffer Pre-emphasis ; Voltage Output Differential ; Location assigned by ; Load ; Output Enable Source ; Output Enable Group ;
+--------+-------+----------+--------------+--------------+--------------+-----------------+------------------------+---------------+-----------+-----------------+------------+---------------+----------+--------------+--------------+------------------+-----------------------------------+---------------------------+----------------------------+-----------------------------+----------------------+------+----------------------+---------------------+
; CRT[0] ; 198   ; 7        ; 28           ; 29           ; 28           ; no              ; no                     ; no            ; 2         ; yes             ; no         ; yes           ; no       ; Off          ; 2.5 V        ; Default          ; Series 50 Ohm without Calibration ; --                        ; no                         ; no                          ; Fitter               ; 0 pF ; -                    ; -                   ;
; CRT[1] ; 117   ; 4        ; 37           ; 0            ; 7            ; no              ; no                     ; no            ; 2         ; yes             ; no         ; yes           ; no       ; Off          ; 2.5 V        ; Default          ; Series 50 Ohm without Calibration ; --                        ; no                         ; no                          ; Fitter               ; 0 pF ; -                    ; -                   ;
; CRT[2] ; 102   ; 4        ; 26           ; 0            ; 0            ; no              ; no                     ; no            ; 2         ; yes             ; no         ; yes           ; no       ; Off          ; 2.5 V        ; Default          ; Series 50 Ohm without Calibration ; --                        ; no                         ; no                          ; Fitter               ; 0 pF ; -                    ; -                   ;
; CRT[3] ; 160   ; 6        ; 41           ; 18           ; 14           ; no              ; no                     ; no            ; 2         ; yes             ; no         ; yes           ; no       ; Off          ; 2.5 V        ; Default          ; Series 50 Ohm without Calibration ; --                        ; no                         ; no                          ; Fitter               ; 0 pF ; -                    ; -                   ;
; CRT[4] ; 135   ; 5        ; 41           ; 9            ; 21           ; no              ; no                     ; no            ; 2         ; yes             ; no         ; yes           ; no       ; Off          ; 2.5 V        ; Default          ; Series 50 Ohm without Calibration ; --                        ; no                         ; no                          ; Fitter               ; 0 pF ; -                    ; -                   ;
; CRT[5] ; 86    ; 3        ; 19           ; 0            ; 14           ; no              ; no                     ; no            ; 2         ; yes             ; no         ; yes           ; no       ; Off          ; 2.5 V        ; Default          ; Series 50 Ohm without Calibration ; --                        ; no                         ; no                          ; Fitter               ; 0 pF ; -                    ; -                   ;
; CRT[6] ; 201   ; 7        ; 26           ; 29           ; 28           ; no              ; no                     ; no            ; 2         ; yes             ; no         ; yes           ; no       ; Off          ; 2.5 V        ; Default          ; Series 50 Ohm without Calibration ; --                        ; no                         ; no                          ; Fitter               ; 0 pF ; -                    ; -                   ;
; CRT[7] ; 98    ; 4        ; 26           ; 0            ; 28           ; no              ; no                     ; no            ; 2         ; yes             ; no         ; yes           ; no       ; Off          ; 2.5 V        ; Default          ; Series 50 Ohm without Calibration ; --                        ; no                         ; no                          ; Fitter               ; 0 pF ; -                    ; -                   ;
; IR[0]  ; 186   ; 7        ; 35           ; 29           ; 7            ; no              ; no                     ; no            ; 2         ; no              ; no         ; no            ; no       ; Off          ; 2.5 V        ; Default          ; Series 50 Ohm without Calibration ; --                        ; no                         ; no                          ; Fitter               ; 0 pF ; -                    ; -                   ;
; IR[1]  ; 195   ; 7        ; 28           ; 29           ; 7            ; no              ; no                     ; no            ; 2         ; no              ; no         ; no            ; no       ; Off          ; 2.5 V        ; Default          ; Series 50 Ohm without Calibration ; --                        ; no                         ; no                          ; Fitter               ; 0 pF ; -                    ; -                   ;
; IR[2]  ; 189   ; 7        ; 32           ; 29           ; 14           ; no              ; no                     ; no            ; 2         ; no              ; no         ; no            ; no       ; Off          ; 2.5 V        ; Default          ; Series 50 Ohm without Calibration ; --                        ; no                         ; no                          ; Fitter               ; 0 pF ; -                    ; -                   ;
; IR[3]  ; 218   ; 8        ; 14           ; 29           ; 21           ; no              ; no                     ; no            ; 2         ; no              ; no         ; no            ; no       ; Off          ; 2.5 V        ; Default          ; Series 50 Ohm without Calibration ; --                        ; no                         ; no                          ; Fitter               ; 0 pF ; -                    ; -                   ;
; IR[4]  ; 175   ; 6        ; 41           ; 25           ; 14           ; no              ; no                     ; no            ; 2         ; no              ; no         ; no            ; no       ; Off          ; 2.5 V        ; Default          ; Series 50 Ohm without Calibration ; --                        ; no                         ; no                          ; Fitter               ; 0 pF ; -                    ; -                   ;
; IR[5]  ; 196   ; 7        ; 28           ; 29           ; 14           ; no              ; no                     ; no            ; 2         ; no              ; no         ; no            ; no       ; Off          ; 2.5 V        ; Default          ; Series 50 Ohm without Calibration ; --                        ; no                         ; no                          ; Fitter               ; 0 pF ; -                    ; -                   ;
; IR[6]  ; 4     ; 1        ; 0            ; 27           ; 0            ; no              ; no                     ; no            ; 2         ; no              ; no         ; no            ; no       ; Off          ; 2.5 V        ; Default          ; Series 50 Ohm without Calibration ; --                        ; no                         ; no                          ; Fitter               ; 0 pF ; -                    ; -                   ;
; IR[7]  ; 107   ; 4        ; 30           ; 0            ; 14           ; no              ; no                     ; no            ; 2         ; no              ; no         ; no            ; no       ; Off          ; 2.5 V        ; Default          ; Series 50 Ohm without Calibration ; --                        ; no                         ; no                          ; Fitter               ; 0 pF ; -                    ; -                   ;
; MA[0]  ; 142   ; 5        ; 41           ; 12           ; 0            ; no              ; no                     ; no            ; 2         ; no              ; no         ; no            ; no       ; Off          ; 2.5 V        ; Default          ; Series 50 Ohm without Calibration ; --                        ; no                         ; no                          ; Fitter               ; 0 pF ; -                    ; -                   ;
; MA[1]  ; 167   ; 6        ; 41           ; 23           ; 14           ; no              ; no                     ; no            ; 2         ; no              ; no         ; no            ; no       ; Off          ; 2.5 V        ; Default          ; Series 50 Ohm without Calibration ; --                        ; no                         ; no                          ; Fitter               ; 0 pF ; -                    ; -                   ;
; MA[2]  ; 148   ; 5        ; 41           ; 14           ; 0            ; no              ; no                     ; no            ; 2         ; no              ; no         ; no            ; no       ; Off          ; 2.5 V        ; Default          ; Series 50 Ohm without Calibration ; --                        ; no                         ; no                          ; Fitter               ; 0 pF ; -                    ; -                   ;
; MA[3]  ; 80    ; 3        ; 14           ; 0            ; 0            ; no              ; no                     ; no            ; 2         ; no              ; no         ; no            ; no       ; Off          ; 2.5 V        ; Default          ; Series 50 Ohm without Calibration ; --                        ; no                         ; no                          ; Fitter               ; 0 pF ; -                    ; -                   ;
; MA[4]  ; 200   ; 7        ; 26           ; 29           ; 14           ; no              ; no                     ; no            ; 2         ; no              ; no         ; no            ; no       ; Off          ; 2.5 V        ; Default          ; Series 50 Ohm without Calibration ; --                        ; no                         ; no                          ; Fitter               ; 0 pF ; -                    ; -                   ;
; MA[5]  ; 99    ; 4        ; 26           ; 0            ; 21           ; no              ; no                     ; no            ; 2         ; no              ; no         ; no            ; no       ; Off          ; 2.5 V        ; Default          ; Series 50 Ohm without Calibration ; --                        ; no                         ; no                          ; Fitter               ; 0 pF ; -                    ; -                   ;
; MA[6]  ; 176   ; 6        ; 41           ; 27           ; 21           ; no              ; no                     ; no            ; 2         ; no              ; no         ; no            ; no       ; Off          ; 2.5 V        ; Default          ; Series 50 Ohm without Calibration ; --                        ; no                         ; no                          ; Fitter               ; 0 pF ; -                    ; -                   ;
; MA[7]  ; 231   ; 8        ; 7            ; 29           ; 28           ; no              ; no                     ; no            ; 2         ; no              ; no         ; no            ; no       ; Off          ; 2.5 V        ; Default          ; Series 50 Ohm without Calibration ; --                        ; no                         ; no                          ; Fitter               ; 0 pF ; -                    ; -                   ;
; MQ[0]  ; 139   ; 5        ; 41           ; 10           ; 0            ; no              ; no                     ; no            ; 2         ; no              ; no         ; no            ; no       ; Off          ; 2.5 V        ; Default          ; Series 50 Ohm without Calibration ; --                        ; no                         ; no                          ; Fitter               ; 0 pF ; -                    ; -                   ;
; MQ[1]  ; 143   ; 5        ; 41           ; 13           ; 21           ; no              ; no                     ; no            ; 2         ; no              ; no         ; no            ; no       ; Off          ; 2.5 V        ; Default          ; Series 50 Ohm without Calibration ; --                        ; no                         ; no                          ; Fitter               ; 0 pF ; -                    ; -                   ;
; MQ[2]  ; 171   ; 6        ; 41           ; 24           ; 7            ; no              ; no                     ; no            ; 2         ; no              ; no         ; no            ; no       ; Off          ; 2.5 V        ; Default          ; Series 50 Ohm without Calibration ; --                        ; no                         ; no                          ; Fitter               ; 0 pF ; -                    ; -                   ;
; MQ[3]  ; 202   ; 7        ; 23           ; 29           ; 0            ; no              ; no                     ; no            ; 2         ; no              ; no         ; no            ; no       ; Off          ; 2.5 V        ; Default          ; Series 50 Ohm without Calibration ; --                        ; no                         ; no                          ; Fitter               ; 0 pF ; -                    ; -                   ;
; MQ[4]  ; 144   ; 5        ; 41           ; 13           ; 14           ; no              ; no                     ; no            ; 2         ; no              ; no         ; no            ; no       ; Off          ; 2.5 V        ; Default          ; Series 50 Ohm without Calibration ; --                        ; no                         ; no                          ; Fitter               ; 0 pF ; -                    ; -                   ;
; MQ[5]  ; 131   ; 5        ; 41           ; 5            ; 7            ; no              ; no                     ; no            ; 2         ; no              ; no         ; no            ; no       ; Off          ; 2.5 V        ; Default          ; Series 50 Ohm without Calibration ; --                        ; no                         ; no                          ; Fitter               ; 0 pF ; -                    ; -                   ;
; MQ[6]  ; 168   ; 6        ; 41           ; 23           ; 7            ; no              ; no                     ; no            ; 2         ; no              ; no         ; no            ; no       ; Off          ; 2.5 V        ; Default          ; Series 50 Ohm without Calibration ; --                        ; no                         ; no                          ; Fitter               ; 0 pF ; -                    ; -                   ;
; MQ[7]  ; 134   ; 5        ; 41           ; 8            ; 0            ; no              ; no                     ; no            ; 2         ; no              ; no         ; no            ; no       ; Off          ; 2.5 V        ; Default          ; Series 50 Ohm without Calibration ; --                        ; no                         ; no                          ; Fitter               ; 0 pF ; -                    ; -                   ;
; PC[0]  ; 199   ; 7        ; 26           ; 29           ; 0            ; no              ; no                     ; no            ; 2         ; no              ; no         ; no            ; no       ; Off          ; 2.5 V        ; Default          ; Series 50 Ohm without Calibration ; --                        ; no                         ; no                          ; Fitter               ; 0 pF ; -                    ; -                   ;
; PC[1]  ; 173   ; 6        ; 41           ; 24           ; 0            ; no              ; no                     ; no            ; 2         ; no              ; no         ; no            ; no       ; Off          ; 2.5 V        ; Default          ; Series 50 Ohm without Calibration ; --                        ; no                         ; no                          ; Fitter               ; 0 pF ; -                    ; -                   ;
; PC[2]  ; 161   ; 6        ; 41           ; 18           ; 0            ; no              ; no                     ; no            ; 2         ; no              ; no         ; no            ; no       ; Off          ; 2.5 V        ; Default          ; Series 50 Ohm without Calibration ; --                        ; no                         ; no                          ; Fitter               ; 0 pF ; -                    ; -                   ;
; PC[3]  ; 174   ; 6        ; 41           ; 25           ; 21           ; no              ; no                     ; no            ; 2         ; no              ; no         ; no            ; no       ; Off          ; 2.5 V        ; Default          ; Series 50 Ohm without Calibration ; --                        ; no                         ; no                          ; Fitter               ; 0 pF ; -                    ; -                   ;
; PC[4]  ; 207   ; 7        ; 21           ; 29           ; 7            ; no              ; no                     ; no            ; 2         ; no              ; no         ; no            ; no       ; Off          ; 2.5 V        ; Default          ; Series 50 Ohm without Calibration ; --                        ; no                         ; no                          ; Fitter               ; 0 pF ; -                    ; -                   ;
; PC[5]  ; 147   ; 5        ; 41           ; 14           ; 7            ; no              ; no                     ; no            ; 2         ; no              ; no         ; no            ; no       ; Off          ; 2.5 V        ; Default          ; Series 50 Ohm without Calibration ; --                        ; no                         ; no                          ; Fitter               ; 0 pF ; -                    ; -                   ;
; PC[6]  ; 164   ; 6        ; 41           ; 19           ; 7            ; no              ; no                     ; no            ; 2         ; no              ; no         ; no            ; no       ; Off          ; 2.5 V        ; Default          ; Series 50 Ohm without Calibration ; --                        ; no                         ; no                          ; Fitter               ; 0 pF ; -                    ; -                   ;
; PC[7]  ; 169   ; 6        ; 41           ; 23           ; 0            ; no              ; no                     ; no            ; 2         ; no              ; no         ; no            ; no       ; Off          ; 2.5 V        ; Default          ; Series 50 Ohm without Calibration ; --                        ; no                         ; no                          ; Fitter               ; 0 pF ; -                    ; -                   ;
; RD[0]  ; 184   ; 7        ; 37           ; 29           ; 14           ; no              ; no                     ; no            ; 2         ; no              ; no         ; no            ; no       ; Off          ; 2.5 V        ; Default          ; Series 50 Ohm without Calibration ; --                        ; no                         ; no                          ; Fitter               ; 0 pF ; -                    ; -                   ;
; RD[1]  ; 232   ; 8        ; 5            ; 29           ; 0            ; no              ; no                     ; no            ; 2         ; no              ; no         ; no            ; no       ; Off          ; 2.5 V        ; Default          ; Series 50 Ohm without Calibration ; --                        ; no                         ; no                          ; Fitter               ; 0 pF ; -                    ; -                   ;
; RS[0]  ; 188   ; 7        ; 32           ; 29           ; 7            ; no              ; no                     ; no            ; 2         ; no              ; no         ; no            ; no       ; Off          ; 2.5 V        ; Default          ; Series 50 Ohm without Calibration ; --                        ; no                         ; no                          ; Fitter               ; 0 pF ; -                    ; -                   ;
; RS[1]  ; 221   ; 8        ; 11           ; 29           ; 7            ; no              ; no                     ; no            ; 2         ; no              ; no         ; no            ; no       ; Off          ; 2.5 V        ; Default          ; Series 50 Ohm without Calibration ; --                        ; no                         ; no                          ; Fitter               ; 0 pF ; -                    ; -                   ;
+--------+-------+----------+--------------+--------------+--------------+-----------------+------------------------+---------------+-----------+-----------------+------------+---------------+----------+--------------+--------------+------------------+-----------------------------------+---------------------------+----------------------------+-----------------------------+----------------------+------+----------------------+---------------------+


+-------------------------------------------------------------------------------------------------------------------------------------+
; Dual Purpose and Dedicated Pins                                                                                                     ;
+----------+----------------------------------------+---------------------------+-------------------------+---------------------------+
; Location ; Pin Name                               ; Reserved As               ; User Signal Name        ; Pin Type                  ;
+----------+----------------------------------------+---------------------------+-------------------------+---------------------------+
; 12       ; DIFFIO_L4n, DATA1, ASDO                ; As input tri-stated       ; ~ALTERA_ASDO_DATA1~     ; Dual Purpose Pin          ;
; 14       ; DIFFIO_L6p, FLASH_nCE, nCSO            ; As input tri-stated       ; ~ALTERA_FLASH_nCE_nCSO~ ; Dual Purpose Pin          ;
; 17       ; nSTATUS                                ; -                         ; -                       ; Dedicated Programming Pin ;
; 23       ; DCLK                                   ; As output driving ground  ; ~ALTERA_DCLK~           ; Dual Purpose Pin          ;
; 24       ; DATA0                                  ; As input tri-stated       ; ~ALTERA_DATA0~          ; Dual Purpose Pin          ;
; 25       ; nCONFIG                                ; -                         ; -                       ; Dedicated Programming Pin ;
; 30       ; nCE                                    ; -                         ; -                       ; Dedicated Programming Pin ;
; 144      ; DIFFIO_R21n, DEV_OE                    ; Use as general purpose IO ; MQ[4]                   ; Dual Purpose Pin          ;
; 153      ; CONF_DONE                              ; -                         ; -                       ; Dedicated Programming Pin ;
; 155      ; MSEL0                                  ; -                         ; -                       ; Dedicated Programming Pin ;
; 157      ; MSEL1                                  ; -                         ; -                       ; Dedicated Programming Pin ;
; 158      ; MSEL2                                  ; -                         ; -                       ; Dedicated Programming Pin ;
; 158      ; MSEL3                                  ; -                         ; -                       ; Dedicated Programming Pin ;
; 159      ; DIFFIO_R17n, INIT_DONE                 ; Use as general purpose IO ; op[1]                   ; Dual Purpose Pin          ;
; 160      ; DIFFIO_R17p, CRC_ERROR                 ; Use as general purpose IO ; CRT[3]                  ; Dual Purpose Pin          ;
; 162      ; DIFFIO_R16n, nCEO                      ; Use as programming pin    ; ~ALTERA_nCEO~           ; Dual Purpose Pin          ;
; 164      ; DIFFIO_R16p, CLKUSR                    ; Use as general purpose IO ; PC[6]                   ; Dual Purpose Pin          ;
; 167      ; DIFFIO_R9n, nWE                        ; Use as regular IO         ; MA[1]                   ; Dual Purpose Pin          ;
; 168      ; DIFFIO_R9p, nOE                        ; Use as regular IO         ; MQ[6]                   ; Dual Purpose Pin          ;
; 174      ; DIFFIO_R6n, nAVD                       ; Use as regular IO         ; PC[3]                   ; Dual Purpose Pin          ;
; 175      ; DIFFIO_R6n, nAVD                       ; -                         ; IR[4]                   ; Dual Purpose Pin          ;
; 176      ; DIFFIO_R2n, PADD20, DQS2R/CQ3R,CDPCLK5 ; Use as regular IO         ; MA[6]                   ; Dual Purpose Pin          ;
; 194      ; DIFFIO_T25p, PADD2                     ; Use as regular IO         ; Zin                     ; Dual Purpose Pin          ;
; 196      ; DIFFIO_T23n, PADD3                     ; Use as regular IO         ; IR[5]                   ; Dual Purpose Pin          ;
; 200      ; DIFFIO_T21p, PADD4, DQS2T/CQ3T,DPCLK8  ; Use as regular IO         ; MA[4]                   ; Dual Purpose Pin          ;
; 201      ; DIFFIO_T20p, PADD6                     ; Use as regular IO         ; CRT[6]                  ; Dual Purpose Pin          ;
; 202      ; DIFFIO_T19n, PADD7                     ; Use as regular IO         ; MQ[3]                   ; Dual Purpose Pin          ;
; 203      ; DIFFIO_T19p, PADD8                     ; Use as regular IO         ; PC_1                    ; Dual Purpose Pin          ;
; 207      ; DIFFIO_T17p, PADD12, DQS4T/CQ5T,DPCLK9 ; Use as regular IO         ; PC[4]                   ; Dual Purpose Pin          ;
; 218      ; DIFFIO_T12n, DATA2                     ; Use as regular IO         ; IR[3]                   ; Dual Purpose Pin          ;
; 221      ; DIFFIO_T11p, DATA4                     ; Use as regular IO         ; RS[1]                   ; Dual Purpose Pin          ;
; 231      ; DIFFIO_T6p, DATA6                      ; Use as regular IO         ; MA[7]                   ; Dual Purpose Pin          ;
; 232      ; DATA7                                  ; Use as regular IO         ; RD[1]                   ; Dual Purpose Pin          ;
+----------+----------------------------------------+---------------------------+-------------------------+---------------------------+


+------------------------------------------------------------+
; I/O Bank Usage                                             ;
+----------+------------------+---------------+--------------+
; I/O Bank ; Usage            ; VCCIO Voltage ; VREF Voltage ;
+----------+------------------+---------------+--------------+
; 1        ; 8 / 16 ( 50 % )  ; 2.5V          ; --           ;
; 2        ; 0 / 17 ( 0 % )   ; 2.5V          ; --           ;
; 3        ; 2 / 22 ( 9 % )   ; 2.5V          ; --           ;
; 4        ; 14 / 24 ( 58 % ) ; 2.5V          ; --           ;
; 5        ; 10 / 19 ( 53 % ) ; 2.5V          ; --           ;
; 6        ; 13 / 17 ( 76 % ) ; 2.5V          ; --           ;
; 7        ; 16 / 22 ( 73 % ) ; 2.5V          ; --           ;
; 8        ; 4 / 24 ( 17 % )  ; 2.5V          ; --           ;
+----------+------------------+---------------+--------------+


+-----------------------------------------------------------------------------------------------------------------------------------------------------------------------------------------+
; All Package Pins                                                                                                                                                                        ;
+----------+------------+----------+-----------------------------------------------------------+--------+--------------+---------+------------+-----------------+----------+--------------+
; Location ; Pad Number ; I/O Bank ; Pin Name/Usage                                            ; Dir.   ; I/O Standard ; Voltage ; I/O Type   ; User Assignment ; Bus Hold ; Weak Pull Up ;
+----------+------------+----------+-----------------------------------------------------------+--------+--------------+---------+------------+-----------------+----------+--------------+
; 1        ;            ;          ; VCCD_PLL3                                                 ; power  ;              ; 1.2V    ; --         ;                 ; --       ; --           ;
; 2        ;            ;          ; GNDA3                                                     ; gnd    ;              ;         ; --         ;                 ; --       ; --           ;
; 3        ;            ; --       ; VCCA3                                                     ; power  ;              ; 2.5V    ; --         ;                 ; --       ; --           ;
; 4        ; 0          ; 1        ; IR[6]                                                     ; output ; 2.5 V        ;         ; Row I/O    ; N               ; no       ; Off          ;
; 5        ; 1          ; 1        ; RESERVED_INPUT_WITH_WEAK_PULLUP                           ;        ;              ;         ; Row I/O    ;                 ; no       ; On           ;
; 6        ; 2          ; 1        ; RESERVED_INPUT_WITH_WEAK_PULLUP                           ;        ;              ;         ; Row I/O    ;                 ; no       ; On           ;
; 7        ;            ; 1        ; VCCIO1                                                    ; power  ;              ; 2.5V    ; --         ;                 ; --       ; --           ;
; 8        ;            ;          ; GND                                                       ; gnd    ;              ;         ; --         ;                 ; --       ; --           ;
; 9        ; 6          ; 1        ; PCout                                                     ; input  ; 2.5 V        ;         ; Row I/O    ; N               ; no       ; Off          ;
; 10       ;            ;          ; VCCINT                                                    ; power  ;              ; 1.2V    ; --         ;                 ; --       ; --           ;
; 11       ;            ;          ; GND                                                       ; gnd    ;              ;         ; --         ;                 ; --       ; --           ;
; 12       ; 9          ; 1        ; ~ALTERA_ASDO_DATA1~ / RESERVED_INPUT_WITH_WEAK_PULLUP     ; input  ; 2.5 V        ;         ; Row I/O    ; N               ; no       ; On           ;
; 13       ; 10         ; 1        ; RESERVED_INPUT_WITH_WEAK_PULLUP                           ;        ;              ;         ; Row I/O    ;                 ; no       ; On           ;
; 14       ; 13         ; 1        ; ~ALTERA_FLASH_nCE_nCSO~ / RESERVED_INPUT_WITH_WEAK_PULLUP ; input  ; 2.5 V        ;         ; Row I/O    ; N               ; no       ; On           ;
; 15       ;            ; 1        ; VCCIO1                                                    ; power  ;              ; 2.5V    ; --         ;                 ; --       ; --           ;
; 16       ;            ;          ; GND                                                       ; gnd    ;              ;         ; --         ;                 ; --       ; --           ;
; 17       ; 19         ; 1        ; ^nSTATUS                                                  ;        ;              ;         ; --         ;                 ; --       ; --           ;
; 18       ; 20         ; 1        ; RESERVED_INPUT_WITH_WEAK_PULLUP                           ;        ;              ;         ; Row I/O    ;                 ; no       ; On           ;
; 19       ; 22         ; 1        ; RESERVED_INPUT_WITH_WEAK_PULLUP                           ;        ;              ;         ; Row I/O    ;                 ; no       ; On           ;
; 20       ; 23         ; 1        ; RESERVED_INPUT_WITH_WEAK_PULLUP                           ;        ;              ;         ; Row I/O    ;                 ; no       ; On           ;
; 21       ; 24         ; 1        ; RESERVED_INPUT_WITH_WEAK_PULLUP                           ;        ;              ;         ; Row I/O    ;                 ; no       ; On           ;
; 22       ; 27         ; 1        ; RESERVED_INPUT_WITH_WEAK_PULLUP                           ;        ;              ;         ; Row I/O    ;                 ; no       ; On           ;
; 23       ; 30         ; 1        ; ~ALTERA_DCLK~                                             ; output ; 2.5 V        ;         ; Row I/O    ; N               ; no       ; On           ;
; 24       ; 31         ; 1        ; ~ALTERA_DATA0~ / RESERVED_INPUT_WITH_WEAK_PULLUP          ; input  ; 2.5 V        ;         ; Row I/O    ; N               ; no       ; On           ;
; 25       ; 32         ; 1        ; ^nCONFIG                                                  ;        ;              ;         ; --         ;                 ; --       ; --           ;
; 26       ; 33         ; 1        ; #TDI                                                      ; input  ;              ;         ; --         ;                 ; --       ; --           ;
; 27       ; 34         ; 1        ; #TCK                                                      ; input  ;              ;         ; --         ;                 ; --       ; --           ;
; 28       ; 35         ; 1        ; #TMS                                                      ; input  ;              ;         ; --         ;                 ; --       ; --           ;
; 29       ; 36         ; 1        ; #TDO                                                      ; output ;              ;         ; --         ;                 ; --       ; --           ;
; 30       ; 37         ; 1        ; ^nCE                                                      ;        ;              ;         ; --         ;                 ; --       ; --           ;
; 31       ; 38         ; 1        ; Clk                                                       ; input  ; 2.5 V        ;         ; Row I/O    ; N               ; no       ; Off          ;
; 32       ; 39         ; 1        ; Reset                                                     ; input  ; 2.5 V        ;         ; Row I/O    ; N               ; no       ; Off          ;
; 33       ; 40         ; 2        ; GND+                                                      ;        ;              ;         ; Row I/O    ;                 ; --       ; --           ;
; 34       ; 41         ; 2        ; GND+                                                      ;        ;              ;         ; Row I/O    ;                 ; --       ; --           ;
; 35       ;            ; 2        ; VCCIO2                                                    ; power  ;              ; 2.5V    ; --         ;                 ; --       ; --           ;
; 36       ;            ;          ; GND                                                       ; gnd    ;              ;         ; --         ;                 ; --       ; --           ;
; 37       ; 49         ; 2        ; RESERVED_INPUT_WITH_WEAK_PULLUP                           ;        ;              ;         ; Row I/O    ;                 ; no       ; On           ;
; 38       ; 50         ; 2        ; RESERVED_INPUT_WITH_WEAK_PULLUP                           ;        ;              ;         ; Row I/O    ;                 ; no       ; On           ;
; 39       ; 51         ; 2        ; RESERVED_INPUT_WITH_WEAK_PULLUP                           ;        ;              ;         ; Row I/O    ;                 ; no       ; On           ;
; 40       ;            ;          ; VCCINT                                                    ; power  ;              ; 1.2V    ; --         ;                 ; --       ; --           ;
; 41       ; 54         ; 2        ; RESERVED_INPUT_WITH_WEAK_PULLUP                           ;        ;              ;         ; Row I/O    ;                 ; no       ; On           ;
; 42       ;            ;          ; GND                                                       ; gnd    ;              ;         ; --         ;                 ; --       ; --           ;
; 43       ; 55         ; 2        ; RESERVED_INPUT_WITH_WEAK_PULLUP                           ;        ;              ;         ; Row I/O    ;                 ; no       ; On           ;
; 44       ; 57         ; 2        ; RESERVED_INPUT_WITH_WEAK_PULLUP                           ;        ;              ;         ; Row I/O    ;                 ; no       ; On           ;
; 45       ; 58         ; 2        ; RESERVED_INPUT_WITH_WEAK_PULLUP                           ;        ;              ;         ; Row I/O    ;                 ; no       ; On           ;
; 46       ; 72         ; 2        ; RESERVED_INPUT_WITH_WEAK_PULLUP                           ;        ;              ;         ; Row I/O    ;                 ; no       ; On           ;
; 47       ;            ; 2        ; VCCIO2                                                    ; power  ;              ; 2.5V    ; --         ;                 ; --       ; --           ;
; 48       ;            ;          ; GND                                                       ; gnd    ;              ;         ; --         ;                 ; --       ; --           ;
; 49       ; 75         ; 2        ; RESERVED_INPUT_WITH_WEAK_PULLUP                           ;        ;              ;         ; Row I/O    ;                 ; no       ; On           ;
; 50       ; 76         ; 2        ; RESERVED_INPUT_WITH_WEAK_PULLUP                           ;        ;              ;         ; Row I/O    ;                 ; no       ; On           ;
; 51       ; 77         ; 2        ; RESERVED_INPUT_WITH_WEAK_PULLUP                           ;        ;              ;         ; Row I/O    ;                 ; no       ; On           ;
; 52       ; 78         ; 2        ; RESERVED_INPUT_WITH_WEAK_PULLUP                           ;        ;              ;         ; Row I/O    ;                 ; no       ; On           ;
; 53       ;            ;          ; VCCINT                                                    ; power  ;              ; 1.2V    ; --         ;                 ; --       ; --           ;
; 54       ;            ;          ; GND                                                       ; gnd    ;              ;         ; --         ;                 ; --       ; --           ;
; 55       ; 81         ; 2        ; RESERVED_INPUT_WITH_WEAK_PULLUP                           ;        ;              ;         ; Row I/O    ;                 ; no       ; On           ;
; 56       ; 82         ; 2        ; RESERVED_INPUT_WITH_WEAK_PULLUP                           ;        ;              ;         ; Row I/O    ;                 ; no       ; On           ;
; 57       ; 83         ; 2        ; RESERVED_INPUT_WITH_WEAK_PULLUP                           ;        ;              ;         ; Row I/O    ;                 ; no       ; On           ;
; 58       ;            ; --       ; VCCA1                                                     ; power  ;              ; 2.5V    ; --         ;                 ; --       ; --           ;
; 59       ;            ;          ; GNDA1                                                     ; gnd    ;              ;         ; --         ;                 ; --       ; --           ;
; 60       ;            ;          ; VCCD_PLL1                                                 ; power  ;              ; 1.2V    ; --         ;                 ; --       ; --           ;
; 61       ;            ;          ; VCCINT                                                    ; power  ;              ; 1.2V    ; --         ;                 ; --       ; --           ;
; 62       ;            ;          ; GND                                                       ; gnd    ;              ;         ; --         ;                 ; --       ; --           ;
; 63       ; 96         ; 3        ; RESERVED_INPUT_WITH_WEAK_PULLUP                           ;        ;              ;         ; Column I/O ;                 ; no       ; On           ;
; 64       ; 98         ; 3        ; RESERVED_INPUT_WITH_WEAK_PULLUP                           ;        ;              ;         ; Column I/O ;                 ; no       ; On           ;
; 65       ; 99         ; 3        ; RESERVED_INPUT_WITH_WEAK_PULLUP                           ;        ;              ;         ; Column I/O ;                 ; no       ; On           ;
; 66       ;            ; 3        ; VCCIO3                                                    ; power  ;              ; 2.5V    ; --         ;                 ; --       ; --           ;
; 67       ;            ;          ; GND                                                       ; gnd    ;              ;         ; --         ;                 ; --       ; --           ;
; 68       ; 101        ; 3        ; RESERVED_INPUT_WITH_WEAK_PULLUP                           ;        ;              ;         ; Column I/O ;                 ; no       ; On           ;
; 69       ; 102        ; 3        ; RESERVED_INPUT_WITH_WEAK_PULLUP                           ;        ;              ;         ; Column I/O ;                 ; no       ; On           ;
; 70       ; 103        ; 3        ; RESERVED_INPUT_WITH_WEAK_PULLUP                           ;        ;              ;         ; Column I/O ;                 ; no       ; On           ;
; 71       ; 104        ; 3        ; RESERVED_INPUT_WITH_WEAK_PULLUP                           ;        ;              ;         ; Column I/O ;                 ; no       ; On           ;
; 72       ; 105        ; 3        ; RESERVED_INPUT_WITH_WEAK_PULLUP                           ;        ;              ;         ; Column I/O ;                 ; no       ; On           ;
; 73       ; 106        ; 3        ; RESERVED_INPUT_WITH_WEAK_PULLUP                           ;        ;              ;         ; Column I/O ;                 ; no       ; On           ;
; 74       ;            ;          ; VCCINT                                                    ; power  ;              ; 1.2V    ; --         ;                 ; --       ; --           ;
; 75       ;            ;          ; GND                                                       ; gnd    ;              ;         ; --         ;                 ; --       ; --           ;
; 76       ; 119        ; 3        ; RESERVED_INPUT_WITH_WEAK_PULLUP                           ;        ;              ;         ; Column I/O ;                 ; no       ; On           ;
; 77       ;            ; 3        ; VCCIO3                                                    ; power  ;              ; 2.5V    ; --         ;                 ; --       ; --           ;
; 78       ; 120        ; 3        ; RESERVED_INPUT_WITH_WEAK_PULLUP                           ;        ;              ;         ; Column I/O ;                 ; no       ; On           ;
; 79       ;            ;          ; GND                                                       ; gnd    ;              ;         ; --         ;                 ; --       ; --           ;
; 80       ; 122        ; 3        ; MA[3]                                                     ; output ; 2.5 V        ;         ; Column I/O ; N               ; no       ; Off          ;
; 81       ; 123        ; 3        ; RESERVED_INPUT_WITH_WEAK_PULLUP                           ;        ;              ;         ; Column I/O ;                 ; no       ; On           ;
; 82       ; 124        ; 3        ; RESERVED_INPUT_WITH_WEAK_PULLUP                           ;        ;              ;         ; Column I/O ;                 ; no       ; On           ;
; 83       ; 127        ; 3        ; RESERVED_INPUT_WITH_WEAK_PULLUP                           ;        ;              ;         ; Column I/O ;                 ; no       ; On           ;
; 84       ; 128        ; 3        ; RESERVED_INPUT_WITH_WEAK_PULLUP                           ;        ;              ;         ; Column I/O ;                 ; no       ; On           ;
; 85       ; 129        ; 3        ; RESERVED_INPUT_WITH_WEAK_PULLUP                           ;        ;              ;         ; Column I/O ;                 ; no       ; On           ;
; 86       ; 130        ; 3        ; CRT[5]                                                    ; output ; 2.5 V        ;         ; Column I/O ; N               ; no       ; Off          ;
; 87       ; 131        ; 3        ; RESERVED_INPUT_WITH_WEAK_PULLUP                           ;        ;              ;         ; Column I/O ;                 ; no       ; On           ;
; 88       ; 132        ; 3        ; RESERVED_INPUT_WITH_WEAK_PULLUP                           ;        ;              ;         ; Column I/O ;                 ; no       ; On           ;
; 89       ; 134        ; 3        ; GND+                                                      ;        ;              ;         ; Column I/O ;                 ; --       ; --           ;
; 90       ; 135        ; 3        ; GND+                                                      ;        ;              ;         ; Column I/O ;                 ; --       ; --           ;
; 91       ; 136        ; 4        ; GND+                                                      ;        ;              ;         ; Column I/O ;                 ; --       ; --           ;
; 92       ; 137        ; 4        ; GND+                                                      ;        ;              ;         ; Column I/O ;                 ; --       ; --           ;
; 93       ; 138        ; 4        ; RESERVED_INPUT_WITH_WEAK_PULLUP                           ;        ;              ;         ; Column I/O ;                 ; no       ; On           ;
; 94       ; 139        ; 4        ; MemRd                                                     ; input  ; 2.5 V        ;         ; Column I/O ; N               ; no       ; Off          ;
; 95       ; 141        ; 4        ; RESERVED_INPUT_WITH_WEAK_PULLUP                           ;        ;              ;         ; Column I/O ;                 ; no       ; On           ;
; 96       ;            ; 4        ; VCCIO4                                                    ; power  ;              ; 2.5V    ; --         ;                 ; --       ; --           ;
; 97       ;            ;          ; GND                                                       ; gnd    ;              ;         ; --         ;                 ; --       ; --           ;
; 98       ; 143        ; 4        ; CRT[7]                                                    ; output ; 2.5 V        ;         ; Column I/O ; N               ; no       ; Off          ;
; 99       ; 144        ; 4        ; MA[5]                                                     ; output ; 2.5 V        ;         ; Column I/O ; N               ; no       ; Off          ;
; 100      ; 145        ; 4        ; MDRin                                                     ; input  ; 2.5 V        ;         ; Column I/O ; N               ; no       ; Off          ;
; 101      ; 146        ; 4        ; Zout                                                      ; input  ; 2.5 V        ;         ; Column I/O ; N               ; no       ; Off          ;
; 102      ; 147        ; 4        ; CRT[2]                                                    ; output ; 2.5 V        ;         ; Column I/O ; N               ; no       ; Off          ;
; 103      ; 148        ; 4        ; GRsel                                                     ; input  ; 2.5 V        ;         ; Column I/O ; N               ; no       ; Off          ;
; 104      ;            ; 4        ; VCCIO4                                                    ; power  ;              ; 2.5V    ; --         ;                 ; --       ; --           ;
; 105      ;            ;          ; GND                                                       ; gnd    ;              ;         ; --         ;                 ; --       ; --           ;
; 106      ; 154        ; 4        ; Yin                                                       ; input  ; 2.5 V        ;         ; Column I/O ; N               ; no       ; Off          ;
; 107      ; 155        ; 4        ; IR[7]                                                     ; output ; 2.5 V        ;         ; Column I/O ; N               ; no       ; Off          ;
; 108      ; 156        ; 4        ; MDRout                                                    ; input  ; 2.5 V        ;         ; Column I/O ; N               ; no       ; Off          ;
; 109      ; 157        ; 4        ; IRin                                                      ; input  ; 2.5 V        ;         ; Column I/O ; N               ; no       ; Off          ;
; 110      ; 163        ; 4        ; RESERVED_INPUT_WITH_WEAK_PULLUP                           ;        ;              ;         ; Column I/O ;                 ; no       ; On           ;
; 111      ; 164        ; 4        ; PCin                                                      ; input  ; 2.5 V        ;         ; Column I/O ; N               ; no       ; Off          ;
; 112      ; 165        ; 4        ; RESERVED_INPUT_WITH_WEAK_PULLUP                           ;        ;              ;         ; Column I/O ;                 ; no       ; On           ;
; 113      ; 167        ; 4        ; GRin                                                      ; input  ; 2.5 V        ;         ; Column I/O ; N               ; no       ; Off          ;
; 114      ; 168        ; 4        ; RESERVED_INPUT_WITH_WEAK_PULLUP                           ;        ;              ;         ; Column I/O ;                 ; no       ; On           ;
; 115      ;            ;          ; VCCINT                                                    ; power  ;              ; 1.2V    ; --         ;                 ; --       ; --           ;
; 116      ;            ;          ; GND                                                       ; gnd    ;              ;         ; --         ;                 ; --       ; --           ;
; 117      ; 171        ; 4        ; CRT[1]                                                    ; output ; 2.5 V        ;         ; Column I/O ; N               ; no       ; Off          ;
; 118      ; 172        ; 4        ; RESERVED_INPUT_WITH_WEAK_PULLUP                           ;        ;              ;         ; Column I/O ;                 ; no       ; On           ;
; 119      ; 173        ; 4        ; RESERVED_INPUT_WITH_WEAK_PULLUP                           ;        ;              ;         ; Column I/O ;                 ; no       ; On           ;
; 120      ; 174        ; 4        ; RESERVED_INPUT_WITH_WEAK_PULLUP                           ;        ;              ;         ; Column I/O ;                 ; no       ; On           ;
; 121      ;            ;          ; VCCD_PLL4                                                 ; power  ;              ; 1.2V    ; --         ;                 ; --       ; --           ;
; 122      ;            ;          ; GNDA4                                                     ; gnd    ;              ;         ; --         ;                 ; --       ; --           ;
; 123      ;            ; --       ; VCCA4                                                     ; power  ;              ; 2.5V    ; --         ;                 ; --       ; --           ;
; 124      ;            ; 5        ; VCCIO5                                                    ; power  ;              ; 2.5V    ; --         ;                 ; --       ; --           ;
; 125      ;            ;          ; GND                                                       ; gnd    ;              ;         ; --         ;                 ; --       ; --           ;
; 126      ; 181        ; 5        ; RESERVED_INPUT_WITH_WEAK_PULLUP                           ;        ;              ;         ; Row I/O    ;                 ; no       ; On           ;
; 127      ; 182        ; 5        ; RESERVED_INPUT_WITH_WEAK_PULLUP                           ;        ;              ;         ; Row I/O    ;                 ; no       ; On           ;
; 128      ; 183        ; 5        ; RESERVED_INPUT_WITH_WEAK_PULLUP                           ;        ;              ;         ; Row I/O    ;                 ; no       ; On           ;
; 129      ;            ;          ; VCCINT                                                    ; power  ;              ; 1.2V    ; --         ;                 ; --       ; --           ;
; 130      ;            ;          ; GND                                                       ; gnd    ;              ;         ; --         ;                 ; --       ; --           ;
; 131      ; 190        ; 5        ; MQ[5]                                                     ; output ; 2.5 V        ;         ; Row I/O    ; N               ; no       ; Off          ;
; 132      ; 191        ; 5        ; RESERVED_INPUT_WITH_WEAK_PULLUP                           ;        ;              ;         ; Row I/O    ;                 ; no       ; On           ;
; 133      ; 194        ; 5        ; RESERVED_INPUT_WITH_WEAK_PULLUP                           ;        ;              ;         ; Row I/O    ;                 ; no       ; On           ;
; 134      ; 202        ; 5        ; MQ[7]                                                     ; output ; 2.5 V        ;         ; Row I/O    ; N               ; no       ; Off          ;
; 135      ; 203        ; 5        ; CRT[4]                                                    ; output ; 2.5 V        ;         ; Row I/O    ; N               ; no       ; Off          ;
; 136      ;            ; 5        ; VCCIO5                                                    ; power  ;              ; 2.5V    ; --         ;                 ; --       ; --           ;
; 137      ; 204        ; 5        ; op[0]                                                     ; input  ; 2.5 V        ;         ; Row I/O    ; N               ; no       ; Off          ;
; 138      ;            ;          ; GND                                                       ; gnd    ;              ;         ; --         ;                 ; --       ; --           ;
; 139      ; 208        ; 5        ; MQ[0]                                                     ; output ; 2.5 V        ;         ; Row I/O    ; N               ; no       ; Off          ;
; 140      ;            ;          ; VCCINT                                                    ; power  ;              ; 1.2V    ; --         ;                 ; --       ; --           ;
; 141      ;            ;          ; GND                                                       ; gnd    ;              ;         ; --         ;                 ; --       ; --           ;
; 142      ; 214        ; 5        ; MA[0]                                                     ; output ; 2.5 V        ;         ; Row I/O    ; N               ; no       ; Off          ;
; 143      ; 215        ; 5        ; MQ[1]                                                     ; output ; 2.5 V        ;         ; Row I/O    ; N               ; no       ; Off          ;
; 144      ; 216        ; 5        ; MQ[4]                                                     ; output ; 2.5 V        ;         ; Row I/O    ; N               ; no       ; Off          ;
; 145      ; 217        ; 5        ; RESERVED_INPUT_WITH_WEAK_PULLUP                           ;        ;              ;         ; Row I/O    ;                 ; no       ; On           ;
; 146      ; 220        ; 5        ; RESERVED_INPUT_WITH_WEAK_PULLUP                           ;        ;              ;         ; Row I/O    ;                 ; no       ; On           ;
; 147      ; 221        ; 5        ; PC[5]                                                     ; output ; 2.5 V        ;         ; Row I/O    ; N               ; no       ; Off          ;
; 148      ; 222        ; 5        ; MA[2]                                                     ; output ; 2.5 V        ;         ; Row I/O    ; N               ; no       ; Off          ;
; 149      ; 223        ; 5        ; GND+                                                      ;        ;              ;         ; Row I/O    ;                 ; --       ; --           ;
; 150      ; 224        ; 5        ; GND+                                                      ;        ;              ;         ; Row I/O    ;                 ; --       ; --           ;
; 151      ; 225        ; 6        ; GND+                                                      ;        ;              ;         ; Row I/O    ;                 ; --       ; --           ;
; 152      ; 226        ; 6        ; GND+                                                      ;        ;              ;         ; Row I/O    ;                 ; --       ; --           ;
; 153      ; 227        ; 6        ; ^CONF_DONE                                                ;        ;              ;         ; --         ;                 ; --       ; --           ;
; 154      ;            ; 6        ; VCCIO6                                                    ; power  ;              ; 2.5V    ; --         ;                 ; --       ; --           ;
; 155      ; 228        ; 6        ; ^MSEL0                                                    ;        ;              ;         ; --         ;                 ; --       ; --           ;
; 156      ;            ;          ; GND                                                       ; gnd    ;              ;         ; --         ;                 ; --       ; --           ;
; 157      ; 229        ; 6        ; ^MSEL1                                                    ;        ;              ;         ; --         ;                 ; --       ; --           ;
; 158      ; 230        ; 6        ; ^MSEL2                                                    ;        ;              ;         ; --         ;                 ; --       ; --           ;
; 158      ; 231        ; 6        ; ^MSEL3                                                    ;        ;              ;         ; --         ;                 ; --       ; --           ;
; 159      ; 234        ; 6        ; op[1]                                                     ; input  ; 2.5 V        ;         ; Row I/O    ; N               ; no       ; Off          ;
; 160      ; 235        ; 6        ; CRT[3]                                                    ; output ; 2.5 V        ;         ; Row I/O    ; N               ; no       ; Off          ;
; 161      ; 237        ; 6        ; PC[2]                                                     ; output ; 2.5 V        ;         ; Row I/O    ; N               ; no       ; Off          ;
; 162      ; 239        ; 6        ; ~ALTERA_nCEO~ / RESERVED_OUTPUT_OPEN_DRAIN                ; output ; 2.5 V        ;         ; Row I/O    ; N               ; no       ; Off          ;
; 163      ;            ;          ; VCCINT                                                    ; power  ;              ; 1.2V    ; --         ;                 ; --       ; --           ;
; 164      ; 240        ; 6        ; PC[6]                                                     ; output ; 2.5 V        ;         ; Row I/O    ; N               ; no       ; Off          ;
; 165      ;            ;          ; GND                                                       ; gnd    ;              ;         ; --         ;                 ; --       ; --           ;
; 166      ; 241        ; 6        ; RESERVED_INPUT_WITH_WEAK_PULLUP                           ;        ;              ;         ; Row I/O    ;                 ; no       ; On           ;
; 167      ; 255        ; 6        ; MA[1]                                                     ; output ; 2.5 V        ;         ; Row I/O    ; N               ; no       ; Off          ;
; 168      ; 256        ; 6        ; MQ[6]                                                     ; output ; 2.5 V        ;         ; Row I/O    ; N               ; no       ; Off          ;
; 169      ; 257        ; 6        ; PC[7]                                                     ; output ; 2.5 V        ;         ; Row I/O    ; N               ; no       ; Off          ;
; 170      ;            ; 6        ; VCCIO6                                                    ; power  ;              ; 2.5V    ; --         ;                 ; --       ; --           ;
; 171      ; 260        ; 6        ; MQ[2]                                                     ; output ; 2.5 V        ;         ; Row I/O    ; N               ; no       ; Off          ;
; 172      ;            ;          ; GND                                                       ; gnd    ;              ;         ; --         ;                 ; --       ; --           ;
; 173      ; 261        ; 6        ; PC[1]                                                     ; output ; 2.5 V        ;         ; Row I/O    ; N               ; no       ; Off          ;
; 174      ; 262        ; 6        ; PC[3]                                                     ; output ; 2.5 V        ;         ; Row I/O    ; N               ; no       ; Off          ;
; 175      ; 263        ; 6        ; IR[4]                                                     ; output ; 2.5 V        ;         ; Row I/O    ; N               ; no       ; Off          ;
; 176      ; 270        ; 6        ; MA[6]                                                     ; output ; 2.5 V        ;         ; Row I/O    ; N               ; no       ; Off          ;
; 177      ; 271        ; 6        ; RESERVED_INPUT_WITH_WEAK_PULLUP                           ;        ;              ;         ; Row I/O    ;                 ; no       ; On           ;
; 178      ;            ; --       ; VCCA2                                                     ; power  ;              ; 2.5V    ; --         ;                 ; --       ; --           ;
; 179      ;            ;          ; GNDA2                                                     ; gnd    ;              ;         ; --         ;                 ; --       ; --           ;
; 180      ;            ;          ; VCCD_PLL2                                                 ; power  ;              ; 1.2V    ; --         ;                 ; --       ; --           ;
; 181      ; 275        ; 7        ; RESERVED_INPUT_WITH_WEAK_PULLUP                           ;        ;              ;         ; Column I/O ;                 ; no       ; On           ;
; 182      ; 278        ; 7        ; RESERVED_INPUT_WITH_WEAK_PULLUP                           ;        ;              ;         ; Column I/O ;                 ; no       ; On           ;
; 183      ; 279        ; 7        ; RESERVED_INPUT_WITH_WEAK_PULLUP                           ;        ;              ;         ; Column I/O ;                 ; no       ; On           ;
; 184      ; 281        ; 7        ; RD[0]                                                     ; output ; 2.5 V        ;         ; Column I/O ; N               ; no       ; Off          ;
; 185      ; 284        ; 7        ; RESERVED_INPUT_WITH_WEAK_PULLUP                           ;        ;              ;         ; Column I/O ;                 ; no       ; On           ;
; 186      ; 285        ; 7        ; IR[0]                                                     ; output ; 2.5 V        ;         ; Column I/O ; N               ; no       ; Off          ;
; 187      ; 289        ; 7        ; MARin                                                     ; input  ; 2.5 V        ;         ; Column I/O ; N               ; no       ; Off          ;
; 188      ; 290        ; 7        ; RS[0]                                                     ; output ; 2.5 V        ;         ; Column I/O ; N               ; no       ; Off          ;
; 189      ; 291        ; 7        ; IR[2]                                                     ; output ; 2.5 V        ;         ; Column I/O ; N               ; no       ; Off          ;
; 190      ;            ;          ; VCCINT                                                    ; power  ;              ; 1.2V    ; --         ;                 ; --       ; --           ;
; 191      ;            ;          ; GND                                                       ; gnd    ;              ;         ; --         ;                 ; --       ; --           ;
; 192      ;            ; 7        ; VCCIO7                                                    ; power  ;              ; 2.5V    ; --         ;                 ; --       ; --           ;
; 193      ;            ;          ; GND                                                       ; gnd    ;              ;         ; --         ;                 ; --       ; --           ;
; 194      ; 297        ; 7        ; Zin                                                       ; input  ; 2.5 V        ;         ; Column I/O ; N               ; no       ; Off          ;
; 195      ; 300        ; 7        ; IR[1]                                                     ; output ; 2.5 V        ;         ; Column I/O ; N               ; no       ; Off          ;
; 196      ; 301        ; 7        ; IR[5]                                                     ; output ; 2.5 V        ;         ; Column I/O ; N               ; no       ; Off          ;
; 197      ; 302        ; 7        ; GRout                                                     ; input  ; 2.5 V        ;         ; Column I/O ; N               ; no       ; Off          ;
; 198      ; 303        ; 7        ; CRT[0]                                                    ; output ; 2.5 V        ;         ; Column I/O ; N               ; no       ; Off          ;
; 199      ; 304        ; 7        ; PC[0]                                                     ; output ; 2.5 V        ;         ; Column I/O ; N               ; no       ; Off          ;
; 200      ; 306        ; 7        ; MA[4]                                                     ; output ; 2.5 V        ;         ; Column I/O ; N               ; no       ; Off          ;
; 201      ; 308        ; 7        ; CRT[6]                                                    ; output ; 2.5 V        ;         ; Column I/O ; N               ; no       ; Off          ;
; 202      ; 309        ; 7        ; MQ[3]                                                     ; output ; 2.5 V        ;         ; Column I/O ; N               ; no       ; Off          ;
; 203      ; 310        ; 7        ; PC_1                                                      ; input  ; 2.5 V        ;         ; Column I/O ; N               ; no       ; Off          ;
; 204      ;            ;          ; VCCINT                                                    ; power  ;              ; 1.2V    ; --         ;                 ; --       ; --           ;
; 205      ;            ;          ; GND                                                       ; gnd    ;              ;         ; --         ;                 ; --       ; --           ;
; 206      ;            ; 7        ; VCCIO7                                                    ; power  ;              ; 2.5V    ; --         ;                 ; --       ; --           ;
; 207      ; 315        ; 7        ; PC[4]                                                     ; output ; 2.5 V        ;         ; Column I/O ; N               ; no       ; Off          ;
; 208      ;            ;          ; GND                                                       ; gnd    ;              ;         ; --         ;                 ; --       ; --           ;
; 209      ; 319        ; 7        ; GND+                                                      ;        ;              ;         ; Column I/O ;                 ; --       ; --           ;
; 210      ; 320        ; 7        ; GND+                                                      ;        ;              ;         ; Column I/O ;                 ; --       ; --           ;
; 211      ; 321        ; 8        ; GND+                                                      ;        ;              ;         ; Column I/O ;                 ; --       ; --           ;
; 212      ; 322        ; 8        ; GND+                                                      ;        ;              ;         ; Column I/O ;                 ; --       ; --           ;
; 213      ;            ; 8        ; VCCIO8                                                    ; power  ;              ; 2.5V    ; --         ;                 ; --       ; --           ;
; 214      ; 329        ; 8        ; RESERVED_INPUT_WITH_WEAK_PULLUP                           ;        ;              ;         ; Column I/O ;                 ; no       ; On           ;
; 215      ;            ;          ; GND                                                       ; gnd    ;              ;         ; --         ;                 ; --       ; --           ;
; 216      ; 330        ; 8        ; RESERVED_INPUT_WITH_WEAK_PULLUP                           ;        ;              ;         ; Column I/O ;                 ; no       ; On           ;
; 217      ; 331        ; 8        ; RESERVED_INPUT_WITH_WEAK_PULLUP                           ;        ;              ;         ; Column I/O ;                 ; no       ; On           ;
; 218      ; 332        ; 8        ; IR[3]                                                     ; output ; 2.5 V        ;         ; Column I/O ; N               ; no       ; Off          ;
; 219      ; 333        ; 8        ; RESERVED_INPUT_WITH_WEAK_PULLUP                           ;        ;              ;         ; Column I/O ;                 ; no       ; On           ;
; 220      ; 334        ; 8        ; RESERVED_INPUT_WITH_WEAK_PULLUP                           ;        ;              ;         ; Column I/O ;                 ; no       ; On           ;
; 221      ; 335        ; 8        ; RS[1]                                                     ; output ; 2.5 V        ;         ; Column I/O ; N               ; no       ; Off          ;
; 222      ; 336        ; 8        ; RESERVED_INPUT_WITH_WEAK_PULLUP                           ;        ;              ;         ; Column I/O ;                 ; no       ; On           ;
; 223      ; 338        ; 8        ; RESERVED_INPUT_WITH_WEAK_PULLUP                           ;        ;              ;         ; Column I/O ;                 ; no       ; On           ;
; 224      ; 339        ; 8        ; RESERVED_INPUT_WITH_WEAK_PULLUP                           ;        ;              ;         ; Column I/O ;                 ; no       ; On           ;
; 225      ;            ; 8        ; VCCIO8                                                    ; power  ;              ; 2.5V    ; --         ;                 ; --       ; --           ;
; 226      ; 345        ; 8        ; RESERVED_INPUT_WITH_WEAK_PULLUP                           ;        ;              ;         ; Column I/O ;                 ; no       ; On           ;
; 227      ;            ;          ; GND                                                       ; gnd    ;              ;         ; --         ;                 ; --       ; --           ;
; 228      ;            ;          ; VCCINT                                                    ; power  ;              ; 1.2V    ; --         ;                 ; --       ; --           ;
; 229      ;            ;          ; GND                                                       ; gnd    ;              ;         ; --         ;                 ; --       ; --           ;
; 230      ; 347        ; 8        ; RESERVED_INPUT_WITH_WEAK_PULLUP                           ;        ;              ;         ; Column I/O ;                 ; no       ; On           ;
; 231      ; 348        ; 8        ; MA[7]                                                     ; output ; 2.5 V        ;         ; Column I/O ; N               ; no       ; Off          ;
; 232      ; 349        ; 8        ; RD[1]                                                     ; output ; 2.5 V        ;         ; Column I/O ; N               ; no       ; Off          ;
; 233      ; 352        ; 8        ; RESERVED_INPUT_WITH_WEAK_PULLUP                           ;        ;              ;         ; Column I/O ;                 ; no       ; On           ;
; 234      ; 354        ; 8        ; RESERVED_INPUT_WITH_WEAK_PULLUP                           ;        ;              ;         ; Column I/O ;                 ; no       ; On           ;
; 235      ; 356        ; 8        ; RESERVED_INPUT_WITH_WEAK_PULLUP                           ;        ;              ;         ; Column I/O ;                 ; no       ; On           ;
; 236      ; 359        ; 8        ; RESERVED_INPUT_WITH_WEAK_PULLUP                           ;        ;              ;         ; Column I/O ;                 ; no       ; On           ;
; 237      ; 360        ; 8        ; RESERVED_INPUT_WITH_WEAK_PULLUP                           ;        ;              ;         ; Column I/O ;                 ; no       ; On           ;
; 238      ; 361        ; 8        ; RESERVED_INPUT_WITH_WEAK_PULLUP                           ;        ;              ;         ; Column I/O ;                 ; no       ; On           ;
; 239      ; 362        ; 8        ; RESERVED_INPUT_WITH_WEAK_PULLUP                           ;        ;              ;         ; Column I/O ;                 ; no       ; On           ;
; 240      ; 363        ; 8        ; RESERVED_INPUT_WITH_WEAK_PULLUP                           ;        ;              ;         ; Column I/O ;                 ; no       ; On           ;
+----------+------------+----------+-----------------------------------------------------------+--------+--------------+---------+------------+-----------------+----------+--------------+
Note: Pin directions (input, output or bidir) are based on device operating in user mode.


+-------------------------------------------------------------------------------+
; Output Pin Default Load For Reported TCO                                      ;
+----------------------------------+-------+------------------------------------+
; I/O Standard                     ; Load  ; Termination Resistance             ;
+----------------------------------+-------+------------------------------------+
; 3.0-V LVTTL                      ; 0 pF  ; Not Available                      ;
; 3.3-V LVTTL                      ; 0 pF  ; Not Available                      ;
; 3.0-V LVCMOS                     ; 0 pF  ; Not Available                      ;
; 3.3-V LVCMOS                     ; 0 pF  ; Not Available                      ;
; 3.0-V PCI                        ; 10 pF ; Not Available                      ;
; 3.0-V PCI-X                      ; 10 pF ; Not Available                      ;
; 2.5 V                            ; 0 pF  ; Not Available                      ;
; 1.8 V                            ; 0 pF  ; Not Available                      ;
; 1.5 V                            ; 0 pF  ; Not Available                      ;
; 1.2 V                            ; 0 pF  ; Not Available                      ;
; SSTL-2 Class I                   ; 0 pF  ; 50 Ohm (Parallel), 25 Ohm (Serial) ;
; Differential 2.5-V SSTL Class I  ; 0 pF  ; (See SSTL-2)                       ;
; SSTL-2 Class II                  ; 0 pF  ; 25 Ohm (Parallel), 25 Ohm (Serial) ;
; Differential 2.5-V SSTL Class II ; 0 pF  ; (See SSTL-2 Class II)              ;
; SSTL-18 Class I                  ; 0 pF  ; 50 Ohm (Parallel), 25 Ohm (Serial) ;
; Differential 1.8-V SSTL Class I  ; 0 pF  ; (See 1.8-V SSTL Class I)           ;
; SSTL-18 Class II                 ; 0 pF  ; 25 Ohm (Parallel), 25 Ohm (Serial) ;
; Differential 1.8-V SSTL Class II ; 0 pF  ; (See 1.8-V SSTL Class II)          ;
; 1.8-V HSTL Class I               ; 0 pF  ; 50 Ohm (Parallel)                  ;
; Differential 1.8-V HSTL Class I  ; 0 pF  ; (See 1.8-V HSTL Class I)           ;
; 1.8-V HSTL Class II              ; 0 pF  ; 25 Ohm (Parallel)                  ;
; Differential 1.8-V HSTL Class II ; 0 pF  ; (See 1.8-V HSTL Class II)          ;
; 1.5-V HSTL Class I               ; 0 pF  ; 50 Ohm (Parallel)                  ;
; Differential 1.5-V HSTL Class I  ; 0 pF  ; (See 1.5-V HSTL Class I)           ;
; 1.5-V HSTL Class II              ; 0 pF  ; 25 Ohm (Parallel)                  ;
; Differential 1.5-V HSTL Class II ; 0 pF  ; (See 1.5-V HSTL Class II)          ;
; 1.2-V HSTL Class I               ; 0 pF  ; Not Available                      ;
; Differential 1.2-V HSTL Class I  ; 0 pF  ; Not Available                      ;
; 1.2-V HSTL Class II              ; 0 pF  ; Not Available                      ;
; Differential 1.2-V HSTL Class II ; 0 pF  ; Not Available                      ;
; Differential LVPECL              ; 0 pF  ; 100 Ohm (Differential)             ;
; LVDS                             ; 0 pF  ; 100 Ohm (Differential)             ;
; LVDS_E_3R                        ; 0 pF  ; Not Available                      ;
; RSDS                             ; 0 pF  ; 100 Ohm (Differential)             ;
; RSDS_E_1R                        ; 0 pF  ; Not Available                      ;
; RSDS_E_3R                        ; 0 pF  ; Not Available                      ;
; mini-LVDS                        ; 0 pF  ; 100 Ohm (Differential)             ;
; mini-LVDS_E_3R                   ; 0 pF  ; Not Available                      ;
; PPDS                             ; 0 pF  ; Not Available                      ;
; PPDS_E_3R                        ; 0 pF  ; Not Available                      ;
; Bus LVDS                         ; 0 pF  ; Not Available                      ;
+----------------------------------+-------+------------------------------------+
Note: User assignments will override these defaults. The user specified values are listed in the Output Pins and Bidir Pins tables.


+-----------------------------------------------------------------------------------------------------------------------------------------------------------------------------------------------------------------------------------------------------------------------------------------------------------------------------------------------------------------+
; Fitter Resource Utilization by Entity                                                                                                                                                                                                                                                                                                                           ;
+----------------------------------------------+-------------+---------------------------+---------------+-------------+------+--------------+---------+-----------+------+--------------+--------------+-------------------+------------------+---------------------------------------------------------------------------------------------------+--------------+
; Compilation Hierarchy Node                   ; Logic Cells ; Dedicated Logic Registers ; I/O Registers ; Memory Bits ; M9Ks ; DSP Elements ; DSP 9x9 ; DSP 18x18 ; Pins ; Virtual Pins ; LUT-Only LCs ; Register-Only LCs ; LUT/Register LCs ; Full Hierarchy Name                                                                               ; Library Name ;
+----------------------------------------------+-------------+---------------------------+---------------+-------------+------+--------------+---------+-----------+------+--------------+--------------+-------------------+------------------+---------------------------------------------------------------------------------------------------+--------------+
; |DataPath                                    ; 120 (0)     ; 80 (0)                    ; 0 (0)         ; 2048        ; 1    ; 0            ; 0       ; 0         ; 62   ; 0            ; 40 (0)       ; 22 (0)            ; 58 (0)           ; |DataPath                                                                                         ; work         ;
;    |ALU:inst|                                ; 16 (0)      ; 0 (0)                     ; 0 (0)         ; 0           ; 0    ; 0            ; 0       ; 0         ; 0    ; 0            ; 8 (0)        ; 0 (0)             ; 8 (0)            ; |DataPath|ALU:inst                                                                                ; work         ;
;       |lpm_add_sub1:inst|                    ; 8 (0)       ; 0 (0)                     ; 0 (0)         ; 0           ; 0    ; 0            ; 0       ; 0         ; 0    ; 0            ; 8 (0)        ; 0 (0)             ; 0 (0)            ; |DataPath|ALU:inst|lpm_add_sub1:inst                                                              ; work         ;
;          |lpm_add_sub:lpm_add_sub_component| ; 8 (0)       ; 0 (0)                     ; 0 (0)         ; 0           ; 0    ; 0            ; 0       ; 0         ; 0    ; 0            ; 8 (0)        ; 0 (0)             ; 0 (0)            ; |DataPath|ALU:inst|lpm_add_sub1:inst|lpm_add_sub:lpm_add_sub_component                            ; work         ;
;             |add_sub_0qh:auto_generated|     ; 8 (8)       ; 0 (0)                     ; 0 (0)         ; 0           ; 0    ; 0            ; 0       ; 0         ; 0    ; 0            ; 8 (8)        ; 0 (0)             ; 0 (0)            ; |DataPath|ALU:inst|lpm_add_sub1:inst|lpm_add_sub:lpm_add_sub_component|add_sub_0qh:auto_generated ; work         ;
;       |lpm_mux1:inst4|                       ; 8 (0)       ; 0 (0)                     ; 0 (0)         ; 0           ; 0    ; 0            ; 0       ; 0         ; 0    ; 0            ; 0 (0)        ; 0 (0)             ; 8 (0)            ; |DataPath|ALU:inst|lpm_mux1:inst4                                                                 ; work         ;
;          |lpm_mux:lpm_mux_component|         ; 8 (0)       ; 0 (0)                     ; 0 (0)         ; 0           ; 0    ; 0            ; 0       ; 0         ; 0    ; 0            ; 0 (0)        ; 0 (0)             ; 8 (0)            ; |DataPath|ALU:inst|lpm_mux1:inst4|lpm_mux:lpm_mux_component                                       ; work         ;
;             |mux_8qc:auto_generated|         ; 8 (8)       ; 0 (0)                     ; 0 (0)         ; 0           ; 0    ; 0            ; 0       ; 0         ; 0    ; 0            ; 0 (0)        ; 0 (0)             ; 8 (8)            ; |DataPath|ALU:inst|lpm_mux1:inst4|lpm_mux:lpm_mux_component|mux_8qc:auto_generated                ; work         ;
;    |GPRs:inst7|                              ; 36 (0)      ; 32 (0)                    ; 0 (0)         ; 0           ; 0    ; 0            ; 0       ; 0         ; 0    ; 0            ; 0 (0)        ; 14 (0)            ; 22 (0)           ; |DataPath|GPRs:inst7                                                                              ;              ;
;       |lpm_decode0:inst9|                    ; 4 (0)       ; 0 (0)                     ; 0 (0)         ; 0           ; 0    ; 0            ; 0       ; 0         ; 0    ; 0            ; 0 (0)        ; 0 (0)             ; 4 (0)            ; |DataPath|GPRs:inst7|lpm_decode0:inst9                                                            ; work         ;
;          |lpm_decode:lpm_decode_component|   ; 4 (0)       ; 0 (0)                     ; 0 (0)         ; 0           ; 0    ; 0            ; 0       ; 0         ; 0    ; 0            ; 0 (0)        ; 0 (0)             ; 4 (0)            ; |DataPath|GPRs:inst7|lpm_decode0:inst9|lpm_decode:lpm_decode_component                            ; work         ;
;             |decode_7uf:auto_generated|      ; 4 (4)       ; 0 (0)                     ; 0 (0)         ; 0           ; 0    ; 0            ; 0       ; 0         ; 0    ; 0            ; 0 (0)        ; 0 (0)             ; 4 (4)            ; |DataPath|GPRs:inst7|lpm_decode0:inst9|lpm_decode:lpm_decode_component|decode_7uf:auto_generated  ; work         ;
;       |lpm_dff0:inst|                        ; 8 (0)       ; 8 (0)                     ; 0 (0)         ; 0           ; 0    ; 0            ; 0       ; 0         ; 0    ; 0            ; 0 (0)        ; 0 (0)             ; 8 (0)            ; |DataPath|GPRs:inst7|lpm_dff0:inst                                                                ;              ;
;          |lpm_ff:lpm_ff_component|           ; 8 (8)       ; 8 (8)                     ; 0 (0)         ; 0           ; 0    ; 0            ; 0       ; 0         ; 0    ; 0            ; 0 (0)        ; 0 (0)             ; 8 (8)            ; |DataPath|GPRs:inst7|lpm_dff0:inst|lpm_ff:lpm_ff_component                                        ; work         ;
;       |lpm_dff1:inst10|                      ; 8 (0)       ; 8 (0)                     ; 0 (0)         ; 0           ; 0    ; 0            ; 0       ; 0         ; 0    ; 0            ; 0 (0)        ; 7 (0)             ; 1 (0)            ; |DataPath|GPRs:inst7|lpm_dff1:inst10                                                              ; work         ;
;          |lpm_ff:lpm_ff_component|           ; 8 (8)       ; 8 (8)                     ; 0 (0)         ; 0           ; 0    ; 0            ; 0       ; 0         ; 0    ; 0            ; 0 (0)        ; 7 (7)             ; 1 (1)            ; |DataPath|GPRs:inst7|lpm_dff1:inst10|lpm_ff:lpm_ff_component                                      ; work         ;
;       |lpm_dff2:inst11|                      ; 8 (0)       ; 8 (0)                     ; 0 (0)         ; 0           ; 0    ; 0            ; 0       ; 0         ; 0    ; 0            ; 0 (0)        ; 7 (0)             ; 1 (0)            ; |DataPath|GPRs:inst7|lpm_dff2:inst11                                                              ; work         ;
;          |lpm_ff:lpm_ff_component|           ; 8 (8)       ; 8 (8)                     ; 0 (0)         ; 0           ; 0    ; 0            ; 0       ; 0         ; 0    ; 0            ; 0 (0)        ; 7 (7)             ; 1 (1)            ; |DataPath|GPRs:inst7|lpm_dff2:inst11|lpm_ff:lpm_ff_component                                      ; work         ;
;       |lpm_dff3:inst12|                      ; 8 (0)       ; 8 (0)                     ; 0 (0)         ; 0           ; 0    ; 0            ; 0       ; 0         ; 0    ; 0            ; 0 (0)        ; 0 (0)             ; 8 (0)            ; |DataPath|GPRs:inst7|lpm_dff3:inst12                                                              ; work         ;
;          |lpm_ff:lpm_ff_component|           ; 8 (8)       ; 8 (8)                     ; 0 (0)         ; 0           ; 0    ; 0            ; 0       ; 0         ; 0    ; 0            ; 0 (0)        ; 0 (0)             ; 8 (8)            ; |DataPath|GPRs:inst7|lpm_dff3:inst12|lpm_ff:lpm_ff_component                                      ; work         ;
;       |lpm_mux0:inst13|                      ; 16 (0)      ; 0 (0)                     ; 0 (0)         ; 0           ; 0    ; 0            ; 0       ; 0         ; 0    ; 0            ; 0 (0)        ; 0 (0)             ; 16 (0)           ; |DataPath|GPRs:inst7|lpm_mux0:inst13                                                              ;              ;
;          |lpm_mux:lpm_mux_component|         ; 16 (0)      ; 0 (0)                     ; 0 (0)         ; 0           ; 0    ; 0            ; 0       ; 0         ; 0    ; 0            ; 0 (0)        ; 0 (0)             ; 16 (0)           ; |DataPath|GPRs:inst7|lpm_mux0:inst13|lpm_mux:lpm_mux_component                                    ;              ;
;             |mux_8qc:auto_generated|         ; 16 (16)     ; 0 (0)                     ; 0 (0)         ; 0           ; 0    ; 0            ; 0       ; 0         ; 0    ; 0            ; 0 (0)        ; 0 (0)             ; 16 (16)          ; |DataPath|GPRs:inst7|lpm_mux0:inst13|lpm_mux:lpm_mux_component|mux_8qc:auto_generated             ;              ;
;    |lpm_bustri0:inst16|                      ; 27 (0)      ; 0 (0)                     ; 0 (0)         ; 0           ; 0    ; 0            ; 0       ; 0         ; 0    ; 0            ; 19 (0)       ; 0 (0)             ; 8 (0)            ; |DataPath|lpm_bustri0:inst16                                                                      ;              ;
;       |lpm_bustri:lpm_bustri_component|      ; 27 (27)     ; 0 (0)                     ; 0 (0)         ; 0           ; 0    ; 0            ; 0       ; 0         ; 0    ; 0            ; 19 (19)      ; 0 (0)             ; 8 (8)            ; |DataPath|lpm_bustri0:inst16|lpm_bustri:lpm_bustri_component                                      ; work         ;
;    |lpm_bustri0:inst18|                      ; 6 (0)       ; 0 (0)                     ; 0 (0)         ; 0           ; 0    ; 0            ; 0       ; 0         ; 0    ; 0            ; 0 (0)        ; 0 (0)             ; 6 (0)            ; |DataPath|lpm_bustri0:inst18                                                                      ; work         ;
;       |lpm_bustri:lpm_bustri_component|      ; 6 (6)       ; 0 (0)                     ; 0 (0)         ; 0           ; 0    ; 0            ; 0       ; 0         ; 0    ; 0            ; 0 (0)        ; 0 (0)             ; 6 (6)            ; |DataPath|lpm_bustri0:inst18|lpm_bustri:lpm_bustri_component                                      ; work         ;
;    |lpm_counter0:inst10|                     ; 18 (0)      ; 8 (0)                     ; 0 (0)         ; 0           ; 0    ; 0            ; 0       ; 0         ; 0    ; 0            ; 10 (0)       ; 0 (0)             ; 8 (0)            ; |DataPath|lpm_counter0:inst10                                                                     ; work         ;
;       |lpm_counter:lpm_counter_component|    ; 18 (0)      ; 8 (0)                     ; 0 (0)         ; 0           ; 0    ; 0            ; 0       ; 0         ; 0    ; 0            ; 10 (0)       ; 0 (0)             ; 8 (0)            ; |DataPath|lpm_counter0:inst10|lpm_counter:lpm_counter_component                                   ; work         ;
;          |cntr_tqj:auto_generated|           ; 18 (18)     ; 8 (8)                     ; 0 (0)         ; 0           ; 0    ; 0            ; 0       ; 0         ; 0    ; 0            ; 10 (10)      ; 0 (0)             ; 8 (8)            ; |DataPath|lpm_counter0:inst10|lpm_counter:lpm_counter_component|cntr_tqj:auto_generated           ; work         ;
;    |lpm_dff4:inst11|                         ; 8 (0)       ; 8 (0)                     ; 0 (0)         ; 0           ; 0    ; 0            ; 0       ; 0         ; 0    ; 0            ; 0 (0)        ; 4 (0)             ; 4 (0)            ; |DataPath|lpm_dff4:inst11                                                                         ; work         ;
;       |lpm_ff:lpm_ff_component|              ; 8 (8)       ; 8 (8)                     ; 0 (0)         ; 0           ; 0    ; 0            ; 0       ; 0         ; 0    ; 0            ; 0 (0)        ; 4 (4)             ; 4 (4)            ; |DataPath|lpm_dff4:inst11|lpm_ff:lpm_ff_component                                                 ; work         ;
;    |lpm_dff4:inst12|                         ; 8 (0)       ; 8 (0)                     ; 0 (0)         ; 0           ; 0    ; 0            ; 0       ; 0         ; 0    ; 0            ; 0 (0)        ; 4 (0)             ; 4 (0)            ; |DataPath|lpm_dff4:inst12                                                                         ; work         ;
;       |lpm_ff:lpm_ff_component|              ; 8 (8)       ; 8 (8)                     ; 0 (0)         ; 0           ; 0    ; 0            ; 0       ; 0         ; 0    ; 0            ; 0 (0)        ; 4 (4)             ; 4 (4)            ; |DataPath|lpm_dff4:inst12|lpm_ff:lpm_ff_component                                                 ;              ;
;    |lpm_dff4:inst14|                         ; 8 (0)       ; 8 (0)                     ; 0 (0)         ; 0           ; 0    ; 0            ; 0       ; 0         ; 0    ; 0            ; 0 (0)        ; 0 (0)             ; 8 (0)            ; |DataPath|lpm_dff4:inst14                                                                         ; work         ;
;       |lpm_ff:lpm_ff_component|              ; 8 (8)       ; 8 (8)                     ; 0 (0)         ; 0           ; 0    ; 0            ; 0       ; 0         ; 0    ; 0            ; 0 (0)        ; 0 (0)             ; 8 (8)            ; |DataPath|lpm_dff4:inst14|lpm_ff:lpm_ff_component                                                 ; work         ;
;    |lpm_dff4:inst28|                         ; 9 (0)       ; 8 (0)                     ; 0 (0)         ; 0           ; 0    ; 0            ; 0       ; 0         ; 0    ; 0            ; 1 (0)        ; 0 (0)             ; 8 (0)            ; |DataPath|lpm_dff4:inst28                                                                         ; work         ;
;       |lpm_ff:lpm_ff_component|              ; 9 (9)       ; 8 (8)                     ; 0 (0)         ; 0           ; 0    ; 0            ; 0       ; 0         ; 0    ; 0            ; 1 (1)        ; 0 (0)             ; 8 (8)            ; |DataPath|lpm_dff4:inst28|lpm_ff:lpm_ff_component                                                 ; work         ;
;    |lpm_dff4:inst29|                         ; 8 (0)       ; 8 (0)                     ; 0 (0)         ; 0           ; 0    ; 0            ; 0       ; 0         ; 0    ; 0            ; 0 (0)        ; 0 (0)             ; 8 (0)            ; |DataPath|lpm_dff4:inst29                                                                         ; work         ;
;       |lpm_ff:lpm_ff_component|              ; 8 (8)       ; 8 (8)                     ; 0 (0)         ; 0           ; 0    ; 0            ; 0       ; 0         ; 0    ; 0            ; 0 (0)        ; 0 (0)             ; 8 (8)            ; |DataPath|lpm_dff4:inst29|lpm_ff:lpm_ff_component                                                 ; work         ;
;    |lpm_mux3:inst6|                          ; 2 (0)       ; 0 (0)                     ; 0 (0)         ; 0           ; 0    ; 0            ; 0       ; 0         ; 0    ; 0            ; 2 (0)        ; 0 (0)             ; 0 (0)            ; |DataPath|lpm_mux3:inst6                                                                          ; work         ;
;       |lpm_mux:lpm_mux_component|            ; 2 (0)       ; 0 (0)                     ; 0 (0)         ; 0           ; 0    ; 0            ; 0       ; 0         ; 0    ; 0            ; 2 (0)        ; 0 (0)             ; 0 (0)            ; |DataPath|lpm_mux3:inst6|lpm_mux:lpm_mux_component                                                ; work         ;
;          |mux_vpc:auto_generated|            ; 2 (2)       ; 0 (0)                     ; 0 (0)         ; 0           ; 0    ; 0            ; 0       ; 0         ; 0    ; 0            ; 2 (2)        ; 0 (0)             ; 0 (0)            ; |DataPath|lpm_mux3:inst6|lpm_mux:lpm_mux_component|mux_vpc:auto_generated                         ; work         ;
;    |lpm_rom3:inst13|                         ; 0 (0)       ; 0 (0)                     ; 0 (0)         ; 2048        ; 1    ; 0            ; 0       ; 0         ; 0    ; 0            ; 0 (0)        ; 0 (0)             ; 0 (0)            ; |DataPath|lpm_rom3:inst13                                                                         ; work         ;
;       |altsyncram:altsyncram_component|      ; 0 (0)       ; 0 (0)                     ; 0 (0)         ; 2048        ; 1    ; 0            ; 0       ; 0         ; 0    ; 0            ; 0 (0)        ; 0 (0)             ; 0 (0)            ; |DataPath|lpm_rom3:inst13|altsyncram:altsyncram_component                                         ; work         ;
;          |altsyncram_hga1:auto_generated|    ; 0 (0)       ; 0 (0)                     ; 0 (0)         ; 2048        ; 1    ; 0            ; 0       ; 0         ; 0    ; 0            ; 0 (0)        ; 0 (0)             ; 0 (0)            ; |DataPath|lpm_rom3:inst13|altsyncram:altsyncram_component|altsyncram_hga1:auto_generated          ; work         ;
+----------------------------------------------+-------------+---------------------------+---------------+-------------+------+--------------+---------+-----------+------+--------------+--------------+-------------------+------------------+---------------------------------------------------------------------------------------------------+--------------+
Note: For table entries with two numbers listed, the numbers in parentheses indicate the number of resources of the given type used by the specific entity alone. The numbers listed outside of parentheses indicate the total resources of the given type used by the specific entity and all of its sub-entities in the hierarchy.


+----------------------------------------------------------------------------------------+
; Delay Chain Summary                                                                    ;
+--------+----------+---------------+---------------+-----------------------+-----+------+
; Name   ; Pin Type ; Pad to Core 0 ; Pad to Core 1 ; Pad to Input Register ; TCO ; TCOE ;
+--------+----------+---------------+---------------+-----------------------+-----+------+
; CRT[7] ; Output   ; --            ; --            ; --                    ; --  ; --   ;
; CRT[6] ; Output   ; --            ; --            ; --                    ; --  ; --   ;
; CRT[5] ; Output   ; --            ; --            ; --                    ; --  ; --   ;
; CRT[4] ; Output   ; --            ; --            ; --                    ; --  ; --   ;
; CRT[3] ; Output   ; --            ; --            ; --                    ; --  ; --   ;
; CRT[2] ; Output   ; --            ; --            ; --                    ; --  ; --   ;
; CRT[1] ; Output   ; --            ; --            ; --                    ; --  ; --   ;
; CRT[0] ; Output   ; --            ; --            ; --                    ; --  ; --   ;
; IR[7]  ; Output   ; --            ; --            ; --                    ; --  ; --   ;
; IR[6]  ; Output   ; --            ; --            ; --                    ; --  ; --   ;
; IR[5]  ; Output   ; --            ; --            ; --                    ; --  ; --   ;
; IR[4]  ; Output   ; --            ; --            ; --                    ; --  ; --   ;
; IR[3]  ; Output   ; --            ; --            ; --                    ; --  ; --   ;
; IR[2]  ; Output   ; --            ; --            ; --                    ; --  ; --   ;
; IR[1]  ; Output   ; --            ; --            ; --                    ; --  ; --   ;
; IR[0]  ; Output   ; --            ; --            ; --                    ; --  ; --   ;
; MA[7]  ; Output   ; --            ; --            ; --                    ; --  ; --   ;
; MA[6]  ; Output   ; --            ; --            ; --                    ; --  ; --   ;
; MA[5]  ; Output   ; --            ; --            ; --                    ; --  ; --   ;
; MA[4]  ; Output   ; --            ; --            ; --                    ; --  ; --   ;
; MA[3]  ; Output   ; --            ; --            ; --                    ; --  ; --   ;
; MA[2]  ; Output   ; --            ; --            ; --                    ; --  ; --   ;
; MA[1]  ; Output   ; --            ; --            ; --                    ; --  ; --   ;
; MA[0]  ; Output   ; --            ; --            ; --                    ; --  ; --   ;
; MQ[7]  ; Output   ; --            ; --            ; --                    ; --  ; --   ;
; MQ[6]  ; Output   ; --            ; --            ; --                    ; --  ; --   ;
; MQ[5]  ; Output   ; --            ; --            ; --                    ; --  ; --   ;
; MQ[4]  ; Output   ; --            ; --            ; --                    ; --  ; --   ;
; MQ[3]  ; Output   ; --            ; --            ; --                    ; --  ; --   ;
; MQ[2]  ; Output   ; --            ; --            ; --                    ; --  ; --   ;
; MQ[1]  ; Output   ; --            ; --            ; --                    ; --  ; --   ;
; MQ[0]  ; Output   ; --            ; --            ; --                    ; --  ; --   ;
; PC[7]  ; Output   ; --            ; --            ; --                    ; --  ; --   ;
; PC[6]  ; Output   ; --            ; --            ; --                    ; --  ; --   ;
; PC[5]  ; Output   ; --            ; --            ; --                    ; --  ; --   ;
; PC[4]  ; Output   ; --            ; --            ; --                    ; --  ; --   ;
; PC[3]  ; Output   ; --            ; --            ; --                    ; --  ; --   ;
; PC[2]  ; Output   ; --            ; --            ; --                    ; --  ; --   ;
; PC[1]  ; Output   ; --            ; --            ; --                    ; --  ; --   ;
; PC[0]  ; Output   ; --            ; --            ; --                    ; --  ; --   ;
; RD[1]  ; Output   ; --            ; --            ; --                    ; --  ; --   ;
; RD[0]  ; Output   ; --            ; --            ; --                    ; --  ; --   ;
; RS[1]  ; Output   ; --            ; --            ; --                    ; --  ; --   ;
; RS[0]  ; Output   ; --            ; --            ; --                    ; --  ; --   ;
; MDRout ; Input    ; (6) 2587 ps   ; --            ; --                    ; --  ; --   ;
; Zout   ; Input    ; --            ; (6) 2587 ps   ; --                    ; --  ; --   ;
; PCout  ; Input    ; (6) 2585 ps   ; --            ; --                    ; --  ; --   ;
; GRsel  ; Input    ; (6) 2587 ps   ; --            ; --                    ; --  ; --   ;
; GRout  ; Input    ; (6) 2587 ps   ; --            ; --                    ; --  ; --   ;
; Clk    ; Input    ; (0) 0 ps      ; --            ; --                    ; --  ; --   ;
; IRin   ; Input    ; --            ; (6) 2587 ps   ; --                    ; --  ; --   ;
; MARin  ; Input    ; --            ; (6) 2587 ps   ; --                    ; --  ; --   ;
; MemRd  ; Input    ; (6) 2587 ps   ; --            ; --                    ; --  ; --   ;
; Reset  ; Input    ; (0) 0 ps      ; --            ; --                    ; --  ; --   ;
; PCin   ; Input    ; --            ; (6) 2587 ps   ; --                    ; --  ; --   ;
; PC_1   ; Input    ; (6) 2587 ps   ; --            ; --                    ; --  ; --   ;
; MDRin  ; Input    ; (6) 2587 ps   ; --            ; --                    ; --  ; --   ;
; op[0]  ; Input    ; (6) 2585 ps   ; --            ; --                    ; --  ; --   ;
; op[1]  ; Input    ; --            ; (6) 2585 ps   ; --                    ; --  ; --   ;
; Zin    ; Input    ; (6) 2587 ps   ; --            ; --                    ; --  ; --   ;
; GRin   ; Input    ; (6) 2587 ps   ; --            ; --                    ; --  ; --   ;
; Yin    ; Input    ; (6) 2587 ps   ; --            ; --                    ; --  ; --   ;
+--------+----------+---------------+---------------+-----------------------+-----+------+


+-------------------------------------------------------------------------------------------------------------------------------------------+
; Pad To Core Delay Chain Fanout                                                                                                            ;
+-------------------------------------------------------------------------------------------------------------+-------------------+---------+
; Source Pin / Fanout                                                                                         ; Pad To Core Index ; Setting ;
+-------------------------------------------------------------------------------------------------------------+-------------------+---------+
; MDRout                                                                                                      ;                   ;         ;
;      - lpm_bustri0:inst18|lpm_bustri:lpm_bustri_component|dout[7]~0                                         ; 0                 ; 6       ;
;      - lpm_bustri0:inst16|lpm_bustri:lpm_bustri_component|dout[7]~10                                        ; 0                 ; 6       ;
;      - lpm_bustri0:inst18|lpm_bustri:lpm_bustri_component|dout[6]~1                                         ; 0                 ; 6       ;
;      - lpm_bustri0:inst18|lpm_bustri:lpm_bustri_component|dout[5]~2                                         ; 0                 ; 6       ;
;      - lpm_bustri0:inst18|lpm_bustri:lpm_bustri_component|dout[4]~3                                         ; 0                 ; 6       ;
;      - lpm_bustri0:inst18|lpm_bustri:lpm_bustri_component|dout[3]~4                                         ; 0                 ; 6       ;
;      - lpm_bustri0:inst18|lpm_bustri:lpm_bustri_component|dout[2]~5                                         ; 0                 ; 6       ;
;      - lpm_bustri0:inst16|lpm_bustri:lpm_bustri_component|dout[1]~21                                        ; 0                 ; 6       ;
;      - lpm_bustri0:inst16|lpm_bustri:lpm_bustri_component|dout[0]~24                                        ; 0                 ; 6       ;
; Zout                                                                                                        ;                   ;         ;
;      - lpm_bustri0:inst16|lpm_bustri:lpm_bustri_component|dout[7]~8                                         ; 1                 ; 6       ;
;      - lpm_bustri0:inst16|lpm_bustri:lpm_bustri_component|dout[7]~10                                        ; 1                 ; 6       ;
;      - lpm_bustri0:inst16|lpm_bustri:lpm_bustri_component|dout[6]~11                                        ; 1                 ; 6       ;
;      - lpm_bustri0:inst16|lpm_bustri:lpm_bustri_component|dout[5]~13                                        ; 1                 ; 6       ;
;      - lpm_bustri0:inst16|lpm_bustri:lpm_bustri_component|dout[4]~15                                        ; 1                 ; 6       ;
;      - lpm_bustri0:inst16|lpm_bustri:lpm_bustri_component|dout[3]~17                                        ; 1                 ; 6       ;
;      - lpm_bustri0:inst16|lpm_bustri:lpm_bustri_component|dout[2]~19                                        ; 1                 ; 6       ;
;      - lpm_bustri0:inst16|lpm_bustri:lpm_bustri_component|dout[1]~22                                        ; 1                 ; 6       ;
;      - lpm_bustri0:inst16|lpm_bustri:lpm_bustri_component|dout[0]~25                                        ; 1                 ; 6       ;
; PCout                                                                                                       ;                   ;         ;
;      - lpm_bustri0:inst16|lpm_bustri:lpm_bustri_component|dout[7]~8                                         ; 0                 ; 6       ;
;      - lpm_bustri0:inst16|lpm_bustri:lpm_bustri_component|dout[7]~10                                        ; 0                 ; 6       ;
;      - lpm_bustri0:inst16|lpm_bustri:lpm_bustri_component|dout[6]~11                                        ; 0                 ; 6       ;
;      - lpm_bustri0:inst16|lpm_bustri:lpm_bustri_component|dout[5]~13                                        ; 0                 ; 6       ;
;      - lpm_bustri0:inst16|lpm_bustri:lpm_bustri_component|dout[4]~15                                        ; 0                 ; 6       ;
;      - lpm_bustri0:inst16|lpm_bustri:lpm_bustri_component|dout[3]~17                                        ; 0                 ; 6       ;
;      - lpm_bustri0:inst16|lpm_bustri:lpm_bustri_component|dout[2]~19                                        ; 0                 ; 6       ;
;      - lpm_bustri0:inst16|lpm_bustri:lpm_bustri_component|dout[1]~22                                        ; 0                 ; 6       ;
;      - lpm_bustri0:inst16|lpm_bustri:lpm_bustri_component|dout[0]~25                                        ; 0                 ; 6       ;
; GRsel                                                                                                       ;                   ;         ;
;      - lpm_mux3:inst6|lpm_mux:lpm_mux_component|mux_vpc:auto_generated|result_node[0]~0                     ; 0                 ; 6       ;
;      - lpm_mux3:inst6|lpm_mux:lpm_mux_component|mux_vpc:auto_generated|result_node[1]~1                     ; 0                 ; 6       ;
; GRout                                                                                                       ;                   ;         ;
;      - lpm_bustri0:inst16|lpm_bustri:lpm_bustri_component|dout[7]~9                                         ; 0                 ; 6       ;
;      - lpm_bustri0:inst16|lpm_bustri:lpm_bustri_component|dout[7]~10                                        ; 0                 ; 6       ;
;      - lpm_bustri0:inst16|lpm_bustri:lpm_bustri_component|dout[6]~12                                        ; 0                 ; 6       ;
;      - lpm_bustri0:inst16|lpm_bustri:lpm_bustri_component|dout[5]~14                                        ; 0                 ; 6       ;
;      - lpm_bustri0:inst16|lpm_bustri:lpm_bustri_component|dout[4]~16                                        ; 0                 ; 6       ;
;      - lpm_bustri0:inst16|lpm_bustri:lpm_bustri_component|dout[3]~18                                        ; 0                 ; 6       ;
;      - lpm_bustri0:inst16|lpm_bustri:lpm_bustri_component|dout[2]~20                                        ; 0                 ; 6       ;
;      - lpm_bustri0:inst16|lpm_bustri:lpm_bustri_component|dout[1]~21                                        ; 0                 ; 6       ;
;      - lpm_bustri0:inst16|lpm_bustri:lpm_bustri_component|dout[0]~24                                        ; 0                 ; 6       ;
; Clk                                                                                                         ;                   ;         ;
; IRin                                                                                                        ;                   ;         ;
;      - lpm_dff4:inst11|lpm_ff:lpm_ff_component|dffs[7]                                                      ; 1                 ; 6       ;
;      - lpm_dff4:inst11|lpm_ff:lpm_ff_component|dffs[6]                                                      ; 1                 ; 6       ;
;      - lpm_dff4:inst11|lpm_ff:lpm_ff_component|dffs[5]                                                      ; 1                 ; 6       ;
;      - lpm_dff4:inst11|lpm_ff:lpm_ff_component|dffs[4]                                                      ; 1                 ; 6       ;
;      - lpm_dff4:inst11|lpm_ff:lpm_ff_component|dffs[3]                                                      ; 1                 ; 6       ;
;      - lpm_dff4:inst11|lpm_ff:lpm_ff_component|dffs[2]                                                      ; 1                 ; 6       ;
;      - lpm_dff4:inst11|lpm_ff:lpm_ff_component|dffs[1]                                                      ; 1                 ; 6       ;
;      - lpm_dff4:inst11|lpm_ff:lpm_ff_component|dffs[0]                                                      ; 1                 ; 6       ;
; MARin                                                                                                       ;                   ;         ;
;      - lpm_dff4:inst12|lpm_ff:lpm_ff_component|dffs[7]                                                      ; 1                 ; 6       ;
;      - lpm_dff4:inst12|lpm_ff:lpm_ff_component|dffs[6]                                                      ; 1                 ; 6       ;
;      - lpm_dff4:inst12|lpm_ff:lpm_ff_component|dffs[5]                                                      ; 1                 ; 6       ;
;      - lpm_dff4:inst12|lpm_ff:lpm_ff_component|dffs[4]                                                      ; 1                 ; 6       ;
;      - lpm_dff4:inst12|lpm_ff:lpm_ff_component|dffs[3]                                                      ; 1                 ; 6       ;
;      - lpm_dff4:inst12|lpm_ff:lpm_ff_component|dffs[2]                                                      ; 1                 ; 6       ;
;      - lpm_dff4:inst12|lpm_ff:lpm_ff_component|dffs[1]                                                      ; 1                 ; 6       ;
;      - lpm_dff4:inst12|lpm_ff:lpm_ff_component|dffs[0]                                                      ; 1                 ; 6       ;
; MemRd                                                                                                       ;                   ;         ;
;      - lpm_rom3:inst13|altsyncram:altsyncram_component|altsyncram_hga1:auto_generated|ram_block1a0          ; 0                 ; 6       ;
; Reset                                                                                                       ;                   ;         ;
; PCin                                                                                                        ;                   ;         ;
;      - lpm_counter0:inst10|lpm_counter:lpm_counter_component|cntr_tqj:auto_generated|counter_reg_bit[7]~1   ; 1                 ; 6       ;
;      - lpm_counter0:inst10|lpm_counter:lpm_counter_component|cntr_tqj:auto_generated|_~0                    ; 1                 ; 6       ;
; PC_1                                                                                                        ;                   ;         ;
;      - lpm_counter0:inst10|lpm_counter:lpm_counter_component|cntr_tqj:auto_generated|_~0                    ; 0                 ; 6       ;
; MDRin                                                                                                       ;                   ;         ;
;      - lpm_dff4:inst14|lpm_ff:lpm_ff_component|dffs[7]                                                      ; 0                 ; 6       ;
;      - lpm_dff4:inst14|lpm_ff:lpm_ff_component|dffs[6]                                                      ; 0                 ; 6       ;
;      - lpm_dff4:inst14|lpm_ff:lpm_ff_component|dffs[5]                                                      ; 0                 ; 6       ;
;      - lpm_dff4:inst14|lpm_ff:lpm_ff_component|dffs[4]                                                      ; 0                 ; 6       ;
;      - lpm_dff4:inst14|lpm_ff:lpm_ff_component|dffs[3]                                                      ; 0                 ; 6       ;
;      - lpm_dff4:inst14|lpm_ff:lpm_ff_component|dffs[2]                                                      ; 0                 ; 6       ;
;      - lpm_dff4:inst14|lpm_ff:lpm_ff_component|dffs[1]                                                      ; 0                 ; 6       ;
;      - lpm_dff4:inst14|lpm_ff:lpm_ff_component|dffs[0]                                                      ; 0                 ; 6       ;
; op[0]                                                                                                       ;                   ;         ;
;      - lpm_dff4:inst28|lpm_ff:lpm_ff_component|dffs[0]~9                                                    ; 0                 ; 6       ;
;      - ALU:inst|lpm_add_sub1:inst|lpm_add_sub:lpm_add_sub_component|add_sub_0qh:auto_generated|_~0          ; 0                 ; 6       ;
;      - ALU:inst|lpm_add_sub1:inst|lpm_add_sub:lpm_add_sub_component|add_sub_0qh:auto_generated|_~1          ; 0                 ; 6       ;
;      - ALU:inst|lpm_add_sub1:inst|lpm_add_sub:lpm_add_sub_component|add_sub_0qh:auto_generated|_~2          ; 0                 ; 6       ;
;      - ALU:inst|lpm_add_sub1:inst|lpm_add_sub:lpm_add_sub_component|add_sub_0qh:auto_generated|_~3          ; 0                 ; 6       ;
;      - ALU:inst|lpm_add_sub1:inst|lpm_add_sub:lpm_add_sub_component|add_sub_0qh:auto_generated|_~4          ; 0                 ; 6       ;
;      - ALU:inst|lpm_add_sub1:inst|lpm_add_sub:lpm_add_sub_component|add_sub_0qh:auto_generated|_~5          ; 0                 ; 6       ;
;      - ALU:inst|lpm_add_sub1:inst|lpm_add_sub:lpm_add_sub_component|add_sub_0qh:auto_generated|_~6          ; 0                 ; 6       ;
;      - ALU:inst|lpm_add_sub1:inst|lpm_add_sub:lpm_add_sub_component|add_sub_0qh:auto_generated|_~7          ; 0                 ; 6       ;
;      - ALU:inst|lpm_mux1:inst4|lpm_mux:lpm_mux_component|mux_8qc:auto_generated|result_node[7]~0            ; 0                 ; 6       ;
;      - ALU:inst|lpm_mux1:inst4|lpm_mux:lpm_mux_component|mux_8qc:auto_generated|result_node[6]~1            ; 0                 ; 6       ;
;      - ALU:inst|lpm_mux1:inst4|lpm_mux:lpm_mux_component|mux_8qc:auto_generated|result_node[5]~2            ; 0                 ; 6       ;
;      - ALU:inst|lpm_mux1:inst4|lpm_mux:lpm_mux_component|mux_8qc:auto_generated|result_node[4]~3            ; 0                 ; 6       ;
;      - ALU:inst|lpm_mux1:inst4|lpm_mux:lpm_mux_component|mux_8qc:auto_generated|result_node[3]~4            ; 0                 ; 6       ;
;      - ALU:inst|lpm_mux1:inst4|lpm_mux:lpm_mux_component|mux_8qc:auto_generated|result_node[2]~5            ; 0                 ; 6       ;
;      - ALU:inst|lpm_mux1:inst4|lpm_mux:lpm_mux_component|mux_8qc:auto_generated|result_node[1]~6            ; 0                 ; 6       ;
;      - ALU:inst|lpm_mux1:inst4|lpm_mux:lpm_mux_component|mux_8qc:auto_generated|result_node[0]~7            ; 0                 ; 6       ;
; op[1]                                                                                                       ;                   ;         ;
;      - lpm_dff4:inst28|lpm_ff:lpm_ff_component|dffs[7]                                                      ; 1                 ; 6       ;
;      - lpm_dff4:inst28|lpm_ff:lpm_ff_component|dffs[6]                                                      ; 1                 ; 6       ;
;      - lpm_dff4:inst28|lpm_ff:lpm_ff_component|dffs[5]                                                      ; 1                 ; 6       ;
;      - lpm_dff4:inst28|lpm_ff:lpm_ff_component|dffs[4]                                                      ; 1                 ; 6       ;
;      - lpm_dff4:inst28|lpm_ff:lpm_ff_component|dffs[3]                                                      ; 1                 ; 6       ;
;      - lpm_dff4:inst28|lpm_ff:lpm_ff_component|dffs[2]                                                      ; 1                 ; 6       ;
;      - lpm_dff4:inst28|lpm_ff:lpm_ff_component|dffs[1]                                                      ; 1                 ; 6       ;
;      - lpm_dff4:inst28|lpm_ff:lpm_ff_component|dffs[0]                                                      ; 1                 ; 6       ;
; Zin                                                                                                         ;                   ;         ;
;      - lpm_dff4:inst28|lpm_ff:lpm_ff_component|dffs[7]                                                      ; 0                 ; 6       ;
;      - lpm_dff4:inst28|lpm_ff:lpm_ff_component|dffs[6]                                                      ; 0                 ; 6       ;
;      - lpm_dff4:inst28|lpm_ff:lpm_ff_component|dffs[5]                                                      ; 0                 ; 6       ;
;      - lpm_dff4:inst28|lpm_ff:lpm_ff_component|dffs[4]                                                      ; 0                 ; 6       ;
;      - lpm_dff4:inst28|lpm_ff:lpm_ff_component|dffs[3]                                                      ; 0                 ; 6       ;
;      - lpm_dff4:inst28|lpm_ff:lpm_ff_component|dffs[2]                                                      ; 0                 ; 6       ;
;      - lpm_dff4:inst28|lpm_ff:lpm_ff_component|dffs[1]                                                      ; 0                 ; 6       ;
;      - lpm_dff4:inst28|lpm_ff:lpm_ff_component|dffs[0]                                                      ; 0                 ; 6       ;
; GRin                                                                                                        ;                   ;         ;
;      - GPRs:inst7|lpm_decode0:inst9|lpm_decode:lpm_decode_component|decode_7uf:auto_generated|w_anode14w[2] ; 0                 ; 6       ;
;      - GPRs:inst7|lpm_decode0:inst9|lpm_decode:lpm_decode_component|decode_7uf:auto_generated|w_anode22w[2] ; 0                 ; 6       ;
;      - GPRs:inst7|lpm_decode0:inst9|lpm_decode:lpm_decode_component|decode_7uf:auto_generated|w_anode1w[2]  ; 0                 ; 6       ;
;      - GPRs:inst7|lpm_decode0:inst9|lpm_decode:lpm_decode_component|decode_7uf:auto_generated|w_anode30w[2] ; 0                 ; 6       ;
; Yin                                                                                                         ;                   ;         ;
;      - lpm_dff4:inst29|lpm_ff:lpm_ff_component|dffs[7]                                                      ; 0                 ; 6       ;
;      - lpm_dff4:inst29|lpm_ff:lpm_ff_component|dffs[6]                                                      ; 0                 ; 6       ;
;      - lpm_dff4:inst29|lpm_ff:lpm_ff_component|dffs[5]                                                      ; 0                 ; 6       ;
;      - lpm_dff4:inst29|lpm_ff:lpm_ff_component|dffs[4]                                                      ; 0                 ; 6       ;
;      - lpm_dff4:inst29|lpm_ff:lpm_ff_component|dffs[3]                                                      ; 0                 ; 6       ;
;      - lpm_dff4:inst29|lpm_ff:lpm_ff_component|dffs[2]                                                      ; 0                 ; 6       ;
;      - lpm_dff4:inst29|lpm_ff:lpm_ff_component|dffs[1]                                                      ; 0                 ; 6       ;
;      - lpm_dff4:inst29|lpm_ff:lpm_ff_component|dffs[0]                                                      ; 0                 ; 6       ;
+-------------------------------------------------------------------------------------------------------------+-------------------+---------+


+------------------------------------------------------------------------------------------------------------------------------------------------------------------------------------------------------------------------------------+
; Control Signals                                                                                                                                                                                                                    ;
+------------------------------------------------------------------------------------------------------+--------------------+---------+---------------+--------+----------------------+------------------+---------------------------+
; Name                                                                                                 ; Location           ; Fan-Out ; Usage         ; Global ; Global Resource Used ; Global Line Name ; Enable Signal Source Name ;
+------------------------------------------------------------------------------------------------------+--------------------+---------+---------------+--------+----------------------+------------------+---------------------------+
; Clk                                                                                                  ; PIN_31             ; 81      ; Clock         ; yes    ; Global Clock         ; GCLK4            ; --                        ;
; GPRs:inst7|lpm_decode0:inst9|lpm_decode:lpm_decode_component|decode_7uf:auto_generated|w_anode14w[2] ; LCCOMB_X27_Y23_N14 ; 8       ; Clock enable  ; no     ; --                   ; --               ; --                        ;
; GPRs:inst7|lpm_decode0:inst9|lpm_decode:lpm_decode_component|decode_7uf:auto_generated|w_anode1w[2]  ; LCCOMB_X27_Y23_N10 ; 8       ; Clock enable  ; no     ; --                   ; --               ; --                        ;
; GPRs:inst7|lpm_decode0:inst9|lpm_decode:lpm_decode_component|decode_7uf:auto_generated|w_anode22w[2] ; LCCOMB_X27_Y23_N28 ; 8       ; Clock enable  ; no     ; --                   ; --               ; --                        ;
; GPRs:inst7|lpm_decode0:inst9|lpm_decode:lpm_decode_component|decode_7uf:auto_generated|w_anode30w[2] ; LCCOMB_X27_Y23_N8  ; 8       ; Clock enable  ; no     ; --                   ; --               ; --                        ;
; IRin                                                                                                 ; PIN_109            ; 8       ; Clock enable  ; no     ; --                   ; --               ; --                        ;
; MARin                                                                                                ; PIN_187            ; 8       ; Clock enable  ; no     ; --                   ; --               ; --                        ;
; MDRin                                                                                                ; PIN_100            ; 8       ; Clock enable  ; no     ; --                   ; --               ; --                        ;
; MemRd                                                                                                ; PIN_94             ; 1       ; Clock enable  ; no     ; --                   ; --               ; --                        ;
; Reset                                                                                                ; PIN_32             ; 32      ; Async. clear  ; yes    ; Global Clock         ; GCLK2            ; --                        ;
; Yin                                                                                                  ; PIN_106            ; 8       ; Clock enable  ; no     ; --                   ; --               ; --                        ;
; Zin                                                                                                  ; PIN_194            ; 8       ; Clock enable  ; no     ; --                   ; --               ; --                        ;
; lpm_bustri0:inst16|lpm_bustri:lpm_bustri_component|dout[7]~10                                        ; LCCOMB_X29_Y26_N24 ; 38      ; Output enable ; no     ; --                   ; --               ; --                        ;
; lpm_counter0:inst10|lpm_counter:lpm_counter_component|cntr_tqj:auto_generated|_~0                    ; LCCOMB_X27_Y26_N18 ; 8       ; Clock enable  ; no     ; --                   ; --               ; --                        ;
; lpm_counter0:inst10|lpm_counter:lpm_counter_component|cntr_tqj:auto_generated|counter_reg_bit[7]~1   ; LCCOMB_X27_Y26_N16 ; 8       ; Sync. load    ; no     ; --                   ; --               ; --                        ;
; op[1]                                                                                                ; PIN_159            ; 8       ; Sync. load    ; no     ; --                   ; --               ; --                        ;
+------------------------------------------------------------------------------------------------------+--------------------+---------+---------------+--------+----------------------+------------------+---------------------------+


+-----------------------------------------------------------------------------------------------------------------------------------------+
; Global & Other Fast Signals                                                                                                             ;
+-------+----------+---------+--------------------------------------+----------------------+------------------+---------------------------+
; Name  ; Location ; Fan-Out ; Fan-Out Using Intentional Clock Skew ; Global Resource Used ; Global Line Name ; Enable Signal Source Name ;
+-------+----------+---------+--------------------------------------+----------------------+------------------+---------------------------+
; Clk   ; PIN_31   ; 81      ; 0                                    ; Global Clock         ; GCLK4            ; --                        ;
; Reset ; PIN_32   ; 32      ; 0                                    ; Global Clock         ; GCLK2            ; --                        ;
+-------+----------+---------+--------------------------------------+----------------------+------------------+---------------------------+


+----------------------------------------------------------------------------------------------------------------+
; Non-Global High Fan-Out Signals                                                                                ;
+------------------------------------------------------------------------------------------------------+---------+
; Name                                                                                                 ; Fan-Out ;
+------------------------------------------------------------------------------------------------------+---------+
; lpm_bustri0:inst16|lpm_bustri:lpm_bustri_component|dout[7]~10                                        ; 38      ;
; op[0]~input                                                                                          ; 17      ;
; lpm_mux3:inst6|lpm_mux:lpm_mux_component|mux_vpc:auto_generated|result_node[1]~1                     ; 12      ;
; lpm_mux3:inst6|lpm_mux:lpm_mux_component|mux_vpc:auto_generated|result_node[0]~0                     ; 12      ;
; Reset~input                                                                                          ; 10      ;
; GRout~input                                                                                          ; 9       ;
; PCout~input                                                                                          ; 9       ;
; Zout~input                                                                                           ; 9       ;
; MDRout~input                                                                                         ; 9       ;
; Yin~input                                                                                            ; 8       ;
; Zin~input                                                                                            ; 8       ;
; op[1]~input                                                                                          ; 8       ;
; MDRin~input                                                                                          ; 8       ;
; MARin~input                                                                                          ; 8       ;
; IRin~input                                                                                           ; 8       ;
; GPRs:inst7|lpm_decode0:inst9|lpm_decode:lpm_decode_component|decode_7uf:auto_generated|w_anode30w[2] ; 8       ;
; GPRs:inst7|lpm_decode0:inst9|lpm_decode:lpm_decode_component|decode_7uf:auto_generated|w_anode1w[2]  ; 8       ;
; GPRs:inst7|lpm_decode0:inst9|lpm_decode:lpm_decode_component|decode_7uf:auto_generated|w_anode22w[2] ; 8       ;
; GPRs:inst7|lpm_decode0:inst9|lpm_decode:lpm_decode_component|decode_7uf:auto_generated|w_anode14w[2] ; 8       ;
; lpm_counter0:inst10|lpm_counter:lpm_counter_component|cntr_tqj:auto_generated|_~0                    ; 8       ;
; lpm_counter0:inst10|lpm_counter:lpm_counter_component|cntr_tqj:auto_generated|counter_reg_bit[7]~1   ; 8       ;
; lpm_bustri0:inst16|lpm_bustri:lpm_bustri_component|dout[0]~34                                        ; 8       ;
; lpm_bustri0:inst16|lpm_bustri:lpm_bustri_component|dout[1]~33                                        ; 8       ;
; lpm_bustri0:inst16|lpm_bustri:lpm_bustri_component|dout[2]~32                                        ; 7       ;
; lpm_bustri0:inst16|lpm_bustri:lpm_bustri_component|dout[3]~31                                        ; 7       ;
; lpm_bustri0:inst16|lpm_bustri:lpm_bustri_component|dout[4]~30                                        ; 7       ;
; lpm_bustri0:inst16|lpm_bustri:lpm_bustri_component|dout[5]~29                                        ; 7       ;
; lpm_bustri0:inst16|lpm_bustri:lpm_bustri_component|dout[6]~28                                        ; 7       ;
; lpm_bustri0:inst16|lpm_bustri:lpm_bustri_component|dout[7]~27                                        ; 7       ;
; lpm_dff4:inst11|lpm_ff:lpm_ff_component|dffs[0]                                                      ; 7       ;
; lpm_dff4:inst11|lpm_ff:lpm_ff_component|dffs[1]                                                      ; 7       ;
; lpm_bustri0:inst16|lpm_bustri:lpm_bustri_component|dout[2]~20                                        ; 5       ;
; lpm_bustri0:inst16|lpm_bustri:lpm_bustri_component|dout[3]~18                                        ; 5       ;
; lpm_bustri0:inst16|lpm_bustri:lpm_bustri_component|dout[4]~16                                        ; 5       ;
; lpm_bustri0:inst16|lpm_bustri:lpm_bustri_component|dout[5]~14                                        ; 5       ;
; lpm_bustri0:inst16|lpm_bustri:lpm_bustri_component|dout[6]~12                                        ; 5       ;
; lpm_bustri0:inst16|lpm_bustri:lpm_bustri_component|dout[7]~9                                         ; 5       ;
; GRin~input                                                                                           ; 4       ;
; lpm_bustri0:inst16|lpm_bustri:lpm_bustri_component|dout[0]~25                                        ; 4       ;
; lpm_bustri0:inst16|lpm_bustri:lpm_bustri_component|dout[0]~24                                        ; 4       ;
; lpm_bustri0:inst16|lpm_bustri:lpm_bustri_component|dout[1]~22                                        ; 4       ;
; lpm_bustri0:inst16|lpm_bustri:lpm_bustri_component|dout[1]~21                                        ; 4       ;
; lpm_dff4:inst11|lpm_ff:lpm_ff_component|dffs[2]                                                      ; 3       ;
; lpm_dff4:inst11|lpm_ff:lpm_ff_component|dffs[3]                                                      ; 3       ;
; lpm_counter0:inst10|lpm_counter:lpm_counter_component|cntr_tqj:auto_generated|counter_reg_bit[0]     ; 3       ;
; lpm_counter0:inst10|lpm_counter:lpm_counter_component|cntr_tqj:auto_generated|counter_reg_bit[1]     ; 3       ;
; lpm_counter0:inst10|lpm_counter:lpm_counter_component|cntr_tqj:auto_generated|counter_reg_bit[2]     ; 3       ;
; lpm_counter0:inst10|lpm_counter:lpm_counter_component|cntr_tqj:auto_generated|counter_reg_bit[3]     ; 3       ;
; lpm_counter0:inst10|lpm_counter:lpm_counter_component|cntr_tqj:auto_generated|counter_reg_bit[4]     ; 3       ;
; lpm_counter0:inst10|lpm_counter:lpm_counter_component|cntr_tqj:auto_generated|counter_reg_bit[5]     ; 3       ;
+------------------------------------------------------------------------------------------------------+---------+


+----------------------------------------------------------------------------------------------------------------------------------------------------------------------------------------------------------------------------------------------------------------------------------------------------------------------------------------------------------------------------------------------------------------------------------------------------------------------------------+
; Fitter RAM Summary                                                                                                                                                                                                                                                                                                                                                                                                                                                               ;
+-------------------------------------------------------------------------------------------+------+------+--------------+--------------+--------------+--------------+--------------+------------------------+-------------------------+------------------------+-------------------------+------+-----------------------------+-----------------------------+-----------------------------+-----------------------------+---------------------+------+----------+----------------+
; Name                                                                                      ; Type ; Mode ; Clock Mode   ; Port A Depth ; Port A Width ; Port B Depth ; Port B Width ; Port A Input Registers ; Port A Output Registers ; Port B Input Registers ; Port B Output Registers ; Size ; Implementation Port A Depth ; Implementation Port A Width ; Implementation Port B Depth ; Implementation Port B Width ; Implementation Bits ; M9Ks ; MIF      ; Location       ;
+-------------------------------------------------------------------------------------------+------+------+--------------+--------------+--------------+--------------+--------------+------------------------+-------------------------+------------------------+-------------------------+------+-----------------------------+-----------------------------+-----------------------------+-----------------------------+---------------------+------+----------+----------------+
; lpm_rom3:inst13|altsyncram:altsyncram_component|altsyncram_hga1:auto_generated|ALTSYNCRAM ; AUTO ; ROM  ; Single Clock ; 256          ; 8            ; --           ; --           ; yes                    ; no                      ; --                     ; --                      ; 2048 ; 256                         ; 8                           ; --                          ; --                          ; 2048                ; 1    ; lpm_rom3 ; M9K_X25_Y26_N0 ;
+-------------------------------------------------------------------------------------------+------+------+--------------+--------------+--------------+--------------+--------------+------------------------+-------------------------+------------------------+-------------------------+------+-----------------------------+-----------------------------+-----------------------------+-----------------------------+---------------------+------+----------+----------------+
Note: Fitter may spread logical memories into multiple blocks to improve timing. The actual required RAM blocks can be found in the Fitter Resource Usage section.


RAM content values are presented in the following format: (Binary) (Octal) (Decimal) (Hexadecimal) 
+------------------------------------------------------------------------------------------------------------------------------------------------------------------------------------------------------------------------------------------------------------------+
; |DataPath|lpm_rom3:inst13|altsyncram:altsyncram_component|altsyncram_hga1:auto_generated|ALTSYNCRAM                                                                                                                                                              ;
+------------------------------------------------------------------------------------------------------------------------------------------------------------------------------------------------------------------------------------------------------------------+
;   Addr   ;              +0              ;              +1              ;              +2              ;              +3              ;              +4              ;              +5              ;              +6              ;              +7              ;
+----------+------------------------------+------------------------------+------------------------------+------------------------------+------------------------------+------------------------------+------------------------------+------------------------------+
;0;(10111111) (277) (191) (BF)    ;(11001111) (317) (207) (CF)   ;(00101110) (56) (46) (2E)   ;(00100010) (42) (34) (22)   ;(01000011) (103) (67) (43)   ;(00010100) (24) (20) (14)   ;(01000011) (103) (67) (43)   ;(00001111) (17) (15) (0F)   ;
;8;(11111110) (376) (254) (FE)    ;(10111100) (274) (188) (BC)   ;(00011010) (32) (26) (1A)   ;(00100011) (43) (35) (23)   ;(01111001) (171) (121) (79)   ;(11100011) (343) (227) (E3)   ;(11111011) (373) (251) (FB)   ;(00110000) (60) (48) (30)   ;
;16;(01100001) (141) (97) (61)    ;(01001110) (116) (78) (4E)   ;(00010011) (23) (19) (13)   ;(11000011) (303) (195) (C3)   ;(01111011) (173) (123) (7B)   ;(01101100) (154) (108) (6C)   ;(11001000) (310) (200) (C8)   ;(10111100) (274) (188) (BC)   ;
;24;(10111010) (272) (186) (BA)    ;(01110001) (161) (113) (71)   ;(10010111) (227) (151) (97)   ;(11100011) (343) (227) (E3)   ;(00101000) (50) (40) (28)   ;(10111001) (271) (185) (B9)   ;(01011100) (134) (92) (5C)   ;(01101001) (151) (105) (69)   ;
;32;(10011001) (231) (153) (99)    ;(11100101) (345) (229) (E5)   ;(00010010) (22) (18) (12)   ;(00101000) (50) (40) (28)   ;(01000100) (104) (68) (44)   ;(10101100) (254) (172) (AC)   ;(11110111) (367) (247) (F7)   ;(01010111) (127) (87) (57)   ;
;40;(11111101) (375) (253) (FD)    ;(00101001) (51) (41) (29)   ;(00111111) (77) (63) (3F)   ;(10110010) (262) (178) (B2)   ;(01100101) (145) (101) (65)   ;(11001110) (316) (206) (CE)   ;(11101110) (356) (238) (EE)   ;(11100101) (345) (229) (E5)   ;
;48;(00101110) (56) (46) (2E)    ;(11000001) (301) (193) (C1)   ;(10101010) (252) (170) (AA)   ;(11010110) (326) (214) (D6)   ;(10000000) (200) (128) (80)   ;(01100100) (144) (100) (64)   ;(10101111) (257) (175) (AF)   ;(11011100) (334) (220) (DC)   ;
;56;(00110111) (67) (55) (37)    ;(01001110) (116) (78) (4E)   ;(00010110) (26) (22) (16)   ;(11000100) (304) (196) (C4)   ;(00100000) (40) (32) (20)   ;(11101101) (355) (237) (ED)   ;(10010001) (221) (145) (91)   ;(10000010) (202) (130) (82)   ;
;64;(00000000) (0) (0) (00)    ;(00000000) (0) (0) (00)   ;(00000000) (0) (0) (00)   ;(00000000) (0) (0) (00)   ;(00000000) (0) (0) (00)   ;(00000000) (0) (0) (00)   ;(00000000) (0) (0) (00)   ;(00000000) (0) (0) (00)   ;
;72;(00000000) (0) (0) (00)    ;(00000000) (0) (0) (00)   ;(00000000) (0) (0) (00)   ;(00000000) (0) (0) (00)   ;(00000000) (0) (0) (00)   ;(00000000) (0) (0) (00)   ;(00000000) (0) (0) (00)   ;(00000000) (0) (0) (00)   ;
;80;(00000000) (0) (0) (00)    ;(00000000) (0) (0) (00)   ;(00000000) (0) (0) (00)   ;(00000000) (0) (0) (00)   ;(00000000) (0) (0) (00)   ;(00000000) (0) (0) (00)   ;(00000000) (0) (0) (00)   ;(00000000) (0) (0) (00)   ;
;88;(00000000) (0) (0) (00)    ;(00000000) (0) (0) (00)   ;(00000000) (0) (0) (00)   ;(00000000) (0) (0) (00)   ;(00000000) (0) (0) (00)   ;(00000000) (0) (0) (00)   ;(00000000) (0) (0) (00)   ;(00000000) (0) (0) (00)   ;
;96;(00000000) (0) (0) (00)    ;(00000000) (0) (0) (00)   ;(00000000) (0) (0) (00)   ;(00001110) (16) (14) (0E)   ;(00000000) (0) (0) (00)   ;(00000000) (0) (0) (00)   ;(00000000) (0) (0) (00)   ;(00000000) (0) (0) (00)   ;
;104;(00000000) (0) (0) (00)    ;(00000000) (0) (0) (00)   ;(00000000) (0) (0) (00)   ;(00000000) (0) (0) (00)   ;(00000000) (0) (0) (00)   ;(00000000) (0) (0) (00)   ;(00000000) (0) (0) (00)   ;(00000000) (0) (0) (00)   ;
;112;(00000000) (0) (0) (00)    ;(00000000) (0) (0) (00)   ;(00000000) (0) (0) (00)   ;(00000000) (0) (0) (00)   ;(00000000) (0) (0) (00)   ;(00000000) (0) (0) (00)   ;(00000000) (0) (0) (00)   ;(00000000) (0) (0) (00)   ;
;120;(00000000) (0) (0) (00)    ;(00000000) (0) (0) (00)   ;(00000000) (0) (0) (00)   ;(00000000) (0) (0) (00)   ;(00000000) (0) (0) (00)   ;(00000000) (0) (0) (00)   ;(00000000) (0) (0) (00)   ;(00000000) (0) (0) (00)   ;
;128;(00000000) (0) (0) (00)    ;(00000000) (0) (0) (00)   ;(00000000) (0) (0) (00)   ;(00000000) (0) (0) (00)   ;(00000000) (0) (0) (00)   ;(00000000) (0) (0) (00)   ;(00000000) (0) (0) (00)   ;(00000000) (0) (0) (00)   ;
;136;(00000000) (0) (0) (00)    ;(00000000) (0) (0) (00)   ;(00000000) (0) (0) (00)   ;(00000000) (0) (0) (00)   ;(00000000) (0) (0) (00)   ;(00000000) (0) (0) (00)   ;(00000000) (0) (0) (00)   ;(00000000) (0) (0) (00)   ;
;144;(00000000) (0) (0) (00)    ;(00000000) (0) (0) (00)   ;(00000000) (0) (0) (00)   ;(00000000) (0) (0) (00)   ;(00000000) (0) (0) (00)   ;(00000000) (0) (0) (00)   ;(00000000) (0) (0) (00)   ;(00000000) (0) (0) (00)   ;
;152;(00000000) (0) (0) (00)    ;(00000000) (0) (0) (00)   ;(00000000) (0) (0) (00)   ;(00000000) (0) (0) (00)   ;(00000000) (0) (0) (00)   ;(00000000) (0) (0) (00)   ;(00000000) (0) (0) (00)   ;(00000000) (0) (0) (00)   ;
;160;(00000000) (0) (0) (00)    ;(00000000) (0) (0) (00)   ;(00000000) (0) (0) (00)   ;(00000000) (0) (0) (00)   ;(00000000) (0) (0) (00)   ;(00000000) (0) (0) (00)   ;(00000000) (0) (0) (00)   ;(00000000) (0) (0) (00)   ;
;168;(00000000) (0) (0) (00)    ;(00000000) (0) (0) (00)   ;(00000000) (0) (0) (00)   ;(00000000) (0) (0) (00)   ;(00000000) (0) (0) (00)   ;(00000000) (0) (0) (00)   ;(00000000) (0) (0) (00)   ;(00000000) (0) (0) (00)   ;
;176;(00000000) (0) (0) (00)    ;(00000000) (0) (0) (00)   ;(00000000) (0) (0) (00)   ;(00000000) (0) (0) (00)   ;(00000000) (0) (0) (00)   ;(00000000) (0) (0) (00)   ;(00000000) (0) (0) (00)   ;(00000000) (0) (0) (00)   ;
;184;(00000000) (0) (0) (00)    ;(00000000) (0) (0) (00)   ;(00000000) (0) (0) (00)   ;(00000000) (0) (0) (00)   ;(00000000) (0) (0) (00)   ;(00000000) (0) (0) (00)   ;(00000000) (0) (0) (00)   ;(11001000) (310) (200) (C8)   ;
;192;(00000000) (0) (0) (00)    ;(00000000) (0) (0) (00)   ;(00000000) (0) (0) (00)   ;(00000000) (0) (0) (00)   ;(00000000) (0) (0) (00)   ;(00000000) (0) (0) (00)   ;(00000000) (0) (0) (00)   ;(00000000) (0) (0) (00)   ;
;200;(00000000) (0) (0) (00)    ;(00000000) (0) (0) (00)   ;(00000000) (0) (0) (00)   ;(00000000) (0) (0) (00)   ;(00000000) (0) (0) (00)   ;(00000000) (0) (0) (00)   ;(00000000) (0) (0) (00)   ;(00000000) (0) (0) (00)   ;
;208;(00000000) (0) (0) (00)    ;(00000000) (0) (0) (00)   ;(00000000) (0) (0) (00)   ;(00000000) (0) (0) (00)   ;(00000000) (0) (0) (00)   ;(00000000) (0) (0) (00)   ;(00000000) (0) (0) (00)   ;(00000000) (0) (0) (00)   ;
;216;(00000000) (0) (0) (00)    ;(00000000) (0) (0) (00)   ;(00000000) (0) (0) (00)   ;(00000000) (0) (0) (00)   ;(00000000) (0) (0) (00)   ;(00000000) (0) (0) (00)   ;(00000000) (0) (0) (00)   ;(00000000) (0) (0) (00)   ;
;224;(00000000) (0) (0) (00)    ;(00000000) (0) (0) (00)   ;(00000000) (0) (0) (00)   ;(00000000) (0) (0) (00)   ;(00000000) (0) (0) (00)   ;(00000000) (0) (0) (00)   ;(00000000) (0) (0) (00)   ;(00000000) (0) (0) (00)   ;
;232;(00000000) (0) (0) (00)    ;(00000000) (0) (0) (00)   ;(00000000) (0) (0) (00)   ;(00000000) (0) (0) (00)   ;(00000000) (0) (0) (00)   ;(00000000) (0) (0) (00)   ;(00000000) (0) (0) (00)   ;(00000000) (0) (0) (00)   ;
;240;(00000000) (0) (0) (00)    ;(00000000) (0) (0) (00)   ;(00000000) (0) (0) (00)   ;(00000000) (0) (0) (00)   ;(00000000) (0) (0) (00)   ;(00000000) (0) (0) (00)   ;(00000000) (0) (0) (00)   ;(00000000) (0) (0) (00)   ;
;248;(00000000) (0) (0) (00)    ;(00000000) (0) (0) (00)   ;(00000000) (0) (0) (00)   ;(00000000) (0) (0) (00)   ;(00000000) (0) (0) (00)   ;(00000000) (0) (0) (00)   ;(00000000) (0) (0) (00)   ;(00000000) (0) (0) (00)   ;




+-----------------------------------------------------+
; Interconnect Usage Summary                          ;
+----------------------------+------------------------+
; Interconnect Resource Type ; Usage                  ;
+----------------------------+------------------------+
; Block interconnects        ; 248 / 47,787 ( < 1 % ) ;
; C16 interconnects          ; 40 / 1,804 ( 2 % )     ;
; C4 interconnects           ; 209 / 31,272 ( < 1 % ) ;
; Direct links               ; 27 / 47,787 ( < 1 % )  ;
; Global clocks              ; 2 / 20 ( 10 % )        ;
; Local interconnects        ; 45 / 15,408 ( < 1 % )  ;
; R24 interconnects          ; 28 / 1,775 ( 2 % )     ;
; R4 interconnects           ; 190 / 41,310 ( < 1 % ) ;
+----------------------------+------------------------+


+---------------------------------------------------------------------------+
; LAB Logic Elements                                                        ;
+---------------------------------------------+-----------------------------+
; Number of Logic Elements  (Average = 13.33) ; Number of LABs  (Total = 9) ;
+---------------------------------------------+-----------------------------+
; 1                                           ; 0                           ;
; 2                                           ; 0                           ;
; 3                                           ; 0                           ;
; 4                                           ; 0                           ;
; 5                                           ; 0                           ;
; 6                                           ; 0                           ;
; 7                                           ; 0                           ;
; 8                                           ; 1                           ;
; 9                                           ; 1                           ;
; 10                                          ; 0                           ;
; 11                                          ; 1                           ;
; 12                                          ; 1                           ;
; 13                                          ; 0                           ;
; 14                                          ; 0                           ;
; 15                                          ; 0                           ;
; 16                                          ; 5                           ;
+---------------------------------------------+-----------------------------+


+------------------------------------------------------------------+
; LAB-wide Signals                                                 ;
+------------------------------------+-----------------------------+
; LAB-wide Signals  (Average = 2.89) ; Number of LABs  (Total = 9) ;
+------------------------------------+-----------------------------+
; 1 Async. clear                     ; 6                           ;
; 1 Clock                            ; 9                           ;
; 1 Clock enable                     ; 3                           ;
; 1 Sync. load                       ; 2                           ;
; 2 Clock enables                    ; 6                           ;
+------------------------------------+-----------------------------+


+----------------------------------------------------------------------------+
; LAB Signals Sourced                                                        ;
+----------------------------------------------+-----------------------------+
; Number of Signals Sourced  (Average = 22.11) ; Number of LABs  (Total = 9) ;
+----------------------------------------------+-----------------------------+
; 0                                            ; 0                           ;
; 1                                            ; 0                           ;
; 2                                            ; 0                           ;
; 3                                            ; 0                           ;
; 4                                            ; 0                           ;
; 5                                            ; 0                           ;
; 6                                            ; 0                           ;
; 7                                            ; 0                           ;
; 8                                            ; 0                           ;
; 9                                            ; 0                           ;
; 10                                           ; 0                           ;
; 11                                           ; 0                           ;
; 12                                           ; 0                           ;
; 13                                           ; 0                           ;
; 14                                           ; 0                           ;
; 15                                           ; 0                           ;
; 16                                           ; 2                           ;
; 17                                           ; 0                           ;
; 18                                           ; 0                           ;
; 19                                           ; 1                           ;
; 20                                           ; 0                           ;
; 21                                           ; 0                           ;
; 22                                           ; 4                           ;
; 23                                           ; 0                           ;
; 24                                           ; 0                           ;
; 25                                           ; 0                           ;
; 26                                           ; 0                           ;
; 27                                           ; 0                           ;
; 28                                           ; 1                           ;
; 29                                           ; 0                           ;
; 30                                           ; 0                           ;
; 31                                           ; 0                           ;
; 32                                           ; 1                           ;
+----------------------------------------------+-----------------------------+


+--------------------------------------------------------------------------------+
; LAB Signals Sourced Out                                                        ;
+--------------------------------------------------+-----------------------------+
; Number of Signals Sourced Out  (Average = 12.89) ; Number of LABs  (Total = 9) ;
+--------------------------------------------------+-----------------------------+
; 0                                                ; 0                           ;
; 1                                                ; 0                           ;
; 2                                                ; 0                           ;
; 3                                                ; 0                           ;
; 4                                                ; 0                           ;
; 5                                                ; 0                           ;
; 6                                                ; 0                           ;
; 7                                                ; 1                           ;
; 8                                                ; 2                           ;
; 9                                                ; 0                           ;
; 10                                               ; 0                           ;
; 11                                               ; 3                           ;
; 12                                               ; 0                           ;
; 13                                               ; 1                           ;
; 14                                               ; 0                           ;
; 15                                               ; 0                           ;
; 16                                               ; 0                           ;
; 17                                               ; 0                           ;
; 18                                               ; 0                           ;
; 19                                               ; 1                           ;
; 20                                               ; 0                           ;
; 21                                               ; 0                           ;
; 22                                               ; 0                           ;
; 23                                               ; 0                           ;
; 24                                               ; 0                           ;
; 25                                               ; 0                           ;
; 26                                               ; 0                           ;
; 27                                               ; 0                           ;
; 28                                               ; 1                           ;
+--------------------------------------------------+-----------------------------+


+----------------------------------------------------------------------------+
; LAB Distinct Inputs                                                        ;
+----------------------------------------------+-----------------------------+
; Number of Distinct Inputs  (Average = 21.67) ; Number of LABs  (Total = 9) ;
+----------------------------------------------+-----------------------------+
; 0                                            ; 0                           ;
; 1                                            ; 0                           ;
; 2                                            ; 0                           ;
; 3                                            ; 0                           ;
; 4                                            ; 0                           ;
; 5                                            ; 0                           ;
; 6                                            ; 0                           ;
; 7                                            ; 0                           ;
; 8                                            ; 0                           ;
; 9                                            ; 0                           ;
; 10                                           ; 0                           ;
; 11                                           ; 2                           ;
; 12                                           ; 0                           ;
; 13                                           ; 0                           ;
; 14                                           ; 0                           ;
; 15                                           ; 1                           ;
; 16                                           ; 0                           ;
; 17                                           ; 0                           ;
; 18                                           ; 0                           ;
; 19                                           ; 1                           ;
; 20                                           ; 0                           ;
; 21                                           ; 0                           ;
; 22                                           ; 0                           ;
; 23                                           ; 0                           ;
; 24                                           ; 1                           ;
; 25                                           ; 0                           ;
; 26                                           ; 1                           ;
; 27                                           ; 0                           ;
; 28                                           ; 1                           ;
; 29                                           ; 0                           ;
; 30                                           ; 1                           ;
; 31                                           ; 1                           ;
+----------------------------------------------+-----------------------------+


+------------------------------------------+
; I/O Rules Summary                        ;
+----------------------------------+-------+
; I/O Rules Statistic              ; Total ;
+----------------------------------+-------+
; Total I/O Rules                  ; 30    ;
; Number of I/O Rules Passed       ; 9     ;
; Number of I/O Rules Failed       ; 0     ;
; Number of I/O Rules Unchecked    ; 0     ;
; Number of I/O Rules Inapplicable ; 21    ;
+----------------------------------+-------+


+-----------------------------------------------------------------------------------------------------------------------------------------------------------------------------------------------------------------------------------------------------------------------------------------------------+
; I/O Rules Details                                                                                                                                                                                                                                                                                   ;
+--------------+-----------+-----------------------------------+------------------------------------------------------------------------------------------------------+----------+--------------------------------------------------------------------------+---------------------+-------------------+
; Status       ; ID        ; Category                          ; Rule Description                                                                                     ; Severity ; Information                                                              ; Area                ; Extra Information ;
+--------------+-----------+-----------------------------------+------------------------------------------------------------------------------------------------------+----------+--------------------------------------------------------------------------+---------------------+-------------------+
; Inapplicable ; IO_000001 ; Capacity Checks                   ; Number of pins in an I/O bank should not exceed the number of locations available.                   ; Critical ; No Location assignments found.                                           ; I/O                 ;                   ;
; Inapplicable ; IO_000002 ; Capacity Checks                   ; Number of clocks in an I/O bank should not exceed the number of clocks available.                    ; Critical ; No Global Signal assignments found.                                      ; I/O                 ;                   ;
; Inapplicable ; IO_000003 ; Capacity Checks                   ; Number of pins in a Vrefgroup should not exceed the number of locations available.                   ; Critical ; No Location assignments found.                                           ; I/O                 ;                   ;
; Inapplicable ; IO_000004 ; Voltage Compatibility Checks      ; The I/O bank should support the requested VCCIO.                                                     ; Critical ; No IOBANK_VCCIO assignments found.                                       ; I/O                 ;                   ;
; Inapplicable ; IO_000005 ; Voltage Compatibility Checks      ; The I/O bank should not have competing VREF values.                                                  ; Critical ; No VREF I/O Standard assignments found.                                  ; I/O                 ;                   ;
; Pass         ; IO_000006 ; Voltage Compatibility Checks      ; The I/O bank should not have competing VCCIO values.                                                 ; Critical ; 0 such failures found.                                                   ; I/O                 ;                   ;
; Inapplicable ; IO_000007 ; Valid Location Checks             ; Checks for unavailable locations.                                                                    ; Critical ; No Location assignments found.                                           ; I/O                 ;                   ;
; Inapplicable ; IO_000008 ; Valid Location Checks             ; Checks for reserved locations.                                                                       ; Critical ; No reserved LogicLock region found.                                      ; I/O                 ;                   ;
; Pass         ; IO_000009 ; I/O Properties Checks for One I/O ; The location should support the requested I/O standard.                                              ; Critical ; 0 such failures found.                                                   ; I/O                 ;                   ;
; Pass         ; IO_000010 ; I/O Properties Checks for One I/O ; The location should support the requested I/O direction.                                             ; Critical ; 0 such failures found.                                                   ; I/O                 ;                   ;
; Inapplicable ; IO_000011 ; I/O Properties Checks for One I/O ; The location should support the requested Current Strength.                                          ; Critical ; No Current Strength assignments found.                                   ; I/O                 ;                   ;
; Pass         ; IO_000012 ; I/O Properties Checks for One I/O ; The location should support the requested On Chip Termination value.                                 ; Critical ; 0 such failures found.                                                   ; I/O                 ;                   ;
; Inapplicable ; IO_000013 ; I/O Properties Checks for One I/O ; The location should support the requested Bus Hold value.                                            ; Critical ; No Enable Bus-Hold Circuitry assignments found.                          ; I/O                 ;                   ;
; Inapplicable ; IO_000014 ; I/O Properties Checks for One I/O ; The location should support the requested Weak Pull Up value.                                        ; Critical ; No Weak Pull-Up Resistor assignments found.                              ; I/O                 ;                   ;
; Pass         ; IO_000015 ; I/O Properties Checks for One I/O ; The location should support the requested PCI Clamp Diode.                                           ; Critical ; 0 such failures found.                                                   ; I/O                 ;                   ;
; Inapplicable ; IO_000018 ; I/O Properties Checks for One I/O ; The I/O standard should support the requested Current Strength.                                      ; Critical ; No Current Strength assignments found.                                   ; I/O                 ;                   ;
; Pass         ; IO_000019 ; I/O Properties Checks for One I/O ; The I/O standard should support the requested On Chip Termination value.                             ; Critical ; 0 such failures found.                                                   ; I/O                 ;                   ;
; Pass         ; IO_000020 ; I/O Properties Checks for One I/O ; The I/O standard should support the requested PCI Clamp Diode.                                       ; Critical ; 0 such failures found.                                                   ; I/O                 ;                   ;
; Inapplicable ; IO_000021 ; I/O Properties Checks for One I/O ; The I/O standard should support the requested Weak Pull Up value.                                    ; Critical ; No Weak Pull-Up Resistor assignments found.                              ; I/O                 ;                   ;
; Inapplicable ; IO_000022 ; I/O Properties Checks for One I/O ; The I/O standard should support the requested Bus Hold value.                                        ; Critical ; No Enable Bus-Hold Circuitry assignments found.                          ; I/O                 ;                   ;
; Inapplicable ; IO_000023 ; I/O Properties Checks for One I/O ; The I/O standard should support the Open Drain value.                                                ; Critical ; No open drain assignments found.                                         ; I/O                 ;                   ;
; Pass         ; IO_000024 ; I/O Properties Checks for One I/O ; The I/O direction should support the On Chip Termination value.                                      ; Critical ; 0 such failures found.                                                   ; I/O                 ;                   ;
; Inapplicable ; IO_000026 ; I/O Properties Checks for One I/O ; On Chip Termination and Current Strength should not be used at the same time.                        ; Critical ; No Current Strength assignments found.                                   ; I/O                 ;                   ;
; Inapplicable ; IO_000027 ; I/O Properties Checks for One I/O ; Weak Pull Up and Bus Hold should not be used at the same time.                                       ; Critical ; No Enable Bus-Hold Circuitry or Weak Pull-Up Resistor assignments found. ; I/O                 ;                   ;
; Inapplicable ; IO_000045 ; I/O Properties Checks for One I/O ; The I/O standard should support the requested Slew Rate value.                                       ; Critical ; No Slew Rate assignments found.                                          ; I/O                 ;                   ;
; Inapplicable ; IO_000046 ; I/O Properties Checks for One I/O ; The location should support the requested Slew Rate value.                                           ; Critical ; No Slew Rate assignments found.                                          ; I/O                 ;                   ;
; Inapplicable ; IO_000047 ; I/O Properties Checks for One I/O ; On Chip Termination and Slew Rate should not be used at the same time.                               ; Critical ; No Slew Rate assignments found.                                          ; I/O                 ;                   ;
; Pass         ; IO_000033 ; Electromigration Checks           ; Current density for consecutive I/Os should not exceed 240mA for row I/Os and 240mA for column I/Os. ; Critical ; 0 such failures found.                                                   ; I/O                 ;                   ;
; Inapplicable ; IO_000034 ; SI Related Distance Checks        ; Single-ended outputs should be 5 LAB row(s) away from a differential I/O.                            ; High     ; No Differential I/O Standard assignments found.                          ; I/O                 ;                   ;
; Inapplicable ; IO_000042 ; SI Related SSO Limit Checks       ; No more than 20 outputs are allowed in a VREF group when VREF is being read from.                    ; High     ; No VREF I/O Standard assignments found.                                  ; I/O                 ;                   ;
; ----         ; ----      ; Disclaimer                        ; OCT rules are checked but not reported.                                                              ; None     ; ----                                                                     ; On Chip Termination ;                   ;
+--------------+-----------+-----------------------------------+------------------------------------------------------------------------------------------------------+----------+--------------------------------------------------------------------------+---------------------+-------------------+


+--------------------------------------------------------------------------------------------------------------------------------------------------------------------------------------------------------------------------------------------------------------------------------------------------------------------------------------------------------------------------------------------------------------------------------------------------------------------------+
; I/O Rules Matrix                                                                                                                                                                                                                                                                                                                                                                                                                                                         ;
+--------------------+--------------+--------------+--------------+--------------+--------------+-----------+--------------+--------------+-----------+-----------+--------------+--------------+--------------+--------------+--------------+--------------+--------------+--------------+--------------+--------------+--------------+--------------+--------------+--------------+--------------+--------------+--------------+-----------+--------------+--------------+
; Pin/Rules          ; IO_000001    ; IO_000002    ; IO_000003    ; IO_000004    ; IO_000005    ; IO_000006 ; IO_000007    ; IO_000008    ; IO_000009 ; IO_000010 ; IO_000011    ; IO_000012    ; IO_000013    ; IO_000014    ; IO_000015    ; IO_000018    ; IO_000019    ; IO_000020    ; IO_000021    ; IO_000022    ; IO_000023    ; IO_000024    ; IO_000026    ; IO_000027    ; IO_000045    ; IO_000046    ; IO_000047    ; IO_000033 ; IO_000034    ; IO_000042    ;
+--------------------+--------------+--------------+--------------+--------------+--------------+-----------+--------------+--------------+-----------+-----------+--------------+--------------+--------------+--------------+--------------+--------------+--------------+--------------+--------------+--------------+--------------+--------------+--------------+--------------+--------------+--------------+--------------+-----------+--------------+--------------+
; Total Pass         ; 0            ; 0            ; 0            ; 0            ; 0            ; 62        ; 0            ; 0            ; 62        ; 62        ; 0            ; 44           ; 0            ; 0            ; 26           ; 0            ; 44           ; 26           ; 0            ; 0            ; 0            ; 44           ; 0            ; 0            ; 0            ; 0            ; 0            ; 62        ; 0            ; 0            ;
; Total Unchecked    ; 0            ; 0            ; 0            ; 0            ; 0            ; 0         ; 0            ; 0            ; 0         ; 0         ; 0            ; 0            ; 0            ; 0            ; 0            ; 0            ; 0            ; 0            ; 0            ; 0            ; 0            ; 0            ; 0            ; 0            ; 0            ; 0            ; 0            ; 0         ; 0            ; 0            ;
; Total Inapplicable ; 62           ; 62           ; 62           ; 62           ; 62           ; 0         ; 62           ; 62           ; 0         ; 0         ; 62           ; 18           ; 62           ; 62           ; 36           ; 62           ; 18           ; 36           ; 62           ; 62           ; 62           ; 18           ; 62           ; 62           ; 62           ; 62           ; 62           ; 0         ; 62           ; 62           ;
; Total Fail         ; 0            ; 0            ; 0            ; 0            ; 0            ; 0         ; 0            ; 0            ; 0         ; 0         ; 0            ; 0            ; 0            ; 0            ; 0            ; 0            ; 0            ; 0            ; 0            ; 0            ; 0            ; 0            ; 0            ; 0            ; 0            ; 0            ; 0            ; 0         ; 0            ; 0            ;
; CRT[7]             ; Inapplicable ; Inapplicable ; Inapplicable ; Inapplicable ; Inapplicable ; Pass      ; Inapplicable ; Inapplicable ; Pass      ; Pass      ; Inapplicable ; Pass         ; Inapplicable ; Inapplicable ; Pass         ; Inapplicable ; Pass         ; Pass         ; Inapplicable ; Inapplicable ; Inapplicable ; Pass         ; Inapplicable ; Inapplicable ; Inapplicable ; Inapplicable ; Inapplicable ; Pass      ; Inapplicable ; Inapplicable ;
; CRT[6]             ; Inapplicable ; Inapplicable ; Inapplicable ; Inapplicable ; Inapplicable ; Pass      ; Inapplicable ; Inapplicable ; Pass      ; Pass      ; Inapplicable ; Pass         ; Inapplicable ; Inapplicable ; Pass         ; Inapplicable ; Pass         ; Pass         ; Inapplicable ; Inapplicable ; Inapplicable ; Pass         ; Inapplicable ; Inapplicable ; Inapplicable ; Inapplicable ; Inapplicable ; Pass      ; Inapplicable ; Inapplicable ;
; CRT[5]             ; Inapplicable ; Inapplicable ; Inapplicable ; Inapplicable ; Inapplicable ; Pass      ; Inapplicable ; Inapplicable ; Pass      ; Pass      ; Inapplicable ; Pass         ; Inapplicable ; Inapplicable ; Pass         ; Inapplicable ; Pass         ; Pass         ; Inapplicable ; Inapplicable ; Inapplicable ; Pass         ; Inapplicable ; Inapplicable ; Inapplicable ; Inapplicable ; Inapplicable ; Pass      ; Inapplicable ; Inapplicable ;
; CRT[4]             ; Inapplicable ; Inapplicable ; Inapplicable ; Inapplicable ; Inapplicable ; Pass      ; Inapplicable ; Inapplicable ; Pass      ; Pass      ; Inapplicable ; Pass         ; Inapplicable ; Inapplicable ; Pass         ; Inapplicable ; Pass         ; Pass         ; Inapplicable ; Inapplicable ; Inapplicable ; Pass         ; Inapplicable ; Inapplicable ; Inapplicable ; Inapplicable ; Inapplicable ; Pass      ; Inapplicable ; Inapplicable ;
; CRT[3]             ; Inapplicable ; Inapplicable ; Inapplicable ; Inapplicable ; Inapplicable ; Pass      ; Inapplicable ; Inapplicable ; Pass      ; Pass      ; Inapplicable ; Pass         ; Inapplicable ; Inapplicable ; Pass         ; Inapplicable ; Pass         ; Pass         ; Inapplicable ; Inapplicable ; Inapplicable ; Pass         ; Inapplicable ; Inapplicable ; Inapplicable ; Inapplicable ; Inapplicable ; Pass      ; Inapplicable ; Inapplicable ;
; CRT[2]             ; Inapplicable ; Inapplicable ; Inapplicable ; Inapplicable ; Inapplicable ; Pass      ; Inapplicable ; Inapplicable ; Pass      ; Pass      ; Inapplicable ; Pass         ; Inapplicable ; Inapplicable ; Pass         ; Inapplicable ; Pass         ; Pass         ; Inapplicable ; Inapplicable ; Inapplicable ; Pass         ; Inapplicable ; Inapplicable ; Inapplicable ; Inapplicable ; Inapplicable ; Pass      ; Inapplicable ; Inapplicable ;
; CRT[1]             ; Inapplicable ; Inapplicable ; Inapplicable ; Inapplicable ; Inapplicable ; Pass      ; Inapplicable ; Inapplicable ; Pass      ; Pass      ; Inapplicable ; Pass         ; Inapplicable ; Inapplicable ; Pass         ; Inapplicable ; Pass         ; Pass         ; Inapplicable ; Inapplicable ; Inapplicable ; Pass         ; Inapplicable ; Inapplicable ; Inapplicable ; Inapplicable ; Inapplicable ; Pass      ; Inapplicable ; Inapplicable ;
; CRT[0]             ; Inapplicable ; Inapplicable ; Inapplicable ; Inapplicable ; Inapplicable ; Pass      ; Inapplicable ; Inapplicable ; Pass      ; Pass      ; Inapplicable ; Pass         ; Inapplicable ; Inapplicable ; Pass         ; Inapplicable ; Pass         ; Pass         ; Inapplicable ; Inapplicable ; Inapplicable ; Pass         ; Inapplicable ; Inapplicable ; Inapplicable ; Inapplicable ; Inapplicable ; Pass      ; Inapplicable ; Inapplicable ;
; IR[7]              ; Inapplicable ; Inapplicable ; Inapplicable ; Inapplicable ; Inapplicable ; Pass      ; Inapplicable ; Inapplicable ; Pass      ; Pass      ; Inapplicable ; Pass         ; Inapplicable ; Inapplicable ; Inapplicable ; Inapplicable ; Pass         ; Inapplicable ; Inapplicable ; Inapplicable ; Inapplicable ; Pass         ; Inapplicable ; Inapplicable ; Inapplicable ; Inapplicable ; Inapplicable ; Pass      ; Inapplicable ; Inapplicable ;
; IR[6]              ; Inapplicable ; Inapplicable ; Inapplicable ; Inapplicable ; Inapplicable ; Pass      ; Inapplicable ; Inapplicable ; Pass      ; Pass      ; Inapplicable ; Pass         ; Inapplicable ; Inapplicable ; Inapplicable ; Inapplicable ; Pass         ; Inapplicable ; Inapplicable ; Inapplicable ; Inapplicable ; Pass         ; Inapplicable ; Inapplicable ; Inapplicable ; Inapplicable ; Inapplicable ; Pass      ; Inapplicable ; Inapplicable ;
; IR[5]              ; Inapplicable ; Inapplicable ; Inapplicable ; Inapplicable ; Inapplicable ; Pass      ; Inapplicable ; Inapplicable ; Pass      ; Pass      ; Inapplicable ; Pass         ; Inapplicable ; Inapplicable ; Inapplicable ; Inapplicable ; Pass         ; Inapplicable ; Inapplicable ; Inapplicable ; Inapplicable ; Pass         ; Inapplicable ; Inapplicable ; Inapplicable ; Inapplicable ; Inapplicable ; Pass      ; Inapplicable ; Inapplicable ;
; IR[4]              ; Inapplicable ; Inapplicable ; Inapplicable ; Inapplicable ; Inapplicable ; Pass      ; Inapplicable ; Inapplicable ; Pass      ; Pass      ; Inapplicable ; Pass         ; Inapplicable ; Inapplicable ; Inapplicable ; Inapplicable ; Pass         ; Inapplicable ; Inapplicable ; Inapplicable ; Inapplicable ; Pass         ; Inapplicable ; Inapplicable ; Inapplicable ; Inapplicable ; Inapplicable ; Pass      ; Inapplicable ; Inapplicable ;
; IR[3]              ; Inapplicable ; Inapplicable ; Inapplicable ; Inapplicable ; Inapplicable ; Pass      ; Inapplicable ; Inapplicable ; Pass      ; Pass      ; Inapplicable ; Pass         ; Inapplicable ; Inapplicable ; Inapplicable ; Inapplicable ; Pass         ; Inapplicable ; Inapplicable ; Inapplicable ; Inapplicable ; Pass         ; Inapplicable ; Inapplicable ; Inapplicable ; Inapplicable ; Inapplicable ; Pass      ; Inapplicable ; Inapplicable ;
; IR[2]              ; Inapplicable ; Inapplicable ; Inapplicable ; Inapplicable ; Inapplicable ; Pass      ; Inapplicable ; Inapplicable ; Pass      ; Pass      ; Inapplicable ; Pass         ; Inapplicable ; Inapplicable ; Inapplicable ; Inapplicable ; Pass         ; Inapplicable ; Inapplicable ; Inapplicable ; Inapplicable ; Pass         ; Inapplicable ; Inapplicable ; Inapplicable ; Inapplicable ; Inapplicable ; Pass      ; Inapplicable ; Inapplicable ;
; IR[1]              ; Inapplicable ; Inapplicable ; Inapplicable ; Inapplicable ; Inapplicable ; Pass      ; Inapplicable ; Inapplicable ; Pass      ; Pass      ; Inapplicable ; Pass         ; Inapplicable ; Inapplicable ; Inapplicable ; Inapplicable ; Pass         ; Inapplicable ; Inapplicable ; Inapplicable ; Inapplicable ; Pass         ; Inapplicable ; Inapplicable ; Inapplicable ; Inapplicable ; Inapplicable ; Pass      ; Inapplicable ; Inapplicable ;
; IR[0]              ; Inapplicable ; Inapplicable ; Inapplicable ; Inapplicable ; Inapplicable ; Pass      ; Inapplicable ; Inapplicable ; Pass      ; Pass      ; Inapplicable ; Pass         ; Inapplicable ; Inapplicable ; Inapplicable ; Inapplicable ; Pass         ; Inapplicable ; Inapplicable ; Inapplicable ; Inapplicable ; Pass         ; Inapplicable ; Inapplicable ; Inapplicable ; Inapplicable ; Inapplicable ; Pass      ; Inapplicable ; Inapplicable ;
; MA[7]              ; Inapplicable ; Inapplicable ; Inapplicable ; Inapplicable ; Inapplicable ; Pass      ; Inapplicable ; Inapplicable ; Pass      ; Pass      ; Inapplicable ; Pass         ; Inapplicable ; Inapplicable ; Inapplicable ; Inapplicable ; Pass         ; Inapplicable ; Inapplicable ; Inapplicable ; Inapplicable ; Pass         ; Inapplicable ; Inapplicable ; Inapplicable ; Inapplicable ; Inapplicable ; Pass      ; Inapplicable ; Inapplicable ;
; MA[6]              ; Inapplicable ; Inapplicable ; Inapplicable ; Inapplicable ; Inapplicable ; Pass      ; Inapplicable ; Inapplicable ; Pass      ; Pass      ; Inapplicable ; Pass         ; Inapplicable ; Inapplicable ; Inapplicable ; Inapplicable ; Pass         ; Inapplicable ; Inapplicable ; Inapplicable ; Inapplicable ; Pass         ; Inapplicable ; Inapplicable ; Inapplicable ; Inapplicable ; Inapplicable ; Pass      ; Inapplicable ; Inapplicable ;
; MA[5]              ; Inapplicable ; Inapplicable ; Inapplicable ; Inapplicable ; Inapplicable ; Pass      ; Inapplicable ; Inapplicable ; Pass      ; Pass      ; Inapplicable ; Pass         ; Inapplicable ; Inapplicable ; Inapplicable ; Inapplicable ; Pass         ; Inapplicable ; Inapplicable ; Inapplicable ; Inapplicable ; Pass         ; Inapplicable ; Inapplicable ; Inapplicable ; Inapplicable ; Inapplicable ; Pass      ; Inapplicable ; Inapplicable ;
; MA[4]              ; Inapplicable ; Inapplicable ; Inapplicable ; Inapplicable ; Inapplicable ; Pass      ; Inapplicable ; Inapplicable ; Pass      ; Pass      ; Inapplicable ; Pass         ; Inapplicable ; Inapplicable ; Inapplicable ; Inapplicable ; Pass         ; Inapplicable ; Inapplicable ; Inapplicable ; Inapplicable ; Pass         ; Inapplicable ; Inapplicable ; Inapplicable ; Inapplicable ; Inapplicable ; Pass      ; Inapplicable ; Inapplicable ;
; MA[3]              ; Inapplicable ; Inapplicable ; Inapplicable ; Inapplicable ; Inapplicable ; Pass      ; Inapplicable ; Inapplicable ; Pass      ; Pass      ; Inapplicable ; Pass         ; Inapplicable ; Inapplicable ; Inapplicable ; Inapplicable ; Pass         ; Inapplicable ; Inapplicable ; Inapplicable ; Inapplicable ; Pass         ; Inapplicable ; Inapplicable ; Inapplicable ; Inapplicable ; Inapplicable ; Pass      ; Inapplicable ; Inapplicable ;
; MA[2]              ; Inapplicable ; Inapplicable ; Inapplicable ; Inapplicable ; Inapplicable ; Pass      ; Inapplicable ; Inapplicable ; Pass      ; Pass      ; Inapplicable ; Pass         ; Inapplicable ; Inapplicable ; Inapplicable ; Inapplicable ; Pass         ; Inapplicable ; Inapplicable ; Inapplicable ; Inapplicable ; Pass         ; Inapplicable ; Inapplicable ; Inapplicable ; Inapplicable ; Inapplicable ; Pass      ; Inapplicable ; Inapplicable ;
; MA[1]              ; Inapplicable ; Inapplicable ; Inapplicable ; Inapplicable ; Inapplicable ; Pass      ; Inapplicable ; Inapplicable ; Pass      ; Pass      ; Inapplicable ; Pass         ; Inapplicable ; Inapplicable ; Inapplicable ; Inapplicable ; Pass         ; Inapplicable ; Inapplicable ; Inapplicable ; Inapplicable ; Pass         ; Inapplicable ; Inapplicable ; Inapplicable ; Inapplicable ; Inapplicable ; Pass      ; Inapplicable ; Inapplicable ;
; MA[0]              ; Inapplicable ; Inapplicable ; Inapplicable ; Inapplicable ; Inapplicable ; Pass      ; Inapplicable ; Inapplicable ; Pass      ; Pass      ; Inapplicable ; Pass         ; Inapplicable ; Inapplicable ; Inapplicable ; Inapplicable ; Pass         ; Inapplicable ; Inapplicable ; Inapplicable ; Inapplicable ; Pass         ; Inapplicable ; Inapplicable ; Inapplicable ; Inapplicable ; Inapplicable ; Pass      ; Inapplicable ; Inapplicable ;
; MQ[7]              ; Inapplicable ; Inapplicable ; Inapplicable ; Inapplicable ; Inapplicable ; Pass      ; Inapplicable ; Inapplicable ; Pass      ; Pass      ; Inapplicable ; Pass         ; Inapplicable ; Inapplicable ; Inapplicable ; Inapplicable ; Pass         ; Inapplicable ; Inapplicable ; Inapplicable ; Inapplicable ; Pass         ; Inapplicable ; Inapplicable ; Inapplicable ; Inapplicable ; Inapplicable ; Pass      ; Inapplicable ; Inapplicable ;
; MQ[6]              ; Inapplicable ; Inapplicable ; Inapplicable ; Inapplicable ; Inapplicable ; Pass      ; Inapplicable ; Inapplicable ; Pass      ; Pass      ; Inapplicable ; Pass         ; Inapplicable ; Inapplicable ; Inapplicable ; Inapplicable ; Pass         ; Inapplicable ; Inapplicable ; Inapplicable ; Inapplicable ; Pass         ; Inapplicable ; Inapplicable ; Inapplicable ; Inapplicable ; Inapplicable ; Pass      ; Inapplicable ; Inapplicable ;
; MQ[5]              ; Inapplicable ; Inapplicable ; Inapplicable ; Inapplicable ; Inapplicable ; Pass      ; Inapplicable ; Inapplicable ; Pass      ; Pass      ; Inapplicable ; Pass         ; Inapplicable ; Inapplicable ; Inapplicable ; Inapplicable ; Pass         ; Inapplicable ; Inapplicable ; Inapplicable ; Inapplicable ; Pass         ; Inapplicable ; Inapplicable ; Inapplicable ; Inapplicable ; Inapplicable ; Pass      ; Inapplicable ; Inapplicable ;
; MQ[4]              ; Inapplicable ; Inapplicable ; Inapplicable ; Inapplicable ; Inapplicable ; Pass      ; Inapplicable ; Inapplicable ; Pass      ; Pass      ; Inapplicable ; Pass         ; Inapplicable ; Inapplicable ; Inapplicable ; Inapplicable ; Pass         ; Inapplicable ; Inapplicable ; Inapplicable ; Inapplicable ; Pass         ; Inapplicable ; Inapplicable ; Inapplicable ; Inapplicable ; Inapplicable ; Pass      ; Inapplicable ; Inapplicable ;
; MQ[3]              ; Inapplicable ; Inapplicable ; Inapplicable ; Inapplicable ; Inapplicable ; Pass      ; Inapplicable ; Inapplicable ; Pass      ; Pass      ; Inapplicable ; Pass         ; Inapplicable ; Inapplicable ; Inapplicable ; Inapplicable ; Pass         ; Inapplicable ; Inapplicable ; Inapplicable ; Inapplicable ; Pass         ; Inapplicable ; Inapplicable ; Inapplicable ; Inapplicable ; Inapplicable ; Pass      ; Inapplicable ; Inapplicable ;
; MQ[2]              ; Inapplicable ; Inapplicable ; Inapplicable ; Inapplicable ; Inapplicable ; Pass      ; Inapplicable ; Inapplicable ; Pass      ; Pass      ; Inapplicable ; Pass         ; Inapplicable ; Inapplicable ; Inapplicable ; Inapplicable ; Pass         ; Inapplicable ; Inapplicable ; Inapplicable ; Inapplicable ; Pass         ; Inapplicable ; Inapplicable ; Inapplicable ; Inapplicable ; Inapplicable ; Pass      ; Inapplicable ; Inapplicable ;
; MQ[1]              ; Inapplicable ; Inapplicable ; Inapplicable ; Inapplicable ; Inapplicable ; Pass      ; Inapplicable ; Inapplicable ; Pass      ; Pass      ; Inapplicable ; Pass         ; Inapplicable ; Inapplicable ; Inapplicable ; Inapplicable ; Pass         ; Inapplicable ; Inapplicable ; Inapplicable ; Inapplicable ; Pass         ; Inapplicable ; Inapplicable ; Inapplicable ; Inapplicable ; Inapplicable ; Pass      ; Inapplicable ; Inapplicable ;
; MQ[0]              ; Inapplicable ; Inapplicable ; Inapplicable ; Inapplicable ; Inapplicable ; Pass      ; Inapplicable ; Inapplicable ; Pass      ; Pass      ; Inapplicable ; Pass         ; Inapplicable ; Inapplicable ; Inapplicable ; Inapplicable ; Pass         ; Inapplicable ; Inapplicable ; Inapplicable ; Inapplicable ; Pass         ; Inapplicable ; Inapplicable ; Inapplicable ; Inapplicable ; Inapplicable ; Pass      ; Inapplicable ; Inapplicable ;
; PC[7]              ; Inapplicable ; Inapplicable ; Inapplicable ; Inapplicable ; Inapplicable ; Pass      ; Inapplicable ; Inapplicable ; Pass      ; Pass      ; Inapplicable ; Pass         ; Inapplicable ; Inapplicable ; Inapplicable ; Inapplicable ; Pass         ; Inapplicable ; Inapplicable ; Inapplicable ; Inapplicable ; Pass         ; Inapplicable ; Inapplicable ; Inapplicable ; Inapplicable ; Inapplicable ; Pass      ; Inapplicable ; Inapplicable ;
; PC[6]              ; Inapplicable ; Inapplicable ; Inapplicable ; Inapplicable ; Inapplicable ; Pass      ; Inapplicable ; Inapplicable ; Pass      ; Pass      ; Inapplicable ; Pass         ; Inapplicable ; Inapplicable ; Inapplicable ; Inapplicable ; Pass         ; Inapplicable ; Inapplicable ; Inapplicable ; Inapplicable ; Pass         ; Inapplicable ; Inapplicable ; Inapplicable ; Inapplicable ; Inapplicable ; Pass      ; Inapplicable ; Inapplicable ;
; PC[5]              ; Inapplicable ; Inapplicable ; Inapplicable ; Inapplicable ; Inapplicable ; Pass      ; Inapplicable ; Inapplicable ; Pass      ; Pass      ; Inapplicable ; Pass         ; Inapplicable ; Inapplicable ; Inapplicable ; Inapplicable ; Pass         ; Inapplicable ; Inapplicable ; Inapplicable ; Inapplicable ; Pass         ; Inapplicable ; Inapplicable ; Inapplicable ; Inapplicable ; Inapplicable ; Pass      ; Inapplicable ; Inapplicable ;
; PC[4]              ; Inapplicable ; Inapplicable ; Inapplicable ; Inapplicable ; Inapplicable ; Pass      ; Inapplicable ; Inapplicable ; Pass      ; Pass      ; Inapplicable ; Pass         ; Inapplicable ; Inapplicable ; Inapplicable ; Inapplicable ; Pass         ; Inapplicable ; Inapplicable ; Inapplicable ; Inapplicable ; Pass         ; Inapplicable ; Inapplicable ; Inapplicable ; Inapplicable ; Inapplicable ; Pass      ; Inapplicable ; Inapplicable ;
; PC[3]              ; Inapplicable ; Inapplicable ; Inapplicable ; Inapplicable ; Inapplicable ; Pass      ; Inapplicable ; Inapplicable ; Pass      ; Pass      ; Inapplicable ; Pass         ; Inapplicable ; Inapplicable ; Inapplicable ; Inapplicable ; Pass         ; Inapplicable ; Inapplicable ; Inapplicable ; Inapplicable ; Pass         ; Inapplicable ; Inapplicable ; Inapplicable ; Inapplicable ; Inapplicable ; Pass      ; Inapplicable ; Inapplicable ;
; PC[2]              ; Inapplicable ; Inapplicable ; Inapplicable ; Inapplicable ; Inapplicable ; Pass      ; Inapplicable ; Inapplicable ; Pass      ; Pass      ; Inapplicable ; Pass         ; Inapplicable ; Inapplicable ; Inapplicable ; Inapplicable ; Pass         ; Inapplicable ; Inapplicable ; Inapplicable ; Inapplicable ; Pass         ; Inapplicable ; Inapplicable ; Inapplicable ; Inapplicable ; Inapplicable ; Pass      ; Inapplicable ; Inapplicable ;
; PC[1]              ; Inapplicable ; Inapplicable ; Inapplicable ; Inapplicable ; Inapplicable ; Pass      ; Inapplicable ; Inapplicable ; Pass      ; Pass      ; Inapplicable ; Pass         ; Inapplicable ; Inapplicable ; Inapplicable ; Inapplicable ; Pass         ; Inapplicable ; Inapplicable ; Inapplicable ; Inapplicable ; Pass         ; Inapplicable ; Inapplicable ; Inapplicable ; Inapplicable ; Inapplicable ; Pass      ; Inapplicable ; Inapplicable ;
; PC[0]              ; Inapplicable ; Inapplicable ; Inapplicable ; Inapplicable ; Inapplicable ; Pass      ; Inapplicable ; Inapplicable ; Pass      ; Pass      ; Inapplicable ; Pass         ; Inapplicable ; Inapplicable ; Inapplicable ; Inapplicable ; Pass         ; Inapplicable ; Inapplicable ; Inapplicable ; Inapplicable ; Pass         ; Inapplicable ; Inapplicable ; Inapplicable ; Inapplicable ; Inapplicable ; Pass      ; Inapplicable ; Inapplicable ;
; RD[1]              ; Inapplicable ; Inapplicable ; Inapplicable ; Inapplicable ; Inapplicable ; Pass      ; Inapplicable ; Inapplicable ; Pass      ; Pass      ; Inapplicable ; Pass         ; Inapplicable ; Inapplicable ; Inapplicable ; Inapplicable ; Pass         ; Inapplicable ; Inapplicable ; Inapplicable ; Inapplicable ; Pass         ; Inapplicable ; Inapplicable ; Inapplicable ; Inapplicable ; Inapplicable ; Pass      ; Inapplicable ; Inapplicable ;
; RD[0]              ; Inapplicable ; Inapplicable ; Inapplicable ; Inapplicable ; Inapplicable ; Pass      ; Inapplicable ; Inapplicable ; Pass      ; Pass      ; Inapplicable ; Pass         ; Inapplicable ; Inapplicable ; Inapplicable ; Inapplicable ; Pass         ; Inapplicable ; Inapplicable ; Inapplicable ; Inapplicable ; Pass         ; Inapplicable ; Inapplicable ; Inapplicable ; Inapplicable ; Inapplicable ; Pass      ; Inapplicable ; Inapplicable ;
; RS[1]              ; Inapplicable ; Inapplicable ; Inapplicable ; Inapplicable ; Inapplicable ; Pass      ; Inapplicable ; Inapplicable ; Pass      ; Pass      ; Inapplicable ; Pass         ; Inapplicable ; Inapplicable ; Inapplicable ; Inapplicable ; Pass         ; Inapplicable ; Inapplicable ; Inapplicable ; Inapplicable ; Pass         ; Inapplicable ; Inapplicable ; Inapplicable ; Inapplicable ; Inapplicable ; Pass      ; Inapplicable ; Inapplicable ;
; RS[0]              ; Inapplicable ; Inapplicable ; Inapplicable ; Inapplicable ; Inapplicable ; Pass      ; Inapplicable ; Inapplicable ; Pass      ; Pass      ; Inapplicable ; Pass         ; Inapplicable ; Inapplicable ; Inapplicable ; Inapplicable ; Pass         ; Inapplicable ; Inapplicable ; Inapplicable ; Inapplicable ; Pass         ; Inapplicable ; Inapplicable ; Inapplicable ; Inapplicable ; Inapplicable ; Pass      ; Inapplicable ; Inapplicable ;
; MDRout             ; Inapplicable ; Inapplicable ; Inapplicable ; Inapplicable ; Inapplicable ; Pass      ; Inapplicable ; Inapplicable ; Pass      ; Pass      ; Inapplicable ; Inapplicable ; Inapplicable ; Inapplicable ; Pass         ; Inapplicable ; Inapplicable ; Pass         ; Inapplicable ; Inapplicable ; Inapplicable ; Inapplicable ; Inapplicable ; Inapplicable ; Inapplicable ; Inapplicable ; Inapplicable ; Pass      ; Inapplicable ; Inapplicable ;
; Zout               ; Inapplicable ; Inapplicable ; Inapplicable ; Inapplicable ; Inapplicable ; Pass      ; Inapplicable ; Inapplicable ; Pass      ; Pass      ; Inapplicable ; Inapplicable ; Inapplicable ; Inapplicable ; Pass         ; Inapplicable ; Inapplicable ; Pass         ; Inapplicable ; Inapplicable ; Inapplicable ; Inapplicable ; Inapplicable ; Inapplicable ; Inapplicable ; Inapplicable ; Inapplicable ; Pass      ; Inapplicable ; Inapplicable ;
; PCout              ; Inapplicable ; Inapplicable ; Inapplicable ; Inapplicable ; Inapplicable ; Pass      ; Inapplicable ; Inapplicable ; Pass      ; Pass      ; Inapplicable ; Inapplicable ; Inapplicable ; Inapplicable ; Pass         ; Inapplicable ; Inapplicable ; Pass         ; Inapplicable ; Inapplicable ; Inapplicable ; Inapplicable ; Inapplicable ; Inapplicable ; Inapplicable ; Inapplicable ; Inapplicable ; Pass      ; Inapplicable ; Inapplicable ;
; GRsel              ; Inapplicable ; Inapplicable ; Inapplicable ; Inapplicable ; Inapplicable ; Pass      ; Inapplicable ; Inapplicable ; Pass      ; Pass      ; Inapplicable ; Inapplicable ; Inapplicable ; Inapplicable ; Pass         ; Inapplicable ; Inapplicable ; Pass         ; Inapplicable ; Inapplicable ; Inapplicable ; Inapplicable ; Inapplicable ; Inapplicable ; Inapplicable ; Inapplicable ; Inapplicable ; Pass      ; Inapplicable ; Inapplicable ;
; GRout              ; Inapplicable ; Inapplicable ; Inapplicable ; Inapplicable ; Inapplicable ; Pass      ; Inapplicable ; Inapplicable ; Pass      ; Pass      ; Inapplicable ; Inapplicable ; Inapplicable ; Inapplicable ; Pass         ; Inapplicable ; Inapplicable ; Pass         ; Inapplicable ; Inapplicable ; Inapplicable ; Inapplicable ; Inapplicable ; Inapplicable ; Inapplicable ; Inapplicable ; Inapplicable ; Pass      ; Inapplicable ; Inapplicable ;
; Clk                ; Inapplicable ; Inapplicable ; Inapplicable ; Inapplicable ; Inapplicable ; Pass      ; Inapplicable ; Inapplicable ; Pass      ; Pass      ; Inapplicable ; Inapplicable ; Inapplicable ; Inapplicable ; Pass         ; Inapplicable ; Inapplicable ; Pass         ; Inapplicable ; Inapplicable ; Inapplicable ; Inapplicable ; Inapplicable ; Inapplicable ; Inapplicable ; Inapplicable ; Inapplicable ; Pass      ; Inapplicable ; Inapplicable ;
; IRin               ; Inapplicable ; Inapplicable ; Inapplicable ; Inapplicable ; Inapplicable ; Pass      ; Inapplicable ; Inapplicable ; Pass      ; Pass      ; Inapplicable ; Inapplicable ; Inapplicable ; Inapplicable ; Pass         ; Inapplicable ; Inapplicable ; Pass         ; Inapplicable ; Inapplicable ; Inapplicable ; Inapplicable ; Inapplicable ; Inapplicable ; Inapplicable ; Inapplicable ; Inapplicable ; Pass      ; Inapplicable ; Inapplicable ;
; MARin              ; Inapplicable ; Inapplicable ; Inapplicable ; Inapplicable ; Inapplicable ; Pass      ; Inapplicable ; Inapplicable ; Pass      ; Pass      ; Inapplicable ; Inapplicable ; Inapplicable ; Inapplicable ; Pass         ; Inapplicable ; Inapplicable ; Pass         ; Inapplicable ; Inapplicable ; Inapplicable ; Inapplicable ; Inapplicable ; Inapplicable ; Inapplicable ; Inapplicable ; Inapplicable ; Pass      ; Inapplicable ; Inapplicable ;
; MemRd              ; Inapplicable ; Inapplicable ; Inapplicable ; Inapplicable ; Inapplicable ; Pass      ; Inapplicable ; Inapplicable ; Pass      ; Pass      ; Inapplicable ; Inapplicable ; Inapplicable ; Inapplicable ; Pass         ; Inapplicable ; Inapplicable ; Pass         ; Inapplicable ; Inapplicable ; Inapplicable ; Inapplicable ; Inapplicable ; Inapplicable ; Inapplicable ; Inapplicable ; Inapplicable ; Pass      ; Inapplicable ; Inapplicable ;
; Reset              ; Inapplicable ; Inapplicable ; Inapplicable ; Inapplicable ; Inapplicable ; Pass      ; Inapplicable ; Inapplicable ; Pass      ; Pass      ; Inapplicable ; Inapplicable ; Inapplicable ; Inapplicable ; Pass         ; Inapplicable ; Inapplicable ; Pass         ; Inapplicable ; Inapplicable ; Inapplicable ; Inapplicable ; Inapplicable ; Inapplicable ; Inapplicable ; Inapplicable ; Inapplicable ; Pass      ; Inapplicable ; Inapplicable ;
; PCin               ; Inapplicable ; Inapplicable ; Inapplicable ; Inapplicable ; Inapplicable ; Pass      ; Inapplicable ; Inapplicable ; Pass      ; Pass      ; Inapplicable ; Inapplicable ; Inapplicable ; Inapplicable ; Pass         ; Inapplicable ; Inapplicable ; Pass         ; Inapplicable ; Inapplicable ; Inapplicable ; Inapplicable ; Inapplicable ; Inapplicable ; Inapplicable ; Inapplicable ; Inapplicable ; Pass      ; Inapplicable ; Inapplicable ;
; PC_1               ; Inapplicable ; Inapplicable ; Inapplicable ; Inapplicable ; Inapplicable ; Pass      ; Inapplicable ; Inapplicable ; Pass      ; Pass      ; Inapplicable ; Inapplicable ; Inapplicable ; Inapplicable ; Pass         ; Inapplicable ; Inapplicable ; Pass         ; Inapplicable ; Inapplicable ; Inapplicable ; Inapplicable ; Inapplicable ; Inapplicable ; Inapplicable ; Inapplicable ; Inapplicable ; Pass      ; Inapplicable ; Inapplicable ;
; MDRin              ; Inapplicable ; Inapplicable ; Inapplicable ; Inapplicable ; Inapplicable ; Pass      ; Inapplicable ; Inapplicable ; Pass      ; Pass      ; Inapplicable ; Inapplicable ; Inapplicable ; Inapplicable ; Pass         ; Inapplicable ; Inapplicable ; Pass         ; Inapplicable ; Inapplicable ; Inapplicable ; Inapplicable ; Inapplicable ; Inapplicable ; Inapplicable ; Inapplicable ; Inapplicable ; Pass      ; Inapplicable ; Inapplicable ;
; op[0]              ; Inapplicable ; Inapplicable ; Inapplicable ; Inapplicable ; Inapplicable ; Pass      ; Inapplicable ; Inapplicable ; Pass      ; Pass      ; Inapplicable ; Inapplicable ; Inapplicable ; Inapplicable ; Pass         ; Inapplicable ; Inapplicable ; Pass         ; Inapplicable ; Inapplicable ; Inapplicable ; Inapplicable ; Inapplicable ; Inapplicable ; Inapplicable ; Inapplicable ; Inapplicable ; Pass      ; Inapplicable ; Inapplicable ;
; op[1]              ; Inapplicable ; Inapplicable ; Inapplicable ; Inapplicable ; Inapplicable ; Pass      ; Inapplicable ; Inapplicable ; Pass      ; Pass      ; Inapplicable ; Inapplicable ; Inapplicable ; Inapplicable ; Pass         ; Inapplicable ; Inapplicable ; Pass         ; Inapplicable ; Inapplicable ; Inapplicable ; Inapplicable ; Inapplicable ; Inapplicable ; Inapplicable ; Inapplicable ; Inapplicable ; Pass      ; Inapplicable ; Inapplicable ;
; Zin                ; Inapplicable ; Inapplicable ; Inapplicable ; Inapplicable ; Inapplicable ; Pass      ; Inapplicable ; Inapplicable ; Pass      ; Pass      ; Inapplicable ; Inapplicable ; Inapplicable ; Inapplicable ; Pass         ; Inapplicable ; Inapplicable ; Pass         ; Inapplicable ; Inapplicable ; Inapplicable ; Inapplicable ; Inapplicable ; Inapplicable ; Inapplicable ; Inapplicable ; Inapplicable ; Pass      ; Inapplicable ; Inapplicable ;
; GRin               ; Inapplicable ; Inapplicable ; Inapplicable ; Inapplicable ; Inapplicable ; Pass      ; Inapplicable ; Inapplicable ; Pass      ; Pass      ; Inapplicable ; Inapplicable ; Inapplicable ; Inapplicable ; Pass         ; Inapplicable ; Inapplicable ; Pass         ; Inapplicable ; Inapplicable ; Inapplicable ; Inapplicable ; Inapplicable ; Inapplicable ; Inapplicable ; Inapplicable ; Inapplicable ; Pass      ; Inapplicable ; Inapplicable ;
; Yin                ; Inapplicable ; Inapplicable ; Inapplicable ; Inapplicable ; Inapplicable ; Pass      ; Inapplicable ; Inapplicable ; Pass      ; Pass      ; Inapplicable ; Inapplicable ; Inapplicable ; Inapplicable ; Pass         ; Inapplicable ; Inapplicable ; Pass         ; Inapplicable ; Inapplicable ; Inapplicable ; Inapplicable ; Inapplicable ; Inapplicable ; Inapplicable ; Inapplicable ; Inapplicable ; Pass      ; Inapplicable ; Inapplicable ;
+--------------------+--------------+--------------+--------------+--------------+--------------+-----------+--------------+--------------+-----------+-----------+--------------+--------------+--------------+--------------+--------------+--------------+--------------+--------------+--------------+--------------+--------------+--------------+--------------+--------------+--------------+--------------+--------------+-----------+--------------+--------------+


+-------------------------------------------------------------------------+
; Fitter Device Options                                                   ;
+----------------------------------------------+--------------------------+
; Option                                       ; Setting                  ;
+----------------------------------------------+--------------------------+
; Enable user-supplied start-up clock (CLKUSR) ; Off                      ;
; Enable device-wide reset (DEV_CLRn)          ; Off                      ;
; Enable device-wide output enable (DEV_OE)    ; Off                      ;
; Enable INIT_DONE output                      ; Off                      ;
; Configuration scheme                         ; Active Serial            ;
; Error detection CRC                          ; Off                      ;
; Enable Open Drain on CRC Error pin           ; Off                      ;
; Configuration Voltage Level                  ; Auto                     ;
; Force Configuration Voltage Level            ; Off                      ;
; nCEO                                         ; As output driving ground ;
; Data[0]                                      ; As input tri-stated      ;
; Data[1]/ASDO                                 ; As input tri-stated      ;
; Data[7..2]                                   ; Unreserved               ;
; FLASH_nCE/nCSO                               ; As input tri-stated      ;
; Other Active Parallel pins                   ; Unreserved               ;
; DCLK                                         ; As output driving ground ;
; Base pin-out file on sameframe device        ; Off                      ;
+----------------------------------------------+--------------------------+


+------------------------------------+
; Operating Settings and Conditions  ;
+---------------------------+--------+
; Setting                   ; Value  ;
+---------------------------+--------+
; Nominal Core Voltage      ; 1.20 V ;
; Low Junction Temperature  ; 0 °C   ;
; High Junction Temperature ; 85 °C  ;
+---------------------------+--------+


+------------------------------------------------------------+
; Estimated Delay Added for Hold Timing                      ;
+-----------------+----------------------+-------------------+
; Source Clock(s) ; Destination Clock(s) ; Delay Added in ns ;
+-----------------+----------------------+-------------------+


+-----------------+
; Fitter Messages ;
+-----------------+
Info: *******************************************************************
Info: Running Quartus II Fitter
    Info: Version 9.1 Build 350 03/24/2010 Service Pack 2 SJ Web Edition
    Info: Processing started: Wed Jan 07 18:39:05 2026
Info: Command: quartus_fit --read_settings_files=off --write_settings_files=off coClassProject -c coClassProject
Info: Selected device EP3C16Q240C8 for design "coClassProject"
Info: Core supply voltage is 1.2V
Info: Low junction temperature is 0 degrees C
Info: High junction temperature is 85 degrees C
Info: Fitter is performing an Auto Fit compilation, which may decrease Fitter effort to reduce compilation time
Warning: Feature LogicLock is only available with a valid subscription license. Please purchase a software subscription to gain full access to this feature.
Info: Device migration not selected. If you intend to use device migration later, you may need to change the pin assignments as they may be incompatible with other devices
    Info: Device EP3C25Q240C8 is compatible
    Info: Device EP3C40Q240C8 is compatible
Info: Fitter converted 5 user pins into dedicated programming pins
    Info: Pin ~ALTERA_ASDO_DATA1~ is reserved at location 12
    Info: Pin ~ALTERA_FLASH_nCE_nCSO~ is reserved at location 14
    Info: Pin ~ALTERA_DCLK~ is reserved at location 23
    Info: Pin ~ALTERA_DATA0~ is reserved at location 24
    Info: Pin ~ALTERA_nCEO~ is reserved at location 162
Warning: Some pins have incomplete I/O assignments. Refer to the I/O Assignment Warnings report for details
Info: Design uses memory blocks. Violating setup or hold times of memory block address registers for either read or write operations could cause memory contents to be corrupted. Make sure that all memory block address registers meet the setup and hold time requirements.
Critical Warning: No exact pin location assignment(s) for 62 pins of 62 total pins
    Info: Pin CRT[7] not assigned to an exact location on the device
    Info: Pin CRT[6] not assigned to an exact location on the device
    Info: Pin CRT[5] not assigned to an exact location on the device
    Info: Pin CRT[4] not assigned to an exact location on the device
    Info: Pin CRT[3] not assigned to an exact location on the device
    Info: Pin CRT[2] not assigned to an exact location on the device
    Info: Pin CRT[1] not assigned to an exact location on the device
    Info: Pin CRT[0] not assigned to an exact location on the device
    Info: Pin IR[7] not assigned to an exact location on the device
    Info: Pin IR[6] not assigned to an exact location on the device
    Info: Pin IR[5] not assigned to an exact location on the device
    Info: Pin IR[4] not assigned to an exact location on the device
    Info: Pin IR[3] not assigned to an exact location on the device
    Info: Pin IR[2] not assigned to an exact location on the device
    Info: Pin IR[1] not assigned to an exact location on the device
    Info: Pin IR[0] not assigned to an exact location on the device
    Info: Pin MA[7] not assigned to an exact location on the device
    Info: Pin MA[6] not assigned to an exact location on the device
    Info: Pin MA[5] not assigned to an exact location on the device
    Info: Pin MA[4] not assigned to an exact location on the device
    Info: Pin MA[3] not assigned to an exact location on the device
    Info: Pin MA[2] not assigned to an exact location on the device
    Info: Pin MA[1] not assigned to an exact location on the device
    Info: Pin MA[0] not assigned to an exact location on the device
    Info: Pin MQ[7] not assigned to an exact location on the device
    Info: Pin MQ[6] not assigned to an exact location on the device
    Info: Pin MQ[5] not assigned to an exact location on the device
    Info: Pin MQ[4] not assigned to an exact location on the device
    Info: Pin MQ[3] not assigned to an exact location on the device
    Info: Pin MQ[2] not assigned to an exact location on the device
    Info: Pin MQ[1] not assigned to an exact location on the device
    Info: Pin MQ[0] not assigned to an exact location on the device
    Info: Pin PC[7] not assigned to an exact location on the device
    Info: Pin PC[6] not assigned to an exact location on the device
    Info: Pin PC[5] not assigned to an exact location on the device
    Info: Pin PC[4] not assigned to an exact location on the device
    Info: Pin PC[3] not assigned to an exact location on the device
    Info: Pin PC[2] not assigned to an exact location on the device
    Info: Pin PC[1] not assigned to an exact location on the device
    Info: Pin PC[0] not assigned to an exact location on the device
    Info: Pin RD[1] not assigned to an exact location on the device
    Info: Pin RD[0] not assigned to an exact location on the device
    Info: Pin RS[1] not assigned to an exact location on the device
    Info: Pin RS[0] not assigned to an exact location on the device
    Info: Pin MDRout not assigned to an exact location on the device
    Info: Pin Zout not assigned to an exact location on the device
    Info: Pin PCout not assigned to an exact location on the device
    Info: Pin GRsel not assigned to an exact location on the device
    Info: Pin GRout not assigned to an exact location on the device
    Info: Pin Clk not assigned to an exact location on the device
    Info: Pin IRin not assigned to an exact location on the device
    Info: Pin MARin not assigned to an exact location on the device
    Info: Pin MemRd not assigned to an exact location on the device
    Info: Pin Reset not assigned to an exact location on the device
    Info: Pin PCin not assigned to an exact location on the device
    Info: Pin PC_1 not assigned to an exact location on the device
    Info: Pin MDRin not assigned to an exact location on the device
    Info: Pin op[0] not assigned to an exact location on the device
    Info: Pin op[1] not assigned to an exact location on the device
    Info: Pin Zin not assigned to an exact location on the device
    Info: Pin GRin not assigned to an exact location on the device
    Info: Pin Yin not assigned to an exact location on the device
Info: Timing-driven compilation is using the TimeQuest Timing Analyzer
Critical Warning: Synopsys Design Constraints File file not found: 'coClassProject.sdc'. A Synopsys Design Constraints File is required by the TimeQuest Timing Analyzer to get proper timing constraints. Without it, the Compiler will not properly optimize the design.
Info: No user constrained base clocks found in the design
Info: No user constrained clock uncertainty found in the design. Calling "derive_clock_uncertainty"
Info: The derive_clock_uncertainty command did not apply clock uncertainty to any clock-to-clock transfers.
Info: Timing requirements not specified -- quality metrics such as performance may be sacrificed to reduce compilation time.
Info: Automatically promoted node Clk~input (placed in PIN 31 (CLK0, DIFFCLK_0p))
    Info: Automatically promoted destinations to use location or clock signal Global Clock CLKCTRL_G4
Info: Automatically promoted node Reset~input (placed in PIN 32 (CLK1, DIFFCLK_0n))
    Info: Automatically promoted destinations to use location or clock signal Global Clock CLKCTRL_G2
    Info: Following destination nodes may be non-global or may not use global or regional clocks
        Info: Destination node lpm_counter0:inst10|lpm_counter:lpm_counter_component|cntr_tqj:auto_generated|counter_reg_bit[7]~0
        Info: Destination node lpm_counter0:inst10|lpm_counter:lpm_counter_component|cntr_tqj:auto_generated|counter_reg_bit[7]~1
        Info: Destination node lpm_counter0:inst10|lpm_counter:lpm_counter_component|cntr_tqj:auto_generated|_~0
        Info: Destination node lpm_counter0:inst10|lpm_counter:lpm_counter_component|cntr_tqj:auto_generated|counter_reg_bit[6]~2
        Info: Destination node lpm_counter0:inst10|lpm_counter:lpm_counter_component|cntr_tqj:auto_generated|counter_reg_bit[5]~3
        Info: Destination node lpm_counter0:inst10|lpm_counter:lpm_counter_component|cntr_tqj:auto_generated|counter_reg_bit[4]~4
        Info: Destination node lpm_counter0:inst10|lpm_counter:lpm_counter_component|cntr_tqj:auto_generated|counter_reg_bit[3]~5
        Info: Destination node lpm_counter0:inst10|lpm_counter:lpm_counter_component|cntr_tqj:auto_generated|counter_reg_bit[2]~6
        Info: Destination node lpm_counter0:inst10|lpm_counter:lpm_counter_component|cntr_tqj:auto_generated|counter_reg_bit[1]~7
        Info: Destination node lpm_counter0:inst10|lpm_counter:lpm_counter_component|cntr_tqj:auto_generated|counter_reg_bit[0]~8
Info: Starting register packing
Extra Info: Performing register packing on registers with non-logic cell location assignments
Extra Info: Completed register packing on registers with non-logic cell location assignments
Extra Info: Started Fast Input/Output/OE register processing
Extra Info: Finished Fast Input/Output/OE register processing
Extra Info: Moving registers into I/O cells, Multiplier Blocks, and RAM blocks to improve timing and density
Extra Info: Finished moving registers into I/O cells, Multiplier Blocks, and RAM blocks
Info: Finished register packing
    Extra Info: No registers were packed into other blocks
Info: Statistics of I/O pins that need to be placed that use the same VCCIO and VREF, before I/O pin placement
    Info: Number of I/O pins in group: 60 (unused VREF, 2.5V VCCIO, 16 input, 44 output, 0 bidirectional)
        Info: I/O standards used: 2.5 V.
Info: I/O bank details before I/O pin placement
    Info: Statistics of I/O banks
        Info: I/O bank number 1 does not use VREF pins and has undetermined VCCIO pins. 6 total pin(s) used --  10 pins available
        Info: I/O bank number 2 does not use VREF pins and has undetermined VCCIO pins. 0 total pin(s) used --  17 pins available
        Info: I/O bank number 3 does not use VREF pins and has undetermined VCCIO pins. 0 total pin(s) used --  22 pins available
        Info: I/O bank number 4 does not use VREF pins and has undetermined VCCIO pins. 0 total pin(s) used --  24 pins available
        Info: I/O bank number 5 does not use VREF pins and has undetermined VCCIO pins. 0 total pin(s) used --  19 pins available
        Info: I/O bank number 6 does not use VREF pins and has undetermined VCCIO pins. 1 total pin(s) used --  16 pins available
        Info: I/O bank number 7 does not use VREF pins and has undetermined VCCIO pins. 0 total pin(s) used --  22 pins available
        Info: I/O bank number 8 does not use VREF pins and has undetermined VCCIO pins. 0 total pin(s) used --  24 pins available
Info: Fitter preparation operations ending: elapsed time is 00:00:01
Info: Fitter placement preparation operations beginning
Info: Fitter placement preparation operations ending: elapsed time is 00:00:00
Info: Fitter placement operations beginning
Info: Fitter placement was successful
Info: Fitter placement operations ending: elapsed time is 00:00:00
Info: Fitter routing operations beginning
Info: Average interconnect usage is 0% of the available device resources
    Info: Peak interconnect usage is 4% of the available device resources in the region that extends from location X21_Y20 to location X30_Y29
Info: Fitter routing operations ending: elapsed time is 00:00:00
Info: The Fitter performed an Auto Fit compilation.  Optimizations were skipped to reduce compilation time.
    Info: Optimizations that may affect the design's routability were skipped
    Info: Optimizations that may affect the design's timing were skipped
Info: Started post-fitting delay annotation
Info: Delay annotation completed successfully
Info: Quartus II Fitter was successful. 0 errors, 4 warnings
    Info: Peak virtual memory: 300 megabytes
    Info: Processing ended: Wed Jan 07 18:39:08 2026
    Info: Elapsed time: 00:00:03
    Info: Total CPU time (on all processors): 00:00:03


