TimeQuest Timing Analyzer report for coClassProject
Wed Jan 07 18:39:10 2026
Quartus II Version 9.1 Build 350 03/24/2010 Service Pack 2 SJ Web Edition


---------------------
; Table of Contents ;
---------------------
  1. Legal Notice
  2. TimeQuest Timing Analyzer Summary
  3. Parallel Compilation
  4. Clocks
  5. Slow 1200mV 85C Model Fmax Summary
  6. Slow 1200mV 85C Model Setup Summary
  7. Slow 1200mV 85C Model Hold Summary
  8. Slow 1200mV 85C Model Recovery Summary
  9. Slow 1200mV 85C Model Removal Summary
 10. Slow 1200mV 85C Model Minimum Pulse Width Summary
 11. Slow 1200mV 85C Model Setup: 'Clk'
 12. Slow 1200mV 85C Model Hold: 'Clk'
 13. Slow 1200mV 85C Model Minimum Pulse Width: 'Clk'
 14. Setup Times
 15. Hold Times
 16. Clock to Output Times
 17. Minimum Clock to Output Times
 18. Propagation Delay
 19. Minimum Propagation Delay
 20. Slow 1200mV 85C Model Metastability Report
 21. Slow 1200mV 0C Model Fmax Summary
 22. Slow 1200mV 0C Model Setup Summary
 23. Slow 1200mV 0C Model Hold Summary
 24. Slow 1200mV 0C Model Recovery Summary
 25. Slow 1200mV 0C Model Removal Summary
 26. Slow 1200mV 0C Model Minimum Pulse Width Summary
 27. Slow 1200mV 0C Model Setup: 'Clk'
 28. Slow 1200mV 0C Model Hold: 'Clk'
 29. Slow 1200mV 0C Model Minimum Pulse Width: 'Clk'
 30. Setup Times
 31. Hold Times
 32. Clock to Output Times
 33. Minimum Clock to Output Times
 34. Propagation Delay
 35. Minimum Propagation Delay
 36. Slow 1200mV 0C Model Metastability Report
 37. Fast 1200mV 0C Model Setup Summary
 38. Fast 1200mV 0C Model Hold Summary
 39. Fast 1200mV 0C Model Recovery Summary
 40. Fast 1200mV 0C Model Removal Summary
 41. Fast 1200mV 0C Model Minimum Pulse Width Summary
 42. Fast 1200mV 0C Model Setup: 'Clk'
 43. Fast 1200mV 0C Model Hold: 'Clk'
 44. Fast 1200mV 0C Model Minimum Pulse Width: 'Clk'
 45. Setup Times
 46. Hold Times
 47. Clock to Output Times
 48. Minimum Clock to Output Times
 49. Propagation Delay
 50. Minimum Propagation Delay
 51. Fast 1200mV 0C Model Metastability Report
 52. Multicorner Timing Analysis Summary
 53. Setup Times
 54. Hold Times
 55. Clock to Output Times
 56. Minimum Clock to Output Times
 57. Progagation Delay
 58. Minimum Progagation Delay
 59. Board Trace Model Assignments
 60. Input Transition Times
 61. Slow Corner Signal Integrity Metrics
 62. Fast Corner Signal Integrity Metrics
 63. Setup Transfers
 64. Hold Transfers
 65. Report TCCS
 66. Report RSKM
 67. Unconstrained Paths
 68. TimeQuest Timing Analyzer Messages



----------------
; Legal Notice ;
----------------
Copyright (C) 1991-2010 Altera Corporation
Your use of Altera Corporation's design tools, logic functions 
and other software and tools, and its AMPP partner logic 
functions, and any output files from any of the foregoing 
(including device programming or simulation files), and any 
associated documentation or information are expressly subject 
to the terms and conditions of the Altera Program License 
Subscription Agreement, Altera MegaCore Function License 
Agreement, or other applicable license agreement, including, 
without limitation, that your use is for the sole purpose of 
programming logic devices manufactured by Altera and sold by 
Altera or its authorized distributors.  Please refer to the 
applicable agreement for further details.



+-------------------------------------------------------------------------------------+
; TimeQuest Timing Analyzer Summary                                                   ;
+--------------------+----------------------------------------------------------------+
; Quartus II Version ; Version 9.1 Build 350 03/24/2010 Service Pack 2 SJ Web Edition ;
; Revision Name      ; coClassProject                                                 ;
; Device Family      ; Cyclone III                                                    ;
; Device Name        ; EP3C16Q240C8                                                   ;
; Timing Models      ; Final                                                          ;
; Delay Model        ; Combined                                                       ;
; Rise/Fall Delays   ; Enabled                                                        ;
+--------------------+----------------------------------------------------------------+


Parallel compilation was disabled, but you have multiple processors available. Enable parallel compilation to reduce compilation time.
+-------------------------------------+
; Parallel Compilation                ;
+----------------------------+--------+
; Processors                 ; Number ;
+----------------------------+--------+
; Number detected on machine ; 24     ;
; Maximum allowed            ; 1      ;
+----------------------------+--------+


+---------------------------------------------------------------------------------------------------------------------------------------------------------------------------------+
; Clocks                                                                                                                                                                          ;
+------------+------+--------+------------+-------+-------+------------+-----------+-------------+-------+--------+-----------+------------+----------+--------+--------+---------+
; Clock Name ; Type ; Period ; Frequency  ; Rise  ; Fall  ; Duty Cycle ; Divide by ; Multiply by ; Phase ; Offset ; Edge List ; Edge Shift ; Inverted ; Master ; Source ; Targets ;
+------------+------+--------+------------+-------+-------+------------+-----------+-------------+-------+--------+-----------+------------+----------+--------+--------+---------+
; Clk        ; Base ; 1.000  ; 1000.0 MHz ; 0.000 ; 0.500 ;            ;           ;             ;       ;        ;           ;            ;          ;        ;        ; { Clk } ;
+------------+------+--------+------------+-------+-------+------------+-----------+-------------+-------+--------+-----------+------------+----------+--------+--------+---------+


+-------------------------------------------------+
; Slow 1200mV 85C Model Fmax Summary              ;
+-----------+-----------------+------------+------+
; Fmax      ; Restricted Fmax ; Clock Name ; Note ;
+-----------+-----------------+------------+------+
; 87.94 MHz ; 87.94 MHz       ; Clk        ;      ;
+-----------+-----------------+------------+------+
This panel reports FMAX for every clock in the design, regardless of the user-specified clock periods.  FMAX is only computed for paths where the source and destination registers or ports are driven by the same clock.  Paths of different clocks, including generated clocks, are ignored.  For paths between a clock and its inversion, FMAX is computed as if the rising and falling edges are scaled along with FMAX, such that the duty cycle (in terms of a percentage) is maintained. Altera recommends that you always use clock constraints and other slack reports for sign-off analysis.


+-------------------------------------+
; Slow 1200mV 85C Model Setup Summary ;
+-------+--------+--------------------+
; Clock ; Slack  ; End Point TNS      ;
+-------+--------+--------------------+
; Clk   ; -6.454 ; -423.618           ;
+-------+--------+--------------------+


+------------------------------------+
; Slow 1200mV 85C Model Hold Summary ;
+-------+-------+--------------------+
; Clock ; Slack ; End Point TNS      ;
+-------+-------+--------------------+
; Clk   ; 0.742 ; 0.000              ;
+-------+-------+--------------------+


------------------------------------------
; Slow 1200mV 85C Model Recovery Summary ;
------------------------------------------
No paths to report.


-----------------------------------------
; Slow 1200mV 85C Model Removal Summary ;
-----------------------------------------
No paths to report.


+---------------------------------------------------+
; Slow 1200mV 85C Model Minimum Pulse Width Summary ;
+-------+--------+----------------------------------+
; Clock ; Slack  ; End Point TNS                    ;
+-------+--------+----------------------------------+
; Clk   ; -3.201 ; -125.161                         ;
+-------+--------+----------------------------------+


+----------------------------------------------------------------------------------------------------------------------------------------------------------------------------------------------------------------------------------------------+
; Slow 1200mV 85C Model Setup: 'Clk'                                                                                                                                                                                                           ;
+--------+------------------------------------------------------------+--------------------------------------------------------------------------------------------------+--------------+-------------+--------------+------------+------------+
; Slack  ; From Node                                                  ; To Node                                                                                          ; Launch Clock ; Latch Clock ; Relationship ; Clock Skew ; Data Delay ;
+--------+------------------------------------------------------------+--------------------------------------------------------------------------------------------------+--------------+-------------+--------------+------------+------------+
; -6.454 ; lpm_dff4:inst11|lpm_ff:lpm_ff_component|dffs[3]            ; lpm_dff4:inst28|lpm_ff:lpm_ff_component|dffs[0]                                                  ; Clk          ; Clk         ; 1.000        ; -0.076     ; 7.379      ;
; -6.366 ; lpm_dff4:inst11|lpm_ff:lpm_ff_component|dffs[3]            ; lpm_dff4:inst28|lpm_ff:lpm_ff_component|dffs[1]                                                  ; Clk          ; Clk         ; 1.000        ; -0.076     ; 7.291      ;
; -6.320 ; lpm_dff4:inst11|lpm_ff:lpm_ff_component|dffs[1]            ; lpm_dff4:inst28|lpm_ff:lpm_ff_component|dffs[0]                                                  ; Clk          ; Clk         ; 1.000        ; -0.076     ; 7.245      ;
; -6.232 ; lpm_dff4:inst11|lpm_ff:lpm_ff_component|dffs[1]            ; lpm_dff4:inst28|lpm_ff:lpm_ff_component|dffs[1]                                                  ; Clk          ; Clk         ; 1.000        ; -0.076     ; 7.157      ;
; -6.228 ; GPRs:inst7|lpm_dff1:inst10|lpm_ff:lpm_ff_component|dffs[0] ; lpm_dff4:inst28|lpm_ff:lpm_ff_component|dffs[0]                                                  ; Clk          ; Clk         ; 1.000        ; -0.078     ; 7.151      ;
; -6.088 ; GPRs:inst7|lpm_dff1:inst10|lpm_ff:lpm_ff_component|dffs[6] ; GPRs:inst7|lpm_dff3:inst12|lpm_ff:lpm_ff_component|dffs[6]                                       ; Clk          ; Clk         ; 1.000        ; -0.076     ; 7.013      ;
; -6.086 ; lpm_dff4:inst11|lpm_ff:lpm_ff_component|dffs[0]            ; lpm_dff4:inst28|lpm_ff:lpm_ff_component|dffs[0]                                                  ; Clk          ; Clk         ; 1.000        ; -0.076     ; 7.011      ;
; -6.055 ; lpm_dff4:inst11|lpm_ff:lpm_ff_component|dffs[3]            ; lpm_dff4:inst28|lpm_ff:lpm_ff_component|dffs[7]                                                  ; Clk          ; Clk         ; 1.000        ; -0.076     ; 6.980      ;
; -6.051 ; lpm_dff4:inst11|lpm_ff:lpm_ff_component|dffs[0]            ; lpm_dff4:inst28|lpm_ff:lpm_ff_component|dffs[1]                                                  ; Clk          ; Clk         ; 1.000        ; -0.076     ; 6.976      ;
; -5.977 ; lpm_dff4:inst11|lpm_ff:lpm_ff_component|dffs[3]            ; GPRs:inst7|lpm_dff3:inst12|lpm_ff:lpm_ff_component|dffs[6]                                       ; Clk          ; Clk         ; 1.000        ; -0.074     ; 6.904      ;
; -5.928 ; lpm_dff4:inst11|lpm_ff:lpm_ff_component|dffs[3]            ; lpm_dff4:inst28|lpm_ff:lpm_ff_component|dffs[2]                                                  ; Clk          ; Clk         ; 1.000        ; -0.076     ; 6.853      ;
; -5.921 ; lpm_dff4:inst11|lpm_ff:lpm_ff_component|dffs[1]            ; lpm_dff4:inst28|lpm_ff:lpm_ff_component|dffs[7]                                                  ; Clk          ; Clk         ; 1.000        ; -0.076     ; 6.846      ;
; -5.909 ; lpm_dff4:inst11|lpm_ff:lpm_ff_component|dffs[3]            ; lpm_dff4:inst28|lpm_ff:lpm_ff_component|dffs[5]                                                  ; Clk          ; Clk         ; 1.000        ; -0.076     ; 6.834      ;
; -5.891 ; GPRs:inst7|lpm_dff1:inst10|lpm_ff:lpm_ff_component|dffs[6] ; GPRs:inst7|lpm_dff1:inst10|lpm_ff:lpm_ff_component|dffs[6]                                       ; Clk          ; Clk         ; 1.000        ; -0.079     ; 6.813      ;
; -5.888 ; lpm_dff4:inst11|lpm_ff:lpm_ff_component|dffs[2]            ; lpm_dff4:inst28|lpm_ff:lpm_ff_component|dffs[0]                                                  ; Clk          ; Clk         ; 1.000        ; -0.076     ; 6.813      ;
; -5.886 ; GPRs:inst7|lpm_dff1:inst10|lpm_ff:lpm_ff_component|dffs[6] ; lpm_dff4:inst11|lpm_ff:lpm_ff_component|dffs[6]                                                  ; Clk          ; Clk         ; 1.000        ; -0.079     ; 6.808      ;
; -5.879 ; lpm_dff4:inst11|lpm_ff:lpm_ff_component|dffs[3]            ; lpm_dff4:inst28|lpm_ff:lpm_ff_component|dffs[6]                                                  ; Clk          ; Clk         ; 1.000        ; -0.076     ; 6.804      ;
; -5.864 ; lpm_dff4:inst11|lpm_ff:lpm_ff_component|dffs[3]            ; GPRs:inst7|lpm_dff3:inst12|lpm_ff:lpm_ff_component|dffs[5]                                       ; Clk          ; Clk         ; 1.000        ; -0.074     ; 6.791      ;
; -5.853 ; lpm_dff4:inst11|lpm_ff:lpm_ff_component|dffs[2]            ; lpm_dff4:inst28|lpm_ff:lpm_ff_component|dffs[1]                                                  ; Clk          ; Clk         ; 1.000        ; -0.076     ; 6.778      ;
; -5.843 ; lpm_dff4:inst11|lpm_ff:lpm_ff_component|dffs[1]            ; GPRs:inst7|lpm_dff3:inst12|lpm_ff:lpm_ff_component|dffs[6]                                       ; Clk          ; Clk         ; 1.000        ; -0.074     ; 6.770      ;
; -5.831 ; GPRs:inst7|lpm_dff2:inst11|lpm_ff:lpm_ff_component|dffs[1] ; lpm_dff4:inst28|lpm_ff:lpm_ff_component|dffs[1]                                                  ; Clk          ; Clk         ; 1.000        ; -0.076     ; 6.756      ;
; -5.826 ; GPRs:inst7|lpm_dff1:inst10|lpm_ff:lpm_ff_component|dffs[6] ; lpm_dff4:inst28|lpm_ff:lpm_ff_component|dffs[6]                                                  ; Clk          ; Clk         ; 1.000        ; -0.078     ; 6.749      ;
; -5.825 ; lpm_dff4:inst11|lpm_ff:lpm_ff_component|dffs[3]            ; GPRs:inst7|lpm_dff1:inst10|lpm_ff:lpm_ff_component|dffs[2]                                       ; Clk          ; Clk         ; 1.000        ; -0.077     ; 6.749      ;
; -5.824 ; lpm_dff4:inst11|lpm_ff:lpm_ff_component|dffs[3]            ; GPRs:inst7|lpm_dff3:inst12|lpm_ff:lpm_ff_component|dffs[7]                                       ; Clk          ; Clk         ; 1.000        ; -0.076     ; 6.749      ;
; -5.800 ; lpm_dff4:inst11|lpm_ff:lpm_ff_component|dffs[3]            ; lpm_counter0:inst10|lpm_counter:lpm_counter_component|cntr_tqj:auto_generated|counter_reg_bit[0] ; Clk          ; Clk         ; 1.000        ; -0.076     ; 6.725      ;
; -5.794 ; lpm_dff4:inst11|lpm_ff:lpm_ff_component|dffs[1]            ; lpm_dff4:inst28|lpm_ff:lpm_ff_component|dffs[2]                                                  ; Clk          ; Clk         ; 1.000        ; -0.076     ; 6.719      ;
; -5.780 ; lpm_dff4:inst11|lpm_ff:lpm_ff_component|dffs[3]            ; GPRs:inst7|lpm_dff3:inst12|lpm_ff:lpm_ff_component|dffs[1]                                       ; Clk          ; Clk         ; 1.000        ; -0.076     ; 6.705      ;
; -5.780 ; lpm_dff4:inst11|lpm_ff:lpm_ff_component|dffs[3]            ; GPRs:inst7|lpm_dff1:inst10|lpm_ff:lpm_ff_component|dffs[6]                                       ; Clk          ; Clk         ; 1.000        ; -0.077     ; 6.704      ;
; -5.775 ; lpm_dff4:inst11|lpm_ff:lpm_ff_component|dffs[1]            ; lpm_dff4:inst28|lpm_ff:lpm_ff_component|dffs[5]                                                  ; Clk          ; Clk         ; 1.000        ; -0.076     ; 6.700      ;
; -5.775 ; lpm_dff4:inst11|lpm_ff:lpm_ff_component|dffs[3]            ; lpm_dff4:inst11|lpm_ff:lpm_ff_component|dffs[6]                                                  ; Clk          ; Clk         ; 1.000        ; -0.077     ; 6.699      ;
; -5.771 ; GPRs:inst7|lpm_dff1:inst10|lpm_ff:lpm_ff_component|dffs[2] ; lpm_dff4:inst28|lpm_ff:lpm_ff_component|dffs[7]                                                  ; Clk          ; Clk         ; 1.000        ; -0.078     ; 6.694      ;
; -5.763 ; lpm_dff4:inst11|lpm_ff:lpm_ff_component|dffs[3]            ; lpm_dff4:inst28|lpm_ff:lpm_ff_component|dffs[3]                                                  ; Clk          ; Clk         ; 1.000        ; -0.076     ; 6.688      ;
; -5.754 ; lpm_dff4:inst11|lpm_ff:lpm_ff_component|dffs[3]            ; lpm_dff4:inst11|lpm_ff:lpm_ff_component|dffs[5]                                                  ; Clk          ; Clk         ; 1.000        ; -0.077     ; 6.678      ;
; -5.753 ; lpm_dff4:inst11|lpm_ff:lpm_ff_component|dffs[3]            ; GPRs:inst7|lpm_dff1:inst10|lpm_ff:lpm_ff_component|dffs[5]                                       ; Clk          ; Clk         ; 1.000        ; -0.077     ; 6.677      ;
; -5.745 ; GPRs:inst7|lpm_dff1:inst10|lpm_ff:lpm_ff_component|dffs[6] ; GPRs:inst7|lpm_dff0:inst|lpm_ff:lpm_ff_component|dffs[6]                                         ; Clk          ; Clk         ; 1.000        ; -0.082     ; 6.664      ;
; -5.745 ; lpm_dff4:inst11|lpm_ff:lpm_ff_component|dffs[1]            ; lpm_dff4:inst28|lpm_ff:lpm_ff_component|dffs[6]                                                  ; Clk          ; Clk         ; 1.000        ; -0.076     ; 6.670      ;
; -5.743 ; lpm_dff4:inst11|lpm_ff:lpm_ff_component|dffs[3]            ; GPRs:inst7|lpm_dff3:inst12|lpm_ff:lpm_ff_component|dffs[0]                                       ; Clk          ; Clk         ; 1.000        ; -0.076     ; 6.668      ;
; -5.733 ; lpm_dff4:inst11|lpm_ff:lpm_ff_component|dffs[3]            ; lpm_dff4:inst28|lpm_ff:lpm_ff_component|dffs[4]                                                  ; Clk          ; Clk         ; 1.000        ; -0.076     ; 6.658      ;
; -5.730 ; lpm_dff4:inst11|lpm_ff:lpm_ff_component|dffs[1]            ; GPRs:inst7|lpm_dff3:inst12|lpm_ff:lpm_ff_component|dffs[5]                                       ; Clk          ; Clk         ; 1.000        ; -0.074     ; 6.657      ;
; -5.691 ; lpm_dff4:inst11|lpm_ff:lpm_ff_component|dffs[1]            ; GPRs:inst7|lpm_dff1:inst10|lpm_ff:lpm_ff_component|dffs[2]                                       ; Clk          ; Clk         ; 1.000        ; -0.077     ; 6.615      ;
; -5.690 ; lpm_dff4:inst11|lpm_ff:lpm_ff_component|dffs[1]            ; GPRs:inst7|lpm_dff3:inst12|lpm_ff:lpm_ff_component|dffs[7]                                       ; Clk          ; Clk         ; 1.000        ; -0.076     ; 6.615      ;
; -5.688 ; lpm_dff4:inst11|lpm_ff:lpm_ff_component|dffs[0]            ; lpm_dff4:inst28|lpm_ff:lpm_ff_component|dffs[7]                                                  ; Clk          ; Clk         ; 1.000        ; -0.076     ; 6.613      ;
; -5.666 ; lpm_dff4:inst11|lpm_ff:lpm_ff_component|dffs[1]            ; lpm_counter0:inst10|lpm_counter:lpm_counter_component|cntr_tqj:auto_generated|counter_reg_bit[0] ; Clk          ; Clk         ; 1.000        ; -0.076     ; 6.591      ;
; -5.664 ; lpm_dff4:inst11|lpm_ff:lpm_ff_component|dffs[3]            ; GPRs:inst7|lpm_dff1:inst10|lpm_ff:lpm_ff_component|dffs[7]                                       ; Clk          ; Clk         ; 1.000        ; -0.077     ; 6.588      ;
; -5.660 ; lpm_dff4:inst11|lpm_ff:lpm_ff_component|dffs[3]            ; lpm_dff4:inst11|lpm_ff:lpm_ff_component|dffs[7]                                                  ; Clk          ; Clk         ; 1.000        ; -0.077     ; 6.584      ;
; -5.646 ; lpm_dff4:inst11|lpm_ff:lpm_ff_component|dffs[1]            ; GPRs:inst7|lpm_dff3:inst12|lpm_ff:lpm_ff_component|dffs[1]                                       ; Clk          ; Clk         ; 1.000        ; -0.076     ; 6.571      ;
; -5.646 ; lpm_dff4:inst11|lpm_ff:lpm_ff_component|dffs[1]            ; GPRs:inst7|lpm_dff1:inst10|lpm_ff:lpm_ff_component|dffs[6]                                       ; Clk          ; Clk         ; 1.000        ; -0.077     ; 6.570      ;
; -5.644 ; GPRs:inst7|lpm_dff1:inst10|lpm_ff:lpm_ff_component|dffs[2] ; lpm_dff4:inst28|lpm_ff:lpm_ff_component|dffs[2]                                                  ; Clk          ; Clk         ; 1.000        ; -0.078     ; 6.567      ;
; -5.643 ; lpm_dff4:inst11|lpm_ff:lpm_ff_component|dffs[3]            ; GPRs:inst7|lpm_dff1:inst10|lpm_ff:lpm_ff_component|dffs[1]                                       ; Clk          ; Clk         ; 1.000        ; -0.077     ; 6.567      ;
; -5.641 ; lpm_dff4:inst11|lpm_ff:lpm_ff_component|dffs[1]            ; lpm_dff4:inst11|lpm_ff:lpm_ff_component|dffs[6]                                                  ; Clk          ; Clk         ; 1.000        ; -0.077     ; 6.565      ;
; -5.634 ; lpm_dff4:inst11|lpm_ff:lpm_ff_component|dffs[3]            ; GPRs:inst7|lpm_dff0:inst|lpm_ff:lpm_ff_component|dffs[6]                                         ; Clk          ; Clk         ; 1.000        ; -0.080     ; 6.555      ;
; -5.629 ; lpm_dff4:inst11|lpm_ff:lpm_ff_component|dffs[1]            ; lpm_dff4:inst28|lpm_ff:lpm_ff_component|dffs[3]                                                  ; Clk          ; Clk         ; 1.000        ; -0.076     ; 6.554      ;
; -5.625 ; GPRs:inst7|lpm_dff1:inst10|lpm_ff:lpm_ff_component|dffs[2] ; lpm_dff4:inst28|lpm_ff:lpm_ff_component|dffs[5]                                                  ; Clk          ; Clk         ; 1.000        ; -0.078     ; 6.548      ;
; -5.620 ; lpm_dff4:inst11|lpm_ff:lpm_ff_component|dffs[1]            ; lpm_dff4:inst11|lpm_ff:lpm_ff_component|dffs[5]                                                  ; Clk          ; Clk         ; 1.000        ; -0.077     ; 6.544      ;
; -5.619 ; lpm_dff4:inst11|lpm_ff:lpm_ff_component|dffs[1]            ; GPRs:inst7|lpm_dff1:inst10|lpm_ff:lpm_ff_component|dffs[5]                                       ; Clk          ; Clk         ; 1.000        ; -0.077     ; 6.543      ;
; -5.614 ; lpm_dff4:inst11|lpm_ff:lpm_ff_component|dffs[3]            ; GPRs:inst7|lpm_dff1:inst10|lpm_ff:lpm_ff_component|dffs[3]                                       ; Clk          ; Clk         ; 1.000        ; -0.075     ; 6.540      ;
; -5.609 ; lpm_dff4:inst11|lpm_ff:lpm_ff_component|dffs[1]            ; GPRs:inst7|lpm_dff3:inst12|lpm_ff:lpm_ff_component|dffs[0]                                       ; Clk          ; Clk         ; 1.000        ; -0.076     ; 6.534      ;
; -5.607 ; lpm_dff4:inst11|lpm_ff:lpm_ff_component|dffs[0]            ; GPRs:inst7|lpm_dff3:inst12|lpm_ff:lpm_ff_component|dffs[6]                                       ; Clk          ; Clk         ; 1.000        ; -0.074     ; 6.534      ;
; -5.599 ; lpm_dff4:inst11|lpm_ff:lpm_ff_component|dffs[1]            ; lpm_dff4:inst28|lpm_ff:lpm_ff_component|dffs[4]                                                  ; Clk          ; Clk         ; 1.000        ; -0.076     ; 6.524      ;
; -5.595 ; GPRs:inst7|lpm_dff1:inst10|lpm_ff:lpm_ff_component|dffs[2] ; lpm_dff4:inst28|lpm_ff:lpm_ff_component|dffs[6]                                                  ; Clk          ; Clk         ; 1.000        ; -0.078     ; 6.518      ;
; -5.586 ; lpm_dff4:inst11|lpm_ff:lpm_ff_component|dffs[3]            ; lpm_dff4:inst29|lpm_ff:lpm_ff_component|dffs[2]                                                  ; Clk          ; Clk         ; 1.000        ; -0.081     ; 6.506      ;
; -5.584 ; lpm_dff4:inst11|lpm_ff:lpm_ff_component|dffs[3]            ; lpm_dff4:inst11|lpm_ff:lpm_ff_component|dffs[2]                                                  ; Clk          ; Clk         ; 1.000        ; -0.080     ; 6.505      ;
; -5.583 ; lpm_dff4:inst11|lpm_ff:lpm_ff_component|dffs[3]            ; GPRs:inst7|lpm_dff0:inst|lpm_ff:lpm_ff_component|dffs[2]                                         ; Clk          ; Clk         ; 1.000        ; -0.080     ; 6.504      ;
; -5.574 ; GPRs:inst7|lpm_dff1:inst10|lpm_ff:lpm_ff_component|dffs[0] ; lpm_counter0:inst10|lpm_counter:lpm_counter_component|cntr_tqj:auto_generated|counter_reg_bit[0] ; Clk          ; Clk         ; 1.000        ; -0.078     ; 6.497      ;
; -5.561 ; lpm_dff4:inst11|lpm_ff:lpm_ff_component|dffs[0]            ; lpm_dff4:inst28|lpm_ff:lpm_ff_component|dffs[2]                                                  ; Clk          ; Clk         ; 1.000        ; -0.076     ; 6.486      ;
; -5.548 ; lpm_dff4:inst11|lpm_ff:lpm_ff_component|dffs[3]            ; lpm_dff4:inst12|lpm_ff:lpm_ff_component|dffs[2]                                                  ; Clk          ; Clk         ; 1.000        ; -0.081     ; 6.468      ;
; -5.542 ; lpm_dff4:inst11|lpm_ff:lpm_ff_component|dffs[0]            ; lpm_dff4:inst28|lpm_ff:lpm_ff_component|dffs[5]                                                  ; Clk          ; Clk         ; 1.000        ; -0.076     ; 6.467      ;
; -5.541 ; GPRs:inst7|lpm_dff1:inst10|lpm_ff:lpm_ff_component|dffs[2] ; GPRs:inst7|lpm_dff1:inst10|lpm_ff:lpm_ff_component|dffs[2]                                       ; Clk          ; Clk         ; 1.000        ; -0.079     ; 6.463      ;
; -5.537 ; GPRs:inst7|lpm_dff2:inst11|lpm_ff:lpm_ff_component|dffs[5] ; GPRs:inst7|lpm_dff3:inst12|lpm_ff:lpm_ff_component|dffs[5]                                       ; Clk          ; Clk         ; 1.000        ; -0.074     ; 6.464      ;
; -5.537 ; lpm_dff4:inst11|lpm_ff:lpm_ff_component|dffs[0]            ; GPRs:inst7|lpm_dff3:inst12|lpm_ff:lpm_ff_component|dffs[5]                                       ; Clk          ; Clk         ; 1.000        ; -0.074     ; 6.464      ;
; -5.530 ; lpm_dff4:inst11|lpm_ff:lpm_ff_component|dffs[1]            ; GPRs:inst7|lpm_dff1:inst10|lpm_ff:lpm_ff_component|dffs[7]                                       ; Clk          ; Clk         ; 1.000        ; -0.077     ; 6.454      ;
; -5.526 ; lpm_dff4:inst11|lpm_ff:lpm_ff_component|dffs[1]            ; lpm_dff4:inst11|lpm_ff:lpm_ff_component|dffs[7]                                                  ; Clk          ; Clk         ; 1.000        ; -0.077     ; 6.450      ;
; -5.523 ; GPRs:inst7|lpm_dff1:inst10|lpm_ff:lpm_ff_component|dffs[6] ; GPRs:inst7|lpm_dff2:inst11|lpm_ff:lpm_ff_component|dffs[6]                                       ; Clk          ; Clk         ; 1.000        ; -0.081     ; 6.443      ;
; -5.517 ; GPRs:inst7|lpm_dff1:inst10|lpm_ff:lpm_ff_component|dffs[0] ; GPRs:inst7|lpm_dff3:inst12|lpm_ff:lpm_ff_component|dffs[0]                                       ; Clk          ; Clk         ; 1.000        ; -0.078     ; 6.440      ;
; -5.515 ; lpm_dff4:inst11|lpm_ff:lpm_ff_component|dffs[3]            ; lpm_dff4:inst29|lpm_ff:lpm_ff_component|dffs[5]                                                  ; Clk          ; Clk         ; 1.000        ; -0.081     ; 6.435      ;
; -5.512 ; lpm_dff4:inst11|lpm_ff:lpm_ff_component|dffs[0]            ; lpm_dff4:inst28|lpm_ff:lpm_ff_component|dffs[6]                                                  ; Clk          ; Clk         ; 1.000        ; -0.076     ; 6.437      ;
; -5.509 ; lpm_dff4:inst11|lpm_ff:lpm_ff_component|dffs[1]            ; GPRs:inst7|lpm_dff1:inst10|lpm_ff:lpm_ff_component|dffs[1]                                       ; Clk          ; Clk         ; 1.000        ; -0.077     ; 6.433      ;
; -5.500 ; lpm_dff4:inst11|lpm_ff:lpm_ff_component|dffs[1]            ; GPRs:inst7|lpm_dff0:inst|lpm_ff:lpm_ff_component|dffs[6]                                         ; Clk          ; Clk         ; 1.000        ; -0.080     ; 6.421      ;
; -5.495 ; lpm_dff4:inst11|lpm_ff:lpm_ff_component|dffs[3]            ; GPRs:inst7|lpm_dff0:inst|lpm_ff:lpm_ff_component|dffs[5]                                         ; Clk          ; Clk         ; 1.000        ; -0.080     ; 6.416      ;
; -5.493 ; lpm_dff4:inst11|lpm_ff:lpm_ff_component|dffs[0]            ; GPRs:inst7|lpm_dff3:inst12|lpm_ff:lpm_ff_component|dffs[7]                                       ; Clk          ; Clk         ; 1.000        ; -0.076     ; 6.418      ;
; -5.490 ; lpm_dff4:inst11|lpm_ff:lpm_ff_component|dffs[2]            ; lpm_dff4:inst28|lpm_ff:lpm_ff_component|dffs[7]                                                  ; Clk          ; Clk         ; 1.000        ; -0.076     ; 6.415      ;
; -5.480 ; lpm_dff4:inst11|lpm_ff:lpm_ff_component|dffs[1]            ; GPRs:inst7|lpm_dff1:inst10|lpm_ff:lpm_ff_component|dffs[3]                                       ; Clk          ; Clk         ; 1.000        ; -0.075     ; 6.406      ;
; -5.479 ; GPRs:inst7|lpm_dff1:inst10|lpm_ff:lpm_ff_component|dffs[2] ; lpm_dff4:inst28|lpm_ff:lpm_ff_component|dffs[3]                                                  ; Clk          ; Clk         ; 1.000        ; -0.078     ; 6.402      ;
; -5.465 ; lpm_dff4:inst11|lpm_ff:lpm_ff_component|dffs[0]            ; GPRs:inst7|lpm_dff3:inst12|lpm_ff:lpm_ff_component|dffs[1]                                       ; Clk          ; Clk         ; 1.000        ; -0.076     ; 6.390      ;
; -5.458 ; lpm_dff4:inst11|lpm_ff:lpm_ff_component|dffs[0]            ; GPRs:inst7|lpm_dff1:inst10|lpm_ff:lpm_ff_component|dffs[2]                                       ; Clk          ; Clk         ; 1.000        ; -0.077     ; 6.382      ;
; -5.455 ; lpm_dff4:inst11|lpm_ff:lpm_ff_component|dffs[3]            ; GPRs:inst7|lpm_dff1:inst10|lpm_ff:lpm_ff_component|dffs[0]                                       ; Clk          ; Clk         ; 1.000        ; -0.077     ; 6.379      ;
; -5.452 ; lpm_dff4:inst11|lpm_ff:lpm_ff_component|dffs[1]            ; lpm_dff4:inst29|lpm_ff:lpm_ff_component|dffs[2]                                                  ; Clk          ; Clk         ; 1.000        ; -0.081     ; 6.372      ;
; -5.450 ; lpm_dff4:inst11|lpm_ff:lpm_ff_component|dffs[1]            ; lpm_dff4:inst11|lpm_ff:lpm_ff_component|dffs[2]                                                  ; Clk          ; Clk         ; 1.000        ; -0.080     ; 6.371      ;
; -5.449 ; GPRs:inst7|lpm_dff1:inst10|lpm_ff:lpm_ff_component|dffs[2] ; lpm_dff4:inst28|lpm_ff:lpm_ff_component|dffs[4]                                                  ; Clk          ; Clk         ; 1.000        ; -0.078     ; 6.372      ;
; -5.449 ; lpm_dff4:inst11|lpm_ff:lpm_ff_component|dffs[1]            ; GPRs:inst7|lpm_dff0:inst|lpm_ff:lpm_ff_component|dffs[2]                                         ; Clk          ; Clk         ; 1.000        ; -0.080     ; 6.370      ;
; -5.445 ; lpm_dff4:inst11|lpm_ff:lpm_ff_component|dffs[3]            ; GPRs:inst7|lpm_dff2:inst11|lpm_ff:lpm_ff_component|dffs[7]                                       ; Clk          ; Clk         ; 1.000        ; -0.079     ; 6.367      ;
; -5.443 ; GPRs:inst7|lpm_dff1:inst10|lpm_ff:lpm_ff_component|dffs[0] ; lpm_dff4:inst28|lpm_ff:lpm_ff_component|dffs[7]                                                  ; Clk          ; Clk         ; 1.000        ; -0.078     ; 6.366      ;
; -5.441 ; lpm_dff4:inst11|lpm_ff:lpm_ff_component|dffs[3]            ; GPRs:inst7|lpm_dff2:inst11|lpm_ff:lpm_ff_component|dffs[5]                                       ; Clk          ; Clk         ; 1.000        ; -0.079     ; 6.363      ;
; -5.439 ; GPRs:inst7|lpm_dff1:inst10|lpm_ff:lpm_ff_component|dffs[6] ; lpm_dff4:inst28|lpm_ff:lpm_ff_component|dffs[7]                                                  ; Clk          ; Clk         ; 1.000        ; -0.078     ; 6.362      ;
; -5.432 ; lpm_dff4:inst11|lpm_ff:lpm_ff_component|dffs[0]            ; lpm_counter0:inst10|lpm_counter:lpm_counter_component|cntr_tqj:auto_generated|counter_reg_bit[0] ; Clk          ; Clk         ; 1.000        ; -0.076     ; 6.357      ;
; -5.427 ; GPRs:inst7|lpm_dff2:inst11|lpm_ff:lpm_ff_component|dffs[5] ; lpm_dff4:inst11|lpm_ff:lpm_ff_component|dffs[5]                                                  ; Clk          ; Clk         ; 1.000        ; -0.077     ; 6.351      ;
; -5.427 ; lpm_dff4:inst11|lpm_ff:lpm_ff_component|dffs[0]            ; lpm_dff4:inst11|lpm_ff:lpm_ff_component|dffs[5]                                                  ; Clk          ; Clk         ; 1.000        ; -0.077     ; 6.351      ;
; -5.426 ; GPRs:inst7|lpm_dff2:inst11|lpm_ff:lpm_ff_component|dffs[5] ; GPRs:inst7|lpm_dff1:inst10|lpm_ff:lpm_ff_component|dffs[5]                                       ; Clk          ; Clk         ; 1.000        ; -0.077     ; 6.350      ;
; -5.426 ; lpm_dff4:inst11|lpm_ff:lpm_ff_component|dffs[0]            ; GPRs:inst7|lpm_dff1:inst10|lpm_ff:lpm_ff_component|dffs[5]                                       ; Clk          ; Clk         ; 1.000        ; -0.077     ; 6.350      ;
; -5.414 ; lpm_dff4:inst11|lpm_ff:lpm_ff_component|dffs[1]            ; lpm_dff4:inst12|lpm_ff:lpm_ff_component|dffs[2]                                                  ; Clk          ; Clk         ; 1.000        ; -0.081     ; 6.334      ;
+--------+------------------------------------------------------------+--------------------------------------------------------------------------------------------------+--------------+-------------+--------------+------------+------------+


+-------------------------------------------------------------------------------------------------------------------------------------------------------------------------------------------------------------------------------------------------------------------------------------------------+
; Slow 1200mV 85C Model Hold: 'Clk'                                                                                                                                                                                                                                                               ;
+-------+--------------------------------------------------------------------------------------------------+----------------------------------------------------------------------------------------------------------------+--------------+-------------+--------------+------------+------------+
; Slack ; From Node                                                                                        ; To Node                                                                                                        ; Launch Clock ; Latch Clock ; Relationship ; Clock Skew ; Data Delay ;
+-------+--------------------------------------------------------------------------------------------------+----------------------------------------------------------------------------------------------------------------+--------------+-------------+--------------+------------+------------+
; 0.742 ; lpm_counter0:inst10|lpm_counter:lpm_counter_component|cntr_tqj:auto_generated|counter_reg_bit[5] ; lpm_counter0:inst10|lpm_counter:lpm_counter_component|cntr_tqj:auto_generated|counter_reg_bit[5]               ; Clk          ; Clk         ; 0.000        ; 0.080      ; 1.054      ;
; 0.744 ; lpm_counter0:inst10|lpm_counter:lpm_counter_component|cntr_tqj:auto_generated|counter_reg_bit[7] ; lpm_counter0:inst10|lpm_counter:lpm_counter_component|cntr_tqj:auto_generated|counter_reg_bit[7]               ; Clk          ; Clk         ; 0.000        ; 0.080      ; 1.056      ;
; 0.744 ; lpm_counter0:inst10|lpm_counter:lpm_counter_component|cntr_tqj:auto_generated|counter_reg_bit[3] ; lpm_counter0:inst10|lpm_counter:lpm_counter_component|cntr_tqj:auto_generated|counter_reg_bit[3]               ; Clk          ; Clk         ; 0.000        ; 0.080      ; 1.056      ;
; 0.745 ; lpm_counter0:inst10|lpm_counter:lpm_counter_component|cntr_tqj:auto_generated|counter_reg_bit[1] ; lpm_counter0:inst10|lpm_counter:lpm_counter_component|cntr_tqj:auto_generated|counter_reg_bit[1]               ; Clk          ; Clk         ; 0.000        ; 0.080      ; 1.057      ;
; 0.745 ; lpm_counter0:inst10|lpm_counter:lpm_counter_component|cntr_tqj:auto_generated|counter_reg_bit[6] ; lpm_counter0:inst10|lpm_counter:lpm_counter_component|cntr_tqj:auto_generated|counter_reg_bit[6]               ; Clk          ; Clk         ; 0.000        ; 0.080      ; 1.057      ;
; 0.746 ; lpm_counter0:inst10|lpm_counter:lpm_counter_component|cntr_tqj:auto_generated|counter_reg_bit[4] ; lpm_counter0:inst10|lpm_counter:lpm_counter_component|cntr_tqj:auto_generated|counter_reg_bit[4]               ; Clk          ; Clk         ; 0.000        ; 0.080      ; 1.058      ;
; 0.761 ; lpm_counter0:inst10|lpm_counter:lpm_counter_component|cntr_tqj:auto_generated|counter_reg_bit[0] ; lpm_counter0:inst10|lpm_counter:lpm_counter_component|cntr_tqj:auto_generated|counter_reg_bit[0]               ; Clk          ; Clk         ; 0.000        ; 0.080      ; 1.073      ;
; 0.771 ; lpm_counter0:inst10|lpm_counter:lpm_counter_component|cntr_tqj:auto_generated|counter_reg_bit[2] ; lpm_counter0:inst10|lpm_counter:lpm_counter_component|cntr_tqj:auto_generated|counter_reg_bit[2]               ; Clk          ; Clk         ; 0.000        ; 0.080      ; 1.083      ;
; 1.097 ; lpm_counter0:inst10|lpm_counter:lpm_counter_component|cntr_tqj:auto_generated|counter_reg_bit[5] ; lpm_counter0:inst10|lpm_counter:lpm_counter_component|cntr_tqj:auto_generated|counter_reg_bit[6]               ; Clk          ; Clk         ; 0.000        ; 0.080      ; 1.409      ;
; 1.098 ; lpm_counter0:inst10|lpm_counter:lpm_counter_component|cntr_tqj:auto_generated|counter_reg_bit[3] ; lpm_counter0:inst10|lpm_counter:lpm_counter_component|cntr_tqj:auto_generated|counter_reg_bit[4]               ; Clk          ; Clk         ; 0.000        ; 0.080      ; 1.410      ;
; 1.099 ; lpm_counter0:inst10|lpm_counter:lpm_counter_component|cntr_tqj:auto_generated|counter_reg_bit[1] ; lpm_counter0:inst10|lpm_counter:lpm_counter_component|cntr_tqj:auto_generated|counter_reg_bit[2]               ; Clk          ; Clk         ; 0.000        ; 0.080      ; 1.411      ;
; 1.105 ; lpm_counter0:inst10|lpm_counter:lpm_counter_component|cntr_tqj:auto_generated|counter_reg_bit[0] ; lpm_counter0:inst10|lpm_counter:lpm_counter_component|cntr_tqj:auto_generated|counter_reg_bit[1]               ; Clk          ; Clk         ; 0.000        ; 0.080      ; 1.417      ;
; 1.106 ; lpm_counter0:inst10|lpm_counter:lpm_counter_component|cntr_tqj:auto_generated|counter_reg_bit[6] ; lpm_counter0:inst10|lpm_counter:lpm_counter_component|cntr_tqj:auto_generated|counter_reg_bit[7]               ; Clk          ; Clk         ; 0.000        ; 0.080      ; 1.418      ;
; 1.107 ; lpm_counter0:inst10|lpm_counter:lpm_counter_component|cntr_tqj:auto_generated|counter_reg_bit[4] ; lpm_counter0:inst10|lpm_counter:lpm_counter_component|cntr_tqj:auto_generated|counter_reg_bit[5]               ; Clk          ; Clk         ; 0.000        ; 0.080      ; 1.419      ;
; 1.114 ; lpm_counter0:inst10|lpm_counter:lpm_counter_component|cntr_tqj:auto_generated|counter_reg_bit[0] ; lpm_counter0:inst10|lpm_counter:lpm_counter_component|cntr_tqj:auto_generated|counter_reg_bit[2]               ; Clk          ; Clk         ; 0.000        ; 0.080      ; 1.426      ;
; 1.116 ; lpm_counter0:inst10|lpm_counter:lpm_counter_component|cntr_tqj:auto_generated|counter_reg_bit[4] ; lpm_counter0:inst10|lpm_counter:lpm_counter_component|cntr_tqj:auto_generated|counter_reg_bit[6]               ; Clk          ; Clk         ; 0.000        ; 0.080      ; 1.428      ;
; 1.132 ; lpm_counter0:inst10|lpm_counter:lpm_counter_component|cntr_tqj:auto_generated|counter_reg_bit[2] ; lpm_counter0:inst10|lpm_counter:lpm_counter_component|cntr_tqj:auto_generated|counter_reg_bit[3]               ; Clk          ; Clk         ; 0.000        ; 0.080      ; 1.444      ;
; 1.141 ; lpm_counter0:inst10|lpm_counter:lpm_counter_component|cntr_tqj:auto_generated|counter_reg_bit[2] ; lpm_counter0:inst10|lpm_counter:lpm_counter_component|cntr_tqj:auto_generated|counter_reg_bit[4]               ; Clk          ; Clk         ; 0.000        ; 0.080      ; 1.453      ;
; 1.182 ; lpm_dff4:inst12|lpm_ff:lpm_ff_component|dffs[7]                                                  ; lpm_rom3:inst13|altsyncram:altsyncram_component|altsyncram_hga1:auto_generated|ram_block1a0~porta_address_reg0 ; Clk          ; Clk         ; -0.500       ; 0.525      ; 1.481      ;
; 1.184 ; lpm_dff4:inst12|lpm_ff:lpm_ff_component|dffs[3]                                                  ; lpm_rom3:inst13|altsyncram:altsyncram_component|altsyncram_hga1:auto_generated|ram_block1a0~porta_address_reg0 ; Clk          ; Clk         ; -0.500       ; 0.525      ; 1.483      ;
; 1.199 ; lpm_dff4:inst12|lpm_ff:lpm_ff_component|dffs[4]                                                  ; lpm_rom3:inst13|altsyncram:altsyncram_component|altsyncram_hga1:auto_generated|ram_block1a0~porta_address_reg0 ; Clk          ; Clk         ; -0.500       ; 0.525      ; 1.498      ;
; 1.228 ; lpm_counter0:inst10|lpm_counter:lpm_counter_component|cntr_tqj:auto_generated|counter_reg_bit[5] ; lpm_counter0:inst10|lpm_counter:lpm_counter_component|cntr_tqj:auto_generated|counter_reg_bit[7]               ; Clk          ; Clk         ; 0.000        ; 0.080      ; 1.540      ;
; 1.229 ; lpm_counter0:inst10|lpm_counter:lpm_counter_component|cntr_tqj:auto_generated|counter_reg_bit[3] ; lpm_counter0:inst10|lpm_counter:lpm_counter_component|cntr_tqj:auto_generated|counter_reg_bit[5]               ; Clk          ; Clk         ; 0.000        ; 0.080      ; 1.541      ;
; 1.230 ; lpm_counter0:inst10|lpm_counter:lpm_counter_component|cntr_tqj:auto_generated|counter_reg_bit[1] ; lpm_counter0:inst10|lpm_counter:lpm_counter_component|cntr_tqj:auto_generated|counter_reg_bit[3]               ; Clk          ; Clk         ; 0.000        ; 0.080      ; 1.542      ;
; 1.230 ; lpm_dff4:inst12|lpm_ff:lpm_ff_component|dffs[5]                                                  ; lpm_rom3:inst13|altsyncram:altsyncram_component|altsyncram_hga1:auto_generated|ram_block1a0~porta_address_reg0 ; Clk          ; Clk         ; -0.500       ; 0.525      ; 1.529      ;
; 1.233 ; lpm_dff4:inst12|lpm_ff:lpm_ff_component|dffs[2]                                                  ; lpm_rom3:inst13|altsyncram:altsyncram_component|altsyncram_hga1:auto_generated|ram_block1a0~porta_address_reg0 ; Clk          ; Clk         ; -0.500       ; 0.525      ; 1.532      ;
; 1.238 ; lpm_counter0:inst10|lpm_counter:lpm_counter_component|cntr_tqj:auto_generated|counter_reg_bit[3] ; lpm_counter0:inst10|lpm_counter:lpm_counter_component|cntr_tqj:auto_generated|counter_reg_bit[6]               ; Clk          ; Clk         ; 0.000        ; 0.080      ; 1.550      ;
; 1.239 ; lpm_counter0:inst10|lpm_counter:lpm_counter_component|cntr_tqj:auto_generated|counter_reg_bit[1] ; lpm_counter0:inst10|lpm_counter:lpm_counter_component|cntr_tqj:auto_generated|counter_reg_bit[4]               ; Clk          ; Clk         ; 0.000        ; 0.080      ; 1.551      ;
; 1.245 ; lpm_counter0:inst10|lpm_counter:lpm_counter_component|cntr_tqj:auto_generated|counter_reg_bit[0] ; lpm_counter0:inst10|lpm_counter:lpm_counter_component|cntr_tqj:auto_generated|counter_reg_bit[3]               ; Clk          ; Clk         ; 0.000        ; 0.080      ; 1.557      ;
; 1.247 ; lpm_counter0:inst10|lpm_counter:lpm_counter_component|cntr_tqj:auto_generated|counter_reg_bit[4] ; lpm_counter0:inst10|lpm_counter:lpm_counter_component|cntr_tqj:auto_generated|counter_reg_bit[7]               ; Clk          ; Clk         ; 0.000        ; 0.080      ; 1.559      ;
; 1.248 ; lpm_dff4:inst12|lpm_ff:lpm_ff_component|dffs[0]                                                  ; lpm_rom3:inst13|altsyncram:altsyncram_component|altsyncram_hga1:auto_generated|ram_block1a0~porta_address_reg0 ; Clk          ; Clk         ; -0.500       ; 0.525      ; 1.547      ;
; 1.254 ; lpm_counter0:inst10|lpm_counter:lpm_counter_component|cntr_tqj:auto_generated|counter_reg_bit[0] ; lpm_counter0:inst10|lpm_counter:lpm_counter_component|cntr_tqj:auto_generated|counter_reg_bit[4]               ; Clk          ; Clk         ; 0.000        ; 0.080      ; 1.566      ;
; 1.272 ; lpm_counter0:inst10|lpm_counter:lpm_counter_component|cntr_tqj:auto_generated|counter_reg_bit[2] ; lpm_counter0:inst10|lpm_counter:lpm_counter_component|cntr_tqj:auto_generated|counter_reg_bit[5]               ; Clk          ; Clk         ; 0.000        ; 0.080      ; 1.584      ;
; 1.281 ; lpm_counter0:inst10|lpm_counter:lpm_counter_component|cntr_tqj:auto_generated|counter_reg_bit[2] ; lpm_counter0:inst10|lpm_counter:lpm_counter_component|cntr_tqj:auto_generated|counter_reg_bit[6]               ; Clk          ; Clk         ; 0.000        ; 0.080      ; 1.593      ;
; 1.287 ; lpm_dff4:inst12|lpm_ff:lpm_ff_component|dffs[1]                                                  ; lpm_rom3:inst13|altsyncram:altsyncram_component|altsyncram_hga1:auto_generated|ram_block1a0~porta_address_reg0 ; Clk          ; Clk         ; -0.500       ; 0.525      ; 1.586      ;
; 1.294 ; lpm_dff4:inst29|lpm_ff:lpm_ff_component|dffs[3]                                                  ; lpm_dff4:inst28|lpm_ff:lpm_ff_component|dffs[3]                                                                ; Clk          ; Clk         ; 0.000        ; 0.085      ; 1.611      ;
; 1.299 ; lpm_dff4:inst29|lpm_ff:lpm_ff_component|dffs[6]                                                  ; lpm_dff4:inst28|lpm_ff:lpm_ff_component|dffs[6]                                                                ; Clk          ; Clk         ; 0.000        ; 0.085      ; 1.616      ;
; 1.369 ; lpm_counter0:inst10|lpm_counter:lpm_counter_component|cntr_tqj:auto_generated|counter_reg_bit[3] ; lpm_counter0:inst10|lpm_counter:lpm_counter_component|cntr_tqj:auto_generated|counter_reg_bit[7]               ; Clk          ; Clk         ; 0.000        ; 0.080      ; 1.681      ;
; 1.370 ; lpm_counter0:inst10|lpm_counter:lpm_counter_component|cntr_tqj:auto_generated|counter_reg_bit[1] ; lpm_counter0:inst10|lpm_counter:lpm_counter_component|cntr_tqj:auto_generated|counter_reg_bit[5]               ; Clk          ; Clk         ; 0.000        ; 0.080      ; 1.682      ;
; 1.379 ; lpm_counter0:inst10|lpm_counter:lpm_counter_component|cntr_tqj:auto_generated|counter_reg_bit[1] ; lpm_counter0:inst10|lpm_counter:lpm_counter_component|cntr_tqj:auto_generated|counter_reg_bit[6]               ; Clk          ; Clk         ; 0.000        ; 0.080      ; 1.691      ;
; 1.385 ; lpm_counter0:inst10|lpm_counter:lpm_counter_component|cntr_tqj:auto_generated|counter_reg_bit[0] ; lpm_counter0:inst10|lpm_counter:lpm_counter_component|cntr_tqj:auto_generated|counter_reg_bit[5]               ; Clk          ; Clk         ; 0.000        ; 0.080      ; 1.697      ;
; 1.394 ; lpm_counter0:inst10|lpm_counter:lpm_counter_component|cntr_tqj:auto_generated|counter_reg_bit[0] ; lpm_counter0:inst10|lpm_counter:lpm_counter_component|cntr_tqj:auto_generated|counter_reg_bit[6]               ; Clk          ; Clk         ; 0.000        ; 0.080      ; 1.706      ;
; 1.412 ; lpm_counter0:inst10|lpm_counter:lpm_counter_component|cntr_tqj:auto_generated|counter_reg_bit[2] ; lpm_counter0:inst10|lpm_counter:lpm_counter_component|cntr_tqj:auto_generated|counter_reg_bit[7]               ; Clk          ; Clk         ; 0.000        ; 0.080      ; 1.724      ;
; 1.506 ; lpm_dff4:inst29|lpm_ff:lpm_ff_component|dffs[7]                                                  ; lpm_dff4:inst28|lpm_ff:lpm_ff_component|dffs[7]                                                                ; Clk          ; Clk         ; 0.000        ; 0.085      ; 1.823      ;
; 1.510 ; lpm_counter0:inst10|lpm_counter:lpm_counter_component|cntr_tqj:auto_generated|counter_reg_bit[1] ; lpm_counter0:inst10|lpm_counter:lpm_counter_component|cntr_tqj:auto_generated|counter_reg_bit[7]               ; Clk          ; Clk         ; 0.000        ; 0.080      ; 1.822      ;
; 1.525 ; lpm_counter0:inst10|lpm_counter:lpm_counter_component|cntr_tqj:auto_generated|counter_reg_bit[0] ; lpm_counter0:inst10|lpm_counter:lpm_counter_component|cntr_tqj:auto_generated|counter_reg_bit[7]               ; Clk          ; Clk         ; 0.000        ; 0.080      ; 1.837      ;
; 1.526 ; lpm_dff4:inst29|lpm_ff:lpm_ff_component|dffs[4]                                                  ; lpm_dff4:inst28|lpm_ff:lpm_ff_component|dffs[4]                                                                ; Clk          ; Clk         ; 0.000        ; 0.085      ; 1.843      ;
; 1.541 ; lpm_dff4:inst29|lpm_ff:lpm_ff_component|dffs[5]                                                  ; lpm_dff4:inst28|lpm_ff:lpm_ff_component|dffs[5]                                                                ; Clk          ; Clk         ; 0.000        ; 0.085      ; 1.858      ;
; 1.544 ; lpm_dff4:inst29|lpm_ff:lpm_ff_component|dffs[0]                                                  ; lpm_dff4:inst28|lpm_ff:lpm_ff_component|dffs[0]                                                                ; Clk          ; Clk         ; 0.000        ; 0.085      ; 1.861      ;
; 1.551 ; lpm_dff4:inst29|lpm_ff:lpm_ff_component|dffs[2]                                                  ; lpm_dff4:inst28|lpm_ff:lpm_ff_component|dffs[2]                                                                ; Clk          ; Clk         ; 0.000        ; 0.085      ; 1.868      ;
; 1.577 ; lpm_dff4:inst29|lpm_ff:lpm_ff_component|dffs[1]                                                  ; lpm_dff4:inst28|lpm_ff:lpm_ff_component|dffs[1]                                                                ; Clk          ; Clk         ; 0.000        ; 0.085      ; 1.894      ;
; 1.580 ; lpm_dff4:inst12|lpm_ff:lpm_ff_component|dffs[6]                                                  ; lpm_rom3:inst13|altsyncram:altsyncram_component|altsyncram_hga1:auto_generated|ram_block1a0~porta_address_reg0 ; Clk          ; Clk         ; -0.500       ; 0.525      ; 1.879      ;
; 1.625 ; lpm_dff4:inst11|lpm_ff:lpm_ff_component|dffs[1]                                                  ; GPRs:inst7|lpm_dff2:inst11|lpm_ff:lpm_ff_component|dffs[4]                                                     ; Clk          ; Clk         ; 0.000        ; 0.080      ; 1.937      ;
; 1.625 ; lpm_dff4:inst11|lpm_ff:lpm_ff_component|dffs[1]                                                  ; GPRs:inst7|lpm_dff2:inst11|lpm_ff:lpm_ff_component|dffs[6]                                                     ; Clk          ; Clk         ; 0.000        ; 0.080      ; 1.937      ;
; 1.625 ; lpm_dff4:inst11|lpm_ff:lpm_ff_component|dffs[1]                                                  ; GPRs:inst7|lpm_dff2:inst11|lpm_ff:lpm_ff_component|dffs[0]                                                     ; Clk          ; Clk         ; 0.000        ; 0.080      ; 1.937      ;
; 1.625 ; lpm_dff4:inst11|lpm_ff:lpm_ff_component|dffs[1]                                                  ; GPRs:inst7|lpm_dff2:inst11|lpm_ff:lpm_ff_component|dffs[2]                                                     ; Clk          ; Clk         ; 0.000        ; 0.080      ; 1.937      ;
; 1.625 ; lpm_dff4:inst11|lpm_ff:lpm_ff_component|dffs[1]                                                  ; GPRs:inst7|lpm_dff2:inst11|lpm_ff:lpm_ff_component|dffs[5]                                                     ; Clk          ; Clk         ; 0.000        ; 0.080      ; 1.937      ;
; 1.625 ; lpm_dff4:inst11|lpm_ff:lpm_ff_component|dffs[1]                                                  ; GPRs:inst7|lpm_dff2:inst11|lpm_ff:lpm_ff_component|dffs[7]                                                     ; Clk          ; Clk         ; 0.000        ; 0.080      ; 1.937      ;
; 1.625 ; lpm_dff4:inst11|lpm_ff:lpm_ff_component|dffs[1]                                                  ; GPRs:inst7|lpm_dff2:inst11|lpm_ff:lpm_ff_component|dffs[1]                                                     ; Clk          ; Clk         ; 0.000        ; 0.080      ; 1.937      ;
; 1.625 ; lpm_dff4:inst11|lpm_ff:lpm_ff_component|dffs[1]                                                  ; GPRs:inst7|lpm_dff2:inst11|lpm_ff:lpm_ff_component|dffs[3]                                                     ; Clk          ; Clk         ; 0.000        ; 0.080      ; 1.937      ;
; 1.627 ; lpm_dff4:inst29|lpm_ff:lpm_ff_component|dffs[3]                                                  ; lpm_dff4:inst28|lpm_ff:lpm_ff_component|dffs[4]                                                                ; Clk          ; Clk         ; 0.000        ; 0.085      ; 1.944      ;
; 1.657 ; lpm_dff4:inst29|lpm_ff:lpm_ff_component|dffs[6]                                                  ; lpm_dff4:inst28|lpm_ff:lpm_ff_component|dffs[7]                                                                ; Clk          ; Clk         ; 0.000        ; 0.085      ; 1.974      ;
; 1.683 ; lpm_dff4:inst29|lpm_ff:lpm_ff_component|dffs[3]                                                  ; lpm_dff4:inst28|lpm_ff:lpm_ff_component|dffs[5]                                                                ; Clk          ; Clk         ; 0.000        ; 0.085      ; 2.000      ;
; 1.705 ; lpm_dff4:inst14|lpm_ff:lpm_ff_component|dffs[1]                                                  ; lpm_dff4:inst28|lpm_ff:lpm_ff_component|dffs[1]                                                                ; Clk          ; Clk         ; 0.000        ; 0.080      ; 2.017      ;
; 1.767 ; lpm_dff4:inst29|lpm_ff:lpm_ff_component|dffs[3]                                                  ; lpm_dff4:inst28|lpm_ff:lpm_ff_component|dffs[6]                                                                ; Clk          ; Clk         ; 0.000        ; 0.085      ; 2.084      ;
; 1.823 ; lpm_dff4:inst29|lpm_ff:lpm_ff_component|dffs[3]                                                  ; lpm_dff4:inst28|lpm_ff:lpm_ff_component|dffs[7]                                                                ; Clk          ; Clk         ; 0.000        ; 0.085      ; 2.140      ;
; 1.922 ; GPRs:inst7|lpm_dff3:inst12|lpm_ff:lpm_ff_component|dffs[4]                                       ; lpm_dff4:inst12|lpm_ff:lpm_ff_component|dffs[4]                                                                ; Clk          ; Clk         ; 0.000        ; 0.072      ; 2.226      ;
; 1.949 ; lpm_dff4:inst29|lpm_ff:lpm_ff_component|dffs[4]                                                  ; lpm_dff4:inst28|lpm_ff:lpm_ff_component|dffs[5]                                                                ; Clk          ; Clk         ; 0.000        ; 0.085      ; 2.266      ;
; 1.958 ; lpm_dff4:inst29|lpm_ff:lpm_ff_component|dffs[4]                                                  ; lpm_dff4:inst28|lpm_ff:lpm_ff_component|dffs[6]                                                                ; Clk          ; Clk         ; 0.000        ; 0.085      ; 2.275      ;
; 1.971 ; lpm_dff4:inst11|lpm_ff:lpm_ff_component|dffs[0]                                                  ; GPRs:inst7|lpm_dff2:inst11|lpm_ff:lpm_ff_component|dffs[4]                                                     ; Clk          ; Clk         ; 0.000        ; 0.080      ; 2.283      ;
; 1.971 ; lpm_dff4:inst11|lpm_ff:lpm_ff_component|dffs[0]                                                  ; GPRs:inst7|lpm_dff2:inst11|lpm_ff:lpm_ff_component|dffs[6]                                                     ; Clk          ; Clk         ; 0.000        ; 0.080      ; 2.283      ;
; 1.971 ; lpm_dff4:inst11|lpm_ff:lpm_ff_component|dffs[0]                                                  ; GPRs:inst7|lpm_dff2:inst11|lpm_ff:lpm_ff_component|dffs[0]                                                     ; Clk          ; Clk         ; 0.000        ; 0.080      ; 2.283      ;
; 1.971 ; lpm_dff4:inst11|lpm_ff:lpm_ff_component|dffs[0]                                                  ; GPRs:inst7|lpm_dff2:inst11|lpm_ff:lpm_ff_component|dffs[2]                                                     ; Clk          ; Clk         ; 0.000        ; 0.080      ; 2.283      ;
; 1.971 ; lpm_dff4:inst11|lpm_ff:lpm_ff_component|dffs[0]                                                  ; GPRs:inst7|lpm_dff2:inst11|lpm_ff:lpm_ff_component|dffs[5]                                                     ; Clk          ; Clk         ; 0.000        ; 0.080      ; 2.283      ;
; 1.971 ; lpm_dff4:inst11|lpm_ff:lpm_ff_component|dffs[0]                                                  ; GPRs:inst7|lpm_dff2:inst11|lpm_ff:lpm_ff_component|dffs[7]                                                     ; Clk          ; Clk         ; 0.000        ; 0.080      ; 2.283      ;
; 1.971 ; lpm_dff4:inst11|lpm_ff:lpm_ff_component|dffs[0]                                                  ; GPRs:inst7|lpm_dff2:inst11|lpm_ff:lpm_ff_component|dffs[1]                                                     ; Clk          ; Clk         ; 0.000        ; 0.080      ; 2.283      ;
; 1.971 ; lpm_dff4:inst11|lpm_ff:lpm_ff_component|dffs[0]                                                  ; GPRs:inst7|lpm_dff2:inst11|lpm_ff:lpm_ff_component|dffs[3]                                                     ; Clk          ; Clk         ; 0.000        ; 0.080      ; 2.283      ;
; 1.980 ; GPRs:inst7|lpm_dff1:inst10|lpm_ff:lpm_ff_component|dffs[3]                                       ; GPRs:inst7|lpm_dff3:inst12|lpm_ff:lpm_ff_component|dffs[3]                                                     ; Clk          ; Clk         ; 0.000        ; 0.075      ; 2.287      ;
; 1.998 ; lpm_dff4:inst28|lpm_ff:lpm_ff_component|dffs[2]                                                  ; GPRs:inst7|lpm_dff3:inst12|lpm_ff:lpm_ff_component|dffs[2]                                                     ; Clk          ; Clk         ; 0.000        ; 0.076      ; 2.306      ;
; 2.002 ; lpm_dff4:inst14|lpm_ff:lpm_ff_component|dffs[0]                                                  ; lpm_dff4:inst28|lpm_ff:lpm_ff_component|dffs[0]                                                                ; Clk          ; Clk         ; 0.000        ; 0.080      ; 2.314      ;
; 2.012 ; GPRs:inst7|lpm_dff3:inst12|lpm_ff:lpm_ff_component|dffs[7]                                       ; lpm_dff4:inst12|lpm_ff:lpm_ff_component|dffs[7]                                                                ; Clk          ; Clk         ; 0.000        ; 0.074      ; 2.318      ;
; 2.030 ; lpm_dff4:inst14|lpm_ff:lpm_ff_component|dffs[2]                                                  ; GPRs:inst7|lpm_dff3:inst12|lpm_ff:lpm_ff_component|dffs[2]                                                     ; Clk          ; Clk         ; 0.000        ; 0.075      ; 2.337      ;
; 2.035 ; lpm_dff4:inst11|lpm_ff:lpm_ff_component|dffs[1]                                                  ; GPRs:inst7|lpm_dff0:inst|lpm_ff:lpm_ff_component|dffs[4]                                                       ; Clk          ; Clk         ; 0.000        ; 0.080      ; 2.347      ;
; 2.035 ; lpm_dff4:inst11|lpm_ff:lpm_ff_component|dffs[1]                                                  ; GPRs:inst7|lpm_dff0:inst|lpm_ff:lpm_ff_component|dffs[5]                                                       ; Clk          ; Clk         ; 0.000        ; 0.080      ; 2.347      ;
; 2.035 ; lpm_dff4:inst11|lpm_ff:lpm_ff_component|dffs[1]                                                  ; GPRs:inst7|lpm_dff0:inst|lpm_ff:lpm_ff_component|dffs[6]                                                       ; Clk          ; Clk         ; 0.000        ; 0.080      ; 2.347      ;
; 2.035 ; lpm_dff4:inst11|lpm_ff:lpm_ff_component|dffs[1]                                                  ; GPRs:inst7|lpm_dff0:inst|lpm_ff:lpm_ff_component|dffs[7]                                                       ; Clk          ; Clk         ; 0.000        ; 0.080      ; 2.347      ;
; 2.035 ; lpm_dff4:inst11|lpm_ff:lpm_ff_component|dffs[1]                                                  ; GPRs:inst7|lpm_dff0:inst|lpm_ff:lpm_ff_component|dffs[0]                                                       ; Clk          ; Clk         ; 0.000        ; 0.080      ; 2.347      ;
; 2.035 ; lpm_dff4:inst11|lpm_ff:lpm_ff_component|dffs[1]                                                  ; GPRs:inst7|lpm_dff0:inst|lpm_ff:lpm_ff_component|dffs[1]                                                       ; Clk          ; Clk         ; 0.000        ; 0.080      ; 2.347      ;
; 2.035 ; lpm_dff4:inst11|lpm_ff:lpm_ff_component|dffs[1]                                                  ; GPRs:inst7|lpm_dff0:inst|lpm_ff:lpm_ff_component|dffs[2]                                                       ; Clk          ; Clk         ; 0.000        ; 0.080      ; 2.347      ;
; 2.035 ; lpm_dff4:inst11|lpm_ff:lpm_ff_component|dffs[1]                                                  ; GPRs:inst7|lpm_dff0:inst|lpm_ff:lpm_ff_component|dffs[3]                                                       ; Clk          ; Clk         ; 0.000        ; 0.080      ; 2.347      ;
; 2.038 ; lpm_dff4:inst14|lpm_ff:lpm_ff_component|dffs[1]                                                  ; lpm_dff4:inst28|lpm_ff:lpm_ff_component|dffs[2]                                                                ; Clk          ; Clk         ; 0.000        ; 0.080      ; 2.350      ;
; 2.083 ; GPRs:inst7|lpm_dff3:inst12|lpm_ff:lpm_ff_component|dffs[1]                                       ; lpm_dff4:inst28|lpm_ff:lpm_ff_component|dffs[1]                                                                ; Clk          ; Clk         ; 0.000        ; 0.080      ; 2.395      ;
; 2.089 ; lpm_dff4:inst29|lpm_ff:lpm_ff_component|dffs[4]                                                  ; lpm_dff4:inst28|lpm_ff:lpm_ff_component|dffs[7]                                                                ; Clk          ; Clk         ; 0.000        ; 0.085      ; 2.406      ;
; 2.127 ; lpm_dff4:inst11|lpm_ff:lpm_ff_component|dffs[1]                                                  ; GPRs:inst7|lpm_dff3:inst12|lpm_ff:lpm_ff_component|dffs[2]                                                     ; Clk          ; Clk         ; 0.000        ; 0.080      ; 2.439      ;
; 2.127 ; lpm_dff4:inst11|lpm_ff:lpm_ff_component|dffs[1]                                                  ; GPRs:inst7|lpm_dff3:inst12|lpm_ff:lpm_ff_component|dffs[3]                                                     ; Clk          ; Clk         ; 0.000        ; 0.080      ; 2.439      ;
; 2.143 ; lpm_dff4:inst29|lpm_ff:lpm_ff_component|dffs[1]                                                  ; lpm_dff4:inst28|lpm_ff:lpm_ff_component|dffs[2]                                                                ; Clk          ; Clk         ; 0.000        ; 0.085      ; 2.460      ;
; 2.157 ; lpm_dff4:inst14|lpm_ff:lpm_ff_component|dffs[1]                                                  ; lpm_dff4:inst28|lpm_ff:lpm_ff_component|dffs[3]                                                                ; Clk          ; Clk         ; 0.000        ; 0.080      ; 2.469      ;
; 2.163 ; GPRs:inst7|lpm_dff3:inst12|lpm_ff:lpm_ff_component|dffs[5]                                       ; lpm_dff4:inst12|lpm_ff:lpm_ff_component|dffs[5]                                                                ; Clk          ; Clk         ; 0.000        ; 0.072      ; 2.467      ;
; 2.169 ; GPRs:inst7|lpm_dff3:inst12|lpm_ff:lpm_ff_component|dffs[6]                                       ; lpm_dff4:inst12|lpm_ff:lpm_ff_component|dffs[6]                                                                ; Clk          ; Clk         ; 0.000        ; 0.072      ; 2.473      ;
; 2.178 ; lpm_dff4:inst14|lpm_ff:lpm_ff_component|dffs[1]                                                  ; lpm_dff4:inst28|lpm_ff:lpm_ff_component|dffs[4]                                                                ; Clk          ; Clk         ; 0.000        ; 0.080      ; 2.490      ;
+-------+--------------------------------------------------------------------------------------------------+----------------------------------------------------------------------------------------------------------------+--------------+-------------+--------------+------------+------------+


+-------------------------------------------------------------------------------------------------------------------------------------------------------------------------------------------------+
; Slow 1200mV 85C Model Minimum Pulse Width: 'Clk'                                                                                                                                                ;
+--------+--------------+----------------+------------------+-------+------------+----------------------------------------------------------------------------------------------------------------+
; Slack  ; Actual Width ; Required Width ; Type             ; Clock ; Clock Edge ; Target                                                                                                         ;
+--------+--------------+----------------+------------------+-------+------------+----------------------------------------------------------------------------------------------------------------+
; -3.201 ; 1.000        ; 4.201          ; Min Period       ; Clk   ; Fall       ; lpm_rom3:inst13|altsyncram:altsyncram_component|altsyncram_hga1:auto_generated|ram_block1a0~porta_address_reg0 ;
; -3.000 ; 1.000        ; 4.000          ; Port Rate        ; Clk   ; Rise       ; Clk                                                                                                            ;
; -1.487 ; 1.000        ; 2.487          ; Min Period       ; Clk   ; Rise       ; GPRs:inst7|lpm_dff0:inst|lpm_ff:lpm_ff_component|dffs[0]                                                       ;
; -1.487 ; 1.000        ; 2.487          ; Min Period       ; Clk   ; Rise       ; GPRs:inst7|lpm_dff0:inst|lpm_ff:lpm_ff_component|dffs[1]                                                       ;
; -1.487 ; 1.000        ; 2.487          ; Min Period       ; Clk   ; Rise       ; GPRs:inst7|lpm_dff0:inst|lpm_ff:lpm_ff_component|dffs[2]                                                       ;
; -1.487 ; 1.000        ; 2.487          ; Min Period       ; Clk   ; Rise       ; GPRs:inst7|lpm_dff0:inst|lpm_ff:lpm_ff_component|dffs[3]                                                       ;
; -1.487 ; 1.000        ; 2.487          ; Min Period       ; Clk   ; Rise       ; GPRs:inst7|lpm_dff0:inst|lpm_ff:lpm_ff_component|dffs[4]                                                       ;
; -1.487 ; 1.000        ; 2.487          ; Min Period       ; Clk   ; Rise       ; GPRs:inst7|lpm_dff0:inst|lpm_ff:lpm_ff_component|dffs[5]                                                       ;
; -1.487 ; 1.000        ; 2.487          ; Min Period       ; Clk   ; Rise       ; GPRs:inst7|lpm_dff0:inst|lpm_ff:lpm_ff_component|dffs[6]                                                       ;
; -1.487 ; 1.000        ; 2.487          ; Min Period       ; Clk   ; Rise       ; GPRs:inst7|lpm_dff0:inst|lpm_ff:lpm_ff_component|dffs[7]                                                       ;
; -1.487 ; 1.000        ; 2.487          ; Min Period       ; Clk   ; Rise       ; GPRs:inst7|lpm_dff1:inst10|lpm_ff:lpm_ff_component|dffs[0]                                                     ;
; -1.487 ; 1.000        ; 2.487          ; Min Period       ; Clk   ; Rise       ; GPRs:inst7|lpm_dff1:inst10|lpm_ff:lpm_ff_component|dffs[1]                                                     ;
; -1.487 ; 1.000        ; 2.487          ; Min Period       ; Clk   ; Rise       ; GPRs:inst7|lpm_dff1:inst10|lpm_ff:lpm_ff_component|dffs[2]                                                     ;
; -1.487 ; 1.000        ; 2.487          ; Min Period       ; Clk   ; Rise       ; GPRs:inst7|lpm_dff1:inst10|lpm_ff:lpm_ff_component|dffs[3]                                                     ;
; -1.487 ; 1.000        ; 2.487          ; Min Period       ; Clk   ; Rise       ; GPRs:inst7|lpm_dff1:inst10|lpm_ff:lpm_ff_component|dffs[4]                                                     ;
; -1.487 ; 1.000        ; 2.487          ; Min Period       ; Clk   ; Rise       ; GPRs:inst7|lpm_dff1:inst10|lpm_ff:lpm_ff_component|dffs[5]                                                     ;
; -1.487 ; 1.000        ; 2.487          ; Min Period       ; Clk   ; Rise       ; GPRs:inst7|lpm_dff1:inst10|lpm_ff:lpm_ff_component|dffs[6]                                                     ;
; -1.487 ; 1.000        ; 2.487          ; Min Period       ; Clk   ; Rise       ; GPRs:inst7|lpm_dff1:inst10|lpm_ff:lpm_ff_component|dffs[7]                                                     ;
; -1.487 ; 1.000        ; 2.487          ; Min Period       ; Clk   ; Rise       ; GPRs:inst7|lpm_dff2:inst11|lpm_ff:lpm_ff_component|dffs[0]                                                     ;
; -1.487 ; 1.000        ; 2.487          ; Min Period       ; Clk   ; Rise       ; GPRs:inst7|lpm_dff2:inst11|lpm_ff:lpm_ff_component|dffs[1]                                                     ;
; -1.487 ; 1.000        ; 2.487          ; Min Period       ; Clk   ; Rise       ; GPRs:inst7|lpm_dff2:inst11|lpm_ff:lpm_ff_component|dffs[2]                                                     ;
; -1.487 ; 1.000        ; 2.487          ; Min Period       ; Clk   ; Rise       ; GPRs:inst7|lpm_dff2:inst11|lpm_ff:lpm_ff_component|dffs[3]                                                     ;
; -1.487 ; 1.000        ; 2.487          ; Min Period       ; Clk   ; Rise       ; GPRs:inst7|lpm_dff2:inst11|lpm_ff:lpm_ff_component|dffs[4]                                                     ;
; -1.487 ; 1.000        ; 2.487          ; Min Period       ; Clk   ; Rise       ; GPRs:inst7|lpm_dff2:inst11|lpm_ff:lpm_ff_component|dffs[5]                                                     ;
; -1.487 ; 1.000        ; 2.487          ; Min Period       ; Clk   ; Rise       ; GPRs:inst7|lpm_dff2:inst11|lpm_ff:lpm_ff_component|dffs[6]                                                     ;
; -1.487 ; 1.000        ; 2.487          ; Min Period       ; Clk   ; Rise       ; GPRs:inst7|lpm_dff2:inst11|lpm_ff:lpm_ff_component|dffs[7]                                                     ;
; -1.487 ; 1.000        ; 2.487          ; Min Period       ; Clk   ; Rise       ; GPRs:inst7|lpm_dff3:inst12|lpm_ff:lpm_ff_component|dffs[0]                                                     ;
; -1.487 ; 1.000        ; 2.487          ; Min Period       ; Clk   ; Rise       ; GPRs:inst7|lpm_dff3:inst12|lpm_ff:lpm_ff_component|dffs[1]                                                     ;
; -1.487 ; 1.000        ; 2.487          ; Min Period       ; Clk   ; Rise       ; GPRs:inst7|lpm_dff3:inst12|lpm_ff:lpm_ff_component|dffs[2]                                                     ;
; -1.487 ; 1.000        ; 2.487          ; Min Period       ; Clk   ; Rise       ; GPRs:inst7|lpm_dff3:inst12|lpm_ff:lpm_ff_component|dffs[3]                                                     ;
; -1.487 ; 1.000        ; 2.487          ; Min Period       ; Clk   ; Rise       ; GPRs:inst7|lpm_dff3:inst12|lpm_ff:lpm_ff_component|dffs[4]                                                     ;
; -1.487 ; 1.000        ; 2.487          ; Min Period       ; Clk   ; Rise       ; GPRs:inst7|lpm_dff3:inst12|lpm_ff:lpm_ff_component|dffs[5]                                                     ;
; -1.487 ; 1.000        ; 2.487          ; Min Period       ; Clk   ; Rise       ; GPRs:inst7|lpm_dff3:inst12|lpm_ff:lpm_ff_component|dffs[6]                                                     ;
; -1.487 ; 1.000        ; 2.487          ; Min Period       ; Clk   ; Rise       ; GPRs:inst7|lpm_dff3:inst12|lpm_ff:lpm_ff_component|dffs[7]                                                     ;
; -1.487 ; 1.000        ; 2.487          ; Min Period       ; Clk   ; Rise       ; lpm_counter0:inst10|lpm_counter:lpm_counter_component|cntr_tqj:auto_generated|counter_reg_bit[0]               ;
; -1.487 ; 1.000        ; 2.487          ; Min Period       ; Clk   ; Rise       ; lpm_counter0:inst10|lpm_counter:lpm_counter_component|cntr_tqj:auto_generated|counter_reg_bit[1]               ;
; -1.487 ; 1.000        ; 2.487          ; Min Period       ; Clk   ; Rise       ; lpm_counter0:inst10|lpm_counter:lpm_counter_component|cntr_tqj:auto_generated|counter_reg_bit[2]               ;
; -1.487 ; 1.000        ; 2.487          ; Min Period       ; Clk   ; Rise       ; lpm_counter0:inst10|lpm_counter:lpm_counter_component|cntr_tqj:auto_generated|counter_reg_bit[3]               ;
; -1.487 ; 1.000        ; 2.487          ; Min Period       ; Clk   ; Rise       ; lpm_counter0:inst10|lpm_counter:lpm_counter_component|cntr_tqj:auto_generated|counter_reg_bit[4]               ;
; -1.487 ; 1.000        ; 2.487          ; Min Period       ; Clk   ; Rise       ; lpm_counter0:inst10|lpm_counter:lpm_counter_component|cntr_tqj:auto_generated|counter_reg_bit[5]               ;
; -1.487 ; 1.000        ; 2.487          ; Min Period       ; Clk   ; Rise       ; lpm_counter0:inst10|lpm_counter:lpm_counter_component|cntr_tqj:auto_generated|counter_reg_bit[6]               ;
; -1.487 ; 1.000        ; 2.487          ; Min Period       ; Clk   ; Rise       ; lpm_counter0:inst10|lpm_counter:lpm_counter_component|cntr_tqj:auto_generated|counter_reg_bit[7]               ;
; -1.487 ; 1.000        ; 2.487          ; Min Period       ; Clk   ; Rise       ; lpm_dff4:inst11|lpm_ff:lpm_ff_component|dffs[0]                                                                ;
; -1.487 ; 1.000        ; 2.487          ; Min Period       ; Clk   ; Rise       ; lpm_dff4:inst11|lpm_ff:lpm_ff_component|dffs[1]                                                                ;
; -1.487 ; 1.000        ; 2.487          ; Min Period       ; Clk   ; Rise       ; lpm_dff4:inst11|lpm_ff:lpm_ff_component|dffs[2]                                                                ;
; -1.487 ; 1.000        ; 2.487          ; Min Period       ; Clk   ; Rise       ; lpm_dff4:inst11|lpm_ff:lpm_ff_component|dffs[3]                                                                ;
; -1.487 ; 1.000        ; 2.487          ; Min Period       ; Clk   ; Rise       ; lpm_dff4:inst11|lpm_ff:lpm_ff_component|dffs[4]                                                                ;
; -1.487 ; 1.000        ; 2.487          ; Min Period       ; Clk   ; Rise       ; lpm_dff4:inst11|lpm_ff:lpm_ff_component|dffs[5]                                                                ;
; -1.487 ; 1.000        ; 2.487          ; Min Period       ; Clk   ; Rise       ; lpm_dff4:inst11|lpm_ff:lpm_ff_component|dffs[6]                                                                ;
; -1.487 ; 1.000        ; 2.487          ; Min Period       ; Clk   ; Rise       ; lpm_dff4:inst11|lpm_ff:lpm_ff_component|dffs[7]                                                                ;
; -1.487 ; 1.000        ; 2.487          ; Min Period       ; Clk   ; Rise       ; lpm_dff4:inst12|lpm_ff:lpm_ff_component|dffs[0]                                                                ;
; -1.487 ; 1.000        ; 2.487          ; Min Period       ; Clk   ; Rise       ; lpm_dff4:inst12|lpm_ff:lpm_ff_component|dffs[1]                                                                ;
; -1.487 ; 1.000        ; 2.487          ; Min Period       ; Clk   ; Rise       ; lpm_dff4:inst12|lpm_ff:lpm_ff_component|dffs[2]                                                                ;
; -1.487 ; 1.000        ; 2.487          ; Min Period       ; Clk   ; Rise       ; lpm_dff4:inst12|lpm_ff:lpm_ff_component|dffs[3]                                                                ;
; -1.487 ; 1.000        ; 2.487          ; Min Period       ; Clk   ; Rise       ; lpm_dff4:inst12|lpm_ff:lpm_ff_component|dffs[4]                                                                ;
; -1.487 ; 1.000        ; 2.487          ; Min Period       ; Clk   ; Rise       ; lpm_dff4:inst12|lpm_ff:lpm_ff_component|dffs[5]                                                                ;
; -1.487 ; 1.000        ; 2.487          ; Min Period       ; Clk   ; Rise       ; lpm_dff4:inst12|lpm_ff:lpm_ff_component|dffs[6]                                                                ;
; -1.487 ; 1.000        ; 2.487          ; Min Period       ; Clk   ; Rise       ; lpm_dff4:inst12|lpm_ff:lpm_ff_component|dffs[7]                                                                ;
; -1.487 ; 1.000        ; 2.487          ; Min Period       ; Clk   ; Rise       ; lpm_dff4:inst14|lpm_ff:lpm_ff_component|dffs[0]                                                                ;
; -1.487 ; 1.000        ; 2.487          ; Min Period       ; Clk   ; Rise       ; lpm_dff4:inst14|lpm_ff:lpm_ff_component|dffs[1]                                                                ;
; -1.487 ; 1.000        ; 2.487          ; Min Period       ; Clk   ; Rise       ; lpm_dff4:inst14|lpm_ff:lpm_ff_component|dffs[2]                                                                ;
; -1.487 ; 1.000        ; 2.487          ; Min Period       ; Clk   ; Rise       ; lpm_dff4:inst14|lpm_ff:lpm_ff_component|dffs[3]                                                                ;
; -1.487 ; 1.000        ; 2.487          ; Min Period       ; Clk   ; Rise       ; lpm_dff4:inst14|lpm_ff:lpm_ff_component|dffs[4]                                                                ;
; -1.487 ; 1.000        ; 2.487          ; Min Period       ; Clk   ; Rise       ; lpm_dff4:inst14|lpm_ff:lpm_ff_component|dffs[5]                                                                ;
; -1.487 ; 1.000        ; 2.487          ; Min Period       ; Clk   ; Rise       ; lpm_dff4:inst14|lpm_ff:lpm_ff_component|dffs[6]                                                                ;
; -1.487 ; 1.000        ; 2.487          ; Min Period       ; Clk   ; Rise       ; lpm_dff4:inst14|lpm_ff:lpm_ff_component|dffs[7]                                                                ;
; -1.487 ; 1.000        ; 2.487          ; Min Period       ; Clk   ; Rise       ; lpm_dff4:inst28|lpm_ff:lpm_ff_component|dffs[0]                                                                ;
; -1.487 ; 1.000        ; 2.487          ; Min Period       ; Clk   ; Rise       ; lpm_dff4:inst28|lpm_ff:lpm_ff_component|dffs[1]                                                                ;
; -1.487 ; 1.000        ; 2.487          ; Min Period       ; Clk   ; Rise       ; lpm_dff4:inst28|lpm_ff:lpm_ff_component|dffs[2]                                                                ;
; -1.487 ; 1.000        ; 2.487          ; Min Period       ; Clk   ; Rise       ; lpm_dff4:inst28|lpm_ff:lpm_ff_component|dffs[3]                                                                ;
; -1.487 ; 1.000        ; 2.487          ; Min Period       ; Clk   ; Rise       ; lpm_dff4:inst28|lpm_ff:lpm_ff_component|dffs[4]                                                                ;
; -1.487 ; 1.000        ; 2.487          ; Min Period       ; Clk   ; Rise       ; lpm_dff4:inst28|lpm_ff:lpm_ff_component|dffs[5]                                                                ;
; -1.487 ; 1.000        ; 2.487          ; Min Period       ; Clk   ; Rise       ; lpm_dff4:inst28|lpm_ff:lpm_ff_component|dffs[6]                                                                ;
; -1.487 ; 1.000        ; 2.487          ; Min Period       ; Clk   ; Rise       ; lpm_dff4:inst28|lpm_ff:lpm_ff_component|dffs[7]                                                                ;
; -1.487 ; 1.000        ; 2.487          ; Min Period       ; Clk   ; Rise       ; lpm_dff4:inst29|lpm_ff:lpm_ff_component|dffs[0]                                                                ;
; -1.487 ; 1.000        ; 2.487          ; Min Period       ; Clk   ; Rise       ; lpm_dff4:inst29|lpm_ff:lpm_ff_component|dffs[1]                                                                ;
; -1.487 ; 1.000        ; 2.487          ; Min Period       ; Clk   ; Rise       ; lpm_dff4:inst29|lpm_ff:lpm_ff_component|dffs[2]                                                                ;
; -1.487 ; 1.000        ; 2.487          ; Min Period       ; Clk   ; Rise       ; lpm_dff4:inst29|lpm_ff:lpm_ff_component|dffs[3]                                                                ;
; -1.487 ; 1.000        ; 2.487          ; Min Period       ; Clk   ; Rise       ; lpm_dff4:inst29|lpm_ff:lpm_ff_component|dffs[4]                                                                ;
; -1.487 ; 1.000        ; 2.487          ; Min Period       ; Clk   ; Rise       ; lpm_dff4:inst29|lpm_ff:lpm_ff_component|dffs[5]                                                                ;
; -1.487 ; 1.000        ; 2.487          ; Min Period       ; Clk   ; Rise       ; lpm_dff4:inst29|lpm_ff:lpm_ff_component|dffs[6]                                                                ;
; -1.487 ; 1.000        ; 2.487          ; Min Period       ; Clk   ; Rise       ; lpm_dff4:inst29|lpm_ff:lpm_ff_component|dffs[7]                                                                ;
; 0.222  ; 0.457        ; 0.235          ; High Pulse Width ; Clk   ; Fall       ; lpm_rom3:inst13|altsyncram:altsyncram_component|altsyncram_hga1:auto_generated|ram_block1a0~porta_address_reg0 ;
; 0.257  ; 0.477        ; 0.220          ; High Pulse Width ; Clk   ; Rise       ; GPRs:inst7|lpm_dff0:inst|lpm_ff:lpm_ff_component|dffs[0]                                                       ;
; 0.257  ; 0.477        ; 0.220          ; High Pulse Width ; Clk   ; Rise       ; GPRs:inst7|lpm_dff0:inst|lpm_ff:lpm_ff_component|dffs[1]                                                       ;
; 0.257  ; 0.477        ; 0.220          ; High Pulse Width ; Clk   ; Rise       ; GPRs:inst7|lpm_dff0:inst|lpm_ff:lpm_ff_component|dffs[2]                                                       ;
; 0.257  ; 0.477        ; 0.220          ; High Pulse Width ; Clk   ; Rise       ; GPRs:inst7|lpm_dff0:inst|lpm_ff:lpm_ff_component|dffs[3]                                                       ;
; 0.257  ; 0.477        ; 0.220          ; High Pulse Width ; Clk   ; Rise       ; GPRs:inst7|lpm_dff0:inst|lpm_ff:lpm_ff_component|dffs[4]                                                       ;
; 0.257  ; 0.477        ; 0.220          ; High Pulse Width ; Clk   ; Rise       ; GPRs:inst7|lpm_dff0:inst|lpm_ff:lpm_ff_component|dffs[5]                                                       ;
; 0.257  ; 0.477        ; 0.220          ; High Pulse Width ; Clk   ; Rise       ; GPRs:inst7|lpm_dff0:inst|lpm_ff:lpm_ff_component|dffs[6]                                                       ;
; 0.257  ; 0.477        ; 0.220          ; High Pulse Width ; Clk   ; Rise       ; GPRs:inst7|lpm_dff0:inst|lpm_ff:lpm_ff_component|dffs[7]                                                       ;
; 0.257  ; 0.477        ; 0.220          ; High Pulse Width ; Clk   ; Rise       ; GPRs:inst7|lpm_dff1:inst10|lpm_ff:lpm_ff_component|dffs[3]                                                     ;
; 0.257  ; 0.477        ; 0.220          ; High Pulse Width ; Clk   ; Rise       ; GPRs:inst7|lpm_dff3:inst12|lpm_ff:lpm_ff_component|dffs[0]                                                     ;
; 0.257  ; 0.477        ; 0.220          ; High Pulse Width ; Clk   ; Rise       ; GPRs:inst7|lpm_dff3:inst12|lpm_ff:lpm_ff_component|dffs[1]                                                     ;
; 0.257  ; 0.477        ; 0.220          ; High Pulse Width ; Clk   ; Rise       ; GPRs:inst7|lpm_dff3:inst12|lpm_ff:lpm_ff_component|dffs[4]                                                     ;
; 0.257  ; 0.477        ; 0.220          ; High Pulse Width ; Clk   ; Rise       ; GPRs:inst7|lpm_dff3:inst12|lpm_ff:lpm_ff_component|dffs[5]                                                     ;
; 0.257  ; 0.477        ; 0.220          ; High Pulse Width ; Clk   ; Rise       ; GPRs:inst7|lpm_dff3:inst12|lpm_ff:lpm_ff_component|dffs[6]                                                     ;
; 0.257  ; 0.477        ; 0.220          ; High Pulse Width ; Clk   ; Rise       ; GPRs:inst7|lpm_dff3:inst12|lpm_ff:lpm_ff_component|dffs[7]                                                     ;
; 0.257  ; 0.477        ; 0.220          ; High Pulse Width ; Clk   ; Rise       ; lpm_counter0:inst10|lpm_counter:lpm_counter_component|cntr_tqj:auto_generated|counter_reg_bit[0]               ;
; 0.257  ; 0.477        ; 0.220          ; High Pulse Width ; Clk   ; Rise       ; lpm_counter0:inst10|lpm_counter:lpm_counter_component|cntr_tqj:auto_generated|counter_reg_bit[1]               ;
+--------+--------------+----------------+------------------+-------+------------+----------------------------------------------------------------------------------------------------------------+


+-----------------------------------------------------------------------+
; Setup Times                                                           ;
+-----------+------------+-------+-------+------------+-----------------+
; Data Port ; Clock Port ; Rise  ; Fall  ; Clock Edge ; Clock Reference ;
+-----------+------------+-------+-------+------------+-----------------+
; GRin      ; Clk        ; 5.050 ; 5.180 ; Rise       ; Clk             ;
; GRout     ; Clk        ; 5.926 ; 6.146 ; Rise       ; Clk             ;
; GRsel     ; Clk        ; 8.901 ; 9.237 ; Rise       ; Clk             ;
; IRin      ; Clk        ; 3.894 ; 3.983 ; Rise       ; Clk             ;
; MARin     ; Clk        ; 2.449 ; 2.640 ; Rise       ; Clk             ;
; MDRin     ; Clk        ; 3.260 ; 3.442 ; Rise       ; Clk             ;
; MDRout    ; Clk        ; 7.354 ; 7.621 ; Rise       ; Clk             ;
; PC_1      ; Clk        ; 3.612 ; 3.705 ; Rise       ; Clk             ;
; PCin      ; Clk        ; 5.233 ; 5.428 ; Rise       ; Clk             ;
; PCout     ; Clk        ; 7.091 ; 7.279 ; Rise       ; Clk             ;
; Reset     ; Clk        ; 2.578 ; 2.549 ; Rise       ; Clk             ;
; Yin       ; Clk        ; 3.303 ; 3.489 ; Rise       ; Clk             ;
; Zin       ; Clk        ; 2.417 ; 2.608 ; Rise       ; Clk             ;
; Zout      ; Clk        ; 7.195 ; 7.463 ; Rise       ; Clk             ;
; op[*]     ; Clk        ; 5.818 ; 5.775 ; Rise       ; Clk             ;
;  op[0]    ; Clk        ; 5.818 ; 5.775 ; Rise       ; Clk             ;
;  op[1]    ; Clk        ; 3.017 ; 3.184 ; Rise       ; Clk             ;
; MemRd     ; Clk        ; 2.978 ; 3.224 ; Fall       ; Clk             ;
+-----------+------------+-------+-------+------------+-----------------+


+-------------------------------------------------------------------------+
; Hold Times                                                              ;
+-----------+------------+--------+--------+------------+-----------------+
; Data Port ; Clock Port ; Rise   ; Fall   ; Clock Edge ; Clock Reference ;
+-----------+------------+--------+--------+------------+-----------------+
; GRin      ; Clk        ; -3.621 ; -3.826 ; Rise       ; Clk             ;
; GRout     ; Clk        ; -2.299 ; -2.524 ; Rise       ; Clk             ;
; GRsel     ; Clk        ; -4.767 ; -5.068 ; Rise       ; Clk             ;
; IRin      ; Clk        ; -3.175 ; -3.323 ; Rise       ; Clk             ;
; MARin     ; Clk        ; -2.109 ; -2.292 ; Rise       ; Clk             ;
; MDRin     ; Clk        ; -2.511 ; -2.769 ; Rise       ; Clk             ;
; MDRout    ; Clk        ; -3.671 ; -3.941 ; Rise       ; Clk             ;
; PC_1      ; Clk        ; -3.223 ; -3.310 ; Rise       ; Clk             ;
; PCin      ; Clk        ; -4.028 ; -4.211 ; Rise       ; Clk             ;
; PCout     ; Clk        ; -3.425 ; -3.616 ; Rise       ; Clk             ;
; Reset     ; Clk        ; -1.279 ; -1.465 ; Rise       ; Clk             ;
; Yin       ; Clk        ; -2.928 ; -3.106 ; Rise       ; Clk             ;
; Zin       ; Clk        ; -2.077 ; -2.260 ; Rise       ; Clk             ;
; Zout      ; Clk        ; -3.516 ; -3.756 ; Rise       ; Clk             ;
; op[*]     ; Clk        ; -2.421 ; -2.644 ; Rise       ; Clk             ;
;  op[0]    ; Clk        ; -3.076 ; -3.296 ; Rise       ; Clk             ;
;  op[1]    ; Clk        ; -2.421 ; -2.644 ; Rise       ; Clk             ;
; MemRd     ; Clk        ; -2.325 ; -2.468 ; Fall       ; Clk             ;
+-----------+------------+--------+--------+------------+-----------------+


+-------------------------------------------------------------------------+
; Clock to Output Times                                                   ;
+-----------+------------+--------+--------+------------+-----------------+
; Data Port ; Clock Port ; Rise   ; Fall   ; Clock Edge ; Clock Reference ;
+-----------+------------+--------+--------+------------+-----------------+
; CRT[*]    ; Clk        ; 13.518 ; 12.966 ; Rise       ; Clk             ;
;  CRT[0]   ; Clk        ; 10.374 ; 10.160 ; Rise       ; Clk             ;
;  CRT[1]   ; Clk        ; 13.518 ; 12.966 ; Rise       ; Clk             ;
;  CRT[2]   ; Clk        ; 12.707 ; 12.278 ; Rise       ; Clk             ;
;  CRT[3]   ; Clk        ; 11.705 ; 11.375 ; Rise       ; Clk             ;
;  CRT[4]   ; Clk        ; 12.096 ; 11.671 ; Rise       ; Clk             ;
;  CRT[5]   ; Clk        ; 12.929 ; 12.552 ; Rise       ; Clk             ;
;  CRT[6]   ; Clk        ; 10.151 ; 9.910  ; Rise       ; Clk             ;
;  CRT[7]   ; Clk        ; 12.331 ; 11.944 ; Rise       ; Clk             ;
; IR[*]     ; Clk        ; 9.500  ; 9.426  ; Rise       ; Clk             ;
;  IR[0]    ; Clk        ; 7.955  ; 7.679  ; Rise       ; Clk             ;
;  IR[1]    ; Clk        ; 9.150  ; 9.111  ; Rise       ; Clk             ;
;  IR[2]    ; Clk        ; 7.604  ; 7.335  ; Rise       ; Clk             ;
;  IR[3]    ; Clk        ; 8.223  ; 8.035  ; Rise       ; Clk             ;
;  IR[4]    ; Clk        ; 7.525  ; 7.380  ; Rise       ; Clk             ;
;  IR[5]    ; Clk        ; 6.904  ; 6.755  ; Rise       ; Clk             ;
;  IR[6]    ; Clk        ; 8.737  ; 8.439  ; Rise       ; Clk             ;
;  IR[7]    ; Clk        ; 9.500  ; 9.426  ; Rise       ; Clk             ;
; MA[*]     ; Clk        ; 8.854  ; 8.561  ; Rise       ; Clk             ;
;  MA[0]    ; Clk        ; 8.062  ; 7.971  ; Rise       ; Clk             ;
;  MA[1]    ; Clk        ; 7.395  ; 7.235  ; Rise       ; Clk             ;
;  MA[2]    ; Clk        ; 8.303  ; 8.098  ; Rise       ; Clk             ;
;  MA[3]    ; Clk        ; 8.783  ; 8.500  ; Rise       ; Clk             ;
;  MA[4]    ; Clk        ; 7.587  ; 7.357  ; Rise       ; Clk             ;
;  MA[5]    ; Clk        ; 8.854  ; 8.561  ; Rise       ; Clk             ;
;  MA[6]    ; Clk        ; 7.804  ; 7.613  ; Rise       ; Clk             ;
;  MA[7]    ; Clk        ; 8.510  ; 8.272  ; Rise       ; Clk             ;
; PC[*]     ; Clk        ; 9.590  ; 9.480  ; Rise       ; Clk             ;
;  PC[0]    ; Clk        ; 6.744  ; 6.653  ; Rise       ; Clk             ;
;  PC[1]    ; Clk        ; 7.899  ; 7.706  ; Rise       ; Clk             ;
;  PC[2]    ; Clk        ; 9.590  ; 9.480  ; Rise       ; Clk             ;
;  PC[3]    ; Clk        ; 7.643  ; 7.427  ; Rise       ; Clk             ;
;  PC[4]    ; Clk        ; 7.080  ; 6.953  ; Rise       ; Clk             ;
;  PC[5]    ; Clk        ; 8.854  ; 8.536  ; Rise       ; Clk             ;
;  PC[6]    ; Clk        ; 7.870  ; 7.735  ; Rise       ; Clk             ;
;  PC[7]    ; Clk        ; 9.388  ; 9.252  ; Rise       ; Clk             ;
; RD[*]     ; Clk        ; 8.785  ; 8.704  ; Rise       ; Clk             ;
;  RD[0]    ; Clk        ; 8.731  ; 8.704  ; Rise       ; Clk             ;
;  RD[1]    ; Clk        ; 8.785  ; 8.470  ; Rise       ; Clk             ;
; RS[*]     ; Clk        ; 7.895  ; 7.763  ; Rise       ; Clk             ;
;  RS[0]    ; Clk        ; 7.604  ; 7.335  ; Rise       ; Clk             ;
;  RS[1]    ; Clk        ; 7.895  ; 7.763  ; Rise       ; Clk             ;
; MQ[*]     ; Clk        ; 14.005 ; 13.863 ; Fall       ; Clk             ;
;  MQ[0]    ; Clk        ; 14.005 ; 13.863 ; Fall       ; Clk             ;
;  MQ[1]    ; Clk        ; 12.482 ; 12.140 ; Fall       ; Clk             ;
;  MQ[2]    ; Clk        ; 11.812 ; 11.525 ; Fall       ; Clk             ;
;  MQ[3]    ; Clk        ; 10.286 ; 10.123 ; Fall       ; Clk             ;
;  MQ[4]    ; Clk        ; 12.425 ; 12.174 ; Fall       ; Clk             ;
;  MQ[5]    ; Clk        ; 13.139 ; 12.834 ; Fall       ; Clk             ;
;  MQ[6]    ; Clk        ; 11.784 ; 11.515 ; Fall       ; Clk             ;
;  MQ[7]    ; Clk        ; 12.979 ; 12.589 ; Fall       ; Clk             ;
+-----------+------------+--------+--------+------------+-----------------+


+-------------------------------------------------------------------------+
; Minimum Clock to Output Times                                           ;
+-----------+------------+--------+--------+------------+-----------------+
; Data Port ; Clock Port ; Rise   ; Fall   ; Clock Edge ; Clock Reference ;
+-----------+------------+--------+--------+------------+-----------------+
; CRT[*]    ; Clk        ; 7.274  ; 7.082  ; Rise       ; Clk             ;
;  CRT[0]   ; Clk        ; 7.274  ; 7.082  ; Rise       ; Clk             ;
;  CRT[1]   ; Clk        ; 10.346 ; 9.831  ; Rise       ; Clk             ;
;  CRT[2]   ; Clk        ; 9.613  ; 9.283  ; Rise       ; Clk             ;
;  CRT[3]   ; Clk        ; 9.012  ; 8.657  ; Rise       ; Clk             ;
;  CRT[4]   ; Clk        ; 9.640  ; 9.229  ; Rise       ; Clk             ;
;  CRT[5]   ; Clk        ; 10.142 ; 9.767  ; Rise       ; Clk             ;
;  CRT[6]   ; Clk        ; 7.300  ; 7.094  ; Rise       ; Clk             ;
;  CRT[7]   ; Clk        ; 9.431  ; 9.055  ; Rise       ; Clk             ;
; IR[*]     ; Clk        ; 6.757  ; 6.610  ; Rise       ; Clk             ;
;  IR[0]    ; Clk        ; 7.766  ; 7.497  ; Rise       ; Clk             ;
;  IR[1]    ; Clk        ; 8.970  ; 8.935  ; Rise       ; Clk             ;
;  IR[2]    ; Clk        ; 7.428  ; 7.167  ; Rise       ; Clk             ;
;  IR[3]    ; Clk        ; 8.021  ; 7.838  ; Rise       ; Clk             ;
;  IR[4]    ; Clk        ; 7.361  ; 7.220  ; Rise       ; Clk             ;
;  IR[5]    ; Clk        ; 6.757  ; 6.610  ; Rise       ; Clk             ;
;  IR[6]    ; Clk        ; 8.521  ; 8.232  ; Rise       ; Clk             ;
;  IR[7]    ; Clk        ; 9.306  ; 9.239  ; Rise       ; Clk             ;
; MA[*]     ; Clk        ; 7.236  ; 7.080  ; Rise       ; Clk             ;
;  MA[0]    ; Clk        ; 7.875  ; 7.786  ; Rise       ; Clk             ;
;  MA[1]    ; Clk        ; 7.236  ; 7.080  ; Rise       ; Clk             ;
;  MA[2]    ; Clk        ; 8.103  ; 7.904  ; Rise       ; Clk             ;
;  MA[3]    ; Clk        ; 8.561  ; 8.285  ; Rise       ; Clk             ;
;  MA[4]    ; Clk        ; 7.412  ; 7.188  ; Rise       ; Clk             ;
;  MA[5]    ; Clk        ; 8.628  ; 8.344  ; Rise       ; Clk             ;
;  MA[6]    ; Clk        ; 7.629  ; 7.443  ; Rise       ; Clk             ;
;  MA[7]    ; Clk        ; 8.298  ; 8.067  ; Rise       ; Clk             ;
; PC[*]     ; Clk        ; 6.602  ; 6.511  ; Rise       ; Clk             ;
;  PC[0]    ; Clk        ; 6.602  ; 6.511  ; Rise       ; Clk             ;
;  PC[1]    ; Clk        ; 7.718  ; 7.532  ; Rise       ; Clk             ;
;  PC[2]    ; Clk        ; 9.396  ; 9.294  ; Rise       ; Clk             ;
;  PC[3]    ; Clk        ; 7.473  ; 7.264  ; Rise       ; Clk             ;
;  PC[4]    ; Clk        ; 6.924  ; 6.800  ; Rise       ; Clk             ;
;  PC[5]    ; Clk        ; 8.635  ; 8.327  ; Rise       ; Clk             ;
;  PC[6]    ; Clk        ; 7.691  ; 7.559  ; Rise       ; Clk             ;
;  PC[7]    ; Clk        ; 9.203  ; 9.076  ; Rise       ; Clk             ;
; RD[*]     ; Clk        ; 8.562  ; 8.256  ; Rise       ; Clk             ;
;  RD[0]    ; Clk        ; 8.568  ; 8.545  ; Rise       ; Clk             ;
;  RD[1]    ; Clk        ; 8.562  ; 8.256  ; Rise       ; Clk             ;
; RS[*]     ; Clk        ; 7.428  ; 7.167  ; Rise       ; Clk             ;
;  RS[0]    ; Clk        ; 7.428  ; 7.167  ; Rise       ; Clk             ;
;  RS[1]    ; Clk        ; 7.707  ; 7.577  ; Rise       ; Clk             ;
; MQ[*]     ; Clk        ; 9.998  ; 9.839  ; Fall       ; Clk             ;
;  MQ[0]    ; Clk        ; 13.631 ; 13.498 ; Fall       ; Clk             ;
;  MQ[1]    ; Clk        ; 12.114 ; 11.784 ; Fall       ; Clk             ;
;  MQ[2]    ; Clk        ; 11.472 ; 11.194 ; Fall       ; Clk             ;
;  MQ[3]    ; Clk        ; 9.998  ; 9.839  ; Fall       ; Clk             ;
;  MQ[4]    ; Clk        ; 12.059 ; 11.817 ; Fall       ; Clk             ;
;  MQ[5]    ; Clk        ; 12.745 ; 12.451 ; Fall       ; Clk             ;
;  MQ[6]    ; Clk        ; 11.445 ; 11.184 ; Fall       ; Clk             ;
;  MQ[7]    ; Clk        ; 12.591 ; 12.215 ; Fall       ; Clk             ;
+-----------+------------+--------+--------+------------+-----------------+


+--------------------------------------------------------------+
; Propagation Delay                                            ;
+------------+-------------+--------+--------+--------+--------+
; Input Port ; Output Port ; RR     ; RF     ; FR     ; FF     ;
+------------+-------------+--------+--------+--------+--------+
; GRout      ; CRT[0]      ; 7.933  ; 8.334  ; 8.779  ; 7.951  ;
; GRout      ; CRT[1]      ; 10.890 ; 11.197 ; 11.974 ; 10.681 ;
; GRout      ; CRT[2]      ; 10.568 ; 10.568 ; 10.583 ; 10.405 ;
; GRout      ; CRT[3]      ; 11.529 ; 11.529 ; 11.420 ; 11.289 ;
; GRout      ; CRT[4]      ; 10.509 ; 10.509 ; 10.844 ; 10.341 ;
; GRout      ; CRT[5]      ; 11.324 ; 11.324 ; 11.373 ; 11.066 ;
; GRout      ; CRT[6]      ; 8.222  ; 8.222  ; 8.411  ; 8.223  ;
; GRout      ; CRT[7]      ; 10.558 ; 10.558 ; 10.610 ; 10.395 ;
; GRsel      ; CRT[0]      ; 11.816 ; 11.602 ; 12.152 ; 11.938 ;
; GRsel      ; CRT[1]      ; 14.960 ; 14.408 ; 15.296 ; 14.744 ;
; GRsel      ; CRT[2]      ; 14.149 ; 13.720 ; 14.485 ; 14.056 ;
; GRsel      ; CRT[3]      ; 13.147 ; 12.817 ; 13.483 ; 13.153 ;
; GRsel      ; CRT[4]      ; 13.538 ; 13.113 ; 13.874 ; 13.449 ;
; GRsel      ; CRT[5]      ; 14.371 ; 13.994 ; 14.707 ; 14.330 ;
; GRsel      ; CRT[6]      ; 11.482 ; 11.241 ; 11.818 ; 11.577 ;
; GRsel      ; CRT[7]      ; 13.773 ; 13.386 ; 14.109 ; 13.722 ;
; MDRout     ; CRT[0]      ; 9.361  ; 9.424  ; 9.879  ; 9.426  ;
; MDRout     ; CRT[1]      ; 12.318 ; 12.318 ; 13.072 ; 12.156 ;
; MDRout     ; CRT[2]      ; 11.996 ; 11.996 ; 12.420 ; 11.880 ;
; MDRout     ; CRT[3]      ; 12.957 ; 12.957 ; 12.895 ; 12.764 ;
; MDRout     ; CRT[4]      ; 11.937 ; 11.937 ; 12.453 ; 11.816 ;
; MDRout     ; CRT[5]      ; 12.752 ; 12.752 ; 13.192 ; 12.541 ;
; MDRout     ; CRT[6]      ; 9.650  ; 9.650  ; 10.032 ; 9.698  ;
; MDRout     ; CRT[7]      ; 11.986 ; 11.986 ; 12.299 ; 11.870 ;
; PCout      ; CRT[0]      ; 9.098  ; 9.346  ; 9.685  ; 9.084  ;
; PCout      ; CRT[1]      ; 12.055 ; 12.342 ; 13.004 ; 11.814 ;
; PCout      ; CRT[2]      ; 11.733 ; 11.733 ; 11.692 ; 11.538 ;
; PCout      ; CRT[3]      ; 12.694 ; 12.694 ; 12.553 ; 12.422 ;
; PCout      ; CRT[4]      ; 11.674 ; 11.833 ; 12.372 ; 11.474 ;
; PCout      ; CRT[5]      ; 12.489 ; 12.489 ; 12.904 ; 12.199 ;
; PCout      ; CRT[6]      ; 9.387  ; 9.387  ; 9.595  ; 9.356  ;
; PCout      ; CRT[7]      ; 11.723 ; 11.723 ; 11.765 ; 11.528 ;
; Zout       ; CRT[0]      ; 9.202  ; 9.408  ; 9.808  ; 9.235  ;
; Zout       ; CRT[1]      ; 12.159 ; 12.634 ; 13.345 ; 11.965 ;
; Zout       ; CRT[2]      ; 11.837 ; 11.837 ; 11.830 ; 11.689 ;
; Zout       ; CRT[3]      ; 12.798 ; 12.798 ; 12.704 ; 12.573 ;
; Zout       ; CRT[4]      ; 11.778 ; 12.466 ; 12.971 ; 11.625 ;
; Zout       ; CRT[5]      ; 12.593 ; 13.030 ; 13.523 ; 12.350 ;
; Zout       ; CRT[6]      ; 9.491  ; 10.015 ; 10.339 ; 9.507  ;
; Zout       ; CRT[7]      ; 11.827 ; 11.845 ; 12.465 ; 11.679 ;
+------------+-------------+--------+--------+--------+--------+


+--------------------------------------------------------------+
; Minimum Propagation Delay                                    ;
+------------+-------------+--------+--------+--------+--------+
; Input Port ; Output Port ; RR     ; RF     ; FR     ; FF     ;
+------------+-------------+--------+--------+--------+--------+
; GRout      ; CRT[0]      ; 7.193  ; 7.259  ; 7.341  ; 7.341  ;
; GRout      ; CRT[1]      ; 10.032 ; 10.098 ; 9.964  ; 9.964  ;
; GRout      ; CRT[2]      ; 9.723  ; 9.762  ; 9.697  ; 9.697  ;
; GRout      ; CRT[3]      ; 10.656 ; 9.369  ; 9.916  ; 10.551 ;
; GRout      ; CRT[4]      ; 9.677  ; 9.737  ; 9.640  ; 9.640  ;
; GRout      ; CRT[5]      ; 10.448 ; 10.488 ; 10.332 ; 10.332 ;
; GRout      ; CRT[6]      ; 7.470  ; 7.536  ; 7.602  ; 7.602  ;
; GRout      ; CRT[7]      ; 9.713  ; 9.718  ; 9.687  ; 9.687  ;
; GRsel      ; CRT[0]      ; 10.766 ; 10.618 ; 11.067 ; 10.919 ;
; GRsel      ; CRT[1]      ; 13.981 ; 13.440 ; 14.218 ; 13.744 ;
; GRsel      ; CRT[2]      ; 12.459 ; 12.075 ; 12.760 ; 12.376 ;
; GRsel      ; CRT[3]      ; 12.177 ; 11.767 ; 12.415 ; 11.987 ;
; GRsel      ; CRT[4]      ; 12.518 ; 12.181 ; 12.819 ; 12.481 ;
; GRsel      ; CRT[5]      ; 12.981 ; 12.599 ; 13.201 ; 12.819 ;
; GRsel      ; CRT[6]      ; 9.910  ; 9.697  ; 10.211 ; 9.998  ;
; GRsel      ; CRT[7]      ; 12.686 ; 12.374 ; 12.906 ; 12.594 ;
; MDRout     ; CRT[0]      ; 8.565  ; 8.631  ; 8.758  ; 8.758  ;
; MDRout     ; CRT[1]      ; 11.404 ; 11.470 ; 11.381 ; 11.381 ;
; MDRout     ; CRT[2]      ; 11.095 ; 11.161 ; 11.114 ; 11.114 ;
; MDRout     ; CRT[3]      ; 12.028 ; 11.151 ; 11.662 ; 11.968 ;
; MDRout     ; CRT[4]      ; 11.049 ; 11.109 ; 11.057 ; 11.057 ;
; MDRout     ; CRT[5]      ; 11.820 ; 11.886 ; 11.749 ; 11.749 ;
; MDRout     ; CRT[6]      ; 8.842  ; 8.908  ; 9.019  ; 9.019  ;
; MDRout     ; CRT[7]      ; 11.085 ; 11.151 ; 11.104 ; 11.104 ;
; PCout      ; CRT[0]      ; 8.319  ; 8.385  ; 8.433  ; 8.433  ;
; PCout      ; CRT[1]      ; 11.158 ; 11.224 ; 11.056 ; 11.056 ;
; PCout      ; CRT[2]      ; 10.849 ; 10.741 ; 10.789 ; 10.789 ;
; PCout      ; CRT[3]      ; 11.782 ; 10.646 ; 11.155 ; 11.643 ;
; PCout      ; CRT[4]      ; 10.803 ; 10.863 ; 10.732 ; 10.732 ;
; PCout      ; CRT[5]      ; 11.574 ; 11.640 ; 11.424 ; 11.424 ;
; PCout      ; CRT[6]      ; 8.596  ; 8.662  ; 8.694  ; 8.694  ;
; PCout      ; CRT[7]      ; 10.839 ; 10.789 ; 10.779 ; 10.779 ;
; Zout       ; CRT[0]      ; 8.410  ; 8.476  ; 8.573  ; 8.573  ;
; Zout       ; CRT[1]      ; 11.249 ; 11.315 ; 11.196 ; 11.196 ;
; Zout       ; CRT[2]      ; 10.940 ; 10.936 ; 10.929 ; 10.929 ;
; Zout       ; CRT[3]      ; 11.873 ; 10.844 ; 11.351 ; 11.783 ;
; Zout       ; CRT[4]      ; 10.894 ; 10.954 ; 10.872 ; 10.872 ;
; Zout       ; CRT[5]      ; 11.665 ; 11.731 ; 11.564 ; 11.564 ;
; Zout       ; CRT[6]      ; 8.687  ; 8.753  ; 8.834  ; 8.834  ;
; Zout       ; CRT[7]      ; 10.930 ; 10.996 ; 10.919 ; 10.919 ;
+------------+-------------+--------+--------+--------+--------+


----------------------------------------------
; Slow 1200mV 85C Model Metastability Report ;
----------------------------------------------
No synchronizer chains to report.


+-------------------------------------------------+
; Slow 1200mV 0C Model Fmax Summary               ;
+-----------+-----------------+------------+------+
; Fmax      ; Restricted Fmax ; Clock Name ; Note ;
+-----------+-----------------+------------+------+
; 95.15 MHz ; 95.15 MHz       ; Clk        ;      ;
+-----------+-----------------+------------+------+
This panel reports FMAX for every clock in the design, regardless of the user-specified clock periods.  FMAX is only computed for paths where the source and destination registers or ports are driven by the same clock.  Paths of different clocks, including generated clocks, are ignored.  For paths between a clock and its inversion, FMAX is computed as if the rising and falling edges are scaled along with FMAX, such that the duty cycle (in terms of a percentage) is maintained. Altera recommends that you always use clock constraints and other slack reports for sign-off analysis.


+------------------------------------+
; Slow 1200mV 0C Model Setup Summary ;
+-------+--------+-------------------+
; Clock ; Slack  ; End Point TNS     ;
+-------+--------+-------------------+
; Clk   ; -6.027 ; -392.929          ;
+-------+--------+-------------------+


+-----------------------------------+
; Slow 1200mV 0C Model Hold Summary ;
+-------+-------+-------------------+
; Clock ; Slack ; End Point TNS     ;
+-------+-------+-------------------+
; Clk   ; 0.688 ; 0.000             ;
+-------+-------+-------------------+


-----------------------------------------
; Slow 1200mV 0C Model Recovery Summary ;
-----------------------------------------
No paths to report.


----------------------------------------
; Slow 1200mV 0C Model Removal Summary ;
----------------------------------------
No paths to report.


+--------------------------------------------------+
; Slow 1200mV 0C Model Minimum Pulse Width Summary ;
+-------+--------+---------------------------------+
; Clock ; Slack  ; End Point TNS                   ;
+-------+--------+---------------------------------+
; Clk   ; -3.201 ; -125.161                        ;
+-------+--------+---------------------------------+


+----------------------------------------------------------------------------------------------------------------------------------------------------------------------------------------------------------------------------------------------+
; Slow 1200mV 0C Model Setup: 'Clk'                                                                                                                                                                                                            ;
+--------+------------------------------------------------------------+--------------------------------------------------------------------------------------------------+--------------+-------------+--------------+------------+------------+
; Slack  ; From Node                                                  ; To Node                                                                                          ; Launch Clock ; Latch Clock ; Relationship ; Clock Skew ; Data Delay ;
+--------+------------------------------------------------------------+--------------------------------------------------------------------------------------------------+--------------+-------------+--------------+------------+------------+
; -6.027 ; lpm_dff4:inst11|lpm_ff:lpm_ff_component|dffs[3]            ; lpm_dff4:inst28|lpm_ff:lpm_ff_component|dffs[0]                                                  ; Clk          ; Clk         ; 1.000        ; -0.066     ; 6.963      ;
; -5.941 ; lpm_dff4:inst11|lpm_ff:lpm_ff_component|dffs[3]            ; lpm_dff4:inst28|lpm_ff:lpm_ff_component|dffs[1]                                                  ; Clk          ; Clk         ; 1.000        ; -0.066     ; 6.877      ;
; -5.915 ; GPRs:inst7|lpm_dff1:inst10|lpm_ff:lpm_ff_component|dffs[0] ; lpm_dff4:inst28|lpm_ff:lpm_ff_component|dffs[0]                                                  ; Clk          ; Clk         ; 1.000        ; -0.069     ; 6.848      ;
; -5.898 ; lpm_dff4:inst11|lpm_ff:lpm_ff_component|dffs[1]            ; lpm_dff4:inst28|lpm_ff:lpm_ff_component|dffs[0]                                                  ; Clk          ; Clk         ; 1.000        ; -0.066     ; 6.834      ;
; -5.812 ; lpm_dff4:inst11|lpm_ff:lpm_ff_component|dffs[1]            ; lpm_dff4:inst28|lpm_ff:lpm_ff_component|dffs[1]                                                  ; Clk          ; Clk         ; 1.000        ; -0.066     ; 6.748      ;
; -5.775 ; GPRs:inst7|lpm_dff1:inst10|lpm_ff:lpm_ff_component|dffs[6] ; GPRs:inst7|lpm_dff3:inst12|lpm_ff:lpm_ff_component|dffs[6]                                       ; Clk          ; Clk         ; 1.000        ; -0.067     ; 6.710      ;
; -5.705 ; lpm_dff4:inst11|lpm_ff:lpm_ff_component|dffs[0]            ; lpm_dff4:inst28|lpm_ff:lpm_ff_component|dffs[0]                                                  ; Clk          ; Clk         ; 1.000        ; -0.066     ; 6.641      ;
; -5.666 ; lpm_dff4:inst11|lpm_ff:lpm_ff_component|dffs[0]            ; lpm_dff4:inst28|lpm_ff:lpm_ff_component|dffs[1]                                                  ; Clk          ; Clk         ; 1.000        ; -0.066     ; 6.602      ;
; -5.601 ; GPRs:inst7|lpm_dff1:inst10|lpm_ff:lpm_ff_component|dffs[6] ; GPRs:inst7|lpm_dff1:inst10|lpm_ff:lpm_ff_component|dffs[6]                                       ; Clk          ; Clk         ; 1.000        ; -0.071     ; 6.532      ;
; -5.596 ; GPRs:inst7|lpm_dff1:inst10|lpm_ff:lpm_ff_component|dffs[6] ; lpm_dff4:inst11|lpm_ff:lpm_ff_component|dffs[6]                                                  ; Clk          ; Clk         ; 1.000        ; -0.071     ; 6.527      ;
; -5.551 ; lpm_dff4:inst11|lpm_ff:lpm_ff_component|dffs[3]            ; GPRs:inst7|lpm_dff3:inst12|lpm_ff:lpm_ff_component|dffs[6]                                       ; Clk          ; Clk         ; 1.000        ; -0.064     ; 6.489      ;
; -5.524 ; GPRs:inst7|lpm_dff1:inst10|lpm_ff:lpm_ff_component|dffs[6] ; lpm_dff4:inst28|lpm_ff:lpm_ff_component|dffs[6]                                                  ; Clk          ; Clk         ; 1.000        ; -0.069     ; 6.457      ;
; -5.524 ; lpm_dff4:inst11|lpm_ff:lpm_ff_component|dffs[2]            ; lpm_dff4:inst28|lpm_ff:lpm_ff_component|dffs[0]                                                  ; Clk          ; Clk         ; 1.000        ; -0.066     ; 6.460      ;
; -5.521 ; GPRs:inst7|lpm_dff2:inst11|lpm_ff:lpm_ff_component|dffs[1] ; lpm_dff4:inst28|lpm_ff:lpm_ff_component|dffs[1]                                                  ; Clk          ; Clk         ; 1.000        ; -0.066     ; 6.457      ;
; -5.501 ; lpm_dff4:inst11|lpm_ff:lpm_ff_component|dffs[3]            ; lpm_dff4:inst28|lpm_ff:lpm_ff_component|dffs[2]                                                  ; Clk          ; Clk         ; 1.000        ; -0.066     ; 6.437      ;
; -5.485 ; lpm_dff4:inst11|lpm_ff:lpm_ff_component|dffs[2]            ; lpm_dff4:inst28|lpm_ff:lpm_ff_component|dffs[1]                                                  ; Clk          ; Clk         ; 1.000        ; -0.066     ; 6.421      ;
; -5.475 ; lpm_dff4:inst11|lpm_ff:lpm_ff_component|dffs[3]            ; lpm_dff4:inst28|lpm_ff:lpm_ff_component|dffs[7]                                                  ; Clk          ; Clk         ; 1.000        ; -0.066     ; 6.411      ;
; -5.453 ; GPRs:inst7|lpm_dff1:inst10|lpm_ff:lpm_ff_component|dffs[6] ; GPRs:inst7|lpm_dff0:inst|lpm_ff:lpm_ff_component|dffs[6]                                         ; Clk          ; Clk         ; 1.000        ; -0.074     ; 6.381      ;
; -5.452 ; lpm_dff4:inst11|lpm_ff:lpm_ff_component|dffs[3]            ; GPRs:inst7|lpm_dff3:inst12|lpm_ff:lpm_ff_component|dffs[5]                                       ; Clk          ; Clk         ; 1.000        ; -0.064     ; 6.390      ;
; -5.426 ; lpm_dff4:inst11|lpm_ff:lpm_ff_component|dffs[3]            ; GPRs:inst7|lpm_dff1:inst10|lpm_ff:lpm_ff_component|dffs[2]                                       ; Clk          ; Clk         ; 1.000        ; -0.068     ; 6.360      ;
; -5.422 ; lpm_dff4:inst11|lpm_ff:lpm_ff_component|dffs[1]            ; GPRs:inst7|lpm_dff3:inst12|lpm_ff:lpm_ff_component|dffs[6]                                       ; Clk          ; Clk         ; 1.000        ; -0.064     ; 6.360      ;
; -5.411 ; lpm_dff4:inst11|lpm_ff:lpm_ff_component|dffs[3]            ; lpm_counter0:inst10|lpm_counter:lpm_counter_component|cntr_tqj:auto_generated|counter_reg_bit[0] ; Clk          ; Clk         ; 1.000        ; -0.067     ; 6.346      ;
; -5.410 ; lpm_dff4:inst11|lpm_ff:lpm_ff_component|dffs[3]            ; GPRs:inst7|lpm_dff3:inst12|lpm_ff:lpm_ff_component|dffs[7]                                       ; Clk          ; Clk         ; 1.000        ; -0.066     ; 6.346      ;
; -5.377 ; lpm_dff4:inst11|lpm_ff:lpm_ff_component|dffs[3]            ; GPRs:inst7|lpm_dff1:inst10|lpm_ff:lpm_ff_component|dffs[6]                                       ; Clk          ; Clk         ; 1.000        ; -0.068     ; 6.311      ;
; -5.374 ; lpm_dff4:inst11|lpm_ff:lpm_ff_component|dffs[3]            ; lpm_dff4:inst11|lpm_ff:lpm_ff_component|dffs[5]                                                  ; Clk          ; Clk         ; 1.000        ; -0.068     ; 6.308      ;
; -5.373 ; lpm_dff4:inst11|lpm_ff:lpm_ff_component|dffs[3]            ; GPRs:inst7|lpm_dff1:inst10|lpm_ff:lpm_ff_component|dffs[5]                                       ; Clk          ; Clk         ; 1.000        ; -0.068     ; 6.307      ;
; -5.372 ; lpm_dff4:inst11|lpm_ff:lpm_ff_component|dffs[3]            ; lpm_dff4:inst11|lpm_ff:lpm_ff_component|dffs[6]                                                  ; Clk          ; Clk         ; 1.000        ; -0.068     ; 6.306      ;
; -5.372 ; lpm_dff4:inst11|lpm_ff:lpm_ff_component|dffs[1]            ; lpm_dff4:inst28|lpm_ff:lpm_ff_component|dffs[2]                                                  ; Clk          ; Clk         ; 1.000        ; -0.066     ; 6.308      ;
; -5.351 ; lpm_dff4:inst11|lpm_ff:lpm_ff_component|dffs[3]            ; GPRs:inst7|lpm_dff3:inst12|lpm_ff:lpm_ff_component|dffs[1]                                       ; Clk          ; Clk         ; 1.000        ; -0.066     ; 6.287      ;
; -5.349 ; lpm_dff4:inst11|lpm_ff:lpm_ff_component|dffs[3]            ; lpm_dff4:inst28|lpm_ff:lpm_ff_component|dffs[5]                                                  ; Clk          ; Clk         ; 1.000        ; -0.066     ; 6.285      ;
; -5.346 ; lpm_dff4:inst11|lpm_ff:lpm_ff_component|dffs[3]            ; GPRs:inst7|lpm_dff3:inst12|lpm_ff:lpm_ff_component|dffs[0]                                       ; Clk          ; Clk         ; 1.000        ; -0.066     ; 6.282      ;
; -5.346 ; lpm_dff4:inst11|lpm_ff:lpm_ff_component|dffs[1]            ; lpm_dff4:inst28|lpm_ff:lpm_ff_component|dffs[7]                                                  ; Clk          ; Clk         ; 1.000        ; -0.066     ; 6.282      ;
; -5.344 ; lpm_dff4:inst11|lpm_ff:lpm_ff_component|dffs[3]            ; lpm_dff4:inst28|lpm_ff:lpm_ff_component|dffs[6]                                                  ; Clk          ; Clk         ; 1.000        ; -0.066     ; 6.280      ;
; -5.339 ; GPRs:inst7|lpm_dff1:inst10|lpm_ff:lpm_ff_component|dffs[2] ; lpm_dff4:inst28|lpm_ff:lpm_ff_component|dffs[2]                                                  ; Clk          ; Clk         ; 1.000        ; -0.069     ; 6.272      ;
; -5.323 ; lpm_dff4:inst11|lpm_ff:lpm_ff_component|dffs[1]            ; GPRs:inst7|lpm_dff3:inst12|lpm_ff:lpm_ff_component|dffs[5]                                       ; Clk          ; Clk         ; 1.000        ; -0.064     ; 6.261      ;
; -5.313 ; GPRs:inst7|lpm_dff1:inst10|lpm_ff:lpm_ff_component|dffs[2] ; lpm_dff4:inst28|lpm_ff:lpm_ff_component|dffs[7]                                                  ; Clk          ; Clk         ; 1.000        ; -0.069     ; 6.246      ;
; -5.299 ; GPRs:inst7|lpm_dff1:inst10|lpm_ff:lpm_ff_component|dffs[0] ; lpm_counter0:inst10|lpm_counter:lpm_counter_component|cntr_tqj:auto_generated|counter_reg_bit[0] ; Clk          ; Clk         ; 1.000        ; -0.070     ; 6.231      ;
; -5.297 ; lpm_dff4:inst11|lpm_ff:lpm_ff_component|dffs[1]            ; GPRs:inst7|lpm_dff1:inst10|lpm_ff:lpm_ff_component|dffs[2]                                       ; Clk          ; Clk         ; 1.000        ; -0.068     ; 6.231      ;
; -5.282 ; lpm_dff4:inst11|lpm_ff:lpm_ff_component|dffs[1]            ; lpm_counter0:inst10|lpm_counter:lpm_counter_component|cntr_tqj:auto_generated|counter_reg_bit[0] ; Clk          ; Clk         ; 1.000        ; -0.067     ; 6.217      ;
; -5.281 ; lpm_dff4:inst11|lpm_ff:lpm_ff_component|dffs[1]            ; GPRs:inst7|lpm_dff3:inst12|lpm_ff:lpm_ff_component|dffs[7]                                       ; Clk          ; Clk         ; 1.000        ; -0.066     ; 6.217      ;
; -5.275 ; lpm_dff4:inst11|lpm_ff:lpm_ff_component|dffs[3]            ; GPRs:inst7|lpm_dff1:inst10|lpm_ff:lpm_ff_component|dffs[7]                                       ; Clk          ; Clk         ; 1.000        ; -0.068     ; 6.209      ;
; -5.271 ; lpm_dff4:inst11|lpm_ff:lpm_ff_component|dffs[3]            ; lpm_dff4:inst11|lpm_ff:lpm_ff_component|dffs[7]                                                  ; Clk          ; Clk         ; 1.000        ; -0.068     ; 6.205      ;
; -5.264 ; GPRs:inst7|lpm_dff1:inst10|lpm_ff:lpm_ff_component|dffs[2] ; GPRs:inst7|lpm_dff1:inst10|lpm_ff:lpm_ff_component|dffs[2]                                       ; Clk          ; Clk         ; 1.000        ; -0.071     ; 6.195      ;
; -5.258 ; lpm_dff4:inst11|lpm_ff:lpm_ff_component|dffs[3]            ; GPRs:inst7|lpm_dff1:inst10|lpm_ff:lpm_ff_component|dffs[1]                                       ; Clk          ; Clk         ; 1.000        ; -0.068     ; 6.192      ;
; -5.257 ; GPRs:inst7|lpm_dff1:inst10|lpm_ff:lpm_ff_component|dffs[6] ; GPRs:inst7|lpm_dff2:inst11|lpm_ff:lpm_ff_component|dffs[6]                                       ; Clk          ; Clk         ; 1.000        ; -0.073     ; 6.186      ;
; -5.248 ; lpm_dff4:inst11|lpm_ff:lpm_ff_component|dffs[1]            ; GPRs:inst7|lpm_dff1:inst10|lpm_ff:lpm_ff_component|dffs[6]                                       ; Clk          ; Clk         ; 1.000        ; -0.068     ; 6.182      ;
; -5.245 ; lpm_dff4:inst11|lpm_ff:lpm_ff_component|dffs[1]            ; lpm_dff4:inst11|lpm_ff:lpm_ff_component|dffs[5]                                                  ; Clk          ; Clk         ; 1.000        ; -0.068     ; 6.179      ;
; -5.244 ; lpm_dff4:inst11|lpm_ff:lpm_ff_component|dffs[1]            ; GPRs:inst7|lpm_dff1:inst10|lpm_ff:lpm_ff_component|dffs[5]                                       ; Clk          ; Clk         ; 1.000        ; -0.068     ; 6.178      ;
; -5.243 ; lpm_dff4:inst11|lpm_ff:lpm_ff_component|dffs[1]            ; lpm_dff4:inst11|lpm_ff:lpm_ff_component|dffs[6]                                                  ; Clk          ; Clk         ; 1.000        ; -0.068     ; 6.177      ;
; -5.235 ; GPRs:inst7|lpm_dff2:inst11|lpm_ff:lpm_ff_component|dffs[5] ; GPRs:inst7|lpm_dff3:inst12|lpm_ff:lpm_ff_component|dffs[5]                                       ; Clk          ; Clk         ; 1.000        ; -0.064     ; 6.173      ;
; -5.234 ; GPRs:inst7|lpm_dff1:inst10|lpm_ff:lpm_ff_component|dffs[0] ; GPRs:inst7|lpm_dff3:inst12|lpm_ff:lpm_ff_component|dffs[0]                                       ; Clk          ; Clk         ; 1.000        ; -0.069     ; 6.167      ;
; -5.229 ; lpm_dff4:inst11|lpm_ff:lpm_ff_component|dffs[0]            ; GPRs:inst7|lpm_dff3:inst12|lpm_ff:lpm_ff_component|dffs[6]                                       ; Clk          ; Clk         ; 1.000        ; -0.064     ; 6.167      ;
; -5.229 ; lpm_dff4:inst11|lpm_ff:lpm_ff_component|dffs[3]            ; GPRs:inst7|lpm_dff0:inst|lpm_ff:lpm_ff_component|dffs[6]                                         ; Clk          ; Clk         ; 1.000        ; -0.071     ; 6.160      ;
; -5.223 ; lpm_dff4:inst11|lpm_ff:lpm_ff_component|dffs[3]            ; lpm_dff4:inst28|lpm_ff:lpm_ff_component|dffs[3]                                                  ; Clk          ; Clk         ; 1.000        ; -0.066     ; 6.159      ;
; -5.222 ; lpm_dff4:inst11|lpm_ff:lpm_ff_component|dffs[1]            ; GPRs:inst7|lpm_dff3:inst12|lpm_ff:lpm_ff_component|dffs[1]                                       ; Clk          ; Clk         ; 1.000        ; -0.066     ; 6.158      ;
; -5.220 ; lpm_dff4:inst11|lpm_ff:lpm_ff_component|dffs[1]            ; lpm_dff4:inst28|lpm_ff:lpm_ff_component|dffs[5]                                                  ; Clk          ; Clk         ; 1.000        ; -0.066     ; 6.156      ;
; -5.218 ; lpm_dff4:inst11|lpm_ff:lpm_ff_component|dffs[3]            ; lpm_dff4:inst28|lpm_ff:lpm_ff_component|dffs[4]                                                  ; Clk          ; Clk         ; 1.000        ; -0.066     ; 6.154      ;
; -5.217 ; lpm_dff4:inst11|lpm_ff:lpm_ff_component|dffs[1]            ; GPRs:inst7|lpm_dff3:inst12|lpm_ff:lpm_ff_component|dffs[0]                                       ; Clk          ; Clk         ; 1.000        ; -0.066     ; 6.153      ;
; -5.215 ; lpm_dff4:inst11|lpm_ff:lpm_ff_component|dffs[1]            ; lpm_dff4:inst28|lpm_ff:lpm_ff_component|dffs[6]                                                  ; Clk          ; Clk         ; 1.000        ; -0.066     ; 6.151      ;
; -5.208 ; lpm_dff4:inst11|lpm_ff:lpm_ff_component|dffs[3]            ; GPRs:inst7|lpm_dff1:inst10|lpm_ff:lpm_ff_component|dffs[3]                                       ; Clk          ; Clk         ; 1.000        ; -0.065     ; 6.145      ;
; -5.187 ; GPRs:inst7|lpm_dff1:inst10|lpm_ff:lpm_ff_component|dffs[2] ; lpm_dff4:inst28|lpm_ff:lpm_ff_component|dffs[5]                                                  ; Clk          ; Clk         ; 1.000        ; -0.069     ; 6.120      ;
; -5.183 ; lpm_dff4:inst11|lpm_ff:lpm_ff_component|dffs[0]            ; lpm_dff4:inst28|lpm_ff:lpm_ff_component|dffs[2]                                                  ; Clk          ; Clk         ; 1.000        ; -0.066     ; 6.119      ;
; -5.182 ; lpm_dff4:inst11|lpm_ff:lpm_ff_component|dffs[3]            ; lpm_dff4:inst29|lpm_ff:lpm_ff_component|dffs[2]                                                  ; Clk          ; Clk         ; 1.000        ; -0.072     ; 6.112      ;
; -5.182 ; GPRs:inst7|lpm_dff1:inst10|lpm_ff:lpm_ff_component|dffs[2] ; lpm_dff4:inst28|lpm_ff:lpm_ff_component|dffs[6]                                                  ; Clk          ; Clk         ; 1.000        ; -0.069     ; 6.115      ;
; -5.181 ; lpm_dff4:inst11|lpm_ff:lpm_ff_component|dffs[3]            ; lpm_dff4:inst11|lpm_ff:lpm_ff_component|dffs[2]                                                  ; Clk          ; Clk         ; 1.000        ; -0.071     ; 6.112      ;
; -5.179 ; lpm_dff4:inst11|lpm_ff:lpm_ff_component|dffs[3]            ; GPRs:inst7|lpm_dff0:inst|lpm_ff:lpm_ff_component|dffs[2]                                         ; Clk          ; Clk         ; 1.000        ; -0.071     ; 6.110      ;
; -5.168 ; lpm_dff4:inst11|lpm_ff:lpm_ff_component|dffs[0]            ; GPRs:inst7|lpm_dff3:inst12|lpm_ff:lpm_ff_component|dffs[5]                                       ; Clk          ; Clk         ; 1.000        ; -0.064     ; 6.106      ;
; -5.157 ; lpm_dff4:inst11|lpm_ff:lpm_ff_component|dffs[0]            ; lpm_dff4:inst28|lpm_ff:lpm_ff_component|dffs[7]                                                  ; Clk          ; Clk         ; 1.000        ; -0.066     ; 6.093      ;
; -5.157 ; GPRs:inst7|lpm_dff2:inst11|lpm_ff:lpm_ff_component|dffs[5] ; lpm_dff4:inst11|lpm_ff:lpm_ff_component|dffs[5]                                                  ; Clk          ; Clk         ; 1.000        ; -0.068     ; 6.091      ;
; -5.156 ; GPRs:inst7|lpm_dff2:inst11|lpm_ff:lpm_ff_component|dffs[5] ; GPRs:inst7|lpm_dff1:inst10|lpm_ff:lpm_ff_component|dffs[5]                                       ; Clk          ; Clk         ; 1.000        ; -0.068     ; 6.090      ;
; -5.154 ; lpm_dff4:inst11|lpm_ff:lpm_ff_component|dffs[3]            ; lpm_dff4:inst12|lpm_ff:lpm_ff_component|dffs[2]                                                  ; Clk          ; Clk         ; 1.000        ; -0.072     ; 6.084      ;
; -5.146 ; lpm_dff4:inst11|lpm_ff:lpm_ff_component|dffs[1]            ; GPRs:inst7|lpm_dff1:inst10|lpm_ff:lpm_ff_component|dffs[7]                                       ; Clk          ; Clk         ; 1.000        ; -0.068     ; 6.080      ;
; -5.142 ; lpm_dff4:inst11|lpm_ff:lpm_ff_component|dffs[1]            ; lpm_dff4:inst11|lpm_ff:lpm_ff_component|dffs[7]                                                  ; Clk          ; Clk         ; 1.000        ; -0.068     ; 6.076      ;
; -5.129 ; lpm_dff4:inst11|lpm_ff:lpm_ff_component|dffs[1]            ; GPRs:inst7|lpm_dff1:inst10|lpm_ff:lpm_ff_component|dffs[1]                                       ; Clk          ; Clk         ; 1.000        ; -0.068     ; 6.063      ;
; -5.128 ; lpm_dff4:inst11|lpm_ff:lpm_ff_component|dffs[3]            ; lpm_dff4:inst29|lpm_ff:lpm_ff_component|dffs[5]                                                  ; Clk          ; Clk         ; 1.000        ; -0.072     ; 6.058      ;
; -5.122 ; lpm_dff4:inst11|lpm_ff:lpm_ff_component|dffs[0]            ; GPRs:inst7|lpm_dff3:inst12|lpm_ff:lpm_ff_component|dffs[7]                                       ; Clk          ; Clk         ; 1.000        ; -0.066     ; 6.058      ;
; -5.108 ; lpm_dff4:inst11|lpm_ff:lpm_ff_component|dffs[0]            ; GPRs:inst7|lpm_dff1:inst10|lpm_ff:lpm_ff_component|dffs[2]                                       ; Clk          ; Clk         ; 1.000        ; -0.068     ; 6.042      ;
; -5.101 ; lpm_dff4:inst11|lpm_ff:lpm_ff_component|dffs[3]            ; GPRs:inst7|lpm_dff0:inst|lpm_ff:lpm_ff_component|dffs[5]                                         ; Clk          ; Clk         ; 1.000        ; -0.071     ; 6.032      ;
; -5.100 ; lpm_dff4:inst11|lpm_ff:lpm_ff_component|dffs[1]            ; GPRs:inst7|lpm_dff0:inst|lpm_ff:lpm_ff_component|dffs[6]                                         ; Clk          ; Clk         ; 1.000        ; -0.071     ; 6.031      ;
; -5.094 ; lpm_dff4:inst11|lpm_ff:lpm_ff_component|dffs[1]            ; lpm_dff4:inst28|lpm_ff:lpm_ff_component|dffs[3]                                                  ; Clk          ; Clk         ; 1.000        ; -0.066     ; 6.030      ;
; -5.090 ; lpm_dff4:inst11|lpm_ff:lpm_ff_component|dffs[0]            ; lpm_dff4:inst11|lpm_ff:lpm_ff_component|dffs[5]                                                  ; Clk          ; Clk         ; 1.000        ; -0.068     ; 6.024      ;
; -5.089 ; lpm_dff4:inst11|lpm_ff:lpm_ff_component|dffs[0]            ; lpm_counter0:inst10|lpm_counter:lpm_counter_component|cntr_tqj:auto_generated|counter_reg_bit[0] ; Clk          ; Clk         ; 1.000        ; -0.067     ; 6.024      ;
; -5.089 ; lpm_dff4:inst11|lpm_ff:lpm_ff_component|dffs[0]            ; GPRs:inst7|lpm_dff1:inst10|lpm_ff:lpm_ff_component|dffs[5]                                       ; Clk          ; Clk         ; 1.000        ; -0.068     ; 6.023      ;
; -5.089 ; lpm_dff4:inst11|lpm_ff:lpm_ff_component|dffs[1]            ; lpm_dff4:inst28|lpm_ff:lpm_ff_component|dffs[4]                                                  ; Clk          ; Clk         ; 1.000        ; -0.066     ; 6.025      ;
; -5.083 ; lpm_dff4:inst11|lpm_ff:lpm_ff_component|dffs[3]            ; GPRs:inst7|lpm_dff1:inst10|lpm_ff:lpm_ff_component|dffs[0]                                       ; Clk          ; Clk         ; 1.000        ; -0.068     ; 6.017      ;
; -5.080 ; GPRs:inst7|lpm_dff2:inst11|lpm_ff:lpm_ff_component|dffs[5] ; lpm_dff4:inst28|lpm_ff:lpm_ff_component|dffs[5]                                                  ; Clk          ; Clk         ; 1.000        ; -0.066     ; 6.016      ;
; -5.079 ; lpm_dff4:inst11|lpm_ff:lpm_ff_component|dffs[1]            ; GPRs:inst7|lpm_dff1:inst10|lpm_ff:lpm_ff_component|dffs[3]                                       ; Clk          ; Clk         ; 1.000        ; -0.065     ; 6.016      ;
; -5.076 ; lpm_dff4:inst11|lpm_ff:lpm_ff_component|dffs[0]            ; GPRs:inst7|lpm_dff3:inst12|lpm_ff:lpm_ff_component|dffs[1]                                       ; Clk          ; Clk         ; 1.000        ; -0.066     ; 6.012      ;
; -5.069 ; lpm_dff4:inst11|lpm_ff:lpm_ff_component|dffs[3]            ; GPRs:inst7|lpm_dff2:inst11|lpm_ff:lpm_ff_component|dffs[7]                                       ; Clk          ; Clk         ; 1.000        ; -0.070     ; 6.001      ;
; -5.062 ; lpm_dff4:inst11|lpm_ff:lpm_ff_component|dffs[3]            ; GPRs:inst7|lpm_dff2:inst11|lpm_ff:lpm_ff_component|dffs[5]                                       ; Clk          ; Clk         ; 1.000        ; -0.070     ; 5.994      ;
; -5.061 ; GPRs:inst7|lpm_dff1:inst10|lpm_ff:lpm_ff_component|dffs[2] ; lpm_dff4:inst28|lpm_ff:lpm_ff_component|dffs[3]                                                  ; Clk          ; Clk         ; 1.000        ; -0.069     ; 5.994      ;
; -5.056 ; GPRs:inst7|lpm_dff1:inst10|lpm_ff:lpm_ff_component|dffs[2] ; lpm_dff4:inst28|lpm_ff:lpm_ff_component|dffs[4]                                                  ; Clk          ; Clk         ; 1.000        ; -0.069     ; 5.989      ;
; -5.055 ; lpm_dff4:inst11|lpm_ff:lpm_ff_component|dffs[0]            ; GPRs:inst7|lpm_dff1:inst10|lpm_ff:lpm_ff_component|dffs[6]                                       ; Clk          ; Clk         ; 1.000        ; -0.068     ; 5.989      ;
; -5.053 ; lpm_dff4:inst11|lpm_ff:lpm_ff_component|dffs[1]            ; lpm_dff4:inst29|lpm_ff:lpm_ff_component|dffs[2]                                                  ; Clk          ; Clk         ; 1.000        ; -0.072     ; 5.983      ;
; -5.052 ; GPRs:inst7|lpm_dff1:inst10|lpm_ff:lpm_ff_component|dffs[6] ; lpm_dff4:inst29|lpm_ff:lpm_ff_component|dffs[6]                                                  ; Clk          ; Clk         ; 1.000        ; -0.075     ; 5.979      ;
; -5.052 ; lpm_dff4:inst11|lpm_ff:lpm_ff_component|dffs[1]            ; lpm_dff4:inst11|lpm_ff:lpm_ff_component|dffs[2]                                                  ; Clk          ; Clk         ; 1.000        ; -0.071     ; 5.983      ;
; -5.050 ; lpm_dff4:inst11|lpm_ff:lpm_ff_component|dffs[0]            ; lpm_dff4:inst11|lpm_ff:lpm_ff_component|dffs[6]                                                  ; Clk          ; Clk         ; 1.000        ; -0.068     ; 5.984      ;
; -5.050 ; lpm_dff4:inst11|lpm_ff:lpm_ff_component|dffs[1]            ; GPRs:inst7|lpm_dff0:inst|lpm_ff:lpm_ff_component|dffs[2]                                         ; Clk          ; Clk         ; 1.000        ; -0.071     ; 5.981      ;
; -5.048 ; lpm_dff4:inst11|lpm_ff:lpm_ff_component|dffs[2]            ; GPRs:inst7|lpm_dff3:inst12|lpm_ff:lpm_ff_component|dffs[6]                                       ; Clk          ; Clk         ; 1.000        ; -0.064     ; 5.986      ;
; -5.033 ; lpm_dff4:inst11|lpm_ff:lpm_ff_component|dffs[3]            ; GPRs:inst7|lpm_dff2:inst11|lpm_ff:lpm_ff_component|dffs[6]                                       ; Clk          ; Clk         ; 1.000        ; -0.070     ; 5.965      ;
+--------+------------------------------------------------------------+--------------------------------------------------------------------------------------------------+--------------+-------------+--------------+------------+------------+


+-------------------------------------------------------------------------------------------------------------------------------------------------------------------------------------------------------------------------------------------------------------------------------------------------+
; Slow 1200mV 0C Model Hold: 'Clk'                                                                                                                                                                                                                                                                ;
+-------+--------------------------------------------------------------------------------------------------+----------------------------------------------------------------------------------------------------------------+--------------+-------------+--------------+------------+------------+
; Slack ; From Node                                                                                        ; To Node                                                                                                        ; Launch Clock ; Latch Clock ; Relationship ; Clock Skew ; Data Delay ;
+-------+--------------------------------------------------------------------------------------------------+----------------------------------------------------------------------------------------------------------------+--------------+-------------+--------------+------------+------------+
; 0.688 ; lpm_counter0:inst10|lpm_counter:lpm_counter_component|cntr_tqj:auto_generated|counter_reg_bit[5] ; lpm_counter0:inst10|lpm_counter:lpm_counter_component|cntr_tqj:auto_generated|counter_reg_bit[5]               ; Clk          ; Clk         ; 0.000        ; 0.071      ; 0.974      ;
; 0.689 ; lpm_counter0:inst10|lpm_counter:lpm_counter_component|cntr_tqj:auto_generated|counter_reg_bit[7] ; lpm_counter0:inst10|lpm_counter:lpm_counter_component|cntr_tqj:auto_generated|counter_reg_bit[7]               ; Clk          ; Clk         ; 0.000        ; 0.071      ; 0.975      ;
; 0.691 ; lpm_counter0:inst10|lpm_counter:lpm_counter_component|cntr_tqj:auto_generated|counter_reg_bit[1] ; lpm_counter0:inst10|lpm_counter:lpm_counter_component|cntr_tqj:auto_generated|counter_reg_bit[1]               ; Clk          ; Clk         ; 0.000        ; 0.071      ; 0.977      ;
; 0.691 ; lpm_counter0:inst10|lpm_counter:lpm_counter_component|cntr_tqj:auto_generated|counter_reg_bit[3] ; lpm_counter0:inst10|lpm_counter:lpm_counter_component|cntr_tqj:auto_generated|counter_reg_bit[3]               ; Clk          ; Clk         ; 0.000        ; 0.071      ; 0.977      ;
; 0.693 ; lpm_counter0:inst10|lpm_counter:lpm_counter_component|cntr_tqj:auto_generated|counter_reg_bit[6] ; lpm_counter0:inst10|lpm_counter:lpm_counter_component|cntr_tqj:auto_generated|counter_reg_bit[6]               ; Clk          ; Clk         ; 0.000        ; 0.071      ; 0.979      ;
; 0.694 ; lpm_counter0:inst10|lpm_counter:lpm_counter_component|cntr_tqj:auto_generated|counter_reg_bit[4] ; lpm_counter0:inst10|lpm_counter:lpm_counter_component|cntr_tqj:auto_generated|counter_reg_bit[4]               ; Clk          ; Clk         ; 0.000        ; 0.071      ; 0.980      ;
; 0.711 ; lpm_counter0:inst10|lpm_counter:lpm_counter_component|cntr_tqj:auto_generated|counter_reg_bit[0] ; lpm_counter0:inst10|lpm_counter:lpm_counter_component|cntr_tqj:auto_generated|counter_reg_bit[0]               ; Clk          ; Clk         ; 0.000        ; 0.071      ; 0.997      ;
; 0.716 ; lpm_counter0:inst10|lpm_counter:lpm_counter_component|cntr_tqj:auto_generated|counter_reg_bit[2] ; lpm_counter0:inst10|lpm_counter:lpm_counter_component|cntr_tqj:auto_generated|counter_reg_bit[2]               ; Clk          ; Clk         ; 0.000        ; 0.071      ; 1.002      ;
; 1.009 ; lpm_counter0:inst10|lpm_counter:lpm_counter_component|cntr_tqj:auto_generated|counter_reg_bit[0] ; lpm_counter0:inst10|lpm_counter:lpm_counter_component|cntr_tqj:auto_generated|counter_reg_bit[1]               ; Clk          ; Clk         ; 0.000        ; 0.071      ; 1.295      ;
; 1.010 ; lpm_counter0:inst10|lpm_counter:lpm_counter_component|cntr_tqj:auto_generated|counter_reg_bit[6] ; lpm_counter0:inst10|lpm_counter:lpm_counter_component|cntr_tqj:auto_generated|counter_reg_bit[7]               ; Clk          ; Clk         ; 0.000        ; 0.071      ; 1.296      ;
; 1.010 ; lpm_counter0:inst10|lpm_counter:lpm_counter_component|cntr_tqj:auto_generated|counter_reg_bit[5] ; lpm_counter0:inst10|lpm_counter:lpm_counter_component|cntr_tqj:auto_generated|counter_reg_bit[6]               ; Clk          ; Clk         ; 0.000        ; 0.071      ; 1.296      ;
; 1.011 ; lpm_counter0:inst10|lpm_counter:lpm_counter_component|cntr_tqj:auto_generated|counter_reg_bit[4] ; lpm_counter0:inst10|lpm_counter:lpm_counter_component|cntr_tqj:auto_generated|counter_reg_bit[5]               ; Clk          ; Clk         ; 0.000        ; 0.071      ; 1.297      ;
; 1.015 ; lpm_counter0:inst10|lpm_counter:lpm_counter_component|cntr_tqj:auto_generated|counter_reg_bit[3] ; lpm_counter0:inst10|lpm_counter:lpm_counter_component|cntr_tqj:auto_generated|counter_reg_bit[4]               ; Clk          ; Clk         ; 0.000        ; 0.071      ; 1.301      ;
; 1.015 ; lpm_counter0:inst10|lpm_counter:lpm_counter_component|cntr_tqj:auto_generated|counter_reg_bit[1] ; lpm_counter0:inst10|lpm_counter:lpm_counter_component|cntr_tqj:auto_generated|counter_reg_bit[2]               ; Clk          ; Clk         ; 0.000        ; 0.071      ; 1.301      ;
; 1.024 ; lpm_counter0:inst10|lpm_counter:lpm_counter_component|cntr_tqj:auto_generated|counter_reg_bit[0] ; lpm_counter0:inst10|lpm_counter:lpm_counter_component|cntr_tqj:auto_generated|counter_reg_bit[2]               ; Clk          ; Clk         ; 0.000        ; 0.071      ; 1.310      ;
; 1.028 ; lpm_counter0:inst10|lpm_counter:lpm_counter_component|cntr_tqj:auto_generated|counter_reg_bit[4] ; lpm_counter0:inst10|lpm_counter:lpm_counter_component|cntr_tqj:auto_generated|counter_reg_bit[6]               ; Clk          ; Clk         ; 0.000        ; 0.071      ; 1.314      ;
; 1.033 ; lpm_counter0:inst10|lpm_counter:lpm_counter_component|cntr_tqj:auto_generated|counter_reg_bit[2] ; lpm_counter0:inst10|lpm_counter:lpm_counter_component|cntr_tqj:auto_generated|counter_reg_bit[3]               ; Clk          ; Clk         ; 0.000        ; 0.071      ; 1.319      ;
; 1.050 ; lpm_counter0:inst10|lpm_counter:lpm_counter_component|cntr_tqj:auto_generated|counter_reg_bit[2] ; lpm_counter0:inst10|lpm_counter:lpm_counter_component|cntr_tqj:auto_generated|counter_reg_bit[4]               ; Clk          ; Clk         ; 0.000        ; 0.071      ; 1.336      ;
; 1.103 ; lpm_counter0:inst10|lpm_counter:lpm_counter_component|cntr_tqj:auto_generated|counter_reg_bit[5] ; lpm_counter0:inst10|lpm_counter:lpm_counter_component|cntr_tqj:auto_generated|counter_reg_bit[7]               ; Clk          ; Clk         ; 0.000        ; 0.071      ; 1.389      ;
; 1.109 ; lpm_counter0:inst10|lpm_counter:lpm_counter_component|cntr_tqj:auto_generated|counter_reg_bit[3] ; lpm_counter0:inst10|lpm_counter:lpm_counter_component|cntr_tqj:auto_generated|counter_reg_bit[5]               ; Clk          ; Clk         ; 0.000        ; 0.071      ; 1.395      ;
; 1.109 ; lpm_counter0:inst10|lpm_counter:lpm_counter_component|cntr_tqj:auto_generated|counter_reg_bit[1] ; lpm_counter0:inst10|lpm_counter:lpm_counter_component|cntr_tqj:auto_generated|counter_reg_bit[3]               ; Clk          ; Clk         ; 0.000        ; 0.071      ; 1.395      ;
; 1.121 ; lpm_dff4:inst12|lpm_ff:lpm_ff_component|dffs[3]                                                  ; lpm_rom3:inst13|altsyncram:altsyncram_component|altsyncram_hga1:auto_generated|ram_block1a0~porta_address_reg0 ; Clk          ; Clk         ; -0.500       ; 0.479      ; 1.350      ;
; 1.125 ; lpm_dff4:inst12|lpm_ff:lpm_ff_component|dffs[7]                                                  ; lpm_rom3:inst13|altsyncram:altsyncram_component|altsyncram_hga1:auto_generated|ram_block1a0~porta_address_reg0 ; Clk          ; Clk         ; -0.500       ; 0.479      ; 1.354      ;
; 1.131 ; lpm_counter0:inst10|lpm_counter:lpm_counter_component|cntr_tqj:auto_generated|counter_reg_bit[0] ; lpm_counter0:inst10|lpm_counter:lpm_counter_component|cntr_tqj:auto_generated|counter_reg_bit[3]               ; Clk          ; Clk         ; 0.000        ; 0.071      ; 1.417      ;
; 1.133 ; lpm_counter0:inst10|lpm_counter:lpm_counter_component|cntr_tqj:auto_generated|counter_reg_bit[4] ; lpm_counter0:inst10|lpm_counter:lpm_counter_component|cntr_tqj:auto_generated|counter_reg_bit[7]               ; Clk          ; Clk         ; 0.000        ; 0.071      ; 1.419      ;
; 1.133 ; lpm_dff4:inst12|lpm_ff:lpm_ff_component|dffs[4]                                                  ; lpm_rom3:inst13|altsyncram:altsyncram_component|altsyncram_hga1:auto_generated|ram_block1a0~porta_address_reg0 ; Clk          ; Clk         ; -0.500       ; 0.479      ; 1.362      ;
; 1.137 ; lpm_counter0:inst10|lpm_counter:lpm_counter_component|cntr_tqj:auto_generated|counter_reg_bit[3] ; lpm_counter0:inst10|lpm_counter:lpm_counter_component|cntr_tqj:auto_generated|counter_reg_bit[6]               ; Clk          ; Clk         ; 0.000        ; 0.071      ; 1.423      ;
; 1.137 ; lpm_counter0:inst10|lpm_counter:lpm_counter_component|cntr_tqj:auto_generated|counter_reg_bit[1] ; lpm_counter0:inst10|lpm_counter:lpm_counter_component|cntr_tqj:auto_generated|counter_reg_bit[4]               ; Clk          ; Clk         ; 0.000        ; 0.071      ; 1.423      ;
; 1.146 ; lpm_counter0:inst10|lpm_counter:lpm_counter_component|cntr_tqj:auto_generated|counter_reg_bit[0] ; lpm_counter0:inst10|lpm_counter:lpm_counter_component|cntr_tqj:auto_generated|counter_reg_bit[4]               ; Clk          ; Clk         ; 0.000        ; 0.071      ; 1.432      ;
; 1.155 ; lpm_counter0:inst10|lpm_counter:lpm_counter_component|cntr_tqj:auto_generated|counter_reg_bit[2] ; lpm_counter0:inst10|lpm_counter:lpm_counter_component|cntr_tqj:auto_generated|counter_reg_bit[5]               ; Clk          ; Clk         ; 0.000        ; 0.071      ; 1.441      ;
; 1.160 ; lpm_dff4:inst12|lpm_ff:lpm_ff_component|dffs[5]                                                  ; lpm_rom3:inst13|altsyncram:altsyncram_component|altsyncram_hga1:auto_generated|ram_block1a0~porta_address_reg0 ; Clk          ; Clk         ; -0.500       ; 0.479      ; 1.389      ;
; 1.161 ; lpm_dff4:inst12|lpm_ff:lpm_ff_component|dffs[2]                                                  ; lpm_rom3:inst13|altsyncram:altsyncram_component|altsyncram_hga1:auto_generated|ram_block1a0~porta_address_reg0 ; Clk          ; Clk         ; -0.500       ; 0.479      ; 1.390      ;
; 1.162 ; lpm_dff4:inst29|lpm_ff:lpm_ff_component|dffs[3]                                                  ; lpm_dff4:inst28|lpm_ff:lpm_ff_component|dffs[3]                                                                ; Clk          ; Clk         ; 0.000        ; 0.077      ; 1.454      ;
; 1.164 ; lpm_dff4:inst29|lpm_ff:lpm_ff_component|dffs[6]                                                  ; lpm_dff4:inst28|lpm_ff:lpm_ff_component|dffs[6]                                                                ; Clk          ; Clk         ; 0.000        ; 0.077      ; 1.456      ;
; 1.172 ; lpm_counter0:inst10|lpm_counter:lpm_counter_component|cntr_tqj:auto_generated|counter_reg_bit[2] ; lpm_counter0:inst10|lpm_counter:lpm_counter_component|cntr_tqj:auto_generated|counter_reg_bit[6]               ; Clk          ; Clk         ; 0.000        ; 0.071      ; 1.458      ;
; 1.185 ; lpm_dff4:inst12|lpm_ff:lpm_ff_component|dffs[0]                                                  ; lpm_rom3:inst13|altsyncram:altsyncram_component|altsyncram_hga1:auto_generated|ram_block1a0~porta_address_reg0 ; Clk          ; Clk         ; -0.500       ; 0.479      ; 1.414      ;
; 1.224 ; lpm_dff4:inst12|lpm_ff:lpm_ff_component|dffs[1]                                                  ; lpm_rom3:inst13|altsyncram:altsyncram_component|altsyncram_hga1:auto_generated|ram_block1a0~porta_address_reg0 ; Clk          ; Clk         ; -0.500       ; 0.479      ; 1.453      ;
; 1.231 ; lpm_counter0:inst10|lpm_counter:lpm_counter_component|cntr_tqj:auto_generated|counter_reg_bit[3] ; lpm_counter0:inst10|lpm_counter:lpm_counter_component|cntr_tqj:auto_generated|counter_reg_bit[7]               ; Clk          ; Clk         ; 0.000        ; 0.071      ; 1.517      ;
; 1.231 ; lpm_counter0:inst10|lpm_counter:lpm_counter_component|cntr_tqj:auto_generated|counter_reg_bit[1] ; lpm_counter0:inst10|lpm_counter:lpm_counter_component|cntr_tqj:auto_generated|counter_reg_bit[5]               ; Clk          ; Clk         ; 0.000        ; 0.071      ; 1.517      ;
; 1.253 ; lpm_counter0:inst10|lpm_counter:lpm_counter_component|cntr_tqj:auto_generated|counter_reg_bit[0] ; lpm_counter0:inst10|lpm_counter:lpm_counter_component|cntr_tqj:auto_generated|counter_reg_bit[5]               ; Clk          ; Clk         ; 0.000        ; 0.071      ; 1.539      ;
; 1.259 ; lpm_counter0:inst10|lpm_counter:lpm_counter_component|cntr_tqj:auto_generated|counter_reg_bit[1] ; lpm_counter0:inst10|lpm_counter:lpm_counter_component|cntr_tqj:auto_generated|counter_reg_bit[6]               ; Clk          ; Clk         ; 0.000        ; 0.071      ; 1.545      ;
; 1.268 ; lpm_counter0:inst10|lpm_counter:lpm_counter_component|cntr_tqj:auto_generated|counter_reg_bit[0] ; lpm_counter0:inst10|lpm_counter:lpm_counter_component|cntr_tqj:auto_generated|counter_reg_bit[6]               ; Clk          ; Clk         ; 0.000        ; 0.071      ; 1.554      ;
; 1.277 ; lpm_counter0:inst10|lpm_counter:lpm_counter_component|cntr_tqj:auto_generated|counter_reg_bit[2] ; lpm_counter0:inst10|lpm_counter:lpm_counter_component|cntr_tqj:auto_generated|counter_reg_bit[7]               ; Clk          ; Clk         ; 0.000        ; 0.071      ; 1.563      ;
; 1.353 ; lpm_counter0:inst10|lpm_counter:lpm_counter_component|cntr_tqj:auto_generated|counter_reg_bit[1] ; lpm_counter0:inst10|lpm_counter:lpm_counter_component|cntr_tqj:auto_generated|counter_reg_bit[7]               ; Clk          ; Clk         ; 0.000        ; 0.071      ; 1.639      ;
; 1.356 ; lpm_dff4:inst29|lpm_ff:lpm_ff_component|dffs[4]                                                  ; lpm_dff4:inst28|lpm_ff:lpm_ff_component|dffs[4]                                                                ; Clk          ; Clk         ; 0.000        ; 0.077      ; 1.648      ;
; 1.366 ; lpm_dff4:inst29|lpm_ff:lpm_ff_component|dffs[7]                                                  ; lpm_dff4:inst28|lpm_ff:lpm_ff_component|dffs[7]                                                                ; Clk          ; Clk         ; 0.000        ; 0.077      ; 1.658      ;
; 1.375 ; lpm_counter0:inst10|lpm_counter:lpm_counter_component|cntr_tqj:auto_generated|counter_reg_bit[0] ; lpm_counter0:inst10|lpm_counter:lpm_counter_component|cntr_tqj:auto_generated|counter_reg_bit[7]               ; Clk          ; Clk         ; 0.000        ; 0.071      ; 1.661      ;
; 1.397 ; lpm_dff4:inst29|lpm_ff:lpm_ff_component|dffs[0]                                                  ; lpm_dff4:inst28|lpm_ff:lpm_ff_component|dffs[0]                                                                ; Clk          ; Clk         ; 0.000        ; 0.077      ; 1.689      ;
; 1.400 ; lpm_dff4:inst29|lpm_ff:lpm_ff_component|dffs[5]                                                  ; lpm_dff4:inst28|lpm_ff:lpm_ff_component|dffs[5]                                                                ; Clk          ; Clk         ; 0.000        ; 0.077      ; 1.692      ;
; 1.402 ; lpm_dff4:inst29|lpm_ff:lpm_ff_component|dffs[1]                                                  ; lpm_dff4:inst28|lpm_ff:lpm_ff_component|dffs[1]                                                                ; Clk          ; Clk         ; 0.000        ; 0.077      ; 1.694      ;
; 1.404 ; lpm_dff4:inst29|lpm_ff:lpm_ff_component|dffs[2]                                                  ; lpm_dff4:inst28|lpm_ff:lpm_ff_component|dffs[2]                                                                ; Clk          ; Clk         ; 0.000        ; 0.077      ; 1.696      ;
; 1.466 ; lpm_dff4:inst29|lpm_ff:lpm_ff_component|dffs[3]                                                  ; lpm_dff4:inst28|lpm_ff:lpm_ff_component|dffs[4]                                                                ; Clk          ; Clk         ; 0.000        ; 0.077      ; 1.758      ;
; 1.480 ; lpm_dff4:inst11|lpm_ff:lpm_ff_component|dffs[1]                                                  ; GPRs:inst7|lpm_dff2:inst11|lpm_ff:lpm_ff_component|dffs[4]                                                     ; Clk          ; Clk         ; 0.000        ; 0.071      ; 1.766      ;
; 1.480 ; lpm_dff4:inst11|lpm_ff:lpm_ff_component|dffs[1]                                                  ; GPRs:inst7|lpm_dff2:inst11|lpm_ff:lpm_ff_component|dffs[6]                                                     ; Clk          ; Clk         ; 0.000        ; 0.071      ; 1.766      ;
; 1.480 ; lpm_dff4:inst11|lpm_ff:lpm_ff_component|dffs[1]                                                  ; GPRs:inst7|lpm_dff2:inst11|lpm_ff:lpm_ff_component|dffs[0]                                                     ; Clk          ; Clk         ; 0.000        ; 0.071      ; 1.766      ;
; 1.480 ; lpm_dff4:inst11|lpm_ff:lpm_ff_component|dffs[1]                                                  ; GPRs:inst7|lpm_dff2:inst11|lpm_ff:lpm_ff_component|dffs[2]                                                     ; Clk          ; Clk         ; 0.000        ; 0.071      ; 1.766      ;
; 1.480 ; lpm_dff4:inst11|lpm_ff:lpm_ff_component|dffs[1]                                                  ; GPRs:inst7|lpm_dff2:inst11|lpm_ff:lpm_ff_component|dffs[5]                                                     ; Clk          ; Clk         ; 0.000        ; 0.071      ; 1.766      ;
; 1.480 ; lpm_dff4:inst11|lpm_ff:lpm_ff_component|dffs[1]                                                  ; GPRs:inst7|lpm_dff2:inst11|lpm_ff:lpm_ff_component|dffs[7]                                                     ; Clk          ; Clk         ; 0.000        ; 0.071      ; 1.766      ;
; 1.480 ; lpm_dff4:inst11|lpm_ff:lpm_ff_component|dffs[1]                                                  ; GPRs:inst7|lpm_dff2:inst11|lpm_ff:lpm_ff_component|dffs[1]                                                     ; Clk          ; Clk         ; 0.000        ; 0.071      ; 1.766      ;
; 1.480 ; lpm_dff4:inst11|lpm_ff:lpm_ff_component|dffs[1]                                                  ; GPRs:inst7|lpm_dff2:inst11|lpm_ff:lpm_ff_component|dffs[3]                                                     ; Clk          ; Clk         ; 0.000        ; 0.071      ; 1.766      ;
; 1.483 ; lpm_dff4:inst12|lpm_ff:lpm_ff_component|dffs[6]                                                  ; lpm_rom3:inst13|altsyncram:altsyncram_component|altsyncram_hga1:auto_generated|ram_block1a0~porta_address_reg0 ; Clk          ; Clk         ; -0.500       ; 0.479      ; 1.712      ;
; 1.515 ; lpm_dff4:inst14|lpm_ff:lpm_ff_component|dffs[1]                                                  ; lpm_dff4:inst28|lpm_ff:lpm_ff_component|dffs[1]                                                                ; Clk          ; Clk         ; 0.000        ; 0.071      ; 1.801      ;
; 1.524 ; lpm_dff4:inst29|lpm_ff:lpm_ff_component|dffs[6]                                                  ; lpm_dff4:inst28|lpm_ff:lpm_ff_component|dffs[7]                                                                ; Clk          ; Clk         ; 0.000        ; 0.077      ; 1.816      ;
; 1.573 ; lpm_dff4:inst29|lpm_ff:lpm_ff_component|dffs[3]                                                  ; lpm_dff4:inst28|lpm_ff:lpm_ff_component|dffs[5]                                                                ; Clk          ; Clk         ; 0.000        ; 0.077      ; 1.865      ;
; 1.588 ; lpm_dff4:inst29|lpm_ff:lpm_ff_component|dffs[3]                                                  ; lpm_dff4:inst28|lpm_ff:lpm_ff_component|dffs[6]                                                                ; Clk          ; Clk         ; 0.000        ; 0.077      ; 1.880      ;
; 1.695 ; lpm_dff4:inst29|lpm_ff:lpm_ff_component|dffs[3]                                                  ; lpm_dff4:inst28|lpm_ff:lpm_ff_component|dffs[7]                                                                ; Clk          ; Clk         ; 0.000        ; 0.077      ; 1.987      ;
; 1.712 ; GPRs:inst7|lpm_dff3:inst12|lpm_ff:lpm_ff_component|dffs[4]                                       ; lpm_dff4:inst12|lpm_ff:lpm_ff_component|dffs[4]                                                                ; Clk          ; Clk         ; 0.000        ; 0.063      ; 1.990      ;
; 1.728 ; lpm_dff4:inst29|lpm_ff:lpm_ff_component|dffs[4]                                                  ; lpm_dff4:inst28|lpm_ff:lpm_ff_component|dffs[5]                                                                ; Clk          ; Clk         ; 0.000        ; 0.077      ; 2.020      ;
; 1.743 ; lpm_dff4:inst29|lpm_ff:lpm_ff_component|dffs[4]                                                  ; lpm_dff4:inst28|lpm_ff:lpm_ff_component|dffs[6]                                                                ; Clk          ; Clk         ; 0.000        ; 0.077      ; 2.035      ;
; 1.782 ; GPRs:inst7|lpm_dff1:inst10|lpm_ff:lpm_ff_component|dffs[3]                                       ; GPRs:inst7|lpm_dff3:inst12|lpm_ff:lpm_ff_component|dffs[3]                                                     ; Clk          ; Clk         ; 0.000        ; 0.065      ; 2.062      ;
; 1.783 ; lpm_dff4:inst14|lpm_ff:lpm_ff_component|dffs[0]                                                  ; lpm_dff4:inst28|lpm_ff:lpm_ff_component|dffs[0]                                                                ; Clk          ; Clk         ; 0.000        ; 0.071      ; 2.069      ;
; 1.798 ; lpm_dff4:inst28|lpm_ff:lpm_ff_component|dffs[2]                                                  ; GPRs:inst7|lpm_dff3:inst12|lpm_ff:lpm_ff_component|dffs[2]                                                     ; Clk          ; Clk         ; 0.000        ; 0.066      ; 2.079      ;
; 1.804 ; GPRs:inst7|lpm_dff3:inst12|lpm_ff:lpm_ff_component|dffs[7]                                       ; lpm_dff4:inst12|lpm_ff:lpm_ff_component|dffs[7]                                                                ; Clk          ; Clk         ; 0.000        ; 0.065      ; 2.084      ;
; 1.819 ; lpm_dff4:inst14|lpm_ff:lpm_ff_component|dffs[1]                                                  ; lpm_dff4:inst28|lpm_ff:lpm_ff_component|dffs[2]                                                                ; Clk          ; Clk         ; 0.000        ; 0.071      ; 2.105      ;
; 1.824 ; lpm_dff4:inst14|lpm_ff:lpm_ff_component|dffs[2]                                                  ; GPRs:inst7|lpm_dff3:inst12|lpm_ff:lpm_ff_component|dffs[2]                                                     ; Clk          ; Clk         ; 0.000        ; 0.065      ; 2.104      ;
; 1.825 ; lpm_dff4:inst11|lpm_ff:lpm_ff_component|dffs[0]                                                  ; GPRs:inst7|lpm_dff2:inst11|lpm_ff:lpm_ff_component|dffs[4]                                                     ; Clk          ; Clk         ; 0.000        ; 0.071      ; 2.111      ;
; 1.825 ; lpm_dff4:inst11|lpm_ff:lpm_ff_component|dffs[0]                                                  ; GPRs:inst7|lpm_dff2:inst11|lpm_ff:lpm_ff_component|dffs[6]                                                     ; Clk          ; Clk         ; 0.000        ; 0.071      ; 2.111      ;
; 1.825 ; lpm_dff4:inst11|lpm_ff:lpm_ff_component|dffs[0]                                                  ; GPRs:inst7|lpm_dff2:inst11|lpm_ff:lpm_ff_component|dffs[0]                                                     ; Clk          ; Clk         ; 0.000        ; 0.071      ; 2.111      ;
; 1.825 ; lpm_dff4:inst11|lpm_ff:lpm_ff_component|dffs[0]                                                  ; GPRs:inst7|lpm_dff2:inst11|lpm_ff:lpm_ff_component|dffs[2]                                                     ; Clk          ; Clk         ; 0.000        ; 0.071      ; 2.111      ;
; 1.825 ; lpm_dff4:inst11|lpm_ff:lpm_ff_component|dffs[0]                                                  ; GPRs:inst7|lpm_dff2:inst11|lpm_ff:lpm_ff_component|dffs[5]                                                     ; Clk          ; Clk         ; 0.000        ; 0.071      ; 2.111      ;
; 1.825 ; lpm_dff4:inst11|lpm_ff:lpm_ff_component|dffs[0]                                                  ; GPRs:inst7|lpm_dff2:inst11|lpm_ff:lpm_ff_component|dffs[7]                                                     ; Clk          ; Clk         ; 0.000        ; 0.071      ; 2.111      ;
; 1.825 ; lpm_dff4:inst11|lpm_ff:lpm_ff_component|dffs[0]                                                  ; GPRs:inst7|lpm_dff2:inst11|lpm_ff:lpm_ff_component|dffs[1]                                                     ; Clk          ; Clk         ; 0.000        ; 0.071      ; 2.111      ;
; 1.825 ; lpm_dff4:inst11|lpm_ff:lpm_ff_component|dffs[0]                                                  ; GPRs:inst7|lpm_dff2:inst11|lpm_ff:lpm_ff_component|dffs[3]                                                     ; Clk          ; Clk         ; 0.000        ; 0.071      ; 2.111      ;
; 1.850 ; lpm_dff4:inst29|lpm_ff:lpm_ff_component|dffs[4]                                                  ; lpm_dff4:inst28|lpm_ff:lpm_ff_component|dffs[7]                                                                ; Clk          ; Clk         ; 0.000        ; 0.077      ; 2.142      ;
; 1.855 ; GPRs:inst7|lpm_dff3:inst12|lpm_ff:lpm_ff_component|dffs[1]                                       ; lpm_dff4:inst28|lpm_ff:lpm_ff_component|dffs[1]                                                                ; Clk          ; Clk         ; 0.000        ; 0.071      ; 2.141      ;
; 1.882 ; lpm_dff4:inst11|lpm_ff:lpm_ff_component|dffs[1]                                                  ; GPRs:inst7|lpm_dff0:inst|lpm_ff:lpm_ff_component|dffs[4]                                                       ; Clk          ; Clk         ; 0.000        ; 0.071      ; 2.168      ;
; 1.882 ; lpm_dff4:inst11|lpm_ff:lpm_ff_component|dffs[1]                                                  ; GPRs:inst7|lpm_dff0:inst|lpm_ff:lpm_ff_component|dffs[5]                                                       ; Clk          ; Clk         ; 0.000        ; 0.071      ; 2.168      ;
; 1.882 ; lpm_dff4:inst11|lpm_ff:lpm_ff_component|dffs[1]                                                  ; GPRs:inst7|lpm_dff0:inst|lpm_ff:lpm_ff_component|dffs[6]                                                       ; Clk          ; Clk         ; 0.000        ; 0.071      ; 2.168      ;
; 1.882 ; lpm_dff4:inst11|lpm_ff:lpm_ff_component|dffs[1]                                                  ; GPRs:inst7|lpm_dff0:inst|lpm_ff:lpm_ff_component|dffs[7]                                                       ; Clk          ; Clk         ; 0.000        ; 0.071      ; 2.168      ;
; 1.882 ; lpm_dff4:inst11|lpm_ff:lpm_ff_component|dffs[1]                                                  ; GPRs:inst7|lpm_dff0:inst|lpm_ff:lpm_ff_component|dffs[0]                                                       ; Clk          ; Clk         ; 0.000        ; 0.071      ; 2.168      ;
; 1.882 ; lpm_dff4:inst11|lpm_ff:lpm_ff_component|dffs[1]                                                  ; GPRs:inst7|lpm_dff0:inst|lpm_ff:lpm_ff_component|dffs[1]                                                       ; Clk          ; Clk         ; 0.000        ; 0.071      ; 2.168      ;
; 1.882 ; lpm_dff4:inst11|lpm_ff:lpm_ff_component|dffs[1]                                                  ; GPRs:inst7|lpm_dff0:inst|lpm_ff:lpm_ff_component|dffs[2]                                                       ; Clk          ; Clk         ; 0.000        ; 0.071      ; 2.168      ;
; 1.882 ; lpm_dff4:inst11|lpm_ff:lpm_ff_component|dffs[1]                                                  ; GPRs:inst7|lpm_dff0:inst|lpm_ff:lpm_ff_component|dffs[3]                                                       ; Clk          ; Clk         ; 0.000        ; 0.071      ; 2.168      ;
; 1.920 ; lpm_dff4:inst29|lpm_ff:lpm_ff_component|dffs[1]                                                  ; lpm_dff4:inst28|lpm_ff:lpm_ff_component|dffs[2]                                                                ; Clk          ; Clk         ; 0.000        ; 0.077      ; 2.212      ;
; 1.926 ; lpm_dff4:inst14|lpm_ff:lpm_ff_component|dffs[1]                                                  ; lpm_dff4:inst28|lpm_ff:lpm_ff_component|dffs[3]                                                                ; Clk          ; Clk         ; 0.000        ; 0.071      ; 2.212      ;
; 1.941 ; GPRs:inst7|lpm_dff3:inst12|lpm_ff:lpm_ff_component|dffs[5]                                       ; lpm_dff4:inst12|lpm_ff:lpm_ff_component|dffs[5]                                                                ; Clk          ; Clk         ; 0.000        ; 0.063      ; 2.219      ;
; 1.941 ; lpm_dff4:inst14|lpm_ff:lpm_ff_component|dffs[1]                                                  ; lpm_dff4:inst28|lpm_ff:lpm_ff_component|dffs[4]                                                                ; Clk          ; Clk         ; 0.000        ; 0.071      ; 2.227      ;
; 1.953 ; GPRs:inst7|lpm_dff3:inst12|lpm_ff:lpm_ff_component|dffs[6]                                       ; lpm_dff4:inst12|lpm_ff:lpm_ff_component|dffs[6]                                                                ; Clk          ; Clk         ; 0.000        ; 0.063      ; 2.231      ;
; 1.958 ; lpm_dff4:inst11|lpm_ff:lpm_ff_component|dffs[1]                                                  ; GPRs:inst7|lpm_dff3:inst12|lpm_ff:lpm_ff_component|dffs[2]                                                     ; Clk          ; Clk         ; 0.000        ; 0.071      ; 2.244      ;
; 1.958 ; lpm_dff4:inst11|lpm_ff:lpm_ff_component|dffs[1]                                                  ; GPRs:inst7|lpm_dff3:inst12|lpm_ff:lpm_ff_component|dffs[3]                                                     ; Clk          ; Clk         ; 0.000        ; 0.071      ; 2.244      ;
+-------+--------------------------------------------------------------------------------------------------+----------------------------------------------------------------------------------------------------------------+--------------+-------------+--------------+------------+------------+


+-------------------------------------------------------------------------------------------------------------------------------------------------------------------------------------------------+
; Slow 1200mV 0C Model Minimum Pulse Width: 'Clk'                                                                                                                                                 ;
+--------+--------------+----------------+------------------+-------+------------+----------------------------------------------------------------------------------------------------------------+
; Slack  ; Actual Width ; Required Width ; Type             ; Clock ; Clock Edge ; Target                                                                                                         ;
+--------+--------------+----------------+------------------+-------+------------+----------------------------------------------------------------------------------------------------------------+
; -3.201 ; 1.000        ; 4.201          ; Min Period       ; Clk   ; Fall       ; lpm_rom3:inst13|altsyncram:altsyncram_component|altsyncram_hga1:auto_generated|ram_block1a0~porta_address_reg0 ;
; -3.000 ; 1.000        ; 4.000          ; Port Rate        ; Clk   ; Rise       ; Clk                                                                                                            ;
; -1.487 ; 1.000        ; 2.487          ; Min Period       ; Clk   ; Rise       ; GPRs:inst7|lpm_dff0:inst|lpm_ff:lpm_ff_component|dffs[0]                                                       ;
; -1.487 ; 1.000        ; 2.487          ; Min Period       ; Clk   ; Rise       ; GPRs:inst7|lpm_dff0:inst|lpm_ff:lpm_ff_component|dffs[1]                                                       ;
; -1.487 ; 1.000        ; 2.487          ; Min Period       ; Clk   ; Rise       ; GPRs:inst7|lpm_dff0:inst|lpm_ff:lpm_ff_component|dffs[2]                                                       ;
; -1.487 ; 1.000        ; 2.487          ; Min Period       ; Clk   ; Rise       ; GPRs:inst7|lpm_dff0:inst|lpm_ff:lpm_ff_component|dffs[3]                                                       ;
; -1.487 ; 1.000        ; 2.487          ; Min Period       ; Clk   ; Rise       ; GPRs:inst7|lpm_dff0:inst|lpm_ff:lpm_ff_component|dffs[4]                                                       ;
; -1.487 ; 1.000        ; 2.487          ; Min Period       ; Clk   ; Rise       ; GPRs:inst7|lpm_dff0:inst|lpm_ff:lpm_ff_component|dffs[5]                                                       ;
; -1.487 ; 1.000        ; 2.487          ; Min Period       ; Clk   ; Rise       ; GPRs:inst7|lpm_dff0:inst|lpm_ff:lpm_ff_component|dffs[6]                                                       ;
; -1.487 ; 1.000        ; 2.487          ; Min Period       ; Clk   ; Rise       ; GPRs:inst7|lpm_dff0:inst|lpm_ff:lpm_ff_component|dffs[7]                                                       ;
; -1.487 ; 1.000        ; 2.487          ; Min Period       ; Clk   ; Rise       ; GPRs:inst7|lpm_dff1:inst10|lpm_ff:lpm_ff_component|dffs[0]                                                     ;
; -1.487 ; 1.000        ; 2.487          ; Min Period       ; Clk   ; Rise       ; GPRs:inst7|lpm_dff1:inst10|lpm_ff:lpm_ff_component|dffs[1]                                                     ;
; -1.487 ; 1.000        ; 2.487          ; Min Period       ; Clk   ; Rise       ; GPRs:inst7|lpm_dff1:inst10|lpm_ff:lpm_ff_component|dffs[2]                                                     ;
; -1.487 ; 1.000        ; 2.487          ; Min Period       ; Clk   ; Rise       ; GPRs:inst7|lpm_dff1:inst10|lpm_ff:lpm_ff_component|dffs[3]                                                     ;
; -1.487 ; 1.000        ; 2.487          ; Min Period       ; Clk   ; Rise       ; GPRs:inst7|lpm_dff1:inst10|lpm_ff:lpm_ff_component|dffs[4]                                                     ;
; -1.487 ; 1.000        ; 2.487          ; Min Period       ; Clk   ; Rise       ; GPRs:inst7|lpm_dff1:inst10|lpm_ff:lpm_ff_component|dffs[5]                                                     ;
; -1.487 ; 1.000        ; 2.487          ; Min Period       ; Clk   ; Rise       ; GPRs:inst7|lpm_dff1:inst10|lpm_ff:lpm_ff_component|dffs[6]                                                     ;
; -1.487 ; 1.000        ; 2.487          ; Min Period       ; Clk   ; Rise       ; GPRs:inst7|lpm_dff1:inst10|lpm_ff:lpm_ff_component|dffs[7]                                                     ;
; -1.487 ; 1.000        ; 2.487          ; Min Period       ; Clk   ; Rise       ; GPRs:inst7|lpm_dff2:inst11|lpm_ff:lpm_ff_component|dffs[0]                                                     ;
; -1.487 ; 1.000        ; 2.487          ; Min Period       ; Clk   ; Rise       ; GPRs:inst7|lpm_dff2:inst11|lpm_ff:lpm_ff_component|dffs[1]                                                     ;
; -1.487 ; 1.000        ; 2.487          ; Min Period       ; Clk   ; Rise       ; GPRs:inst7|lpm_dff2:inst11|lpm_ff:lpm_ff_component|dffs[2]                                                     ;
; -1.487 ; 1.000        ; 2.487          ; Min Period       ; Clk   ; Rise       ; GPRs:inst7|lpm_dff2:inst11|lpm_ff:lpm_ff_component|dffs[3]                                                     ;
; -1.487 ; 1.000        ; 2.487          ; Min Period       ; Clk   ; Rise       ; GPRs:inst7|lpm_dff2:inst11|lpm_ff:lpm_ff_component|dffs[4]                                                     ;
; -1.487 ; 1.000        ; 2.487          ; Min Period       ; Clk   ; Rise       ; GPRs:inst7|lpm_dff2:inst11|lpm_ff:lpm_ff_component|dffs[5]                                                     ;
; -1.487 ; 1.000        ; 2.487          ; Min Period       ; Clk   ; Rise       ; GPRs:inst7|lpm_dff2:inst11|lpm_ff:lpm_ff_component|dffs[6]                                                     ;
; -1.487 ; 1.000        ; 2.487          ; Min Period       ; Clk   ; Rise       ; GPRs:inst7|lpm_dff2:inst11|lpm_ff:lpm_ff_component|dffs[7]                                                     ;
; -1.487 ; 1.000        ; 2.487          ; Min Period       ; Clk   ; Rise       ; GPRs:inst7|lpm_dff3:inst12|lpm_ff:lpm_ff_component|dffs[0]                                                     ;
; -1.487 ; 1.000        ; 2.487          ; Min Period       ; Clk   ; Rise       ; GPRs:inst7|lpm_dff3:inst12|lpm_ff:lpm_ff_component|dffs[1]                                                     ;
; -1.487 ; 1.000        ; 2.487          ; Min Period       ; Clk   ; Rise       ; GPRs:inst7|lpm_dff3:inst12|lpm_ff:lpm_ff_component|dffs[2]                                                     ;
; -1.487 ; 1.000        ; 2.487          ; Min Period       ; Clk   ; Rise       ; GPRs:inst7|lpm_dff3:inst12|lpm_ff:lpm_ff_component|dffs[3]                                                     ;
; -1.487 ; 1.000        ; 2.487          ; Min Period       ; Clk   ; Rise       ; GPRs:inst7|lpm_dff3:inst12|lpm_ff:lpm_ff_component|dffs[4]                                                     ;
; -1.487 ; 1.000        ; 2.487          ; Min Period       ; Clk   ; Rise       ; GPRs:inst7|lpm_dff3:inst12|lpm_ff:lpm_ff_component|dffs[5]                                                     ;
; -1.487 ; 1.000        ; 2.487          ; Min Period       ; Clk   ; Rise       ; GPRs:inst7|lpm_dff3:inst12|lpm_ff:lpm_ff_component|dffs[6]                                                     ;
; -1.487 ; 1.000        ; 2.487          ; Min Period       ; Clk   ; Rise       ; GPRs:inst7|lpm_dff3:inst12|lpm_ff:lpm_ff_component|dffs[7]                                                     ;
; -1.487 ; 1.000        ; 2.487          ; Min Period       ; Clk   ; Rise       ; lpm_counter0:inst10|lpm_counter:lpm_counter_component|cntr_tqj:auto_generated|counter_reg_bit[0]               ;
; -1.487 ; 1.000        ; 2.487          ; Min Period       ; Clk   ; Rise       ; lpm_counter0:inst10|lpm_counter:lpm_counter_component|cntr_tqj:auto_generated|counter_reg_bit[1]               ;
; -1.487 ; 1.000        ; 2.487          ; Min Period       ; Clk   ; Rise       ; lpm_counter0:inst10|lpm_counter:lpm_counter_component|cntr_tqj:auto_generated|counter_reg_bit[2]               ;
; -1.487 ; 1.000        ; 2.487          ; Min Period       ; Clk   ; Rise       ; lpm_counter0:inst10|lpm_counter:lpm_counter_component|cntr_tqj:auto_generated|counter_reg_bit[3]               ;
; -1.487 ; 1.000        ; 2.487          ; Min Period       ; Clk   ; Rise       ; lpm_counter0:inst10|lpm_counter:lpm_counter_component|cntr_tqj:auto_generated|counter_reg_bit[4]               ;
; -1.487 ; 1.000        ; 2.487          ; Min Period       ; Clk   ; Rise       ; lpm_counter0:inst10|lpm_counter:lpm_counter_component|cntr_tqj:auto_generated|counter_reg_bit[5]               ;
; -1.487 ; 1.000        ; 2.487          ; Min Period       ; Clk   ; Rise       ; lpm_counter0:inst10|lpm_counter:lpm_counter_component|cntr_tqj:auto_generated|counter_reg_bit[6]               ;
; -1.487 ; 1.000        ; 2.487          ; Min Period       ; Clk   ; Rise       ; lpm_counter0:inst10|lpm_counter:lpm_counter_component|cntr_tqj:auto_generated|counter_reg_bit[7]               ;
; -1.487 ; 1.000        ; 2.487          ; Min Period       ; Clk   ; Rise       ; lpm_dff4:inst11|lpm_ff:lpm_ff_component|dffs[0]                                                                ;
; -1.487 ; 1.000        ; 2.487          ; Min Period       ; Clk   ; Rise       ; lpm_dff4:inst11|lpm_ff:lpm_ff_component|dffs[1]                                                                ;
; -1.487 ; 1.000        ; 2.487          ; Min Period       ; Clk   ; Rise       ; lpm_dff4:inst11|lpm_ff:lpm_ff_component|dffs[2]                                                                ;
; -1.487 ; 1.000        ; 2.487          ; Min Period       ; Clk   ; Rise       ; lpm_dff4:inst11|lpm_ff:lpm_ff_component|dffs[3]                                                                ;
; -1.487 ; 1.000        ; 2.487          ; Min Period       ; Clk   ; Rise       ; lpm_dff4:inst11|lpm_ff:lpm_ff_component|dffs[4]                                                                ;
; -1.487 ; 1.000        ; 2.487          ; Min Period       ; Clk   ; Rise       ; lpm_dff4:inst11|lpm_ff:lpm_ff_component|dffs[5]                                                                ;
; -1.487 ; 1.000        ; 2.487          ; Min Period       ; Clk   ; Rise       ; lpm_dff4:inst11|lpm_ff:lpm_ff_component|dffs[6]                                                                ;
; -1.487 ; 1.000        ; 2.487          ; Min Period       ; Clk   ; Rise       ; lpm_dff4:inst11|lpm_ff:lpm_ff_component|dffs[7]                                                                ;
; -1.487 ; 1.000        ; 2.487          ; Min Period       ; Clk   ; Rise       ; lpm_dff4:inst12|lpm_ff:lpm_ff_component|dffs[0]                                                                ;
; -1.487 ; 1.000        ; 2.487          ; Min Period       ; Clk   ; Rise       ; lpm_dff4:inst12|lpm_ff:lpm_ff_component|dffs[1]                                                                ;
; -1.487 ; 1.000        ; 2.487          ; Min Period       ; Clk   ; Rise       ; lpm_dff4:inst12|lpm_ff:lpm_ff_component|dffs[2]                                                                ;
; -1.487 ; 1.000        ; 2.487          ; Min Period       ; Clk   ; Rise       ; lpm_dff4:inst12|lpm_ff:lpm_ff_component|dffs[3]                                                                ;
; -1.487 ; 1.000        ; 2.487          ; Min Period       ; Clk   ; Rise       ; lpm_dff4:inst12|lpm_ff:lpm_ff_component|dffs[4]                                                                ;
; -1.487 ; 1.000        ; 2.487          ; Min Period       ; Clk   ; Rise       ; lpm_dff4:inst12|lpm_ff:lpm_ff_component|dffs[5]                                                                ;
; -1.487 ; 1.000        ; 2.487          ; Min Period       ; Clk   ; Rise       ; lpm_dff4:inst12|lpm_ff:lpm_ff_component|dffs[6]                                                                ;
; -1.487 ; 1.000        ; 2.487          ; Min Period       ; Clk   ; Rise       ; lpm_dff4:inst12|lpm_ff:lpm_ff_component|dffs[7]                                                                ;
; -1.487 ; 1.000        ; 2.487          ; Min Period       ; Clk   ; Rise       ; lpm_dff4:inst14|lpm_ff:lpm_ff_component|dffs[0]                                                                ;
; -1.487 ; 1.000        ; 2.487          ; Min Period       ; Clk   ; Rise       ; lpm_dff4:inst14|lpm_ff:lpm_ff_component|dffs[1]                                                                ;
; -1.487 ; 1.000        ; 2.487          ; Min Period       ; Clk   ; Rise       ; lpm_dff4:inst14|lpm_ff:lpm_ff_component|dffs[2]                                                                ;
; -1.487 ; 1.000        ; 2.487          ; Min Period       ; Clk   ; Rise       ; lpm_dff4:inst14|lpm_ff:lpm_ff_component|dffs[3]                                                                ;
; -1.487 ; 1.000        ; 2.487          ; Min Period       ; Clk   ; Rise       ; lpm_dff4:inst14|lpm_ff:lpm_ff_component|dffs[4]                                                                ;
; -1.487 ; 1.000        ; 2.487          ; Min Period       ; Clk   ; Rise       ; lpm_dff4:inst14|lpm_ff:lpm_ff_component|dffs[5]                                                                ;
; -1.487 ; 1.000        ; 2.487          ; Min Period       ; Clk   ; Rise       ; lpm_dff4:inst14|lpm_ff:lpm_ff_component|dffs[6]                                                                ;
; -1.487 ; 1.000        ; 2.487          ; Min Period       ; Clk   ; Rise       ; lpm_dff4:inst14|lpm_ff:lpm_ff_component|dffs[7]                                                                ;
; -1.487 ; 1.000        ; 2.487          ; Min Period       ; Clk   ; Rise       ; lpm_dff4:inst28|lpm_ff:lpm_ff_component|dffs[0]                                                                ;
; -1.487 ; 1.000        ; 2.487          ; Min Period       ; Clk   ; Rise       ; lpm_dff4:inst28|lpm_ff:lpm_ff_component|dffs[1]                                                                ;
; -1.487 ; 1.000        ; 2.487          ; Min Period       ; Clk   ; Rise       ; lpm_dff4:inst28|lpm_ff:lpm_ff_component|dffs[2]                                                                ;
; -1.487 ; 1.000        ; 2.487          ; Min Period       ; Clk   ; Rise       ; lpm_dff4:inst28|lpm_ff:lpm_ff_component|dffs[3]                                                                ;
; -1.487 ; 1.000        ; 2.487          ; Min Period       ; Clk   ; Rise       ; lpm_dff4:inst28|lpm_ff:lpm_ff_component|dffs[4]                                                                ;
; -1.487 ; 1.000        ; 2.487          ; Min Period       ; Clk   ; Rise       ; lpm_dff4:inst28|lpm_ff:lpm_ff_component|dffs[5]                                                                ;
; -1.487 ; 1.000        ; 2.487          ; Min Period       ; Clk   ; Rise       ; lpm_dff4:inst28|lpm_ff:lpm_ff_component|dffs[6]                                                                ;
; -1.487 ; 1.000        ; 2.487          ; Min Period       ; Clk   ; Rise       ; lpm_dff4:inst28|lpm_ff:lpm_ff_component|dffs[7]                                                                ;
; -1.487 ; 1.000        ; 2.487          ; Min Period       ; Clk   ; Rise       ; lpm_dff4:inst29|lpm_ff:lpm_ff_component|dffs[0]                                                                ;
; -1.487 ; 1.000        ; 2.487          ; Min Period       ; Clk   ; Rise       ; lpm_dff4:inst29|lpm_ff:lpm_ff_component|dffs[1]                                                                ;
; -1.487 ; 1.000        ; 2.487          ; Min Period       ; Clk   ; Rise       ; lpm_dff4:inst29|lpm_ff:lpm_ff_component|dffs[2]                                                                ;
; -1.487 ; 1.000        ; 2.487          ; Min Period       ; Clk   ; Rise       ; lpm_dff4:inst29|lpm_ff:lpm_ff_component|dffs[3]                                                                ;
; -1.487 ; 1.000        ; 2.487          ; Min Period       ; Clk   ; Rise       ; lpm_dff4:inst29|lpm_ff:lpm_ff_component|dffs[4]                                                                ;
; -1.487 ; 1.000        ; 2.487          ; Min Period       ; Clk   ; Rise       ; lpm_dff4:inst29|lpm_ff:lpm_ff_component|dffs[5]                                                                ;
; -1.487 ; 1.000        ; 2.487          ; Min Period       ; Clk   ; Rise       ; lpm_dff4:inst29|lpm_ff:lpm_ff_component|dffs[6]                                                                ;
; -1.487 ; 1.000        ; 2.487          ; Min Period       ; Clk   ; Rise       ; lpm_dff4:inst29|lpm_ff:lpm_ff_component|dffs[7]                                                                ;
; 0.223  ; 0.453        ; 0.230          ; High Pulse Width ; Clk   ; Fall       ; lpm_rom3:inst13|altsyncram:altsyncram_component|altsyncram_hga1:auto_generated|ram_block1a0~porta_address_reg0 ;
; 0.267  ; 0.483        ; 0.216          ; High Pulse Width ; Clk   ; Rise       ; GPRs:inst7|lpm_dff1:inst10|lpm_ff:lpm_ff_component|dffs[3]                                                     ;
; 0.267  ; 0.483        ; 0.216          ; High Pulse Width ; Clk   ; Rise       ; GPRs:inst7|lpm_dff3:inst12|lpm_ff:lpm_ff_component|dffs[4]                                                     ;
; 0.267  ; 0.483        ; 0.216          ; High Pulse Width ; Clk   ; Rise       ; GPRs:inst7|lpm_dff3:inst12|lpm_ff:lpm_ff_component|dffs[5]                                                     ;
; 0.267  ; 0.483        ; 0.216          ; High Pulse Width ; Clk   ; Rise       ; GPRs:inst7|lpm_dff3:inst12|lpm_ff:lpm_ff_component|dffs[6]                                                     ;
; 0.267  ; 0.483        ; 0.216          ; High Pulse Width ; Clk   ; Rise       ; lpm_dff4:inst14|lpm_ff:lpm_ff_component|dffs[2]                                                                ;
; 0.267  ; 0.483        ; 0.216          ; High Pulse Width ; Clk   ; Rise       ; lpm_dff4:inst14|lpm_ff:lpm_ff_component|dffs[3]                                                                ;
; 0.267  ; 0.483        ; 0.216          ; High Pulse Width ; Clk   ; Rise       ; lpm_dff4:inst14|lpm_ff:lpm_ff_component|dffs[4]                                                                ;
; 0.267  ; 0.483        ; 0.216          ; High Pulse Width ; Clk   ; Rise       ; lpm_dff4:inst14|lpm_ff:lpm_ff_component|dffs[5]                                                                ;
; 0.267  ; 0.483        ; 0.216          ; High Pulse Width ; Clk   ; Rise       ; lpm_dff4:inst14|lpm_ff:lpm_ff_component|dffs[6]                                                                ;
; 0.267  ; 0.483        ; 0.216          ; High Pulse Width ; Clk   ; Rise       ; lpm_dff4:inst28|lpm_ff:lpm_ff_component|dffs[0]                                                                ;
; 0.267  ; 0.483        ; 0.216          ; High Pulse Width ; Clk   ; Rise       ; lpm_dff4:inst28|lpm_ff:lpm_ff_component|dffs[1]                                                                ;
; 0.267  ; 0.483        ; 0.216          ; High Pulse Width ; Clk   ; Rise       ; lpm_dff4:inst28|lpm_ff:lpm_ff_component|dffs[2]                                                                ;
; 0.267  ; 0.483        ; 0.216          ; High Pulse Width ; Clk   ; Rise       ; lpm_dff4:inst28|lpm_ff:lpm_ff_component|dffs[3]                                                                ;
; 0.267  ; 0.483        ; 0.216          ; High Pulse Width ; Clk   ; Rise       ; lpm_dff4:inst28|lpm_ff:lpm_ff_component|dffs[4]                                                                ;
; 0.267  ; 0.483        ; 0.216          ; High Pulse Width ; Clk   ; Rise       ; lpm_dff4:inst28|lpm_ff:lpm_ff_component|dffs[5]                                                                ;
; 0.267  ; 0.483        ; 0.216          ; High Pulse Width ; Clk   ; Rise       ; lpm_dff4:inst28|lpm_ff:lpm_ff_component|dffs[6]                                                                ;
; 0.267  ; 0.483        ; 0.216          ; High Pulse Width ; Clk   ; Rise       ; lpm_dff4:inst28|lpm_ff:lpm_ff_component|dffs[7]                                                                ;
+--------+--------------+----------------+------------------+-------+------------+----------------------------------------------------------------------------------------------------------------+


+-----------------------------------------------------------------------+
; Setup Times                                                           ;
+-----------+------------+-------+-------+------------+-----------------+
; Data Port ; Clock Port ; Rise  ; Fall  ; Clock Edge ; Clock Reference ;
+-----------+------------+-------+-------+------------+-----------------+
; GRin      ; Clk        ; 4.697 ; 4.523 ; Rise       ; Clk             ;
; GRout     ; Clk        ; 5.380 ; 5.500 ; Rise       ; Clk             ;
; GRsel     ; Clk        ; 8.321 ; 8.491 ; Rise       ; Clk             ;
; IRin      ; Clk        ; 3.587 ; 3.472 ; Rise       ; Clk             ;
; MARin     ; Clk        ; 2.203 ; 2.262 ; Rise       ; Clk             ;
; MDRin     ; Clk        ; 2.967 ; 2.974 ; Rise       ; Clk             ;
; MDRout    ; Clk        ; 6.728 ; 6.838 ; Rise       ; Clk             ;
; PC_1      ; Clk        ; 3.303 ; 3.213 ; Rise       ; Clk             ;
; PCin      ; Clk        ; 4.839 ; 4.770 ; Rise       ; Clk             ;
; PCout     ; Clk        ; 6.512 ; 6.516 ; Rise       ; Clk             ;
; Reset     ; Clk        ; 2.412 ; 2.493 ; Rise       ; Clk             ;
; Yin       ; Clk        ; 3.029 ; 3.027 ; Rise       ; Clk             ;
; Zin       ; Clk        ; 2.163 ; 2.235 ; Rise       ; Clk             ;
; Zout      ; Clk        ; 6.616 ; 6.778 ; Rise       ; Clk             ;
; op[*]     ; Clk        ; 5.311 ; 5.029 ; Rise       ; Clk             ;
;  op[0]    ; Clk        ; 5.311 ; 5.029 ; Rise       ; Clk             ;
;  op[1]    ; Clk        ; 2.737 ; 2.749 ; Rise       ; Clk             ;
; MemRd     ; Clk        ; 2.671 ; 2.750 ; Fall       ; Clk             ;
+-----------+------------+-------+-------+------------+-----------------+


+-------------------------------------------------------------------------+
; Hold Times                                                              ;
+-----------+------------+--------+--------+------------+-----------------+
; Data Port ; Clock Port ; Rise   ; Fall   ; Clock Edge ; Clock Reference ;
+-----------+------------+--------+--------+------------+-----------------+
; GRin      ; Clk        ; -3.339 ; -3.334 ; Rise       ; Clk             ;
; GRout     ; Clk        ; -2.088 ; -2.140 ; Rise       ; Clk             ;
; GRsel     ; Clk        ; -4.306 ; -4.444 ; Rise       ; Clk             ;
; IRin      ; Clk        ; -2.917 ; -2.902 ; Rise       ; Clk             ;
; MARin     ; Clk        ; -1.899 ; -1.959 ; Rise       ; Clk             ;
; MDRin     ; Clk        ; -2.268 ; -2.390 ; Rise       ; Clk             ;
; MDRout    ; Clk        ; -3.335 ; -3.424 ; Rise       ; Clk             ;
; PC_1      ; Clk        ; -2.953 ; -2.871 ; Rise       ; Clk             ;
; PCin      ; Clk        ; -3.724 ; -3.687 ; Rise       ; Clk             ;
; PCout     ; Clk        ; -3.130 ; -3.117 ; Rise       ; Clk             ;
; Reset     ; Clk        ; -1.153 ; -1.547 ; Rise       ; Clk             ;
; Yin       ; Clk        ; -2.691 ; -2.693 ; Rise       ; Clk             ;
; Zin       ; Clk        ; -1.860 ; -1.933 ; Rise       ; Clk             ;
; Zout      ; Clk        ; -3.272 ; -3.238 ; Rise       ; Clk             ;
; op[*]     ; Clk        ; -2.203 ; -2.258 ; Rise       ; Clk             ;
;  op[0]    ; Clk        ; -2.815 ; -2.845 ; Rise       ; Clk             ;
;  op[1]    ; Clk        ; -2.203 ; -2.258 ; Rise       ; Clk             ;
; MemRd     ; Clk        ; -2.098 ; -2.098 ; Fall       ; Clk             ;
+-----------+------------+--------+--------+------------+-----------------+


+-------------------------------------------------------------------------+
; Clock to Output Times                                                   ;
+-----------+------------+--------+--------+------------+-----------------+
; Data Port ; Clock Port ; Rise   ; Fall   ; Clock Edge ; Clock Reference ;
+-----------+------------+--------+--------+------------+-----------------+
; CRT[*]    ; Clk        ; 12.864 ; 12.120 ; Rise       ; Clk             ;
;  CRT[0]   ; Clk        ; 9.845  ; 9.536  ; Rise       ; Clk             ;
;  CRT[1]   ; Clk        ; 12.864 ; 12.120 ; Rise       ; Clk             ;
;  CRT[2]   ; Clk        ; 12.068 ; 11.486 ; Rise       ; Clk             ;
;  CRT[3]   ; Clk        ; 11.134 ; 10.653 ; Rise       ; Clk             ;
;  CRT[4]   ; Clk        ; 11.506 ; 10.907 ; Rise       ; Clk             ;
;  CRT[5]   ; Clk        ; 12.274 ; 11.691 ; Rise       ; Clk             ;
;  CRT[6]   ; Clk        ; 9.732  ; 9.427  ; Rise       ; Clk             ;
;  CRT[7]   ; Clk        ; 11.724 ; 11.170 ; Rise       ; Clk             ;
; IR[*]     ; Clk        ; 9.184  ; 8.947  ; Rise       ; Clk             ;
;  IR[0]    ; Clk        ; 7.645  ; 7.240  ; Rise       ; Clk             ;
;  IR[1]    ; Clk        ; 8.800  ; 8.711  ; Rise       ; Clk             ;
;  IR[2]    ; Clk        ; 7.298  ; 6.935  ; Rise       ; Clk             ;
;  IR[3]    ; Clk        ; 7.861  ; 7.547  ; Rise       ; Clk             ;
;  IR[4]    ; Clk        ; 7.225  ; 6.981  ; Rise       ; Clk             ;
;  IR[5]    ; Clk        ; 6.628  ; 6.395  ; Rise       ; Clk             ;
;  IR[6]    ; Clk        ; 8.406  ; 7.930  ; Rise       ; Clk             ;
;  IR[7]    ; Clk        ; 9.184  ; 8.947  ; Rise       ; Clk             ;
; MA[*]     ; Clk        ; 8.471  ; 8.078  ; Rise       ; Clk             ;
;  MA[0]    ; Clk        ; 7.728  ; 7.518  ; Rise       ; Clk             ;
;  MA[1]    ; Clk        ; 7.105  ; 6.847  ; Rise       ; Clk             ;
;  MA[2]    ; Clk        ; 7.949  ; 7.660  ; Rise       ; Clk             ;
;  MA[3]    ; Clk        ; 8.467  ; 7.953  ; Rise       ; Clk             ;
;  MA[4]    ; Clk        ; 7.285  ; 6.942  ; Rise       ; Clk             ;
;  MA[5]    ; Clk        ; 8.471  ; 8.078  ; Rise       ; Clk             ;
;  MA[6]    ; Clk        ; 7.492  ; 7.204  ; Rise       ; Clk             ;
;  MA[7]    ; Clk        ; 8.151  ; 7.771  ; Rise       ; Clk             ;
; PC[*]     ; Clk        ; 9.255  ; 9.034  ; Rise       ; Clk             ;
;  PC[0]    ; Clk        ; 6.447  ; 6.323  ; Rise       ; Clk             ;
;  PC[1]    ; Clk        ; 7.573  ; 7.269  ; Rise       ; Clk             ;
;  PC[2]    ; Clk        ; 9.255  ; 9.034  ; Rise       ; Clk             ;
;  PC[3]    ; Clk        ; 7.358  ; 7.021  ; Rise       ; Clk             ;
;  PC[4]    ; Clk        ; 6.767  ; 6.590  ; Rise       ; Clk             ;
;  PC[5]    ; Clk        ; 8.491  ; 8.060  ; Rise       ; Clk             ;
;  PC[6]    ; Clk        ; 7.566  ; 7.296  ; Rise       ; Clk             ;
;  PC[7]    ; Clk        ; 9.080  ; 8.818  ; Rise       ; Clk             ;
; RD[*]     ; Clk        ; 8.444  ; 8.305  ; Rise       ; Clk             ;
;  RD[0]    ; Clk        ; 8.442  ; 8.305  ; Rise       ; Clk             ;
;  RD[1]    ; Clk        ; 8.444  ; 7.933  ; Rise       ; Clk             ;
; RS[*]     ; Clk        ; 7.566  ; 7.281  ; Rise       ; Clk             ;
;  RS[0]    ; Clk        ; 7.298  ; 6.935  ; Rise       ; Clk             ;
;  RS[1]    ; Clk        ; 7.566  ; 7.281  ; Rise       ; Clk             ;
; MQ[*]     ; Clk        ; 13.331 ; 12.977 ; Fall       ; Clk             ;
;  MQ[0]    ; Clk        ; 13.331 ; 12.977 ; Fall       ; Clk             ;
;  MQ[1]    ; Clk        ; 11.826 ; 11.293 ; Fall       ; Clk             ;
;  MQ[2]    ; Clk        ; 11.183 ; 10.742 ; Fall       ; Clk             ;
;  MQ[3]    ; Clk        ; 9.672  ; 9.461  ; Fall       ; Clk             ;
;  MQ[4]    ; Clk        ; 11.713 ; 11.352 ; Fall       ; Clk             ;
;  MQ[5]    ; Clk        ; 12.406 ; 11.986 ; Fall       ; Clk             ;
;  MQ[6]    ; Clk        ; 11.136 ; 10.739 ; Fall       ; Clk             ;
;  MQ[7]    ; Clk        ; 12.301 ; 11.707 ; Fall       ; Clk             ;
+-----------+------------+--------+--------+------------+-----------------+


+-------------------------------------------------------------------------+
; Minimum Clock to Output Times                                           ;
+-----------+------------+--------+--------+------------+-----------------+
; Data Port ; Clock Port ; Rise   ; Fall   ; Clock Edge ; Clock Reference ;
+-----------+------------+--------+--------+------------+-----------------+
; CRT[*]    ; Clk        ; 6.958  ; 6.692  ; Rise       ; Clk             ;
;  CRT[0]   ; Clk        ; 6.958  ; 6.692  ; Rise       ; Clk             ;
;  CRT[1]   ; Clk        ; 9.907  ; 9.222  ; Rise       ; Clk             ;
;  CRT[2]   ; Clk        ; 9.191  ; 8.740  ; Rise       ; Clk             ;
;  CRT[3]   ; Clk        ; 8.642  ; 8.138  ; Rise       ; Clk             ;
;  CRT[4]   ; Clk        ; 9.233  ; 8.653  ; Rise       ; Clk             ;
;  CRT[5]   ; Clk        ; 9.690  ; 9.149  ; Rise       ; Clk             ;
;  CRT[6]   ; Clk        ; 6.975  ; 6.704  ; Rise       ; Clk             ;
;  CRT[7]   ; Clk        ; 9.029  ; 8.490  ; Rise       ; Clk             ;
; IR[*]     ; Clk        ; 6.493  ; 6.266  ; Rise       ; Clk             ;
;  IR[0]    ; Clk        ; 7.470  ; 7.078  ; Rise       ; Clk             ;
;  IR[1]    ; Clk        ; 8.636  ; 8.553  ; Rise       ; Clk             ;
;  IR[2]    ; Clk        ; 7.136  ; 6.785  ; Rise       ; Clk             ;
;  IR[3]    ; Clk        ; 7.676  ; 7.371  ; Rise       ; Clk             ;
;  IR[4]    ; Clk        ; 7.074  ; 6.838  ; Rise       ; Clk             ;
;  IR[5]    ; Clk        ; 6.493  ; 6.266  ; Rise       ; Clk             ;
;  IR[6]    ; Clk        ; 8.204  ; 7.745  ; Rise       ; Clk             ;
;  IR[7]    ; Clk        ; 9.005  ; 8.780  ; Rise       ; Clk             ;
; MA[*]     ; Clk        ; 6.958  ; 6.708  ; Rise       ; Clk             ;
;  MA[0]    ; Clk        ; 7.556  ; 7.352  ; Rise       ; Clk             ;
;  MA[1]    ; Clk        ; 6.958  ; 6.708  ; Rise       ; Clk             ;
;  MA[2]    ; Clk        ; 7.764  ; 7.485  ; Rise       ; Clk             ;
;  MA[3]    ; Clk        ; 8.258  ; 7.761  ; Rise       ; Clk             ;
;  MA[4]    ; Clk        ; 7.123  ; 6.791  ; Rise       ; Clk             ;
;  MA[5]    ; Clk        ; 8.261  ; 7.881  ; Rise       ; Clk             ;
;  MA[6]    ; Clk        ; 7.331  ; 7.053  ; Rise       ; Clk             ;
;  MA[7]    ; Clk        ; 7.955  ; 7.587  ; Rise       ; Clk             ;
; PC[*]     ; Clk        ; 6.319  ; 6.197  ; Rise       ; Clk             ;
;  PC[0]    ; Clk        ; 6.319  ; 6.197  ; Rise       ; Clk             ;
;  PC[1]    ; Clk        ; 7.408  ; 7.114  ; Rise       ; Clk             ;
;  PC[2]    ; Clk        ; 9.077  ; 8.868  ; Rise       ; Clk             ;
;  PC[3]    ; Clk        ; 7.201  ; 6.877  ; Rise       ; Clk             ;
;  PC[4]    ; Clk        ; 6.626  ; 6.453  ; Rise       ; Clk             ;
;  PC[5]    ; Clk        ; 8.289  ; 7.873  ; Rise       ; Clk             ;
;  PC[6]    ; Clk        ; 7.401  ; 7.140  ; Rise       ; Clk             ;
;  PC[7]    ; Clk        ; 8.909  ; 8.661  ; Rise       ; Clk             ;
; RD[*]     ; Clk        ; 8.237  ; 7.743  ; Rise       ; Clk             ;
;  RD[0]    ; Clk        ; 8.293  ; 8.164  ; Rise       ; Clk             ;
;  RD[1]    ; Clk        ; 8.237  ; 7.743  ; Rise       ; Clk             ;
; RS[*]     ; Clk        ; 7.136  ; 6.785  ; Rise       ; Clk             ;
;  RS[0]    ; Clk        ; 7.136  ; 6.785  ; Rise       ; Clk             ;
;  RS[1]    ; Clk        ; 7.393  ; 7.116  ; Rise       ; Clk             ;
; MQ[*]     ; Clk        ; 9.414  ; 9.209  ; Fall       ; Clk             ;
;  MQ[0]    ; Clk        ; 12.990 ; 12.653 ; Fall       ; Clk             ;
;  MQ[1]    ; Clk        ; 11.490 ; 10.977 ; Fall       ; Clk             ;
;  MQ[2]    ; Clk        ; 10.874 ; 10.449 ; Fall       ; Clk             ;
;  MQ[3]    ; Clk        ; 9.414  ; 9.209  ; Fall       ; Clk             ;
;  MQ[4]    ; Clk        ; 11.382 ; 11.034 ; Fall       ; Clk             ;
;  MQ[5]    ; Clk        ; 12.047 ; 11.643 ; Fall       ; Clk             ;
;  MQ[6]    ; Clk        ; 10.828 ; 10.446 ; Fall       ; Clk             ;
;  MQ[7]    ; Clk        ; 11.946 ; 11.374 ; Fall       ; Clk             ;
+-----------+------------+--------+--------+------------+-----------------+


+--------------------------------------------------------------+
; Propagation Delay                                            ;
+------------+-------------+--------+--------+--------+--------+
; Input Port ; Output Port ; RR     ; RF     ; FR     ; FF     ;
+------------+-------------+--------+--------+--------+--------+
; GRout      ; CRT[0]      ; 7.086  ; 7.773  ; 8.168  ; 6.954  ;
; GRout      ; CRT[1]      ; 9.921  ; 10.408 ; 11.236 ; 9.442  ;
; GRout      ; CRT[2]      ; 9.582  ; 9.582  ; 9.887  ; 9.208  ;
; GRout      ; CRT[3]      ; 10.537 ; 10.537 ; 10.116 ; 9.995  ;
; GRout      ; CRT[4]      ; 9.543  ; 9.543  ; 10.176 ; 9.142  ;
; GRout      ; CRT[5]      ; 10.328 ; 10.328 ; 10.658 ; 9.805  ;
; GRout      ; CRT[6]      ; 7.379  ; 7.494  ; 7.828  ; 7.193  ;
; GRout      ; CRT[7]      ; 9.572  ; 9.572  ; 9.931  ; 9.198  ;
; GRsel      ; CRT[0]      ; 11.137 ; 10.828 ; 11.307 ; 10.998 ;
; GRsel      ; CRT[1]      ; 14.193 ; 13.449 ; 14.326 ; 13.582 ;
; GRsel      ; CRT[2]      ; 13.360 ; 12.778 ; 13.530 ; 12.948 ;
; GRsel      ; CRT[3]      ; 12.463 ; 11.982 ; 12.596 ; 12.115 ;
; GRsel      ; CRT[4]      ; 12.798 ; 12.199 ; 12.968 ; 12.369 ;
; GRsel      ; CRT[5]      ; 13.602 ; 13.019 ; 13.736 ; 13.153 ;
; GRsel      ; CRT[6]      ; 10.800 ; 10.495 ; 10.970 ; 10.665 ;
; GRsel      ; CRT[7]      ; 13.053 ; 12.499 ; 13.186 ; 12.632 ;
; MDRout     ; CRT[0]      ; 8.434  ; 8.809  ; 9.162  ; 8.292  ;
; MDRout     ; CRT[1]      ; 11.269 ; 11.442 ; 12.227 ; 10.780 ;
; MDRout     ; CRT[2]      ; 10.930 ; 11.130 ; 11.588 ; 10.546 ;
; MDRout     ; CRT[3]      ; 11.885 ; 11.885 ; 11.454 ; 11.333 ;
; MDRout     ; CRT[4]      ; 10.891 ; 11.021 ; 11.647 ; 10.480 ;
; MDRout     ; CRT[5]      ; 11.676 ; 11.698 ; 12.339 ; 11.143 ;
; MDRout     ; CRT[6]      ; 8.727  ; 9.007  ; 9.310  ; 8.531  ;
; MDRout     ; CRT[7]      ; 10.920 ; 10.920 ; 11.480 ; 10.536 ;
; PCout      ; CRT[0]      ; 8.218  ; 8.762  ; 8.976  ; 7.970  ;
; PCout      ; CRT[1]      ; 11.053 ; 11.513 ; 12.168 ; 10.458 ;
; PCout      ; CRT[2]      ; 10.714 ; 10.714 ; 10.905 ; 10.224 ;
; PCout      ; CRT[3]      ; 11.669 ; 11.669 ; 11.132 ; 11.011 ;
; PCout      ; CRT[4]      ; 10.675 ; 11.031 ; 11.563 ; 10.158 ;
; PCout      ; CRT[5]      ; 11.460 ; 11.552 ; 12.045 ; 10.821 ;
; PCout      ; CRT[6]      ; 8.511  ; 8.660  ; 8.910  ; 8.209  ;
; PCout      ; CRT[7]      ; 10.704 ; 10.704 ; 11.001 ; 10.214 ;
; Zout       ; CRT[0]      ; 8.322  ; 8.824  ; 9.088  ; 8.097  ;
; Zout       ; CRT[1]      ; 11.157 ; 11.793 ; 12.467 ; 10.585 ;
; Zout       ; CRT[2]      ; 10.818 ; 10.818 ; 11.028 ; 10.351 ;
; Zout       ; CRT[3]      ; 11.773 ; 11.773 ; 11.259 ; 11.138 ;
; Zout       ; CRT[4]      ; 10.779 ; 11.640 ; 12.090 ; 10.285 ;
; Zout       ; CRT[5]      ; 11.564 ; 12.161 ; 12.598 ; 10.948 ;
; Zout       ; CRT[6]      ; 8.615  ; 9.395  ; 9.575  ; 8.336  ;
; Zout       ; CRT[7]      ; 10.808 ; 11.046 ; 11.611 ; 10.341 ;
+------------+-------------+--------+--------+--------+--------+


+--------------------------------------------------------------+
; Minimum Propagation Delay                                    ;
+------------+-------------+--------+--------+--------+--------+
; Input Port ; Output Port ; RR     ; RF     ; FR     ; FF     ;
+------------+-------------+--------+--------+--------+--------+
; GRout      ; CRT[0]      ; 6.703  ; 6.696  ; 6.697  ; 6.697  ;
; GRout      ; CRT[1]      ; 9.426  ; 9.419  ; 9.087  ; 9.087  ;
; GRout      ; CRT[2]      ; 9.100  ; 9.093  ; 8.861  ; 8.861  ;
; GRout      ; CRT[3]      ; 10.024 ; 8.751  ; 9.296  ; 9.617  ;
; GRout      ; CRT[4]      ; 9.070  ; 9.066  ; 8.798  ; 8.798  ;
; GRout      ; CRT[5]      ; 9.816  ; 9.770  ; 9.434  ; 9.434  ;
; GRout      ; CRT[6]      ; 6.984  ; 6.977  ; 6.926  ; 6.926  ;
; GRout      ; CRT[7]      ; 9.090  ; 9.048  ; 8.851  ; 8.851  ;
; GRsel      ; CRT[0]      ; 10.120 ; 9.883  ; 10.258 ; 10.021 ;
; GRsel      ; CRT[1]      ; 13.208 ; 12.483 ; 13.275 ; 12.612 ;
; GRsel      ; CRT[2]      ; 11.790 ; 11.254 ; 11.928 ; 11.392 ;
; GRsel      ; CRT[3]      ; 11.516 ; 10.950 ; 11.575 ; 11.009 ;
; GRsel      ; CRT[4]      ; 11.825 ; 11.323 ; 11.963 ; 11.461 ;
; GRsel      ; CRT[5]      ; 12.253 ; 11.709 ; 12.312 ; 11.768 ;
; GRsel      ; CRT[6]      ; 9.333  ; 9.059  ; 9.471  ; 9.197  ;
; GRsel      ; CRT[7]      ; 11.961 ; 11.489 ; 12.020 ; 11.548 ;
; MDRout     ; CRT[0]      ; 7.997  ; 7.990  ; 7.981  ; 7.981  ;
; MDRout     ; CRT[1]      ; 10.720 ; 10.713 ; 10.371 ; 10.371 ;
; MDRout     ; CRT[2]      ; 10.394 ; 10.387 ; 10.145 ; 10.145 ;
; MDRout     ; CRT[3]      ; 11.318 ; 10.419 ; 10.901 ; 10.901 ;
; MDRout     ; CRT[4]      ; 10.364 ; 10.360 ; 10.082 ; 10.082 ;
; MDRout     ; CRT[5]      ; 11.110 ; 11.103 ; 10.718 ; 10.718 ;
; MDRout     ; CRT[6]      ; 8.278  ; 8.271  ; 8.210  ; 8.210  ;
; MDRout     ; CRT[7]      ; 10.384 ; 10.377 ; 10.135 ; 10.135 ;
; PCout      ; CRT[0]      ; 7.794  ; 7.787  ; 7.674  ; 7.674  ;
; PCout      ; CRT[1]      ; 10.517 ; 10.510 ; 10.064 ; 10.064 ;
; PCout      ; CRT[2]      ; 10.191 ; 10.074 ; 9.838  ; 9.838  ;
; PCout      ; CRT[3]      ; 11.115 ; 9.949  ; 10.431 ; 10.594 ;
; PCout      ; CRT[4]      ; 10.161 ; 10.157 ; 9.775  ; 9.775  ;
; PCout      ; CRT[5]      ; 10.907 ; 10.900 ; 10.411 ; 10.411 ;
; PCout      ; CRT[6]      ; 8.075  ; 8.068  ; 7.903  ; 7.903  ;
; PCout      ; CRT[7]      ; 10.181 ; 10.062 ; 9.828  ; 9.828  ;
; Zout       ; CRT[0]      ; 7.887  ; 7.880  ; 7.795  ; 7.795  ;
; Zout       ; CRT[1]      ; 10.610 ; 10.603 ; 10.185 ; 10.185 ;
; Zout       ; CRT[2]      ; 10.284 ; 10.263 ; 9.959  ; 9.959  ;
; Zout       ; CRT[3]      ; 11.208 ; 10.142 ; 10.608 ; 10.715 ;
; Zout       ; CRT[4]      ; 10.254 ; 10.250 ; 9.896  ; 9.896  ;
; Zout       ; CRT[5]      ; 11.000 ; 10.993 ; 10.532 ; 10.532 ;
; Zout       ; CRT[6]      ; 8.168  ; 8.161  ; 8.024  ; 8.024  ;
; Zout       ; CRT[7]      ; 10.274 ; 10.267 ; 9.949  ; 9.949  ;
+------------+-------------+--------+--------+--------+--------+


---------------------------------------------
; Slow 1200mV 0C Model Metastability Report ;
---------------------------------------------
No synchronizer chains to report.


+------------------------------------+
; Fast 1200mV 0C Model Setup Summary ;
+-------+--------+-------------------+
; Clock ; Slack  ; End Point TNS     ;
+-------+--------+-------------------+
; Clk   ; -2.193 ; -140.092          ;
+-------+--------+-------------------+


+-----------------------------------+
; Fast 1200mV 0C Model Hold Summary ;
+-------+-------+-------------------+
; Clock ; Slack ; End Point TNS     ;
+-------+-------+-------------------+
; Clk   ; 0.284 ; 0.000             ;
+-------+-------+-------------------+


-----------------------------------------
; Fast 1200mV 0C Model Recovery Summary ;
-----------------------------------------
No paths to report.


----------------------------------------
; Fast 1200mV 0C Model Removal Summary ;
----------------------------------------
No paths to report.


+--------------------------------------------------+
; Fast 1200mV 0C Model Minimum Pulse Width Summary ;
+-------+--------+---------------------------------+
; Clock ; Slack  ; End Point TNS                   ;
+-------+--------+---------------------------------+
; Clk   ; -3.000 ; -88.601                         ;
+-------+--------+---------------------------------+


+--------------------------------------------------------------------------------------------------------------------------------------------------------------------------------------------------------------------------------------------------------------------------------------------------+
; Fast 1200mV 0C Model Setup: 'Clk'                                                                                                                                                                                                                                                                ;
+--------+----------------------------------------------------------------------------------------------------------------+--------------------------------------------------------------------------------------------------+--------------+-------------+--------------+------------+------------+
; Slack  ; From Node                                                                                                      ; To Node                                                                                          ; Launch Clock ; Latch Clock ; Relationship ; Clock Skew ; Data Delay ;
+--------+----------------------------------------------------------------------------------------------------------------+--------------------------------------------------------------------------------------------------+--------------+-------------+--------------+------------+------------+
; -2.193 ; lpm_dff4:inst11|lpm_ff:lpm_ff_component|dffs[3]                                                                ; lpm_dff4:inst28|lpm_ff:lpm_ff_component|dffs[1]                                                  ; Clk          ; Clk         ; 1.000        ; -0.030     ; 3.150      ;
; -2.171 ; lpm_dff4:inst11|lpm_ff:lpm_ff_component|dffs[3]                                                                ; lpm_dff4:inst28|lpm_ff:lpm_ff_component|dffs[0]                                                  ; Clk          ; Clk         ; 1.000        ; -0.030     ; 3.128      ;
; -2.147 ; lpm_dff4:inst11|lpm_ff:lpm_ff_component|dffs[1]                                                                ; lpm_dff4:inst28|lpm_ff:lpm_ff_component|dffs[1]                                                  ; Clk          ; Clk         ; 1.000        ; -0.030     ; 3.104      ;
; -2.125 ; lpm_dff4:inst11|lpm_ff:lpm_ff_component|dffs[1]                                                                ; lpm_dff4:inst28|lpm_ff:lpm_ff_component|dffs[0]                                                  ; Clk          ; Clk         ; 1.000        ; -0.030     ; 3.082      ;
; -2.124 ; GPRs:inst7|lpm_dff1:inst10|lpm_ff:lpm_ff_component|dffs[0]                                                     ; lpm_dff4:inst28|lpm_ff:lpm_ff_component|dffs[0]                                                  ; Clk          ; Clk         ; 1.000        ; -0.033     ; 3.078      ;
; -2.088 ; GPRs:inst7|lpm_dff1:inst10|lpm_ff:lpm_ff_component|dffs[6]                                                     ; GPRs:inst7|lpm_dff3:inst12|lpm_ff:lpm_ff_component|dffs[6]                                       ; Clk          ; Clk         ; 1.000        ; -0.032     ; 3.043      ;
; -2.088 ; lpm_rom3:inst13|altsyncram:altsyncram_component|altsyncram_hga1:auto_generated|ram_block1a0~porta_address_reg0 ; lpm_dff4:inst14|lpm_ff:lpm_ff_component|dffs[2]                                                  ; Clk          ; Clk         ; 0.500        ; -0.606     ; 1.969      ;
; -2.082 ; lpm_rom3:inst13|altsyncram:altsyncram_component|altsyncram_hga1:auto_generated|ram_block1a0~porta_address_reg0 ; lpm_dff4:inst14|lpm_ff:lpm_ff_component|dffs[0]                                                  ; Clk          ; Clk         ; 0.500        ; -0.607     ; 1.962      ;
; -2.080 ; lpm_rom3:inst13|altsyncram:altsyncram_component|altsyncram_hga1:auto_generated|ram_block1a0~porta_address_reg0 ; lpm_dff4:inst14|lpm_ff:lpm_ff_component|dffs[7]                                                  ; Clk          ; Clk         ; 0.500        ; -0.607     ; 1.960      ;
; -2.078 ; lpm_dff4:inst11|lpm_ff:lpm_ff_component|dffs[0]                                                                ; lpm_dff4:inst28|lpm_ff:lpm_ff_component|dffs[1]                                                  ; Clk          ; Clk         ; 1.000        ; -0.030     ; 3.035      ;
; -2.069 ; lpm_rom3:inst13|altsyncram:altsyncram_component|altsyncram_hga1:auto_generated|ram_block1a0~porta_address_reg0 ; lpm_dff4:inst14|lpm_ff:lpm_ff_component|dffs[1]                                                  ; Clk          ; Clk         ; 0.500        ; -0.607     ; 1.949      ;
; -2.040 ; lpm_dff4:inst11|lpm_ff:lpm_ff_component|dffs[0]                                                                ; lpm_dff4:inst28|lpm_ff:lpm_ff_component|dffs[0]                                                  ; Clk          ; Clk         ; 1.000        ; -0.030     ; 2.997      ;
; -2.023 ; GPRs:inst7|lpm_dff1:inst10|lpm_ff:lpm_ff_component|dffs[6]                                                     ; GPRs:inst7|lpm_dff1:inst10|lpm_ff:lpm_ff_component|dffs[6]                                       ; Clk          ; Clk         ; 1.000        ; -0.036     ; 2.974      ;
; -2.020 ; GPRs:inst7|lpm_dff1:inst10|lpm_ff:lpm_ff_component|dffs[6]                                                     ; lpm_dff4:inst11|lpm_ff:lpm_ff_component|dffs[6]                                                  ; Clk          ; Clk         ; 1.000        ; -0.036     ; 2.971      ;
; -2.018 ; lpm_dff4:inst11|lpm_ff:lpm_ff_component|dffs[3]                                                                ; lpm_dff4:inst28|lpm_ff:lpm_ff_component|dffs[7]                                                  ; Clk          ; Clk         ; 1.000        ; -0.030     ; 2.975      ;
; -2.005 ; lpm_dff4:inst11|lpm_ff:lpm_ff_component|dffs[3]                                                                ; GPRs:inst7|lpm_dff3:inst12|lpm_ff:lpm_ff_component|dffs[5]                                       ; Clk          ; Clk         ; 1.000        ; -0.029     ; 2.963      ;
; -1.999 ; lpm_dff4:inst11|lpm_ff:lpm_ff_component|dffs[2]                                                                ; lpm_dff4:inst28|lpm_ff:lpm_ff_component|dffs[1]                                                  ; Clk          ; Clk         ; 1.000        ; -0.030     ; 2.956      ;
; -1.995 ; lpm_dff4:inst11|lpm_ff:lpm_ff_component|dffs[3]                                                                ; GPRs:inst7|lpm_dff3:inst12|lpm_ff:lpm_ff_component|dffs[6]                                       ; Clk          ; Clk         ; 1.000        ; -0.029     ; 2.953      ;
; -1.993 ; lpm_dff4:inst11|lpm_ff:lpm_ff_component|dffs[3]                                                                ; GPRs:inst7|lpm_dff3:inst12|lpm_ff:lpm_ff_component|dffs[7]                                       ; Clk          ; Clk         ; 1.000        ; -0.031     ; 2.949      ;
; -1.974 ; lpm_dff4:inst11|lpm_ff:lpm_ff_component|dffs[3]                                                                ; GPRs:inst7|lpm_dff1:inst10|lpm_ff:lpm_ff_component|dffs[5]                                       ; Clk          ; Clk         ; 1.000        ; -0.033     ; 2.928      ;
; -1.973 ; lpm_dff4:inst11|lpm_ff:lpm_ff_component|dffs[3]                                                                ; lpm_dff4:inst11|lpm_ff:lpm_ff_component|dffs[5]                                                  ; Clk          ; Clk         ; 1.000        ; -0.033     ; 2.927      ;
; -1.973 ; GPRs:inst7|lpm_dff2:inst11|lpm_ff:lpm_ff_component|dffs[1]                                                     ; lpm_dff4:inst28|lpm_ff:lpm_ff_component|dffs[1]                                                  ; Clk          ; Clk         ; 1.000        ; -0.031     ; 2.929      ;
; -1.972 ; lpm_dff4:inst11|lpm_ff:lpm_ff_component|dffs[1]                                                                ; lpm_dff4:inst28|lpm_ff:lpm_ff_component|dffs[7]                                                  ; Clk          ; Clk         ; 1.000        ; -0.030     ; 2.929      ;
; -1.966 ; lpm_dff4:inst11|lpm_ff:lpm_ff_component|dffs[3]                                                                ; GPRs:inst7|lpm_dff3:inst12|lpm_ff:lpm_ff_component|dffs[1]                                       ; Clk          ; Clk         ; 1.000        ; -0.031     ; 2.922      ;
; -1.961 ; lpm_dff4:inst11|lpm_ff:lpm_ff_component|dffs[2]                                                                ; lpm_dff4:inst28|lpm_ff:lpm_ff_component|dffs[0]                                                  ; Clk          ; Clk         ; 1.000        ; -0.030     ; 2.918      ;
; -1.959 ; lpm_dff4:inst11|lpm_ff:lpm_ff_component|dffs[1]                                                                ; GPRs:inst7|lpm_dff3:inst12|lpm_ff:lpm_ff_component|dffs[5]                                       ; Clk          ; Clk         ; 1.000        ; -0.029     ; 2.917      ;
; -1.957 ; lpm_rom3:inst13|altsyncram:altsyncram_component|altsyncram_hga1:auto_generated|ram_block1a0~porta_address_reg0 ; lpm_dff4:inst14|lpm_ff:lpm_ff_component|dffs[5]                                                  ; Clk          ; Clk         ; 0.500        ; -0.605     ; 1.839      ;
; -1.956 ; lpm_dff4:inst11|lpm_ff:lpm_ff_component|dffs[3]                                                                ; lpm_dff4:inst28|lpm_ff:lpm_ff_component|dffs[2]                                                  ; Clk          ; Clk         ; 1.000        ; -0.030     ; 2.913      ;
; -1.954 ; lpm_dff4:inst11|lpm_ff:lpm_ff_component|dffs[3]                                                                ; lpm_dff4:inst28|lpm_ff:lpm_ff_component|dffs[6]                                                  ; Clk          ; Clk         ; 1.000        ; -0.030     ; 2.911      ;
; -1.953 ; GPRs:inst7|lpm_dff1:inst10|lpm_ff:lpm_ff_component|dffs[2]                                                     ; lpm_dff4:inst28|lpm_ff:lpm_ff_component|dffs[7]                                                  ; Clk          ; Clk         ; 1.000        ; -0.033     ; 2.907      ;
; -1.950 ; lpm_dff4:inst11|lpm_ff:lpm_ff_component|dffs[3]                                                                ; lpm_dff4:inst28|lpm_ff:lpm_ff_component|dffs[5]                                                  ; Clk          ; Clk         ; 1.000        ; -0.030     ; 2.907      ;
; -1.949 ; lpm_dff4:inst11|lpm_ff:lpm_ff_component|dffs[1]                                                                ; GPRs:inst7|lpm_dff3:inst12|lpm_ff:lpm_ff_component|dffs[6]                                       ; Clk          ; Clk         ; 1.000        ; -0.029     ; 2.907      ;
; -1.949 ; lpm_rom3:inst13|altsyncram:altsyncram_component|altsyncram_hga1:auto_generated|ram_block1a0~porta_address_reg0 ; lpm_dff4:inst14|lpm_ff:lpm_ff_component|dffs[6]                                                  ; Clk          ; Clk         ; 0.500        ; -0.605     ; 1.831      ;
; -1.947 ; lpm_dff4:inst11|lpm_ff:lpm_ff_component|dffs[1]                                                                ; GPRs:inst7|lpm_dff3:inst12|lpm_ff:lpm_ff_component|dffs[7]                                       ; Clk          ; Clk         ; 1.000        ; -0.031     ; 2.903      ;
; -1.946 ; lpm_rom3:inst13|altsyncram:altsyncram_component|altsyncram_hga1:auto_generated|ram_block1a0~porta_address_reg0 ; lpm_dff4:inst14|lpm_ff:lpm_ff_component|dffs[3]                                                  ; Clk          ; Clk         ; 0.500        ; -0.606     ; 1.827      ;
; -1.941 ; lpm_dff4:inst11|lpm_ff:lpm_ff_component|dffs[3]                                                                ; GPRs:inst7|lpm_dff1:inst10|lpm_ff:lpm_ff_component|dffs[7]                                       ; Clk          ; Clk         ; 1.000        ; -0.033     ; 2.895      ;
; -1.941 ; lpm_rom3:inst13|altsyncram:altsyncram_component|altsyncram_hga1:auto_generated|ram_block1a0~porta_address_reg0 ; lpm_dff4:inst14|lpm_ff:lpm_ff_component|dffs[4]                                                  ; Clk          ; Clk         ; 0.500        ; -0.605     ; 1.823      ;
; -1.939 ; GPRs:inst7|lpm_dff1:inst10|lpm_ff:lpm_ff_component|dffs[6]                                                     ; lpm_dff4:inst28|lpm_ff:lpm_ff_component|dffs[6]                                                  ; Clk          ; Clk         ; 1.000        ; -0.033     ; 2.893      ;
; -1.938 ; lpm_dff4:inst11|lpm_ff:lpm_ff_component|dffs[3]                                                                ; lpm_dff4:inst11|lpm_ff:lpm_ff_component|dffs[7]                                                  ; Clk          ; Clk         ; 1.000        ; -0.033     ; 2.892      ;
; -1.930 ; lpm_dff4:inst11|lpm_ff:lpm_ff_component|dffs[3]                                                                ; GPRs:inst7|lpm_dff1:inst10|lpm_ff:lpm_ff_component|dffs[6]                                       ; Clk          ; Clk         ; 1.000        ; -0.033     ; 2.884      ;
; -1.928 ; lpm_dff4:inst11|lpm_ff:lpm_ff_component|dffs[1]                                                                ; GPRs:inst7|lpm_dff1:inst10|lpm_ff:lpm_ff_component|dffs[5]                                       ; Clk          ; Clk         ; 1.000        ; -0.033     ; 2.882      ;
; -1.927 ; lpm_dff4:inst11|lpm_ff:lpm_ff_component|dffs[3]                                                                ; lpm_dff4:inst11|lpm_ff:lpm_ff_component|dffs[6]                                                  ; Clk          ; Clk         ; 1.000        ; -0.033     ; 2.881      ;
; -1.927 ; lpm_dff4:inst11|lpm_ff:lpm_ff_component|dffs[1]                                                                ; lpm_dff4:inst11|lpm_ff:lpm_ff_component|dffs[5]                                                  ; Clk          ; Clk         ; 1.000        ; -0.033     ; 2.881      ;
; -1.920 ; lpm_dff4:inst11|lpm_ff:lpm_ff_component|dffs[1]                                                                ; GPRs:inst7|lpm_dff3:inst12|lpm_ff:lpm_ff_component|dffs[1]                                       ; Clk          ; Clk         ; 1.000        ; -0.031     ; 2.876      ;
; -1.912 ; GPRs:inst7|lpm_dff1:inst10|lpm_ff:lpm_ff_component|dffs[6]                                                     ; GPRs:inst7|lpm_dff0:inst|lpm_ff:lpm_ff_component|dffs[6]                                         ; Clk          ; Clk         ; 1.000        ; -0.038     ; 2.861      ;
; -1.911 ; lpm_dff4:inst11|lpm_ff:lpm_ff_component|dffs[3]                                                                ; GPRs:inst7|lpm_dff1:inst10|lpm_ff:lpm_ff_component|dffs[2]                                       ; Clk          ; Clk         ; 1.000        ; -0.033     ; 2.865      ;
; -1.910 ; lpm_dff4:inst11|lpm_ff:lpm_ff_component|dffs[1]                                                                ; lpm_dff4:inst28|lpm_ff:lpm_ff_component|dffs[2]                                                  ; Clk          ; Clk         ; 1.000        ; -0.030     ; 2.867      ;
; -1.908 ; lpm_dff4:inst11|lpm_ff:lpm_ff_component|dffs[1]                                                                ; lpm_dff4:inst28|lpm_ff:lpm_ff_component|dffs[6]                                                  ; Clk          ; Clk         ; 1.000        ; -0.030     ; 2.865      ;
; -1.904 ; lpm_dff4:inst11|lpm_ff:lpm_ff_component|dffs[1]                                                                ; lpm_dff4:inst28|lpm_ff:lpm_ff_component|dffs[5]                                                  ; Clk          ; Clk         ; 1.000        ; -0.030     ; 2.861      ;
; -1.901 ; lpm_dff4:inst11|lpm_ff:lpm_ff_component|dffs[3]                                                                ; lpm_counter0:inst10|lpm_counter:lpm_counter_component|cntr_tqj:auto_generated|counter_reg_bit[0] ; Clk          ; Clk         ; 1.000        ; -0.031     ; 2.857      ;
; -1.895 ; lpm_dff4:inst11|lpm_ff:lpm_ff_component|dffs[1]                                                                ; GPRs:inst7|lpm_dff1:inst10|lpm_ff:lpm_ff_component|dffs[7]                                       ; Clk          ; Clk         ; 1.000        ; -0.033     ; 2.849      ;
; -1.892 ; lpm_dff4:inst11|lpm_ff:lpm_ff_component|dffs[3]                                                                ; GPRs:inst7|lpm_dff1:inst10|lpm_ff:lpm_ff_component|dffs[1]                                       ; Clk          ; Clk         ; 1.000        ; -0.033     ; 2.846      ;
; -1.892 ; lpm_dff4:inst11|lpm_ff:lpm_ff_component|dffs[1]                                                                ; lpm_dff4:inst11|lpm_ff:lpm_ff_component|dffs[7]                                                  ; Clk          ; Clk         ; 1.000        ; -0.033     ; 2.846      ;
; -1.891 ; GPRs:inst7|lpm_dff1:inst10|lpm_ff:lpm_ff_component|dffs[2]                                                     ; lpm_dff4:inst28|lpm_ff:lpm_ff_component|dffs[2]                                                  ; Clk          ; Clk         ; 1.000        ; -0.033     ; 2.845      ;
; -1.890 ; lpm_dff4:inst11|lpm_ff:lpm_ff_component|dffs[0]                                                                ; lpm_dff4:inst28|lpm_ff:lpm_ff_component|dffs[7]                                                  ; Clk          ; Clk         ; 1.000        ; -0.030     ; 2.847      ;
; -1.889 ; GPRs:inst7|lpm_dff1:inst10|lpm_ff:lpm_ff_component|dffs[2]                                                     ; lpm_dff4:inst28|lpm_ff:lpm_ff_component|dffs[6]                                                  ; Clk          ; Clk         ; 1.000        ; -0.033     ; 2.843      ;
; -1.886 ; lpm_dff4:inst11|lpm_ff:lpm_ff_component|dffs[3]                                                                ; lpm_dff4:inst28|lpm_ff:lpm_ff_component|dffs[4]                                                  ; Clk          ; Clk         ; 1.000        ; -0.030     ; 2.843      ;
; -1.885 ; GPRs:inst7|lpm_dff1:inst10|lpm_ff:lpm_ff_component|dffs[2]                                                     ; lpm_dff4:inst28|lpm_ff:lpm_ff_component|dffs[5]                                                  ; Clk          ; Clk         ; 1.000        ; -0.033     ; 2.839      ;
; -1.884 ; lpm_dff4:inst11|lpm_ff:lpm_ff_component|dffs[1]                                                                ; GPRs:inst7|lpm_dff1:inst10|lpm_ff:lpm_ff_component|dffs[6]                                       ; Clk          ; Clk         ; 1.000        ; -0.033     ; 2.838      ;
; -1.882 ; lpm_dff4:inst11|lpm_ff:lpm_ff_component|dffs[3]                                                                ; lpm_dff4:inst28|lpm_ff:lpm_ff_component|dffs[3]                                                  ; Clk          ; Clk         ; 1.000        ; -0.030     ; 2.839      ;
; -1.881 ; lpm_dff4:inst11|lpm_ff:lpm_ff_component|dffs[1]                                                                ; lpm_dff4:inst11|lpm_ff:lpm_ff_component|dffs[6]                                                  ; Clk          ; Clk         ; 1.000        ; -0.033     ; 2.835      ;
; -1.866 ; lpm_dff4:inst11|lpm_ff:lpm_ff_component|dffs[3]                                                                ; GPRs:inst7|lpm_dff1:inst10|lpm_ff:lpm_ff_component|dffs[3]                                       ; Clk          ; Clk         ; 1.000        ; -0.030     ; 2.823      ;
; -1.865 ; GPRs:inst7|lpm_dff2:inst11|lpm_ff:lpm_ff_component|dffs[5]                                                     ; GPRs:inst7|lpm_dff3:inst12|lpm_ff:lpm_ff_component|dffs[5]                                       ; Clk          ; Clk         ; 1.000        ; -0.030     ; 2.822      ;
; -1.865 ; lpm_dff4:inst11|lpm_ff:lpm_ff_component|dffs[1]                                                                ; GPRs:inst7|lpm_dff1:inst10|lpm_ff:lpm_ff_component|dffs[2]                                       ; Clk          ; Clk         ; 1.000        ; -0.033     ; 2.819      ;
; -1.864 ; lpm_dff4:inst11|lpm_ff:lpm_ff_component|dffs[0]                                                                ; GPRs:inst7|lpm_dff3:inst12|lpm_ff:lpm_ff_component|dffs[6]                                       ; Clk          ; Clk         ; 1.000        ; -0.029     ; 2.822      ;
; -1.855 ; lpm_dff4:inst11|lpm_ff:lpm_ff_component|dffs[3]                                                                ; GPRs:inst7|lpm_dff3:inst12|lpm_ff:lpm_ff_component|dffs[0]                                       ; Clk          ; Clk         ; 1.000        ; -0.031     ; 2.811      ;
; -1.855 ; lpm_dff4:inst11|lpm_ff:lpm_ff_component|dffs[1]                                                                ; lpm_counter0:inst10|lpm_counter:lpm_counter_component|cntr_tqj:auto_generated|counter_reg_bit[0] ; Clk          ; Clk         ; 1.000        ; -0.031     ; 2.811      ;
; -1.854 ; GPRs:inst7|lpm_dff1:inst10|lpm_ff:lpm_ff_component|dffs[0]                                                     ; lpm_counter0:inst10|lpm_counter:lpm_counter_component|cntr_tqj:auto_generated|counter_reg_bit[0] ; Clk          ; Clk         ; 1.000        ; -0.034     ; 2.807      ;
; -1.851 ; lpm_dff4:inst11|lpm_ff:lpm_ff_component|dffs[0]                                                                ; GPRs:inst7|lpm_dff3:inst12|lpm_ff:lpm_ff_component|dffs[1]                                       ; Clk          ; Clk         ; 1.000        ; -0.031     ; 2.807      ;
; -1.846 ; GPRs:inst7|lpm_dff1:inst10|lpm_ff:lpm_ff_component|dffs[2]                                                     ; GPRs:inst7|lpm_dff1:inst10|lpm_ff:lpm_ff_component|dffs[2]                                       ; Clk          ; Clk         ; 1.000        ; -0.036     ; 2.797      ;
; -1.846 ; lpm_dff4:inst11|lpm_ff:lpm_ff_component|dffs[1]                                                                ; GPRs:inst7|lpm_dff1:inst10|lpm_ff:lpm_ff_component|dffs[1]                                       ; Clk          ; Clk         ; 1.000        ; -0.033     ; 2.800      ;
; -1.845 ; GPRs:inst7|lpm_dff1:inst10|lpm_ff:lpm_ff_component|dffs[6]                                                     ; GPRs:inst7|lpm_dff2:inst11|lpm_ff:lpm_ff_component|dffs[6]                                       ; Clk          ; Clk         ; 1.000        ; -0.038     ; 2.794      ;
; -1.840 ; lpm_dff4:inst11|lpm_ff:lpm_ff_component|dffs[1]                                                                ; lpm_dff4:inst28|lpm_ff:lpm_ff_component|dffs[4]                                                  ; Clk          ; Clk         ; 1.000        ; -0.030     ; 2.797      ;
; -1.836 ; lpm_dff4:inst11|lpm_ff:lpm_ff_component|dffs[1]                                                                ; lpm_dff4:inst28|lpm_ff:lpm_ff_component|dffs[3]                                                  ; Clk          ; Clk         ; 1.000        ; -0.030     ; 2.793      ;
; -1.835 ; lpm_dff4:inst11|lpm_ff:lpm_ff_component|dffs[3]                                                                ; GPRs:inst7|lpm_dff2:inst11|lpm_ff:lpm_ff_component|dffs[7]                                       ; Clk          ; Clk         ; 1.000        ; -0.035     ; 2.787      ;
; -1.834 ; GPRs:inst7|lpm_dff2:inst11|lpm_ff:lpm_ff_component|dffs[5]                                                     ; GPRs:inst7|lpm_dff1:inst10|lpm_ff:lpm_ff_component|dffs[5]                                       ; Clk          ; Clk         ; 1.000        ; -0.034     ; 2.787      ;
; -1.833 ; GPRs:inst7|lpm_dff2:inst11|lpm_ff:lpm_ff_component|dffs[5]                                                     ; lpm_dff4:inst11|lpm_ff:lpm_ff_component|dffs[5]                                                  ; Clk          ; Clk         ; 1.000        ; -0.034     ; 2.786      ;
; -1.831 ; lpm_dff4:inst11|lpm_ff:lpm_ff_component|dffs[0]                                                                ; GPRs:inst7|lpm_dff3:inst12|lpm_ff:lpm_ff_component|dffs[5]                                       ; Clk          ; Clk         ; 1.000        ; -0.029     ; 2.789      ;
; -1.829 ; lpm_dff4:inst11|lpm_ff:lpm_ff_component|dffs[3]                                                                ; GPRs:inst7|lpm_dff2:inst11|lpm_ff:lpm_ff_component|dffs[5]                                       ; Clk          ; Clk         ; 1.000        ; -0.035     ; 2.781      ;
; -1.828 ; lpm_dff4:inst11|lpm_ff:lpm_ff_component|dffs[0]                                                                ; lpm_dff4:inst28|lpm_ff:lpm_ff_component|dffs[2]                                                  ; Clk          ; Clk         ; 1.000        ; -0.030     ; 2.785      ;
; -1.826 ; lpm_dff4:inst11|lpm_ff:lpm_ff_component|dffs[0]                                                                ; lpm_dff4:inst28|lpm_ff:lpm_ff_component|dffs[6]                                                  ; Clk          ; Clk         ; 1.000        ; -0.030     ; 2.783      ;
; -1.823 ; GPRs:inst7|lpm_dff1:inst10|lpm_ff:lpm_ff_component|dffs[6]                                                     ; lpm_dff4:inst28|lpm_ff:lpm_ff_component|dffs[7]                                                  ; Clk          ; Clk         ; 1.000        ; -0.033     ; 2.777      ;
; -1.822 ; lpm_dff4:inst11|lpm_ff:lpm_ff_component|dffs[0]                                                                ; lpm_dff4:inst28|lpm_ff:lpm_ff_component|dffs[5]                                                  ; Clk          ; Clk         ; 1.000        ; -0.030     ; 2.779      ;
; -1.821 ; lpm_dff4:inst11|lpm_ff:lpm_ff_component|dffs[3]                                                                ; lpm_dff4:inst29|lpm_ff:lpm_ff_component|dffs[5]                                                  ; Clk          ; Clk         ; 1.000        ; -0.036     ; 2.772      ;
; -1.821 ; GPRs:inst7|lpm_dff1:inst10|lpm_ff:lpm_ff_component|dffs[2]                                                     ; lpm_dff4:inst28|lpm_ff:lpm_ff_component|dffs[4]                                                  ; Clk          ; Clk         ; 1.000        ; -0.033     ; 2.775      ;
; -1.820 ; lpm_dff4:inst11|lpm_ff:lpm_ff_component|dffs[1]                                                                ; GPRs:inst7|lpm_dff1:inst10|lpm_ff:lpm_ff_component|dffs[3]                                       ; Clk          ; Clk         ; 1.000        ; -0.030     ; 2.777      ;
; -1.819 ; lpm_dff4:inst11|lpm_ff:lpm_ff_component|dffs[3]                                                                ; GPRs:inst7|lpm_dff0:inst|lpm_ff:lpm_ff_component|dffs[6]                                         ; Clk          ; Clk         ; 1.000        ; -0.035     ; 2.771      ;
; -1.818 ; lpm_dff4:inst11|lpm_ff:lpm_ff_component|dffs[0]                                                                ; GPRs:inst7|lpm_dff3:inst12|lpm_ff:lpm_ff_component|dffs[7]                                       ; Clk          ; Clk         ; 1.000        ; -0.031     ; 2.774      ;
; -1.817 ; GPRs:inst7|lpm_dff1:inst10|lpm_ff:lpm_ff_component|dffs[2]                                                     ; lpm_dff4:inst28|lpm_ff:lpm_ff_component|dffs[3]                                                  ; Clk          ; Clk         ; 1.000        ; -0.033     ; 2.771      ;
; -1.813 ; lpm_dff4:inst11|lpm_ff:lpm_ff_component|dffs[3]                                                                ; GPRs:inst7|lpm_dff0:inst|lpm_ff:lpm_ff_component|dffs[5]                                         ; Clk          ; Clk         ; 1.000        ; -0.035     ; 2.765      ;
; -1.811 ; lpm_dff4:inst11|lpm_ff:lpm_ff_component|dffs[2]                                                                ; lpm_dff4:inst28|lpm_ff:lpm_ff_component|dffs[7]                                                  ; Clk          ; Clk         ; 1.000        ; -0.030     ; 2.768      ;
; -1.809 ; lpm_dff4:inst11|lpm_ff:lpm_ff_component|dffs[1]                                                                ; GPRs:inst7|lpm_dff3:inst12|lpm_ff:lpm_ff_component|dffs[0]                                       ; Clk          ; Clk         ; 1.000        ; -0.031     ; 2.765      ;
; -1.808 ; GPRs:inst7|lpm_dff1:inst10|lpm_ff:lpm_ff_component|dffs[0]                                                     ; GPRs:inst7|lpm_dff3:inst12|lpm_ff:lpm_ff_component|dffs[0]                                       ; Clk          ; Clk         ; 1.000        ; -0.034     ; 2.761      ;
; -1.800 ; lpm_dff4:inst11|lpm_ff:lpm_ff_component|dffs[0]                                                                ; GPRs:inst7|lpm_dff1:inst10|lpm_ff:lpm_ff_component|dffs[5]                                       ; Clk          ; Clk         ; 1.000        ; -0.033     ; 2.754      ;
; -1.800 ; GPRs:inst7|lpm_dff1:inst10|lpm_ff:lpm_ff_component|dffs[0]                                                     ; lpm_dff4:inst28|lpm_ff:lpm_ff_component|dffs[7]                                                  ; Clk          ; Clk         ; 1.000        ; -0.033     ; 2.754      ;
; -1.799 ; lpm_dff4:inst11|lpm_ff:lpm_ff_component|dffs[0]                                                                ; GPRs:inst7|lpm_dff1:inst10|lpm_ff:lpm_ff_component|dffs[6]                                       ; Clk          ; Clk         ; 1.000        ; -0.033     ; 2.753      ;
; -1.799 ; lpm_dff4:inst11|lpm_ff:lpm_ff_component|dffs[0]                                                                ; lpm_dff4:inst11|lpm_ff:lpm_ff_component|dffs[5]                                                  ; Clk          ; Clk         ; 1.000        ; -0.033     ; 2.753      ;
; -1.798 ; lpm_dff4:inst11|lpm_ff:lpm_ff_component|dffs[3]                                                                ; lpm_dff4:inst12|lpm_ff:lpm_ff_component|dffs[2]                                                  ; Clk          ; Clk         ; 1.000        ; -0.036     ; 2.749      ;
; -1.796 ; lpm_dff4:inst11|lpm_ff:lpm_ff_component|dffs[0]                                                                ; lpm_dff4:inst11|lpm_ff:lpm_ff_component|dffs[6]                                                  ; Clk          ; Clk         ; 1.000        ; -0.033     ; 2.750      ;
; -1.789 ; lpm_dff4:inst11|lpm_ff:lpm_ff_component|dffs[1]                                                                ; GPRs:inst7|lpm_dff2:inst11|lpm_ff:lpm_ff_component|dffs[7]                                       ; Clk          ; Clk         ; 1.000        ; -0.035     ; 2.741      ;
+--------+----------------------------------------------------------------------------------------------------------------+--------------------------------------------------------------------------------------------------+--------------+-------------+--------------+------------+------------+


+-------------------------------------------------------------------------------------------------------------------------------------------------------------------------------------------------------------------------------------------------------------------------------------------------+
; Fast 1200mV 0C Model Hold: 'Clk'                                                                                                                                                                                                                                                                ;
+-------+--------------------------------------------------------------------------------------------------+----------------------------------------------------------------------------------------------------------------+--------------+-------------+--------------+------------+------------+
; Slack ; From Node                                                                                        ; To Node                                                                                                        ; Launch Clock ; Latch Clock ; Relationship ; Clock Skew ; Data Delay ;
+-------+--------------------------------------------------------------------------------------------------+----------------------------------------------------------------------------------------------------------------+--------------+-------------+--------------+------------+------------+
; 0.284 ; lpm_counter0:inst10|lpm_counter:lpm_counter_component|cntr_tqj:auto_generated|counter_reg_bit[7] ; lpm_counter0:inst10|lpm_counter:lpm_counter_component|cntr_tqj:auto_generated|counter_reg_bit[7]               ; Clk          ; Clk         ; 0.000        ; 0.036      ; 0.424      ;
; 0.286 ; lpm_counter0:inst10|lpm_counter:lpm_counter_component|cntr_tqj:auto_generated|counter_reg_bit[1] ; lpm_counter0:inst10|lpm_counter:lpm_counter_component|cntr_tqj:auto_generated|counter_reg_bit[1]               ; Clk          ; Clk         ; 0.000        ; 0.036      ; 0.426      ;
; 0.286 ; lpm_counter0:inst10|lpm_counter:lpm_counter_component|cntr_tqj:auto_generated|counter_reg_bit[5] ; lpm_counter0:inst10|lpm_counter:lpm_counter_component|cntr_tqj:auto_generated|counter_reg_bit[5]               ; Clk          ; Clk         ; 0.000        ; 0.036      ; 0.426      ;
; 0.287 ; lpm_counter0:inst10|lpm_counter:lpm_counter_component|cntr_tqj:auto_generated|counter_reg_bit[6] ; lpm_counter0:inst10|lpm_counter:lpm_counter_component|cntr_tqj:auto_generated|counter_reg_bit[6]               ; Clk          ; Clk         ; 0.000        ; 0.036      ; 0.427      ;
; 0.287 ; lpm_counter0:inst10|lpm_counter:lpm_counter_component|cntr_tqj:auto_generated|counter_reg_bit[3] ; lpm_counter0:inst10|lpm_counter:lpm_counter_component|cntr_tqj:auto_generated|counter_reg_bit[3]               ; Clk          ; Clk         ; 0.000        ; 0.036      ; 0.427      ;
; 0.288 ; lpm_counter0:inst10|lpm_counter:lpm_counter_component|cntr_tqj:auto_generated|counter_reg_bit[4] ; lpm_counter0:inst10|lpm_counter:lpm_counter_component|cntr_tqj:auto_generated|counter_reg_bit[4]               ; Clk          ; Clk         ; 0.000        ; 0.036      ; 0.428      ;
; 0.295 ; lpm_counter0:inst10|lpm_counter:lpm_counter_component|cntr_tqj:auto_generated|counter_reg_bit[0] ; lpm_counter0:inst10|lpm_counter:lpm_counter_component|cntr_tqj:auto_generated|counter_reg_bit[0]               ; Clk          ; Clk         ; 0.000        ; 0.036      ; 0.435      ;
; 0.299 ; lpm_counter0:inst10|lpm_counter:lpm_counter_component|cntr_tqj:auto_generated|counter_reg_bit[2] ; lpm_counter0:inst10|lpm_counter:lpm_counter_component|cntr_tqj:auto_generated|counter_reg_bit[2]               ; Clk          ; Clk         ; 0.000        ; 0.036      ; 0.439      ;
; 0.380 ; lpm_dff4:inst12|lpm_ff:lpm_ff_component|dffs[3]                                                  ; lpm_rom3:inst13|altsyncram:altsyncram_component|altsyncram_hga1:auto_generated|ram_block1a0~porta_address_reg0 ; Clk          ; Clk         ; -0.500       ; 0.612      ; 0.616      ;
; 0.385 ; lpm_dff4:inst12|lpm_ff:lpm_ff_component|dffs[4]                                                  ; lpm_rom3:inst13|altsyncram:altsyncram_component|altsyncram_hga1:auto_generated|ram_block1a0~porta_address_reg0 ; Clk          ; Clk         ; -0.500       ; 0.612      ; 0.621      ;
; 0.391 ; lpm_dff4:inst12|lpm_ff:lpm_ff_component|dffs[7]                                                  ; lpm_rom3:inst13|altsyncram:altsyncram_component|altsyncram_hga1:auto_generated|ram_block1a0~porta_address_reg0 ; Clk          ; Clk         ; -0.500       ; 0.612      ; 0.627      ;
; 0.399 ; lpm_dff4:inst12|lpm_ff:lpm_ff_component|dffs[2]                                                  ; lpm_rom3:inst13|altsyncram:altsyncram_component|altsyncram_hga1:auto_generated|ram_block1a0~porta_address_reg0 ; Clk          ; Clk         ; -0.500       ; 0.612      ; 0.635      ;
; 0.402 ; lpm_dff4:inst12|lpm_ff:lpm_ff_component|dffs[5]                                                  ; lpm_rom3:inst13|altsyncram:altsyncram_component|altsyncram_hga1:auto_generated|ram_block1a0~porta_address_reg0 ; Clk          ; Clk         ; -0.500       ; 0.612      ; 0.638      ;
; 0.424 ; lpm_dff4:inst12|lpm_ff:lpm_ff_component|dffs[0]                                                  ; lpm_rom3:inst13|altsyncram:altsyncram_component|altsyncram_hga1:auto_generated|ram_block1a0~porta_address_reg0 ; Clk          ; Clk         ; -0.500       ; 0.612      ; 0.660      ;
; 0.426 ; lpm_dff4:inst12|lpm_ff:lpm_ff_component|dffs[1]                                                  ; lpm_rom3:inst13|altsyncram:altsyncram_component|altsyncram_hga1:auto_generated|ram_block1a0~porta_address_reg0 ; Clk          ; Clk         ; -0.500       ; 0.612      ; 0.662      ;
; 0.435 ; lpm_counter0:inst10|lpm_counter:lpm_counter_component|cntr_tqj:auto_generated|counter_reg_bit[5] ; lpm_counter0:inst10|lpm_counter:lpm_counter_component|cntr_tqj:auto_generated|counter_reg_bit[6]               ; Clk          ; Clk         ; 0.000        ; 0.036      ; 0.575      ;
; 0.435 ; lpm_counter0:inst10|lpm_counter:lpm_counter_component|cntr_tqj:auto_generated|counter_reg_bit[1] ; lpm_counter0:inst10|lpm_counter:lpm_counter_component|cntr_tqj:auto_generated|counter_reg_bit[2]               ; Clk          ; Clk         ; 0.000        ; 0.036      ; 0.575      ;
; 0.436 ; lpm_counter0:inst10|lpm_counter:lpm_counter_component|cntr_tqj:auto_generated|counter_reg_bit[3] ; lpm_counter0:inst10|lpm_counter:lpm_counter_component|cntr_tqj:auto_generated|counter_reg_bit[4]               ; Clk          ; Clk         ; 0.000        ; 0.036      ; 0.576      ;
; 0.444 ; lpm_counter0:inst10|lpm_counter:lpm_counter_component|cntr_tqj:auto_generated|counter_reg_bit[0] ; lpm_counter0:inst10|lpm_counter:lpm_counter_component|cntr_tqj:auto_generated|counter_reg_bit[1]               ; Clk          ; Clk         ; 0.000        ; 0.036      ; 0.584      ;
; 0.445 ; lpm_counter0:inst10|lpm_counter:lpm_counter_component|cntr_tqj:auto_generated|counter_reg_bit[6] ; lpm_counter0:inst10|lpm_counter:lpm_counter_component|cntr_tqj:auto_generated|counter_reg_bit[7]               ; Clk          ; Clk         ; 0.000        ; 0.036      ; 0.585      ;
; 0.446 ; lpm_counter0:inst10|lpm_counter:lpm_counter_component|cntr_tqj:auto_generated|counter_reg_bit[4] ; lpm_counter0:inst10|lpm_counter:lpm_counter_component|cntr_tqj:auto_generated|counter_reg_bit[5]               ; Clk          ; Clk         ; 0.000        ; 0.036      ; 0.586      ;
; 0.447 ; lpm_counter0:inst10|lpm_counter:lpm_counter_component|cntr_tqj:auto_generated|counter_reg_bit[0] ; lpm_counter0:inst10|lpm_counter:lpm_counter_component|cntr_tqj:auto_generated|counter_reg_bit[2]               ; Clk          ; Clk         ; 0.000        ; 0.036      ; 0.587      ;
; 0.449 ; lpm_counter0:inst10|lpm_counter:lpm_counter_component|cntr_tqj:auto_generated|counter_reg_bit[4] ; lpm_counter0:inst10|lpm_counter:lpm_counter_component|cntr_tqj:auto_generated|counter_reg_bit[6]               ; Clk          ; Clk         ; 0.000        ; 0.036      ; 0.589      ;
; 0.457 ; lpm_counter0:inst10|lpm_counter:lpm_counter_component|cntr_tqj:auto_generated|counter_reg_bit[2] ; lpm_counter0:inst10|lpm_counter:lpm_counter_component|cntr_tqj:auto_generated|counter_reg_bit[3]               ; Clk          ; Clk         ; 0.000        ; 0.036      ; 0.597      ;
; 0.460 ; lpm_counter0:inst10|lpm_counter:lpm_counter_component|cntr_tqj:auto_generated|counter_reg_bit[2] ; lpm_counter0:inst10|lpm_counter:lpm_counter_component|cntr_tqj:auto_generated|counter_reg_bit[4]               ; Clk          ; Clk         ; 0.000        ; 0.036      ; 0.600      ;
; 0.498 ; lpm_counter0:inst10|lpm_counter:lpm_counter_component|cntr_tqj:auto_generated|counter_reg_bit[5] ; lpm_counter0:inst10|lpm_counter:lpm_counter_component|cntr_tqj:auto_generated|counter_reg_bit[7]               ; Clk          ; Clk         ; 0.000        ; 0.036      ; 0.638      ;
; 0.498 ; lpm_counter0:inst10|lpm_counter:lpm_counter_component|cntr_tqj:auto_generated|counter_reg_bit[1] ; lpm_counter0:inst10|lpm_counter:lpm_counter_component|cntr_tqj:auto_generated|counter_reg_bit[3]               ; Clk          ; Clk         ; 0.000        ; 0.036      ; 0.638      ;
; 0.499 ; lpm_counter0:inst10|lpm_counter:lpm_counter_component|cntr_tqj:auto_generated|counter_reg_bit[3] ; lpm_counter0:inst10|lpm_counter:lpm_counter_component|cntr_tqj:auto_generated|counter_reg_bit[5]               ; Clk          ; Clk         ; 0.000        ; 0.036      ; 0.639      ;
; 0.500 ; lpm_dff4:inst29|lpm_ff:lpm_ff_component|dffs[6]                                                  ; lpm_dff4:inst28|lpm_ff:lpm_ff_component|dffs[6]                                                                ; Clk          ; Clk         ; 0.000        ; 0.041      ; 0.645      ;
; 0.501 ; lpm_counter0:inst10|lpm_counter:lpm_counter_component|cntr_tqj:auto_generated|counter_reg_bit[1] ; lpm_counter0:inst10|lpm_counter:lpm_counter_component|cntr_tqj:auto_generated|counter_reg_bit[4]               ; Clk          ; Clk         ; 0.000        ; 0.036      ; 0.641      ;
; 0.502 ; lpm_counter0:inst10|lpm_counter:lpm_counter_component|cntr_tqj:auto_generated|counter_reg_bit[3] ; lpm_counter0:inst10|lpm_counter:lpm_counter_component|cntr_tqj:auto_generated|counter_reg_bit[6]               ; Clk          ; Clk         ; 0.000        ; 0.036      ; 0.642      ;
; 0.507 ; lpm_dff4:inst29|lpm_ff:lpm_ff_component|dffs[3]                                                  ; lpm_dff4:inst28|lpm_ff:lpm_ff_component|dffs[3]                                                                ; Clk          ; Clk         ; 0.000        ; 0.041      ; 0.652      ;
; 0.510 ; lpm_counter0:inst10|lpm_counter:lpm_counter_component|cntr_tqj:auto_generated|counter_reg_bit[0] ; lpm_counter0:inst10|lpm_counter:lpm_counter_component|cntr_tqj:auto_generated|counter_reg_bit[3]               ; Clk          ; Clk         ; 0.000        ; 0.036      ; 0.650      ;
; 0.512 ; lpm_counter0:inst10|lpm_counter:lpm_counter_component|cntr_tqj:auto_generated|counter_reg_bit[4] ; lpm_counter0:inst10|lpm_counter:lpm_counter_component|cntr_tqj:auto_generated|counter_reg_bit[7]               ; Clk          ; Clk         ; 0.000        ; 0.036      ; 0.652      ;
; 0.513 ; lpm_counter0:inst10|lpm_counter:lpm_counter_component|cntr_tqj:auto_generated|counter_reg_bit[0] ; lpm_counter0:inst10|lpm_counter:lpm_counter_component|cntr_tqj:auto_generated|counter_reg_bit[4]               ; Clk          ; Clk         ; 0.000        ; 0.036      ; 0.653      ;
; 0.523 ; lpm_counter0:inst10|lpm_counter:lpm_counter_component|cntr_tqj:auto_generated|counter_reg_bit[2] ; lpm_counter0:inst10|lpm_counter:lpm_counter_component|cntr_tqj:auto_generated|counter_reg_bit[5]               ; Clk          ; Clk         ; 0.000        ; 0.036      ; 0.663      ;
; 0.526 ; lpm_counter0:inst10|lpm_counter:lpm_counter_component|cntr_tqj:auto_generated|counter_reg_bit[2] ; lpm_counter0:inst10|lpm_counter:lpm_counter_component|cntr_tqj:auto_generated|counter_reg_bit[6]               ; Clk          ; Clk         ; 0.000        ; 0.036      ; 0.666      ;
; 0.553 ; lpm_dff4:inst12|lpm_ff:lpm_ff_component|dffs[6]                                                  ; lpm_rom3:inst13|altsyncram:altsyncram_component|altsyncram_hga1:auto_generated|ram_block1a0~porta_address_reg0 ; Clk          ; Clk         ; -0.500       ; 0.612      ; 0.789      ;
; 0.564 ; lpm_counter0:inst10|lpm_counter:lpm_counter_component|cntr_tqj:auto_generated|counter_reg_bit[1] ; lpm_counter0:inst10|lpm_counter:lpm_counter_component|cntr_tqj:auto_generated|counter_reg_bit[5]               ; Clk          ; Clk         ; 0.000        ; 0.036      ; 0.704      ;
; 0.565 ; lpm_counter0:inst10|lpm_counter:lpm_counter_component|cntr_tqj:auto_generated|counter_reg_bit[3] ; lpm_counter0:inst10|lpm_counter:lpm_counter_component|cntr_tqj:auto_generated|counter_reg_bit[7]               ; Clk          ; Clk         ; 0.000        ; 0.036      ; 0.705      ;
; 0.567 ; lpm_counter0:inst10|lpm_counter:lpm_counter_component|cntr_tqj:auto_generated|counter_reg_bit[1] ; lpm_counter0:inst10|lpm_counter:lpm_counter_component|cntr_tqj:auto_generated|counter_reg_bit[6]               ; Clk          ; Clk         ; 0.000        ; 0.036      ; 0.707      ;
; 0.576 ; lpm_counter0:inst10|lpm_counter:lpm_counter_component|cntr_tqj:auto_generated|counter_reg_bit[0] ; lpm_counter0:inst10|lpm_counter:lpm_counter_component|cntr_tqj:auto_generated|counter_reg_bit[5]               ; Clk          ; Clk         ; 0.000        ; 0.036      ; 0.716      ;
; 0.579 ; lpm_counter0:inst10|lpm_counter:lpm_counter_component|cntr_tqj:auto_generated|counter_reg_bit[0] ; lpm_counter0:inst10|lpm_counter:lpm_counter_component|cntr_tqj:auto_generated|counter_reg_bit[6]               ; Clk          ; Clk         ; 0.000        ; 0.036      ; 0.719      ;
; 0.589 ; lpm_counter0:inst10|lpm_counter:lpm_counter_component|cntr_tqj:auto_generated|counter_reg_bit[2] ; lpm_counter0:inst10|lpm_counter:lpm_counter_component|cntr_tqj:auto_generated|counter_reg_bit[7]               ; Clk          ; Clk         ; 0.000        ; 0.036      ; 0.729      ;
; 0.606 ; lpm_dff4:inst29|lpm_ff:lpm_ff_component|dffs[7]                                                  ; lpm_dff4:inst28|lpm_ff:lpm_ff_component|dffs[7]                                                                ; Clk          ; Clk         ; 0.000        ; 0.041      ; 0.751      ;
; 0.613 ; lpm_dff4:inst29|lpm_ff:lpm_ff_component|dffs[4]                                                  ; lpm_dff4:inst28|lpm_ff:lpm_ff_component|dffs[4]                                                                ; Clk          ; Clk         ; 0.000        ; 0.041      ; 0.758      ;
; 0.616 ; lpm_dff4:inst29|lpm_ff:lpm_ff_component|dffs[0]                                                  ; lpm_dff4:inst28|lpm_ff:lpm_ff_component|dffs[0]                                                                ; Clk          ; Clk         ; 0.000        ; 0.041      ; 0.761      ;
; 0.621 ; lpm_dff4:inst29|lpm_ff:lpm_ff_component|dffs[2]                                                  ; lpm_dff4:inst28|lpm_ff:lpm_ff_component|dffs[2]                                                                ; Clk          ; Clk         ; 0.000        ; 0.041      ; 0.766      ;
; 0.622 ; lpm_dff4:inst29|lpm_ff:lpm_ff_component|dffs[5]                                                  ; lpm_dff4:inst28|lpm_ff:lpm_ff_component|dffs[5]                                                                ; Clk          ; Clk         ; 0.000        ; 0.041      ; 0.767      ;
; 0.626 ; lpm_dff4:inst29|lpm_ff:lpm_ff_component|dffs[1]                                                  ; lpm_dff4:inst28|lpm_ff:lpm_ff_component|dffs[1]                                                                ; Clk          ; Clk         ; 0.000        ; 0.041      ; 0.771      ;
; 0.630 ; lpm_counter0:inst10|lpm_counter:lpm_counter_component|cntr_tqj:auto_generated|counter_reg_bit[1] ; lpm_counter0:inst10|lpm_counter:lpm_counter_component|cntr_tqj:auto_generated|counter_reg_bit[7]               ; Clk          ; Clk         ; 0.000        ; 0.036      ; 0.770      ;
; 0.642 ; lpm_counter0:inst10|lpm_counter:lpm_counter_component|cntr_tqj:auto_generated|counter_reg_bit[0] ; lpm_counter0:inst10|lpm_counter:lpm_counter_component|cntr_tqj:auto_generated|counter_reg_bit[7]               ; Clk          ; Clk         ; 0.000        ; 0.036      ; 0.782      ;
; 0.648 ; lpm_dff4:inst29|lpm_ff:lpm_ff_component|dffs[6]                                                  ; lpm_dff4:inst28|lpm_ff:lpm_ff_component|dffs[7]                                                                ; Clk          ; Clk         ; 0.000        ; 0.041      ; 0.793      ;
; 0.666 ; lpm_dff4:inst29|lpm_ff:lpm_ff_component|dffs[3]                                                  ; lpm_dff4:inst28|lpm_ff:lpm_ff_component|dffs[4]                                                                ; Clk          ; Clk         ; 0.000        ; 0.041      ; 0.811      ;
; 0.669 ; lpm_dff4:inst29|lpm_ff:lpm_ff_component|dffs[3]                                                  ; lpm_dff4:inst28|lpm_ff:lpm_ff_component|dffs[5]                                                                ; Clk          ; Clk         ; 0.000        ; 0.041      ; 0.814      ;
; 0.675 ; lpm_dff4:inst11|lpm_ff:lpm_ff_component|dffs[1]                                                  ; GPRs:inst7|lpm_dff2:inst11|lpm_ff:lpm_ff_component|dffs[4]                                                     ; Clk          ; Clk         ; 0.000        ; 0.036      ; 0.815      ;
; 0.675 ; lpm_dff4:inst11|lpm_ff:lpm_ff_component|dffs[1]                                                  ; GPRs:inst7|lpm_dff2:inst11|lpm_ff:lpm_ff_component|dffs[6]                                                     ; Clk          ; Clk         ; 0.000        ; 0.036      ; 0.815      ;
; 0.675 ; lpm_dff4:inst11|lpm_ff:lpm_ff_component|dffs[1]                                                  ; GPRs:inst7|lpm_dff2:inst11|lpm_ff:lpm_ff_component|dffs[0]                                                     ; Clk          ; Clk         ; 0.000        ; 0.036      ; 0.815      ;
; 0.675 ; lpm_dff4:inst11|lpm_ff:lpm_ff_component|dffs[1]                                                  ; GPRs:inst7|lpm_dff2:inst11|lpm_ff:lpm_ff_component|dffs[2]                                                     ; Clk          ; Clk         ; 0.000        ; 0.036      ; 0.815      ;
; 0.675 ; lpm_dff4:inst11|lpm_ff:lpm_ff_component|dffs[1]                                                  ; GPRs:inst7|lpm_dff2:inst11|lpm_ff:lpm_ff_component|dffs[5]                                                     ; Clk          ; Clk         ; 0.000        ; 0.036      ; 0.815      ;
; 0.675 ; lpm_dff4:inst11|lpm_ff:lpm_ff_component|dffs[1]                                                  ; GPRs:inst7|lpm_dff2:inst11|lpm_ff:lpm_ff_component|dffs[7]                                                     ; Clk          ; Clk         ; 0.000        ; 0.036      ; 0.815      ;
; 0.675 ; lpm_dff4:inst11|lpm_ff:lpm_ff_component|dffs[1]                                                  ; GPRs:inst7|lpm_dff2:inst11|lpm_ff:lpm_ff_component|dffs[1]                                                     ; Clk          ; Clk         ; 0.000        ; 0.036      ; 0.815      ;
; 0.675 ; lpm_dff4:inst11|lpm_ff:lpm_ff_component|dffs[1]                                                  ; GPRs:inst7|lpm_dff2:inst11|lpm_ff:lpm_ff_component|dffs[3]                                                     ; Clk          ; Clk         ; 0.000        ; 0.036      ; 0.815      ;
; 0.678 ; lpm_dff4:inst14|lpm_ff:lpm_ff_component|dffs[1]                                                  ; lpm_dff4:inst28|lpm_ff:lpm_ff_component|dffs[1]                                                                ; Clk          ; Clk         ; 0.000        ; 0.036      ; 0.818      ;
; 0.732 ; lpm_dff4:inst29|lpm_ff:lpm_ff_component|dffs[3]                                                  ; lpm_dff4:inst28|lpm_ff:lpm_ff_component|dffs[6]                                                                ; Clk          ; Clk         ; 0.000        ; 0.041      ; 0.877      ;
; 0.735 ; lpm_dff4:inst29|lpm_ff:lpm_ff_component|dffs[3]                                                  ; lpm_dff4:inst28|lpm_ff:lpm_ff_component|dffs[7]                                                                ; Clk          ; Clk         ; 0.000        ; 0.041      ; 0.880      ;
; 0.761 ; lpm_dff4:inst29|lpm_ff:lpm_ff_component|dffs[4]                                                  ; lpm_dff4:inst28|lpm_ff:lpm_ff_component|dffs[5]                                                                ; Clk          ; Clk         ; 0.000        ; 0.041      ; 0.906      ;
; 0.777 ; lpm_dff4:inst14|lpm_ff:lpm_ff_component|dffs[0]                                                  ; lpm_dff4:inst28|lpm_ff:lpm_ff_component|dffs[0]                                                                ; Clk          ; Clk         ; 0.000        ; 0.036      ; 0.917      ;
; 0.804 ; GPRs:inst7|lpm_dff1:inst10|lpm_ff:lpm_ff_component|dffs[3]                                       ; GPRs:inst7|lpm_dff3:inst12|lpm_ff:lpm_ff_component|dffs[3]                                                     ; Clk          ; Clk         ; 0.000        ; 0.031      ; 0.939      ;
; 0.810 ; GPRs:inst7|lpm_dff3:inst12|lpm_ff:lpm_ff_component|dffs[4]                                       ; lpm_dff4:inst12|lpm_ff:lpm_ff_component|dffs[4]                                                                ; Clk          ; Clk         ; 0.000        ; 0.029      ; 0.943      ;
; 0.810 ; lpm_dff4:inst28|lpm_ff:lpm_ff_component|dffs[2]                                                  ; GPRs:inst7|lpm_dff3:inst12|lpm_ff:lpm_ff_component|dffs[2]                                                     ; Clk          ; Clk         ; 0.000        ; 0.031      ; 0.945      ;
; 0.816 ; lpm_dff4:inst11|lpm_ff:lpm_ff_component|dffs[0]                                                  ; GPRs:inst7|lpm_dff2:inst11|lpm_ff:lpm_ff_component|dffs[4]                                                     ; Clk          ; Clk         ; 0.000        ; 0.036      ; 0.956      ;
; 0.816 ; lpm_dff4:inst11|lpm_ff:lpm_ff_component|dffs[0]                                                  ; GPRs:inst7|lpm_dff2:inst11|lpm_ff:lpm_ff_component|dffs[6]                                                     ; Clk          ; Clk         ; 0.000        ; 0.036      ; 0.956      ;
; 0.816 ; lpm_dff4:inst11|lpm_ff:lpm_ff_component|dffs[0]                                                  ; GPRs:inst7|lpm_dff2:inst11|lpm_ff:lpm_ff_component|dffs[0]                                                     ; Clk          ; Clk         ; 0.000        ; 0.036      ; 0.956      ;
; 0.816 ; lpm_dff4:inst11|lpm_ff:lpm_ff_component|dffs[0]                                                  ; GPRs:inst7|lpm_dff2:inst11|lpm_ff:lpm_ff_component|dffs[2]                                                     ; Clk          ; Clk         ; 0.000        ; 0.036      ; 0.956      ;
; 0.816 ; lpm_dff4:inst11|lpm_ff:lpm_ff_component|dffs[0]                                                  ; GPRs:inst7|lpm_dff2:inst11|lpm_ff:lpm_ff_component|dffs[5]                                                     ; Clk          ; Clk         ; 0.000        ; 0.036      ; 0.956      ;
; 0.816 ; lpm_dff4:inst11|lpm_ff:lpm_ff_component|dffs[0]                                                  ; GPRs:inst7|lpm_dff2:inst11|lpm_ff:lpm_ff_component|dffs[7]                                                     ; Clk          ; Clk         ; 0.000        ; 0.036      ; 0.956      ;
; 0.816 ; lpm_dff4:inst11|lpm_ff:lpm_ff_component|dffs[0]                                                  ; GPRs:inst7|lpm_dff2:inst11|lpm_ff:lpm_ff_component|dffs[1]                                                     ; Clk          ; Clk         ; 0.000        ; 0.036      ; 0.956      ;
; 0.816 ; lpm_dff4:inst11|lpm_ff:lpm_ff_component|dffs[0]                                                  ; GPRs:inst7|lpm_dff2:inst11|lpm_ff:lpm_ff_component|dffs[3]                                                     ; Clk          ; Clk         ; 0.000        ; 0.036      ; 0.956      ;
; 0.824 ; lpm_dff4:inst29|lpm_ff:lpm_ff_component|dffs[4]                                                  ; lpm_dff4:inst28|lpm_ff:lpm_ff_component|dffs[6]                                                                ; Clk          ; Clk         ; 0.000        ; 0.041      ; 0.969      ;
; 0.827 ; lpm_dff4:inst29|lpm_ff:lpm_ff_component|dffs[4]                                                  ; lpm_dff4:inst28|lpm_ff:lpm_ff_component|dffs[7]                                                                ; Clk          ; Clk         ; 0.000        ; 0.041      ; 0.972      ;
; 0.830 ; GPRs:inst7|lpm_dff3:inst12|lpm_ff:lpm_ff_component|dffs[1]                                       ; lpm_dff4:inst28|lpm_ff:lpm_ff_component|dffs[1]                                                                ; Clk          ; Clk         ; 0.000        ; 0.036      ; 0.970      ;
; 0.836 ; GPRs:inst7|lpm_dff3:inst12|lpm_ff:lpm_ff_component|dffs[7]                                       ; lpm_dff4:inst12|lpm_ff:lpm_ff_component|dffs[7]                                                                ; Clk          ; Clk         ; 0.000        ; 0.031      ; 0.971      ;
; 0.837 ; lpm_dff4:inst14|lpm_ff:lpm_ff_component|dffs[1]                                                  ; lpm_dff4:inst28|lpm_ff:lpm_ff_component|dffs[2]                                                                ; Clk          ; Clk         ; 0.000        ; 0.036      ; 0.977      ;
; 0.837 ; lpm_dff4:inst14|lpm_ff:lpm_ff_component|dffs[2]                                                  ; GPRs:inst7|lpm_dff3:inst12|lpm_ff:lpm_ff_component|dffs[2]                                                     ; Clk          ; Clk         ; 0.000        ; 0.031      ; 0.972      ;
; 0.840 ; lpm_dff4:inst14|lpm_ff:lpm_ff_component|dffs[1]                                                  ; lpm_dff4:inst28|lpm_ff:lpm_ff_component|dffs[3]                                                                ; Clk          ; Clk         ; 0.000        ; 0.036      ; 0.980      ;
; 0.844 ; lpm_dff4:inst11|lpm_ff:lpm_ff_component|dffs[1]                                                  ; GPRs:inst7|lpm_dff3:inst12|lpm_ff:lpm_ff_component|dffs[2]                                                     ; Clk          ; Clk         ; 0.000        ; 0.036      ; 0.984      ;
; 0.844 ; lpm_dff4:inst11|lpm_ff:lpm_ff_component|dffs[1]                                                  ; GPRs:inst7|lpm_dff3:inst12|lpm_ff:lpm_ff_component|dffs[3]                                                     ; Clk          ; Clk         ; 0.000        ; 0.036      ; 0.984      ;
; 0.847 ; lpm_dff4:inst11|lpm_ff:lpm_ff_component|dffs[1]                                                  ; GPRs:inst7|lpm_dff0:inst|lpm_ff:lpm_ff_component|dffs[4]                                                       ; Clk          ; Clk         ; 0.000        ; 0.035      ; 0.986      ;
; 0.847 ; lpm_dff4:inst11|lpm_ff:lpm_ff_component|dffs[1]                                                  ; GPRs:inst7|lpm_dff0:inst|lpm_ff:lpm_ff_component|dffs[5]                                                       ; Clk          ; Clk         ; 0.000        ; 0.035      ; 0.986      ;
; 0.847 ; lpm_dff4:inst11|lpm_ff:lpm_ff_component|dffs[1]                                                  ; GPRs:inst7|lpm_dff0:inst|lpm_ff:lpm_ff_component|dffs[6]                                                       ; Clk          ; Clk         ; 0.000        ; 0.035      ; 0.986      ;
; 0.847 ; lpm_dff4:inst11|lpm_ff:lpm_ff_component|dffs[1]                                                  ; GPRs:inst7|lpm_dff0:inst|lpm_ff:lpm_ff_component|dffs[7]                                                       ; Clk          ; Clk         ; 0.000        ; 0.035      ; 0.986      ;
; 0.847 ; lpm_dff4:inst11|lpm_ff:lpm_ff_component|dffs[1]                                                  ; GPRs:inst7|lpm_dff0:inst|lpm_ff:lpm_ff_component|dffs[0]                                                       ; Clk          ; Clk         ; 0.000        ; 0.035      ; 0.986      ;
; 0.847 ; lpm_dff4:inst11|lpm_ff:lpm_ff_component|dffs[1]                                                  ; GPRs:inst7|lpm_dff0:inst|lpm_ff:lpm_ff_component|dffs[1]                                                       ; Clk          ; Clk         ; 0.000        ; 0.035      ; 0.986      ;
; 0.847 ; lpm_dff4:inst11|lpm_ff:lpm_ff_component|dffs[1]                                                  ; GPRs:inst7|lpm_dff0:inst|lpm_ff:lpm_ff_component|dffs[2]                                                       ; Clk          ; Clk         ; 0.000        ; 0.035      ; 0.986      ;
; 0.847 ; lpm_dff4:inst11|lpm_ff:lpm_ff_component|dffs[1]                                                  ; GPRs:inst7|lpm_dff0:inst|lpm_ff:lpm_ff_component|dffs[3]                                                       ; Clk          ; Clk         ; 0.000        ; 0.035      ; 0.986      ;
; 0.849 ; lpm_dff4:inst28|lpm_ff:lpm_ff_component|dffs[1]                                                  ; lpm_dff4:inst28|lpm_ff:lpm_ff_component|dffs[1]                                                                ; Clk          ; Clk         ; 0.000        ; 0.035      ; 0.988      ;
; 0.858 ; lpm_dff4:inst28|lpm_ff:lpm_ff_component|dffs[0]                                                  ; lpm_dff4:inst28|lpm_ff:lpm_ff_component|dffs[0]                                                                ; Clk          ; Clk         ; 0.000        ; 0.035      ; 0.997      ;
; 0.868 ; GPRs:inst7|lpm_dff1:inst10|lpm_ff:lpm_ff_component|dffs[3]                                       ; lpm_counter0:inst10|lpm_counter:lpm_counter_component|cntr_tqj:auto_generated|counter_reg_bit[3]               ; Clk          ; Clk         ; 0.000        ; 0.035      ; 1.007      ;
; 0.892 ; lpm_dff4:inst29|lpm_ff:lpm_ff_component|dffs[0]                                                  ; lpm_dff4:inst28|lpm_ff:lpm_ff_component|dffs[1]                                                                ; Clk          ; Clk         ; 0.000        ; 0.041      ; 1.037      ;
+-------+--------------------------------------------------------------------------------------------------+----------------------------------------------------------------------------------------------------------------+--------------+-------------+--------------+------------+------------+


+-------------------------------------------------------------------------------------------------------------------------------------------------------------------------------------------------+
; Fast 1200mV 0C Model Minimum Pulse Width: 'Clk'                                                                                                                                                 ;
+--------+--------------+----------------+------------------+-------+------------+----------------------------------------------------------------------------------------------------------------+
; Slack  ; Actual Width ; Required Width ; Type             ; Clock ; Clock Edge ; Target                                                                                                         ;
+--------+--------------+----------------+------------------+-------+------------+----------------------------------------------------------------------------------------------------------------+
; -3.000 ; 1.000        ; 4.000          ; Port Rate        ; Clk   ; Rise       ; Clk                                                                                                            ;
; -1.000 ; 1.000        ; 2.000          ; Min Period       ; Clk   ; Rise       ; GPRs:inst7|lpm_dff0:inst|lpm_ff:lpm_ff_component|dffs[0]                                                       ;
; -1.000 ; 1.000        ; 2.000          ; Min Period       ; Clk   ; Rise       ; GPRs:inst7|lpm_dff0:inst|lpm_ff:lpm_ff_component|dffs[1]                                                       ;
; -1.000 ; 1.000        ; 2.000          ; Min Period       ; Clk   ; Rise       ; GPRs:inst7|lpm_dff0:inst|lpm_ff:lpm_ff_component|dffs[2]                                                       ;
; -1.000 ; 1.000        ; 2.000          ; Min Period       ; Clk   ; Rise       ; GPRs:inst7|lpm_dff0:inst|lpm_ff:lpm_ff_component|dffs[3]                                                       ;
; -1.000 ; 1.000        ; 2.000          ; Min Period       ; Clk   ; Rise       ; GPRs:inst7|lpm_dff0:inst|lpm_ff:lpm_ff_component|dffs[4]                                                       ;
; -1.000 ; 1.000        ; 2.000          ; Min Period       ; Clk   ; Rise       ; GPRs:inst7|lpm_dff0:inst|lpm_ff:lpm_ff_component|dffs[5]                                                       ;
; -1.000 ; 1.000        ; 2.000          ; Min Period       ; Clk   ; Rise       ; GPRs:inst7|lpm_dff0:inst|lpm_ff:lpm_ff_component|dffs[6]                                                       ;
; -1.000 ; 1.000        ; 2.000          ; Min Period       ; Clk   ; Rise       ; GPRs:inst7|lpm_dff0:inst|lpm_ff:lpm_ff_component|dffs[7]                                                       ;
; -1.000 ; 1.000        ; 2.000          ; Min Period       ; Clk   ; Rise       ; GPRs:inst7|lpm_dff1:inst10|lpm_ff:lpm_ff_component|dffs[0]                                                     ;
; -1.000 ; 1.000        ; 2.000          ; Min Period       ; Clk   ; Rise       ; GPRs:inst7|lpm_dff1:inst10|lpm_ff:lpm_ff_component|dffs[1]                                                     ;
; -1.000 ; 1.000        ; 2.000          ; Min Period       ; Clk   ; Rise       ; GPRs:inst7|lpm_dff1:inst10|lpm_ff:lpm_ff_component|dffs[2]                                                     ;
; -1.000 ; 1.000        ; 2.000          ; Min Period       ; Clk   ; Rise       ; GPRs:inst7|lpm_dff1:inst10|lpm_ff:lpm_ff_component|dffs[3]                                                     ;
; -1.000 ; 1.000        ; 2.000          ; Min Period       ; Clk   ; Rise       ; GPRs:inst7|lpm_dff1:inst10|lpm_ff:lpm_ff_component|dffs[4]                                                     ;
; -1.000 ; 1.000        ; 2.000          ; Min Period       ; Clk   ; Rise       ; GPRs:inst7|lpm_dff1:inst10|lpm_ff:lpm_ff_component|dffs[5]                                                     ;
; -1.000 ; 1.000        ; 2.000          ; Min Period       ; Clk   ; Rise       ; GPRs:inst7|lpm_dff1:inst10|lpm_ff:lpm_ff_component|dffs[6]                                                     ;
; -1.000 ; 1.000        ; 2.000          ; Min Period       ; Clk   ; Rise       ; GPRs:inst7|lpm_dff1:inst10|lpm_ff:lpm_ff_component|dffs[7]                                                     ;
; -1.000 ; 1.000        ; 2.000          ; Min Period       ; Clk   ; Rise       ; GPRs:inst7|lpm_dff2:inst11|lpm_ff:lpm_ff_component|dffs[0]                                                     ;
; -1.000 ; 1.000        ; 2.000          ; Min Period       ; Clk   ; Rise       ; GPRs:inst7|lpm_dff2:inst11|lpm_ff:lpm_ff_component|dffs[1]                                                     ;
; -1.000 ; 1.000        ; 2.000          ; Min Period       ; Clk   ; Rise       ; GPRs:inst7|lpm_dff2:inst11|lpm_ff:lpm_ff_component|dffs[2]                                                     ;
; -1.000 ; 1.000        ; 2.000          ; Min Period       ; Clk   ; Rise       ; GPRs:inst7|lpm_dff2:inst11|lpm_ff:lpm_ff_component|dffs[3]                                                     ;
; -1.000 ; 1.000        ; 2.000          ; Min Period       ; Clk   ; Rise       ; GPRs:inst7|lpm_dff2:inst11|lpm_ff:lpm_ff_component|dffs[4]                                                     ;
; -1.000 ; 1.000        ; 2.000          ; Min Period       ; Clk   ; Rise       ; GPRs:inst7|lpm_dff2:inst11|lpm_ff:lpm_ff_component|dffs[5]                                                     ;
; -1.000 ; 1.000        ; 2.000          ; Min Period       ; Clk   ; Rise       ; GPRs:inst7|lpm_dff2:inst11|lpm_ff:lpm_ff_component|dffs[6]                                                     ;
; -1.000 ; 1.000        ; 2.000          ; Min Period       ; Clk   ; Rise       ; GPRs:inst7|lpm_dff2:inst11|lpm_ff:lpm_ff_component|dffs[7]                                                     ;
; -1.000 ; 1.000        ; 2.000          ; Min Period       ; Clk   ; Rise       ; GPRs:inst7|lpm_dff3:inst12|lpm_ff:lpm_ff_component|dffs[0]                                                     ;
; -1.000 ; 1.000        ; 2.000          ; Min Period       ; Clk   ; Rise       ; GPRs:inst7|lpm_dff3:inst12|lpm_ff:lpm_ff_component|dffs[1]                                                     ;
; -1.000 ; 1.000        ; 2.000          ; Min Period       ; Clk   ; Rise       ; GPRs:inst7|lpm_dff3:inst12|lpm_ff:lpm_ff_component|dffs[2]                                                     ;
; -1.000 ; 1.000        ; 2.000          ; Min Period       ; Clk   ; Rise       ; GPRs:inst7|lpm_dff3:inst12|lpm_ff:lpm_ff_component|dffs[3]                                                     ;
; -1.000 ; 1.000        ; 2.000          ; Min Period       ; Clk   ; Rise       ; GPRs:inst7|lpm_dff3:inst12|lpm_ff:lpm_ff_component|dffs[4]                                                     ;
; -1.000 ; 1.000        ; 2.000          ; Min Period       ; Clk   ; Rise       ; GPRs:inst7|lpm_dff3:inst12|lpm_ff:lpm_ff_component|dffs[5]                                                     ;
; -1.000 ; 1.000        ; 2.000          ; Min Period       ; Clk   ; Rise       ; GPRs:inst7|lpm_dff3:inst12|lpm_ff:lpm_ff_component|dffs[6]                                                     ;
; -1.000 ; 1.000        ; 2.000          ; Min Period       ; Clk   ; Rise       ; GPRs:inst7|lpm_dff3:inst12|lpm_ff:lpm_ff_component|dffs[7]                                                     ;
; -1.000 ; 1.000        ; 2.000          ; Min Period       ; Clk   ; Rise       ; lpm_counter0:inst10|lpm_counter:lpm_counter_component|cntr_tqj:auto_generated|counter_reg_bit[0]               ;
; -1.000 ; 1.000        ; 2.000          ; Min Period       ; Clk   ; Rise       ; lpm_counter0:inst10|lpm_counter:lpm_counter_component|cntr_tqj:auto_generated|counter_reg_bit[1]               ;
; -1.000 ; 1.000        ; 2.000          ; Min Period       ; Clk   ; Rise       ; lpm_counter0:inst10|lpm_counter:lpm_counter_component|cntr_tqj:auto_generated|counter_reg_bit[2]               ;
; -1.000 ; 1.000        ; 2.000          ; Min Period       ; Clk   ; Rise       ; lpm_counter0:inst10|lpm_counter:lpm_counter_component|cntr_tqj:auto_generated|counter_reg_bit[3]               ;
; -1.000 ; 1.000        ; 2.000          ; Min Period       ; Clk   ; Rise       ; lpm_counter0:inst10|lpm_counter:lpm_counter_component|cntr_tqj:auto_generated|counter_reg_bit[4]               ;
; -1.000 ; 1.000        ; 2.000          ; Min Period       ; Clk   ; Rise       ; lpm_counter0:inst10|lpm_counter:lpm_counter_component|cntr_tqj:auto_generated|counter_reg_bit[5]               ;
; -1.000 ; 1.000        ; 2.000          ; Min Period       ; Clk   ; Rise       ; lpm_counter0:inst10|lpm_counter:lpm_counter_component|cntr_tqj:auto_generated|counter_reg_bit[6]               ;
; -1.000 ; 1.000        ; 2.000          ; Min Period       ; Clk   ; Rise       ; lpm_counter0:inst10|lpm_counter:lpm_counter_component|cntr_tqj:auto_generated|counter_reg_bit[7]               ;
; -1.000 ; 1.000        ; 2.000          ; Min Period       ; Clk   ; Rise       ; lpm_dff4:inst11|lpm_ff:lpm_ff_component|dffs[0]                                                                ;
; -1.000 ; 1.000        ; 2.000          ; Min Period       ; Clk   ; Rise       ; lpm_dff4:inst11|lpm_ff:lpm_ff_component|dffs[1]                                                                ;
; -1.000 ; 1.000        ; 2.000          ; Min Period       ; Clk   ; Rise       ; lpm_dff4:inst11|lpm_ff:lpm_ff_component|dffs[2]                                                                ;
; -1.000 ; 1.000        ; 2.000          ; Min Period       ; Clk   ; Rise       ; lpm_dff4:inst11|lpm_ff:lpm_ff_component|dffs[3]                                                                ;
; -1.000 ; 1.000        ; 2.000          ; Min Period       ; Clk   ; Rise       ; lpm_dff4:inst11|lpm_ff:lpm_ff_component|dffs[4]                                                                ;
; -1.000 ; 1.000        ; 2.000          ; Min Period       ; Clk   ; Rise       ; lpm_dff4:inst11|lpm_ff:lpm_ff_component|dffs[5]                                                                ;
; -1.000 ; 1.000        ; 2.000          ; Min Period       ; Clk   ; Rise       ; lpm_dff4:inst11|lpm_ff:lpm_ff_component|dffs[6]                                                                ;
; -1.000 ; 1.000        ; 2.000          ; Min Period       ; Clk   ; Rise       ; lpm_dff4:inst11|lpm_ff:lpm_ff_component|dffs[7]                                                                ;
; -1.000 ; 1.000        ; 2.000          ; Min Period       ; Clk   ; Rise       ; lpm_dff4:inst12|lpm_ff:lpm_ff_component|dffs[0]                                                                ;
; -1.000 ; 1.000        ; 2.000          ; Min Period       ; Clk   ; Rise       ; lpm_dff4:inst12|lpm_ff:lpm_ff_component|dffs[1]                                                                ;
; -1.000 ; 1.000        ; 2.000          ; Min Period       ; Clk   ; Rise       ; lpm_dff4:inst12|lpm_ff:lpm_ff_component|dffs[2]                                                                ;
; -1.000 ; 1.000        ; 2.000          ; Min Period       ; Clk   ; Rise       ; lpm_dff4:inst12|lpm_ff:lpm_ff_component|dffs[3]                                                                ;
; -1.000 ; 1.000        ; 2.000          ; Min Period       ; Clk   ; Rise       ; lpm_dff4:inst12|lpm_ff:lpm_ff_component|dffs[4]                                                                ;
; -1.000 ; 1.000        ; 2.000          ; Min Period       ; Clk   ; Rise       ; lpm_dff4:inst12|lpm_ff:lpm_ff_component|dffs[5]                                                                ;
; -1.000 ; 1.000        ; 2.000          ; Min Period       ; Clk   ; Rise       ; lpm_dff4:inst12|lpm_ff:lpm_ff_component|dffs[6]                                                                ;
; -1.000 ; 1.000        ; 2.000          ; Min Period       ; Clk   ; Rise       ; lpm_dff4:inst12|lpm_ff:lpm_ff_component|dffs[7]                                                                ;
; -1.000 ; 1.000        ; 2.000          ; Min Period       ; Clk   ; Rise       ; lpm_dff4:inst14|lpm_ff:lpm_ff_component|dffs[0]                                                                ;
; -1.000 ; 1.000        ; 2.000          ; Min Period       ; Clk   ; Rise       ; lpm_dff4:inst14|lpm_ff:lpm_ff_component|dffs[1]                                                                ;
; -1.000 ; 1.000        ; 2.000          ; Min Period       ; Clk   ; Rise       ; lpm_dff4:inst14|lpm_ff:lpm_ff_component|dffs[2]                                                                ;
; -1.000 ; 1.000        ; 2.000          ; Min Period       ; Clk   ; Rise       ; lpm_dff4:inst14|lpm_ff:lpm_ff_component|dffs[3]                                                                ;
; -1.000 ; 1.000        ; 2.000          ; Min Period       ; Clk   ; Rise       ; lpm_dff4:inst14|lpm_ff:lpm_ff_component|dffs[4]                                                                ;
; -1.000 ; 1.000        ; 2.000          ; Min Period       ; Clk   ; Rise       ; lpm_dff4:inst14|lpm_ff:lpm_ff_component|dffs[5]                                                                ;
; -1.000 ; 1.000        ; 2.000          ; Min Period       ; Clk   ; Rise       ; lpm_dff4:inst14|lpm_ff:lpm_ff_component|dffs[6]                                                                ;
; -1.000 ; 1.000        ; 2.000          ; Min Period       ; Clk   ; Rise       ; lpm_dff4:inst14|lpm_ff:lpm_ff_component|dffs[7]                                                                ;
; -1.000 ; 1.000        ; 2.000          ; Min Period       ; Clk   ; Rise       ; lpm_dff4:inst28|lpm_ff:lpm_ff_component|dffs[0]                                                                ;
; -1.000 ; 1.000        ; 2.000          ; Min Period       ; Clk   ; Rise       ; lpm_dff4:inst28|lpm_ff:lpm_ff_component|dffs[1]                                                                ;
; -1.000 ; 1.000        ; 2.000          ; Min Period       ; Clk   ; Rise       ; lpm_dff4:inst28|lpm_ff:lpm_ff_component|dffs[2]                                                                ;
; -1.000 ; 1.000        ; 2.000          ; Min Period       ; Clk   ; Rise       ; lpm_dff4:inst28|lpm_ff:lpm_ff_component|dffs[3]                                                                ;
; -1.000 ; 1.000        ; 2.000          ; Min Period       ; Clk   ; Rise       ; lpm_dff4:inst28|lpm_ff:lpm_ff_component|dffs[4]                                                                ;
; -1.000 ; 1.000        ; 2.000          ; Min Period       ; Clk   ; Rise       ; lpm_dff4:inst28|lpm_ff:lpm_ff_component|dffs[5]                                                                ;
; -1.000 ; 1.000        ; 2.000          ; Min Period       ; Clk   ; Rise       ; lpm_dff4:inst28|lpm_ff:lpm_ff_component|dffs[6]                                                                ;
; -1.000 ; 1.000        ; 2.000          ; Min Period       ; Clk   ; Rise       ; lpm_dff4:inst28|lpm_ff:lpm_ff_component|dffs[7]                                                                ;
; -1.000 ; 1.000        ; 2.000          ; Min Period       ; Clk   ; Rise       ; lpm_dff4:inst29|lpm_ff:lpm_ff_component|dffs[0]                                                                ;
; -1.000 ; 1.000        ; 2.000          ; Min Period       ; Clk   ; Rise       ; lpm_dff4:inst29|lpm_ff:lpm_ff_component|dffs[1]                                                                ;
; -1.000 ; 1.000        ; 2.000          ; Min Period       ; Clk   ; Rise       ; lpm_dff4:inst29|lpm_ff:lpm_ff_component|dffs[2]                                                                ;
; -1.000 ; 1.000        ; 2.000          ; Min Period       ; Clk   ; Rise       ; lpm_dff4:inst29|lpm_ff:lpm_ff_component|dffs[3]                                                                ;
; -1.000 ; 1.000        ; 2.000          ; Min Period       ; Clk   ; Rise       ; lpm_dff4:inst29|lpm_ff:lpm_ff_component|dffs[4]                                                                ;
; -1.000 ; 1.000        ; 2.000          ; Min Period       ; Clk   ; Rise       ; lpm_dff4:inst29|lpm_ff:lpm_ff_component|dffs[5]                                                                ;
; -1.000 ; 1.000        ; 2.000          ; Min Period       ; Clk   ; Rise       ; lpm_dff4:inst29|lpm_ff:lpm_ff_component|dffs[6]                                                                ;
; -1.000 ; 1.000        ; 2.000          ; Min Period       ; Clk   ; Rise       ; lpm_dff4:inst29|lpm_ff:lpm_ff_component|dffs[7]                                                                ;
; -1.000 ; 1.000        ; 2.000          ; Min Period       ; Clk   ; Fall       ; lpm_rom3:inst13|altsyncram:altsyncram_component|altsyncram_hga1:auto_generated|ram_block1a0~porta_address_reg0 ;
; -0.110 ; 0.120        ; 0.230          ; High Pulse Width ; Clk   ; Fall       ; lpm_rom3:inst13|altsyncram:altsyncram_component|altsyncram_hga1:auto_generated|ram_block1a0~porta_address_reg0 ;
; -0.057 ; 0.127        ; 0.184          ; Low Pulse Width  ; Clk   ; Rise       ; GPRs:inst7|lpm_dff1:inst10|lpm_ff:lpm_ff_component|dffs[0]                                                     ;
; -0.057 ; 0.127        ; 0.184          ; Low Pulse Width  ; Clk   ; Rise       ; GPRs:inst7|lpm_dff1:inst10|lpm_ff:lpm_ff_component|dffs[1]                                                     ;
; -0.057 ; 0.127        ; 0.184          ; Low Pulse Width  ; Clk   ; Rise       ; GPRs:inst7|lpm_dff1:inst10|lpm_ff:lpm_ff_component|dffs[2]                                                     ;
; -0.057 ; 0.127        ; 0.184          ; Low Pulse Width  ; Clk   ; Rise       ; GPRs:inst7|lpm_dff1:inst10|lpm_ff:lpm_ff_component|dffs[4]                                                     ;
; -0.057 ; 0.127        ; 0.184          ; Low Pulse Width  ; Clk   ; Rise       ; GPRs:inst7|lpm_dff1:inst10|lpm_ff:lpm_ff_component|dffs[5]                                                     ;
; -0.057 ; 0.127        ; 0.184          ; Low Pulse Width  ; Clk   ; Rise       ; GPRs:inst7|lpm_dff1:inst10|lpm_ff:lpm_ff_component|dffs[6]                                                     ;
; -0.057 ; 0.127        ; 0.184          ; Low Pulse Width  ; Clk   ; Rise       ; GPRs:inst7|lpm_dff1:inst10|lpm_ff:lpm_ff_component|dffs[7]                                                     ;
; -0.057 ; 0.127        ; 0.184          ; Low Pulse Width  ; Clk   ; Rise       ; lpm_dff4:inst11|lpm_ff:lpm_ff_component|dffs[4]                                                                ;
; -0.057 ; 0.127        ; 0.184          ; Low Pulse Width  ; Clk   ; Rise       ; lpm_dff4:inst11|lpm_ff:lpm_ff_component|dffs[5]                                                                ;
; -0.057 ; 0.127        ; 0.184          ; Low Pulse Width  ; Clk   ; Rise       ; lpm_dff4:inst11|lpm_ff:lpm_ff_component|dffs[6]                                                                ;
; -0.057 ; 0.127        ; 0.184          ; Low Pulse Width  ; Clk   ; Rise       ; lpm_dff4:inst11|lpm_ff:lpm_ff_component|dffs[7]                                                                ;
; -0.056 ; 0.128        ; 0.184          ; Low Pulse Width  ; Clk   ; Rise       ; GPRs:inst7|lpm_dff0:inst|lpm_ff:lpm_ff_component|dffs[0]                                                       ;
; -0.056 ; 0.128        ; 0.184          ; Low Pulse Width  ; Clk   ; Rise       ; GPRs:inst7|lpm_dff0:inst|lpm_ff:lpm_ff_component|dffs[1]                                                       ;
; -0.056 ; 0.128        ; 0.184          ; Low Pulse Width  ; Clk   ; Rise       ; GPRs:inst7|lpm_dff0:inst|lpm_ff:lpm_ff_component|dffs[2]                                                       ;
; -0.056 ; 0.128        ; 0.184          ; Low Pulse Width  ; Clk   ; Rise       ; GPRs:inst7|lpm_dff0:inst|lpm_ff:lpm_ff_component|dffs[3]                                                       ;
; -0.056 ; 0.128        ; 0.184          ; Low Pulse Width  ; Clk   ; Rise       ; GPRs:inst7|lpm_dff0:inst|lpm_ff:lpm_ff_component|dffs[4]                                                       ;
; -0.056 ; 0.128        ; 0.184          ; Low Pulse Width  ; Clk   ; Rise       ; GPRs:inst7|lpm_dff0:inst|lpm_ff:lpm_ff_component|dffs[5]                                                       ;
+--------+--------------+----------------+------------------+-------+------------+----------------------------------------------------------------------------------------------------------------+


+-----------------------------------------------------------------------+
; Setup Times                                                           ;
+-----------+------------+-------+-------+------------+-----------------+
; Data Port ; Clock Port ; Rise  ; Fall  ; Clock Edge ; Clock Reference ;
+-----------+------------+-------+-------+------------+-----------------+
; GRin      ; Clk        ; 2.213 ; 2.957 ; Rise       ; Clk             ;
; GRout     ; Clk        ; 2.636 ; 3.197 ; Rise       ; Clk             ;
; GRsel     ; Clk        ; 3.919 ; 4.575 ; Rise       ; Clk             ;
; IRin      ; Clk        ; 1.733 ; 2.398 ; Rise       ; Clk             ;
; MARin     ; Clk        ; 1.131 ; 1.698 ; Rise       ; Clk             ;
; MDRin     ; Clk        ; 1.468 ; 2.095 ; Rise       ; Clk             ;
; MDRout    ; Clk        ; 3.272 ; 3.958 ; Rise       ; Clk             ;
; PC_1      ; Clk        ; 1.583 ; 2.204 ; Rise       ; Clk             ;
; PCin      ; Clk        ; 2.264 ; 3.031 ; Rise       ; Clk             ;
; PCout     ; Clk        ; 3.109 ; 3.737 ; Rise       ; Clk             ;
; Reset     ; Clk        ; 1.100 ; 1.367 ; Rise       ; Clk             ;
; Yin       ; Clk        ; 1.482 ; 2.138 ; Rise       ; Clk             ;
; Zin       ; Clk        ; 1.134 ; 1.697 ; Rise       ; Clk             ;
; Zout      ; Clk        ; 3.218 ; 3.807 ; Rise       ; Clk             ;
; op[*]     ; Clk        ; 2.525 ; 3.166 ; Rise       ; Clk             ;
;  op[0]    ; Clk        ; 2.525 ; 3.166 ; Rise       ; Clk             ;
;  op[1]    ; Clk        ; 1.317 ; 1.928 ; Rise       ; Clk             ;
; MemRd     ; Clk        ; 0.988 ; 1.618 ; Fall       ; Clk             ;
+-----------+------------+-------+-------+------------+-----------------+


+-------------------------------------------------------------------------+
; Hold Times                                                              ;
+-----------+------------+--------+--------+------------+-----------------+
; Data Port ; Clock Port ; Rise   ; Fall   ; Clock Edge ; Clock Reference ;
+-----------+------------+--------+--------+------------+-----------------+
; GRin      ; Clk        ; -1.625 ; -2.296 ; Rise       ; Clk             ;
; GRout     ; Clk        ; -1.068 ; -1.682 ; Rise       ; Clk             ;
; GRsel     ; Clk        ; -2.133 ; -2.749 ; Rise       ; Clk             ;
; IRin      ; Clk        ; -1.449 ; -2.082 ; Rise       ; Clk             ;
; MARin     ; Clk        ; -0.978 ; -1.536 ; Rise       ; Clk             ;
; MDRin     ; Clk        ; -1.182 ; -1.789 ; Rise       ; Clk             ;
; MDRout    ; Clk        ; -1.680 ; -2.351 ; Rise       ; Clk             ;
; PC_1      ; Clk        ; -1.412 ; -2.020 ; Rise       ; Clk             ;
; PCin      ; Clk        ; -1.797 ; -2.510 ; Rise       ; Clk             ;
; PCout     ; Clk        ; -1.522 ; -2.171 ; Rise       ; Clk             ;
; Reset     ; Clk        ; -0.617 ; -0.827 ; Rise       ; Clk             ;
; Yin       ; Clk        ; -1.314 ; -1.957 ; Rise       ; Clk             ;
; Zin       ; Clk        ; -0.982 ; -1.536 ; Rise       ; Clk             ;
; Zout      ; Clk        ; -1.546 ; -2.257 ; Rise       ; Clk             ;
; op[*]     ; Clk        ; -1.063 ; -1.696 ; Rise       ; Clk             ;
;  op[0]    ; Clk        ; -1.361 ; -1.994 ; Rise       ; Clk             ;
;  op[1]    ; Clk        ; -1.063 ; -1.696 ; Rise       ; Clk             ;
; MemRd     ; Clk        ; -0.720 ; -1.310 ; Fall       ; Clk             ;
+-----------+------------+--------+--------+------------+-----------------+


+-----------------------------------------------------------------------+
; Clock to Output Times                                                 ;
+-----------+------------+-------+-------+------------+-----------------+
; Data Port ; Clock Port ; Rise  ; Fall  ; Clock Edge ; Clock Reference ;
+-----------+------------+-------+-------+------------+-----------------+
; CRT[*]    ; Clk        ; 6.125 ; 6.309 ; Rise       ; Clk             ;
;  CRT[0]   ; Clk        ; 4.712 ; 4.757 ; Rise       ; Clk             ;
;  CRT[1]   ; Clk        ; 6.125 ; 6.309 ; Rise       ; Clk             ;
;  CRT[2]   ; Clk        ; 5.731 ; 5.921 ; Rise       ; Clk             ;
;  CRT[3]   ; Clk        ; 5.417 ; 5.489 ; Rise       ; Clk             ;
;  CRT[4]   ; Clk        ; 5.533 ; 5.681 ; Rise       ; Clk             ;
;  CRT[5]   ; Clk        ; 5.882 ; 6.091 ; Rise       ; Clk             ;
;  CRT[6]   ; Clk        ; 4.673 ; 4.734 ; Rise       ; Clk             ;
;  CRT[7]   ; Clk        ; 5.606 ; 5.761 ; Rise       ; Clk             ;
; IR[*]     ; Clk        ; 4.705 ; 4.912 ; Rise       ; Clk             ;
;  IR[0]    ; Clk        ; 3.720 ; 3.815 ; Rise       ; Clk             ;
;  IR[1]    ; Clk        ; 4.602 ; 4.810 ; Rise       ; Clk             ;
;  IR[2]    ; Clk        ; 3.566 ; 3.647 ; Rise       ; Clk             ;
;  IR[3]    ; Clk        ; 3.857 ; 4.003 ; Rise       ; Clk             ;
;  IR[4]    ; Clk        ; 3.634 ; 3.702 ; Rise       ; Clk             ;
;  IR[5]    ; Clk        ; 3.283 ; 3.322 ; Rise       ; Clk             ;
;  IR[6]    ; Clk        ; 4.085 ; 4.277 ; Rise       ; Clk             ;
;  IR[7]    ; Clk        ; 4.705 ; 4.912 ; Rise       ; Clk             ;
; MA[*]     ; Clk        ; 4.137 ; 4.298 ; Rise       ; Clk             ;
;  MA[0]    ; Clk        ; 3.883 ; 3.997 ; Rise       ; Clk             ;
;  MA[1]    ; Clk        ; 3.556 ; 3.613 ; Rise       ; Clk             ;
;  MA[2]    ; Clk        ; 3.921 ; 4.078 ; Rise       ; Clk             ;
;  MA[3]    ; Clk        ; 4.051 ; 4.222 ; Rise       ; Clk             ;
;  MA[4]    ; Clk        ; 3.562 ; 3.642 ; Rise       ; Clk             ;
;  MA[5]    ; Clk        ; 4.137 ; 4.298 ; Rise       ; Clk             ;
;  MA[6]    ; Clk        ; 3.744 ; 3.822 ; Rise       ; Clk             ;
;  MA[7]    ; Clk        ; 3.994 ; 4.167 ; Rise       ; Clk             ;
; PC[*]     ; Clk        ; 4.737 ; 4.974 ; Rise       ; Clk             ;
;  PC[0]    ; Clk        ; 3.244 ; 3.292 ; Rise       ; Clk             ;
;  PC[1]    ; Clk        ; 3.773 ; 3.851 ; Rise       ; Clk             ;
;  PC[2]    ; Clk        ; 4.737 ; 4.974 ; Rise       ; Clk             ;
;  PC[3]    ; Clk        ; 3.665 ; 3.723 ; Rise       ; Clk             ;
;  PC[4]    ; Clk        ; 3.391 ; 3.453 ; Rise       ; Clk             ;
;  PC[5]    ; Clk        ; 4.175 ; 4.289 ; Rise       ; Clk             ;
;  PC[6]    ; Clk        ; 3.778 ; 3.863 ; Rise       ; Clk             ;
;  PC[7]    ; Clk        ; 4.650 ; 4.868 ; Rise       ; Clk             ;
; RD[*]     ; Clk        ; 4.387 ; 4.546 ; Rise       ; Clk             ;
;  RD[0]    ; Clk        ; 4.387 ; 4.546 ; Rise       ; Clk             ;
;  RD[1]    ; Clk        ; 4.069 ; 4.212 ; Rise       ; Clk             ;
; RS[*]     ; Clk        ; 3.723 ; 3.842 ; Rise       ; Clk             ;
;  RS[0]    ; Clk        ; 3.566 ; 3.647 ; Rise       ; Clk             ;
;  RS[1]    ; Clk        ; 3.723 ; 3.842 ; Rise       ; Clk             ;
; MQ[*]     ; Clk        ; 6.793 ; 7.087 ; Fall       ; Clk             ;
;  MQ[0]    ; Clk        ; 6.793 ; 7.087 ; Fall       ; Clk             ;
;  MQ[1]    ; Clk        ; 5.890 ; 6.013 ; Fall       ; Clk             ;
;  MQ[2]    ; Clk        ; 5.617 ; 5.681 ; Fall       ; Clk             ;
;  MQ[3]    ; Clk        ; 4.913 ; 4.948 ; Fall       ; Clk             ;
;  MQ[4]    ; Clk        ; 5.930 ; 6.044 ; Fall       ; Clk             ;
;  MQ[5]    ; Clk        ; 6.250 ; 6.403 ; Fall       ; Clk             ;
;  MQ[6]    ; Clk        ; 5.627 ; 5.700 ; Fall       ; Clk             ;
;  MQ[7]    ; Clk        ; 6.103 ; 6.252 ; Fall       ; Clk             ;
+-----------+------------+-------+-------+------------+-----------------+


+-----------------------------------------------------------------------+
; Minimum Clock to Output Times                                         ;
+-----------+------------+-------+-------+------------+-----------------+
; Data Port ; Clock Port ; Rise  ; Fall  ; Clock Edge ; Clock Reference ;
+-----------+------------+-------+-------+------------+-----------------+
; CRT[*]    ; Clk        ; 3.426 ; 3.470 ; Rise       ; Clk             ;
;  CRT[0]   ; Clk        ; 3.426 ; 3.470 ; Rise       ; Clk             ;
;  CRT[1]   ; Clk        ; 4.745 ; 4.923 ; Rise       ; Clk             ;
;  CRT[2]   ; Clk        ; 4.434 ; 4.607 ; Rise       ; Clk             ;
;  CRT[3]   ; Clk        ; 4.206 ; 4.296 ; Rise       ; Clk             ;
;  CRT[4]   ; Clk        ; 4.494 ; 4.643 ; Rise       ; Clk             ;
;  CRT[5]   ; Clk        ; 4.643 ; 4.832 ; Rise       ; Clk             ;
;  CRT[6]   ; Clk        ; 3.432 ; 3.476 ; Rise       ; Clk             ;
;  CRT[7]   ; Clk        ; 4.299 ; 4.459 ; Rise       ; Clk             ;
; IR[*]     ; Clk        ; 3.216 ; 3.254 ; Rise       ; Clk             ;
;  IR[0]    ; Clk        ; 3.638 ; 3.728 ; Rise       ; Clk             ;
;  IR[1]    ; Clk        ; 4.521 ; 4.725 ; Rise       ; Clk             ;
;  IR[2]    ; Clk        ; 3.489 ; 3.567 ; Rise       ; Clk             ;
;  IR[3]    ; Clk        ; 3.768 ; 3.908 ; Rise       ; Clk             ;
;  IR[4]    ; Clk        ; 3.560 ; 3.625 ; Rise       ; Clk             ;
;  IR[5]    ; Clk        ; 3.216 ; 3.254 ; Rise       ; Clk             ;
;  IR[6]    ; Clk        ; 3.990 ; 4.175 ; Rise       ; Clk             ;
;  IR[7]    ; Clk        ; 4.619 ; 4.822 ; Rise       ; Clk             ;
; MA[*]     ; Clk        ; 3.484 ; 3.539 ; Rise       ; Clk             ;
;  MA[0]    ; Clk        ; 3.798 ; 3.907 ; Rise       ; Clk             ;
;  MA[1]    ; Clk        ; 3.485 ; 3.539 ; Rise       ; Clk             ;
;  MA[2]    ; Clk        ; 3.831 ; 3.983 ; Rise       ; Clk             ;
;  MA[3]    ; Clk        ; 3.953 ; 4.118 ; Rise       ; Clk             ;
;  MA[4]    ; Clk        ; 3.484 ; 3.561 ; Rise       ; Clk             ;
;  MA[5]    ; Clk        ; 4.036 ; 4.190 ; Rise       ; Clk             ;
;  MA[6]    ; Clk        ; 3.666 ; 3.741 ; Rise       ; Clk             ;
;  MA[7]    ; Clk        ; 3.899 ; 4.066 ; Rise       ; Clk             ;
; PC[*]     ; Clk        ; 3.179 ; 3.224 ; Rise       ; Clk             ;
;  PC[0]    ; Clk        ; 3.179 ; 3.224 ; Rise       ; Clk             ;
;  PC[1]    ; Clk        ; 3.693 ; 3.768 ; Rise       ; Clk             ;
;  PC[2]    ; Clk        ; 4.651 ; 4.884 ; Rise       ; Clk             ;
;  PC[3]    ; Clk        ; 3.590 ; 3.646 ; Rise       ; Clk             ;
;  PC[4]    ; Clk        ; 3.320 ; 3.380 ; Rise       ; Clk             ;
;  PC[5]    ; Clk        ; 4.078 ; 4.188 ; Rise       ; Clk             ;
;  PC[6]    ; Clk        ; 3.698 ; 3.779 ; Rise       ; Clk             ;
;  PC[7]    ; Clk        ; 4.568 ; 4.783 ; Rise       ; Clk             ;
; RD[*]     ; Clk        ; 3.972 ; 4.110 ; Rise       ; Clk             ;
;  RD[0]    ; Clk        ; 4.316 ; 4.472 ; Rise       ; Clk             ;
;  RD[1]    ; Clk        ; 3.972 ; 4.110 ; Rise       ; Clk             ;
; RS[*]     ; Clk        ; 3.489 ; 3.567 ; Rise       ; Clk             ;
;  RS[0]    ; Clk        ; 3.489 ; 3.567 ; Rise       ; Clk             ;
;  RS[1]    ; Clk        ; 3.640 ; 3.754 ; Rise       ; Clk             ;
; MQ[*]     ; Clk        ; 4.759 ; 4.792 ; Fall       ; Clk             ;
;  MQ[0]    ; Clk        ; 6.603 ; 6.891 ; Fall       ; Clk             ;
;  MQ[1]    ; Clk        ; 5.704 ; 5.821 ; Fall       ; Clk             ;
;  MQ[2]    ; Clk        ; 5.442 ; 5.503 ; Fall       ; Clk             ;
;  MQ[3]    ; Clk        ; 4.759 ; 4.792 ; Fall       ; Clk             ;
;  MQ[4]    ; Clk        ; 5.742 ; 5.851 ; Fall       ; Clk             ;
;  MQ[5]    ; Clk        ; 6.050 ; 6.196 ; Fall       ; Clk             ;
;  MQ[6]    ; Clk        ; 5.452 ; 5.521 ; Fall       ; Clk             ;
;  MQ[7]    ; Clk        ; 5.909 ; 6.050 ; Fall       ; Clk             ;
+-----------+------------+-------+-------+------------+-----------------+


+----------------------------------------------------------+
; Propagation Delay                                        ;
+------------+-------------+-------+-------+-------+-------+
; Input Port ; Output Port ; RR    ; RF    ; FR    ; FF    ;
+------------+-------------+-------+-------+-------+-------+
; GRout      ; CRT[0]      ; 4.613 ; 4.610 ; 5.217 ; 5.217 ;
; GRout      ; CRT[1]      ; 5.900 ; 5.897 ; 6.637 ; 6.637 ;
; GRout      ; CRT[2]      ; 5.769 ; 5.766 ; 6.503 ; 6.503 ;
; GRout      ; CRT[3]      ; 6.152 ; 6.148 ; 6.927 ; 6.927 ;
; GRout      ; CRT[4]      ; 5.738 ; 5.734 ; 6.463 ; 6.463 ;
; GRout      ; CRT[5]      ; 6.060 ; 6.057 ; 6.845 ; 6.845 ;
; GRout      ; CRT[6]      ; 4.732 ; 4.729 ; 5.358 ; 5.358 ;
; GRout      ; CRT[7]      ; 5.759 ; 5.756 ; 6.493 ; 6.493 ;
; GRsel      ; CRT[0]      ; 5.458 ; 5.503 ; 6.100 ; 6.145 ;
; GRsel      ; CRT[1]      ; 6.857 ; 7.041 ; 7.513 ; 7.697 ;
; GRsel      ; CRT[2]      ; 6.463 ; 6.669 ; 7.119 ; 7.309 ;
; GRsel      ; CRT[3]      ; 6.149 ; 6.221 ; 6.805 ; 6.877 ;
; GRsel      ; CRT[4]      ; 6.278 ; 6.419 ; 6.921 ; 7.069 ;
; GRsel      ; CRT[5]      ; 6.614 ; 6.823 ; 7.270 ; 7.479 ;
; GRsel      ; CRT[6]      ; 5.327 ; 5.388 ; 5.974 ; 6.029 ;
; GRsel      ; CRT[7]      ; 6.338 ; 6.493 ; 6.994 ; 7.149 ;
; MDRout     ; CRT[0]      ; 5.249 ; 5.246 ; 5.978 ; 5.978 ;
; MDRout     ; CRT[1]      ; 6.536 ; 6.533 ; 7.398 ; 7.398 ;
; MDRout     ; CRT[2]      ; 6.405 ; 6.402 ; 7.264 ; 7.264 ;
; MDRout     ; CRT[3]      ; 6.788 ; 6.784 ; 7.688 ; 7.688 ;
; MDRout     ; CRT[4]      ; 6.374 ; 6.370 ; 7.224 ; 7.224 ;
; MDRout     ; CRT[5]      ; 6.696 ; 6.693 ; 7.606 ; 7.606 ;
; MDRout     ; CRT[6]      ; 5.368 ; 5.365 ; 6.119 ; 6.119 ;
; MDRout     ; CRT[7]      ; 6.395 ; 6.392 ; 7.254 ; 7.254 ;
; PCout      ; CRT[0]      ; 5.086 ; 5.083 ; 5.757 ; 5.757 ;
; PCout      ; CRT[1]      ; 6.373 ; 6.370 ; 7.177 ; 7.177 ;
; PCout      ; CRT[2]      ; 6.242 ; 6.239 ; 7.043 ; 7.043 ;
; PCout      ; CRT[3]      ; 6.625 ; 6.621 ; 7.467 ; 7.467 ;
; PCout      ; CRT[4]      ; 6.211 ; 6.207 ; 7.003 ; 7.003 ;
; PCout      ; CRT[5]      ; 6.533 ; 6.530 ; 7.385 ; 7.385 ;
; PCout      ; CRT[6]      ; 5.205 ; 5.202 ; 5.898 ; 5.898 ;
; PCout      ; CRT[7]      ; 6.232 ; 6.229 ; 7.033 ; 7.033 ;
; Zout       ; CRT[0]      ; 5.111 ; 5.108 ; 5.827 ; 5.827 ;
; Zout       ; CRT[1]      ; 6.398 ; 6.395 ; 7.247 ; 7.247 ;
; Zout       ; CRT[2]      ; 6.267 ; 6.264 ; 7.113 ; 7.113 ;
; Zout       ; CRT[3]      ; 6.650 ; 6.646 ; 7.537 ; 7.537 ;
; Zout       ; CRT[4]      ; 6.236 ; 6.232 ; 7.073 ; 7.073 ;
; Zout       ; CRT[5]      ; 6.558 ; 6.555 ; 7.455 ; 7.455 ;
; Zout       ; CRT[6]      ; 5.230 ; 5.227 ; 5.968 ; 5.968 ;
; Zout       ; CRT[7]      ; 6.257 ; 6.254 ; 7.103 ; 7.103 ;
+------------+-------------+-------+-------+-------+-------+


+----------------------------------------------------------+
; Minimum Propagation Delay                                ;
+------------+-------------+-------+-------+-------+-------+
; Input Port ; Output Port ; RR    ; RF    ; FR    ; FF    ;
+------------+-------------+-------+-------+-------+-------+
; GRout      ; CRT[0]      ; 3.689 ; 3.689 ; 4.350 ; 4.284 ;
; GRout      ; CRT[1]      ; 4.925 ; 4.925 ; 5.715 ; 5.649 ;
; GRout      ; CRT[2]      ; 4.799 ; 4.799 ; 5.331 ; 5.518 ;
; GRout      ; CRT[3]      ; 5.163 ; 4.684 ; 5.179 ; 5.922 ;
; GRout      ; CRT[4]      ; 4.766 ; 4.766 ; 5.486 ; 5.477 ;
; GRout      ; CRT[5]      ; 5.078 ; 5.078 ; 5.633 ; 5.847 ;
; GRout      ; CRT[6]      ; 3.803 ; 3.803 ; 4.421 ; 4.419 ;
; GRout      ; CRT[7]      ; 4.789 ; 4.789 ; 5.272 ; 5.508 ;
; GRsel      ; CRT[0]      ; 5.039 ; 5.078 ; 5.655 ; 5.694 ;
; GRsel      ; CRT[1]      ; 6.387 ; 6.572 ; 7.046 ; 7.231 ;
; GRsel      ; CRT[2]      ; 5.751 ; 5.936 ; 6.367 ; 6.552 ;
; GRsel      ; CRT[3]      ; 5.614 ; 5.735 ; 6.274 ; 6.381 ;
; GRsel      ; CRT[4]      ; 5.854 ; 5.985 ; 6.470 ; 6.601 ;
; GRsel      ; CRT[5]      ; 5.935 ; 6.120 ; 6.595 ; 6.780 ;
; GRsel      ; CRT[6]      ; 4.664 ; 4.704 ; 5.280 ; 5.320 ;
; GRsel      ; CRT[7]      ; 5.808 ; 5.951 ; 6.468 ; 6.611 ;
; MDRout     ; CRT[0]      ; 4.301 ; 4.301 ; 5.082 ; 5.016 ;
; MDRout     ; CRT[1]      ; 5.537 ; 5.537 ; 6.412 ; 6.381 ;
; MDRout     ; CRT[2]      ; 5.411 ; 5.411 ; 6.190 ; 6.250 ;
; MDRout     ; CRT[3]      ; 5.775 ; 5.476 ; 6.038 ; 6.654 ;
; MDRout     ; CRT[4]      ; 5.378 ; 5.378 ; 6.189 ; 6.209 ;
; MDRout     ; CRT[5]      ; 5.690 ; 5.690 ; 6.408 ; 6.579 ;
; MDRout     ; CRT[6]      ; 4.415 ; 4.415 ; 5.135 ; 5.151 ;
; MDRout     ; CRT[7]      ; 5.401 ; 5.401 ; 6.030 ; 6.240 ;
; PCout      ; CRT[0]      ; 4.143 ; 4.143 ; 4.870 ; 4.804 ;
; PCout      ; CRT[1]      ; 5.379 ; 5.379 ; 6.235 ; 6.169 ;
; PCout      ; CRT[2]      ; 5.253 ; 5.253 ; 5.789 ; 6.038 ;
; PCout      ; CRT[3]      ; 5.617 ; 5.229 ; 5.733 ; 6.442 ;
; PCout      ; CRT[4]      ; 5.220 ; 5.220 ; 6.055 ; 5.997 ;
; PCout      ; CRT[5]      ; 5.532 ; 5.532 ; 6.230 ; 6.367 ;
; PCout      ; CRT[6]      ; 4.257 ; 4.257 ; 4.893 ; 4.939 ;
; PCout      ; CRT[7]      ; 5.243 ; 5.243 ; 5.743 ; 6.028 ;
; Zout       ; CRT[0]      ; 4.167 ; 4.167 ; 4.936 ; 4.870 ;
; Zout       ; CRT[1]      ; 5.403 ; 5.403 ; 6.301 ; 6.235 ;
; Zout       ; CRT[2]      ; 5.277 ; 5.277 ; 5.875 ; 6.104 ;
; Zout       ; CRT[3]      ; 5.641 ; 5.299 ; 5.826 ; 6.508 ;
; Zout       ; CRT[4]      ; 5.244 ; 5.244 ; 6.121 ; 6.063 ;
; Zout       ; CRT[5]      ; 5.556 ; 5.556 ; 6.499 ; 6.433 ;
; Zout       ; CRT[6]      ; 4.281 ; 4.281 ; 5.071 ; 5.005 ;
; Zout       ; CRT[7]      ; 5.267 ; 5.267 ; 6.025 ; 6.094 ;
+------------+-------------+-------+-------+-------+-------+


---------------------------------------------
; Fast 1200mV 0C Model Metastability Report ;
---------------------------------------------
No synchronizer chains to report.


+--------------------------------------------------------------------------------+
; Multicorner Timing Analysis Summary                                            ;
+------------------+----------+-------+----------+---------+---------------------+
; Clock            ; Setup    ; Hold  ; Recovery ; Removal ; Minimum Pulse Width ;
+------------------+----------+-------+----------+---------+---------------------+
; Worst-case Slack ; -6.454   ; 0.284 ; N/A      ; N/A     ; -3.201              ;
;  Clk             ; -6.454   ; 0.284 ; N/A      ; N/A     ; -3.201              ;
; Design-wide TNS  ; -423.618 ; 0.0   ; 0.0      ; 0.0     ; -125.161            ;
;  Clk             ; -423.618 ; 0.000 ; N/A      ; N/A     ; -125.161            ;
+------------------+----------+-------+----------+---------+---------------------+


+-----------------------------------------------------------------------+
; Setup Times                                                           ;
+-----------+------------+-------+-------+------------+-----------------+
; Data Port ; Clock Port ; Rise  ; Fall  ; Clock Edge ; Clock Reference ;
+-----------+------------+-------+-------+------------+-----------------+
; GRin      ; Clk        ; 5.050 ; 5.180 ; Rise       ; Clk             ;
; GRout     ; Clk        ; 5.926 ; 6.146 ; Rise       ; Clk             ;
; GRsel     ; Clk        ; 8.901 ; 9.237 ; Rise       ; Clk             ;
; IRin      ; Clk        ; 3.894 ; 3.983 ; Rise       ; Clk             ;
; MARin     ; Clk        ; 2.449 ; 2.640 ; Rise       ; Clk             ;
; MDRin     ; Clk        ; 3.260 ; 3.442 ; Rise       ; Clk             ;
; MDRout    ; Clk        ; 7.354 ; 7.621 ; Rise       ; Clk             ;
; PC_1      ; Clk        ; 3.612 ; 3.705 ; Rise       ; Clk             ;
; PCin      ; Clk        ; 5.233 ; 5.428 ; Rise       ; Clk             ;
; PCout     ; Clk        ; 7.091 ; 7.279 ; Rise       ; Clk             ;
; Reset     ; Clk        ; 2.578 ; 2.549 ; Rise       ; Clk             ;
; Yin       ; Clk        ; 3.303 ; 3.489 ; Rise       ; Clk             ;
; Zin       ; Clk        ; 2.417 ; 2.608 ; Rise       ; Clk             ;
; Zout      ; Clk        ; 7.195 ; 7.463 ; Rise       ; Clk             ;
; op[*]     ; Clk        ; 5.818 ; 5.775 ; Rise       ; Clk             ;
;  op[0]    ; Clk        ; 5.818 ; 5.775 ; Rise       ; Clk             ;
;  op[1]    ; Clk        ; 3.017 ; 3.184 ; Rise       ; Clk             ;
; MemRd     ; Clk        ; 2.978 ; 3.224 ; Fall       ; Clk             ;
+-----------+------------+-------+-------+------------+-----------------+


+-------------------------------------------------------------------------+
; Hold Times                                                              ;
+-----------+------------+--------+--------+------------+-----------------+
; Data Port ; Clock Port ; Rise   ; Fall   ; Clock Edge ; Clock Reference ;
+-----------+------------+--------+--------+------------+-----------------+
; GRin      ; Clk        ; -1.625 ; -2.296 ; Rise       ; Clk             ;
; GRout     ; Clk        ; -1.068 ; -1.682 ; Rise       ; Clk             ;
; GRsel     ; Clk        ; -2.133 ; -2.749 ; Rise       ; Clk             ;
; IRin      ; Clk        ; -1.449 ; -2.082 ; Rise       ; Clk             ;
; MARin     ; Clk        ; -0.978 ; -1.536 ; Rise       ; Clk             ;
; MDRin     ; Clk        ; -1.182 ; -1.789 ; Rise       ; Clk             ;
; MDRout    ; Clk        ; -1.680 ; -2.351 ; Rise       ; Clk             ;
; PC_1      ; Clk        ; -1.412 ; -2.020 ; Rise       ; Clk             ;
; PCin      ; Clk        ; -1.797 ; -2.510 ; Rise       ; Clk             ;
; PCout     ; Clk        ; -1.522 ; -2.171 ; Rise       ; Clk             ;
; Reset     ; Clk        ; -0.617 ; -0.827 ; Rise       ; Clk             ;
; Yin       ; Clk        ; -1.314 ; -1.957 ; Rise       ; Clk             ;
; Zin       ; Clk        ; -0.982 ; -1.536 ; Rise       ; Clk             ;
; Zout      ; Clk        ; -1.546 ; -2.257 ; Rise       ; Clk             ;
; op[*]     ; Clk        ; -1.063 ; -1.696 ; Rise       ; Clk             ;
;  op[0]    ; Clk        ; -1.361 ; -1.994 ; Rise       ; Clk             ;
;  op[1]    ; Clk        ; -1.063 ; -1.696 ; Rise       ; Clk             ;
; MemRd     ; Clk        ; -0.720 ; -1.310 ; Fall       ; Clk             ;
+-----------+------------+--------+--------+------------+-----------------+


+-------------------------------------------------------------------------+
; Clock to Output Times                                                   ;
+-----------+------------+--------+--------+------------+-----------------+
; Data Port ; Clock Port ; Rise   ; Fall   ; Clock Edge ; Clock Reference ;
+-----------+------------+--------+--------+------------+-----------------+
; CRT[*]    ; Clk        ; 13.518 ; 12.966 ; Rise       ; Clk             ;
;  CRT[0]   ; Clk        ; 10.374 ; 10.160 ; Rise       ; Clk             ;
;  CRT[1]   ; Clk        ; 13.518 ; 12.966 ; Rise       ; Clk             ;
;  CRT[2]   ; Clk        ; 12.707 ; 12.278 ; Rise       ; Clk             ;
;  CRT[3]   ; Clk        ; 11.705 ; 11.375 ; Rise       ; Clk             ;
;  CRT[4]   ; Clk        ; 12.096 ; 11.671 ; Rise       ; Clk             ;
;  CRT[5]   ; Clk        ; 12.929 ; 12.552 ; Rise       ; Clk             ;
;  CRT[6]   ; Clk        ; 10.151 ; 9.910  ; Rise       ; Clk             ;
;  CRT[7]   ; Clk        ; 12.331 ; 11.944 ; Rise       ; Clk             ;
; IR[*]     ; Clk        ; 9.500  ; 9.426  ; Rise       ; Clk             ;
;  IR[0]    ; Clk        ; 7.955  ; 7.679  ; Rise       ; Clk             ;
;  IR[1]    ; Clk        ; 9.150  ; 9.111  ; Rise       ; Clk             ;
;  IR[2]    ; Clk        ; 7.604  ; 7.335  ; Rise       ; Clk             ;
;  IR[3]    ; Clk        ; 8.223  ; 8.035  ; Rise       ; Clk             ;
;  IR[4]    ; Clk        ; 7.525  ; 7.380  ; Rise       ; Clk             ;
;  IR[5]    ; Clk        ; 6.904  ; 6.755  ; Rise       ; Clk             ;
;  IR[6]    ; Clk        ; 8.737  ; 8.439  ; Rise       ; Clk             ;
;  IR[7]    ; Clk        ; 9.500  ; 9.426  ; Rise       ; Clk             ;
; MA[*]     ; Clk        ; 8.854  ; 8.561  ; Rise       ; Clk             ;
;  MA[0]    ; Clk        ; 8.062  ; 7.971  ; Rise       ; Clk             ;
;  MA[1]    ; Clk        ; 7.395  ; 7.235  ; Rise       ; Clk             ;
;  MA[2]    ; Clk        ; 8.303  ; 8.098  ; Rise       ; Clk             ;
;  MA[3]    ; Clk        ; 8.783  ; 8.500  ; Rise       ; Clk             ;
;  MA[4]    ; Clk        ; 7.587  ; 7.357  ; Rise       ; Clk             ;
;  MA[5]    ; Clk        ; 8.854  ; 8.561  ; Rise       ; Clk             ;
;  MA[6]    ; Clk        ; 7.804  ; 7.613  ; Rise       ; Clk             ;
;  MA[7]    ; Clk        ; 8.510  ; 8.272  ; Rise       ; Clk             ;
; PC[*]     ; Clk        ; 9.590  ; 9.480  ; Rise       ; Clk             ;
;  PC[0]    ; Clk        ; 6.744  ; 6.653  ; Rise       ; Clk             ;
;  PC[1]    ; Clk        ; 7.899  ; 7.706  ; Rise       ; Clk             ;
;  PC[2]    ; Clk        ; 9.590  ; 9.480  ; Rise       ; Clk             ;
;  PC[3]    ; Clk        ; 7.643  ; 7.427  ; Rise       ; Clk             ;
;  PC[4]    ; Clk        ; 7.080  ; 6.953  ; Rise       ; Clk             ;
;  PC[5]    ; Clk        ; 8.854  ; 8.536  ; Rise       ; Clk             ;
;  PC[6]    ; Clk        ; 7.870  ; 7.735  ; Rise       ; Clk             ;
;  PC[7]    ; Clk        ; 9.388  ; 9.252  ; Rise       ; Clk             ;
; RD[*]     ; Clk        ; 8.785  ; 8.704  ; Rise       ; Clk             ;
;  RD[0]    ; Clk        ; 8.731  ; 8.704  ; Rise       ; Clk             ;
;  RD[1]    ; Clk        ; 8.785  ; 8.470  ; Rise       ; Clk             ;
; RS[*]     ; Clk        ; 7.895  ; 7.763  ; Rise       ; Clk             ;
;  RS[0]    ; Clk        ; 7.604  ; 7.335  ; Rise       ; Clk             ;
;  RS[1]    ; Clk        ; 7.895  ; 7.763  ; Rise       ; Clk             ;
; MQ[*]     ; Clk        ; 14.005 ; 13.863 ; Fall       ; Clk             ;
;  MQ[0]    ; Clk        ; 14.005 ; 13.863 ; Fall       ; Clk             ;
;  MQ[1]    ; Clk        ; 12.482 ; 12.140 ; Fall       ; Clk             ;
;  MQ[2]    ; Clk        ; 11.812 ; 11.525 ; Fall       ; Clk             ;
;  MQ[3]    ; Clk        ; 10.286 ; 10.123 ; Fall       ; Clk             ;
;  MQ[4]    ; Clk        ; 12.425 ; 12.174 ; Fall       ; Clk             ;
;  MQ[5]    ; Clk        ; 13.139 ; 12.834 ; Fall       ; Clk             ;
;  MQ[6]    ; Clk        ; 11.784 ; 11.515 ; Fall       ; Clk             ;
;  MQ[7]    ; Clk        ; 12.979 ; 12.589 ; Fall       ; Clk             ;
+-----------+------------+--------+--------+------------+-----------------+


+-----------------------------------------------------------------------+
; Minimum Clock to Output Times                                         ;
+-----------+------------+-------+-------+------------+-----------------+
; Data Port ; Clock Port ; Rise  ; Fall  ; Clock Edge ; Clock Reference ;
+-----------+------------+-------+-------+------------+-----------------+
; CRT[*]    ; Clk        ; 3.426 ; 3.470 ; Rise       ; Clk             ;
;  CRT[0]   ; Clk        ; 3.426 ; 3.470 ; Rise       ; Clk             ;
;  CRT[1]   ; Clk        ; 4.745 ; 4.923 ; Rise       ; Clk             ;
;  CRT[2]   ; Clk        ; 4.434 ; 4.607 ; Rise       ; Clk             ;
;  CRT[3]   ; Clk        ; 4.206 ; 4.296 ; Rise       ; Clk             ;
;  CRT[4]   ; Clk        ; 4.494 ; 4.643 ; Rise       ; Clk             ;
;  CRT[5]   ; Clk        ; 4.643 ; 4.832 ; Rise       ; Clk             ;
;  CRT[6]   ; Clk        ; 3.432 ; 3.476 ; Rise       ; Clk             ;
;  CRT[7]   ; Clk        ; 4.299 ; 4.459 ; Rise       ; Clk             ;
; IR[*]     ; Clk        ; 3.216 ; 3.254 ; Rise       ; Clk             ;
;  IR[0]    ; Clk        ; 3.638 ; 3.728 ; Rise       ; Clk             ;
;  IR[1]    ; Clk        ; 4.521 ; 4.725 ; Rise       ; Clk             ;
;  IR[2]    ; Clk        ; 3.489 ; 3.567 ; Rise       ; Clk             ;
;  IR[3]    ; Clk        ; 3.768 ; 3.908 ; Rise       ; Clk             ;
;  IR[4]    ; Clk        ; 3.560 ; 3.625 ; Rise       ; Clk             ;
;  IR[5]    ; Clk        ; 3.216 ; 3.254 ; Rise       ; Clk             ;
;  IR[6]    ; Clk        ; 3.990 ; 4.175 ; Rise       ; Clk             ;
;  IR[7]    ; Clk        ; 4.619 ; 4.822 ; Rise       ; Clk             ;
; MA[*]     ; Clk        ; 3.484 ; 3.539 ; Rise       ; Clk             ;
;  MA[0]    ; Clk        ; 3.798 ; 3.907 ; Rise       ; Clk             ;
;  MA[1]    ; Clk        ; 3.485 ; 3.539 ; Rise       ; Clk             ;
;  MA[2]    ; Clk        ; 3.831 ; 3.983 ; Rise       ; Clk             ;
;  MA[3]    ; Clk        ; 3.953 ; 4.118 ; Rise       ; Clk             ;
;  MA[4]    ; Clk        ; 3.484 ; 3.561 ; Rise       ; Clk             ;
;  MA[5]    ; Clk        ; 4.036 ; 4.190 ; Rise       ; Clk             ;
;  MA[6]    ; Clk        ; 3.666 ; 3.741 ; Rise       ; Clk             ;
;  MA[7]    ; Clk        ; 3.899 ; 4.066 ; Rise       ; Clk             ;
; PC[*]     ; Clk        ; 3.179 ; 3.224 ; Rise       ; Clk             ;
;  PC[0]    ; Clk        ; 3.179 ; 3.224 ; Rise       ; Clk             ;
;  PC[1]    ; Clk        ; 3.693 ; 3.768 ; Rise       ; Clk             ;
;  PC[2]    ; Clk        ; 4.651 ; 4.884 ; Rise       ; Clk             ;
;  PC[3]    ; Clk        ; 3.590 ; 3.646 ; Rise       ; Clk             ;
;  PC[4]    ; Clk        ; 3.320 ; 3.380 ; Rise       ; Clk             ;
;  PC[5]    ; Clk        ; 4.078 ; 4.188 ; Rise       ; Clk             ;
;  PC[6]    ; Clk        ; 3.698 ; 3.779 ; Rise       ; Clk             ;
;  PC[7]    ; Clk        ; 4.568 ; 4.783 ; Rise       ; Clk             ;
; RD[*]     ; Clk        ; 3.972 ; 4.110 ; Rise       ; Clk             ;
;  RD[0]    ; Clk        ; 4.316 ; 4.472 ; Rise       ; Clk             ;
;  RD[1]    ; Clk        ; 3.972 ; 4.110 ; Rise       ; Clk             ;
; RS[*]     ; Clk        ; 3.489 ; 3.567 ; Rise       ; Clk             ;
;  RS[0]    ; Clk        ; 3.489 ; 3.567 ; Rise       ; Clk             ;
;  RS[1]    ; Clk        ; 3.640 ; 3.754 ; Rise       ; Clk             ;
; MQ[*]     ; Clk        ; 4.759 ; 4.792 ; Fall       ; Clk             ;
;  MQ[0]    ; Clk        ; 6.603 ; 6.891 ; Fall       ; Clk             ;
;  MQ[1]    ; Clk        ; 5.704 ; 5.821 ; Fall       ; Clk             ;
;  MQ[2]    ; Clk        ; 5.442 ; 5.503 ; Fall       ; Clk             ;
;  MQ[3]    ; Clk        ; 4.759 ; 4.792 ; Fall       ; Clk             ;
;  MQ[4]    ; Clk        ; 5.742 ; 5.851 ; Fall       ; Clk             ;
;  MQ[5]    ; Clk        ; 6.050 ; 6.196 ; Fall       ; Clk             ;
;  MQ[6]    ; Clk        ; 5.452 ; 5.521 ; Fall       ; Clk             ;
;  MQ[7]    ; Clk        ; 5.909 ; 6.050 ; Fall       ; Clk             ;
+-----------+------------+-------+-------+------------+-----------------+


+--------------------------------------------------------------+
; Progagation Delay                                            ;
+------------+-------------+--------+--------+--------+--------+
; Input Port ; Output Port ; RR     ; RF     ; FR     ; FF     ;
+------------+-------------+--------+--------+--------+--------+
; GRout      ; CRT[0]      ; 7.933  ; 8.334  ; 8.779  ; 7.951  ;
; GRout      ; CRT[1]      ; 10.890 ; 11.197 ; 11.974 ; 10.681 ;
; GRout      ; CRT[2]      ; 10.568 ; 10.568 ; 10.583 ; 10.405 ;
; GRout      ; CRT[3]      ; 11.529 ; 11.529 ; 11.420 ; 11.289 ;
; GRout      ; CRT[4]      ; 10.509 ; 10.509 ; 10.844 ; 10.341 ;
; GRout      ; CRT[5]      ; 11.324 ; 11.324 ; 11.373 ; 11.066 ;
; GRout      ; CRT[6]      ; 8.222  ; 8.222  ; 8.411  ; 8.223  ;
; GRout      ; CRT[7]      ; 10.558 ; 10.558 ; 10.610 ; 10.395 ;
; GRsel      ; CRT[0]      ; 11.816 ; 11.602 ; 12.152 ; 11.938 ;
; GRsel      ; CRT[1]      ; 14.960 ; 14.408 ; 15.296 ; 14.744 ;
; GRsel      ; CRT[2]      ; 14.149 ; 13.720 ; 14.485 ; 14.056 ;
; GRsel      ; CRT[3]      ; 13.147 ; 12.817 ; 13.483 ; 13.153 ;
; GRsel      ; CRT[4]      ; 13.538 ; 13.113 ; 13.874 ; 13.449 ;
; GRsel      ; CRT[5]      ; 14.371 ; 13.994 ; 14.707 ; 14.330 ;
; GRsel      ; CRT[6]      ; 11.482 ; 11.241 ; 11.818 ; 11.577 ;
; GRsel      ; CRT[7]      ; 13.773 ; 13.386 ; 14.109 ; 13.722 ;
; MDRout     ; CRT[0]      ; 9.361  ; 9.424  ; 9.879  ; 9.426  ;
; MDRout     ; CRT[1]      ; 12.318 ; 12.318 ; 13.072 ; 12.156 ;
; MDRout     ; CRT[2]      ; 11.996 ; 11.996 ; 12.420 ; 11.880 ;
; MDRout     ; CRT[3]      ; 12.957 ; 12.957 ; 12.895 ; 12.764 ;
; MDRout     ; CRT[4]      ; 11.937 ; 11.937 ; 12.453 ; 11.816 ;
; MDRout     ; CRT[5]      ; 12.752 ; 12.752 ; 13.192 ; 12.541 ;
; MDRout     ; CRT[6]      ; 9.650  ; 9.650  ; 10.032 ; 9.698  ;
; MDRout     ; CRT[7]      ; 11.986 ; 11.986 ; 12.299 ; 11.870 ;
; PCout      ; CRT[0]      ; 9.098  ; 9.346  ; 9.685  ; 9.084  ;
; PCout      ; CRT[1]      ; 12.055 ; 12.342 ; 13.004 ; 11.814 ;
; PCout      ; CRT[2]      ; 11.733 ; 11.733 ; 11.692 ; 11.538 ;
; PCout      ; CRT[3]      ; 12.694 ; 12.694 ; 12.553 ; 12.422 ;
; PCout      ; CRT[4]      ; 11.674 ; 11.833 ; 12.372 ; 11.474 ;
; PCout      ; CRT[5]      ; 12.489 ; 12.489 ; 12.904 ; 12.199 ;
; PCout      ; CRT[6]      ; 9.387  ; 9.387  ; 9.595  ; 9.356  ;
; PCout      ; CRT[7]      ; 11.723 ; 11.723 ; 11.765 ; 11.528 ;
; Zout       ; CRT[0]      ; 9.202  ; 9.408  ; 9.808  ; 9.235  ;
; Zout       ; CRT[1]      ; 12.159 ; 12.634 ; 13.345 ; 11.965 ;
; Zout       ; CRT[2]      ; 11.837 ; 11.837 ; 11.830 ; 11.689 ;
; Zout       ; CRT[3]      ; 12.798 ; 12.798 ; 12.704 ; 12.573 ;
; Zout       ; CRT[4]      ; 11.778 ; 12.466 ; 12.971 ; 11.625 ;
; Zout       ; CRT[5]      ; 12.593 ; 13.030 ; 13.523 ; 12.350 ;
; Zout       ; CRT[6]      ; 9.491  ; 10.015 ; 10.339 ; 9.507  ;
; Zout       ; CRT[7]      ; 11.827 ; 11.845 ; 12.465 ; 11.679 ;
+------------+-------------+--------+--------+--------+--------+


+----------------------------------------------------------+
; Minimum Progagation Delay                                ;
+------------+-------------+-------+-------+-------+-------+
; Input Port ; Output Port ; RR    ; RF    ; FR    ; FF    ;
+------------+-------------+-------+-------+-------+-------+
; GRout      ; CRT[0]      ; 3.689 ; 3.689 ; 4.350 ; 4.284 ;
; GRout      ; CRT[1]      ; 4.925 ; 4.925 ; 5.715 ; 5.649 ;
; GRout      ; CRT[2]      ; 4.799 ; 4.799 ; 5.331 ; 5.518 ;
; GRout      ; CRT[3]      ; 5.163 ; 4.684 ; 5.179 ; 5.922 ;
; GRout      ; CRT[4]      ; 4.766 ; 4.766 ; 5.486 ; 5.477 ;
; GRout      ; CRT[5]      ; 5.078 ; 5.078 ; 5.633 ; 5.847 ;
; GRout      ; CRT[6]      ; 3.803 ; 3.803 ; 4.421 ; 4.419 ;
; GRout      ; CRT[7]      ; 4.789 ; 4.789 ; 5.272 ; 5.508 ;
; GRsel      ; CRT[0]      ; 5.039 ; 5.078 ; 5.655 ; 5.694 ;
; GRsel      ; CRT[1]      ; 6.387 ; 6.572 ; 7.046 ; 7.231 ;
; GRsel      ; CRT[2]      ; 5.751 ; 5.936 ; 6.367 ; 6.552 ;
; GRsel      ; CRT[3]      ; 5.614 ; 5.735 ; 6.274 ; 6.381 ;
; GRsel      ; CRT[4]      ; 5.854 ; 5.985 ; 6.470 ; 6.601 ;
; GRsel      ; CRT[5]      ; 5.935 ; 6.120 ; 6.595 ; 6.780 ;
; GRsel      ; CRT[6]      ; 4.664 ; 4.704 ; 5.280 ; 5.320 ;
; GRsel      ; CRT[7]      ; 5.808 ; 5.951 ; 6.468 ; 6.611 ;
; MDRout     ; CRT[0]      ; 4.301 ; 4.301 ; 5.082 ; 5.016 ;
; MDRout     ; CRT[1]      ; 5.537 ; 5.537 ; 6.412 ; 6.381 ;
; MDRout     ; CRT[2]      ; 5.411 ; 5.411 ; 6.190 ; 6.250 ;
; MDRout     ; CRT[3]      ; 5.775 ; 5.476 ; 6.038 ; 6.654 ;
; MDRout     ; CRT[4]      ; 5.378 ; 5.378 ; 6.189 ; 6.209 ;
; MDRout     ; CRT[5]      ; 5.690 ; 5.690 ; 6.408 ; 6.579 ;
; MDRout     ; CRT[6]      ; 4.415 ; 4.415 ; 5.135 ; 5.151 ;
; MDRout     ; CRT[7]      ; 5.401 ; 5.401 ; 6.030 ; 6.240 ;
; PCout      ; CRT[0]      ; 4.143 ; 4.143 ; 4.870 ; 4.804 ;
; PCout      ; CRT[1]      ; 5.379 ; 5.379 ; 6.235 ; 6.169 ;
; PCout      ; CRT[2]      ; 5.253 ; 5.253 ; 5.789 ; 6.038 ;
; PCout      ; CRT[3]      ; 5.617 ; 5.229 ; 5.733 ; 6.442 ;
; PCout      ; CRT[4]      ; 5.220 ; 5.220 ; 6.055 ; 5.997 ;
; PCout      ; CRT[5]      ; 5.532 ; 5.532 ; 6.230 ; 6.367 ;
; PCout      ; CRT[6]      ; 4.257 ; 4.257 ; 4.893 ; 4.939 ;
; PCout      ; CRT[7]      ; 5.243 ; 5.243 ; 5.743 ; 6.028 ;
; Zout       ; CRT[0]      ; 4.167 ; 4.167 ; 4.936 ; 4.870 ;
; Zout       ; CRT[1]      ; 5.403 ; 5.403 ; 6.301 ; 6.235 ;
; Zout       ; CRT[2]      ; 5.277 ; 5.277 ; 5.875 ; 6.104 ;
; Zout       ; CRT[3]      ; 5.641 ; 5.299 ; 5.826 ; 6.508 ;
; Zout       ; CRT[4]      ; 5.244 ; 5.244 ; 6.121 ; 6.063 ;
; Zout       ; CRT[5]      ; 5.556 ; 5.556 ; 6.499 ; 6.433 ;
; Zout       ; CRT[6]      ; 4.281 ; 4.281 ; 5.071 ; 5.005 ;
; Zout       ; CRT[7]      ; 5.267 ; 5.267 ; 6.025 ; 6.094 ;
+------------+-------------+-------+-------+-------+-------+


+------------------------------------------------------------------------------------------------------------------------------------------------------------------------------------------------------------------------------------------------------------------------------------------------------------------------------------------------------------------+
; Board Trace Model Assignments                                                                                                                                                                                                                                                                                                                                    ;
+---------------+--------------+-------------------+-------------------------+-------------------------+---------------+---------------------+----------------+------------------+--------+------------------+------------------------+------------------------+--------------+---------------+-----------------+-------+---------------------+--------------------+
; Pin           ; I/O Standard ; Near Tline Length ; Near Tline L per Length ; Near Tline C per Length ; Near Series R ; Near Differential R ; Near Pull-up R ; Near Pull-down R ; Near C ; Far Tline Length ; Far Tline L per Length ; Far Tline C per Length ; Far Series R ; Far Pull-up R ; Far Pull-down R ; Far C ; Termination Voltage ; Far Differential R ;
+---------------+--------------+-------------------+-------------------------+-------------------------+---------------+---------------------+----------------+------------------+--------+------------------+------------------------+------------------------+--------------+---------------+-----------------+-------+---------------------+--------------------+
; CRT[7]        ; 2.5 V        ; 0 in              ; 0 H/in                  ; 0 F/in                  ; short         ; -                   ; open           ; open             ; open   ; 0 in             ; 0 H/in                 ; 0 F/in                 ; short        ; open          ; open            ; open  ; 0 V                 ; -                  ;
; CRT[6]        ; 2.5 V        ; 0 in              ; 0 H/in                  ; 0 F/in                  ; short         ; -                   ; open           ; open             ; open   ; 0 in             ; 0 H/in                 ; 0 F/in                 ; short        ; open          ; open            ; open  ; 0 V                 ; -                  ;
; CRT[5]        ; 2.5 V        ; 0 in              ; 0 H/in                  ; 0 F/in                  ; short         ; -                   ; open           ; open             ; open   ; 0 in             ; 0 H/in                 ; 0 F/in                 ; short        ; open          ; open            ; open  ; 0 V                 ; -                  ;
; CRT[4]        ; 2.5 V        ; 0 in              ; 0 H/in                  ; 0 F/in                  ; short         ; -                   ; open           ; open             ; open   ; 0 in             ; 0 H/in                 ; 0 F/in                 ; short        ; open          ; open            ; open  ; 0 V                 ; -                  ;
; CRT[3]        ; 2.5 V        ; 0 in              ; 0 H/in                  ; 0 F/in                  ; short         ; -                   ; open           ; open             ; open   ; 0 in             ; 0 H/in                 ; 0 F/in                 ; short        ; open          ; open            ; open  ; 0 V                 ; -                  ;
; CRT[2]        ; 2.5 V        ; 0 in              ; 0 H/in                  ; 0 F/in                  ; short         ; -                   ; open           ; open             ; open   ; 0 in             ; 0 H/in                 ; 0 F/in                 ; short        ; open          ; open            ; open  ; 0 V                 ; -                  ;
; CRT[1]        ; 2.5 V        ; 0 in              ; 0 H/in                  ; 0 F/in                  ; short         ; -                   ; open           ; open             ; open   ; 0 in             ; 0 H/in                 ; 0 F/in                 ; short        ; open          ; open            ; open  ; 0 V                 ; -                  ;
; CRT[0]        ; 2.5 V        ; 0 in              ; 0 H/in                  ; 0 F/in                  ; short         ; -                   ; open           ; open             ; open   ; 0 in             ; 0 H/in                 ; 0 F/in                 ; short        ; open          ; open            ; open  ; 0 V                 ; -                  ;
; IR[7]         ; 2.5 V        ; 0 in              ; 0 H/in                  ; 0 F/in                  ; short         ; -                   ; open           ; open             ; open   ; 0 in             ; 0 H/in                 ; 0 F/in                 ; short        ; open          ; open            ; open  ; 0 V                 ; -                  ;
; IR[6]         ; 2.5 V        ; 0 in              ; 0 H/in                  ; 0 F/in                  ; short         ; -                   ; open           ; open             ; open   ; 0 in             ; 0 H/in                 ; 0 F/in                 ; short        ; open          ; open            ; open  ; 0 V                 ; -                  ;
; IR[5]         ; 2.5 V        ; 0 in              ; 0 H/in                  ; 0 F/in                  ; short         ; -                   ; open           ; open             ; open   ; 0 in             ; 0 H/in                 ; 0 F/in                 ; short        ; open          ; open            ; open  ; 0 V                 ; -                  ;
; IR[4]         ; 2.5 V        ; 0 in              ; 0 H/in                  ; 0 F/in                  ; short         ; -                   ; open           ; open             ; open   ; 0 in             ; 0 H/in                 ; 0 F/in                 ; short        ; open          ; open            ; open  ; 0 V                 ; -                  ;
; IR[3]         ; 2.5 V        ; 0 in              ; 0 H/in                  ; 0 F/in                  ; short         ; -                   ; open           ; open             ; open   ; 0 in             ; 0 H/in                 ; 0 F/in                 ; short        ; open          ; open            ; open  ; 0 V                 ; -                  ;
; IR[2]         ; 2.5 V        ; 0 in              ; 0 H/in                  ; 0 F/in                  ; short         ; -                   ; open           ; open             ; open   ; 0 in             ; 0 H/in                 ; 0 F/in                 ; short        ; open          ; open            ; open  ; 0 V                 ; -                  ;
; IR[1]         ; 2.5 V        ; 0 in              ; 0 H/in                  ; 0 F/in                  ; short         ; -                   ; open           ; open             ; open   ; 0 in             ; 0 H/in                 ; 0 F/in                 ; short        ; open          ; open            ; open  ; 0 V                 ; -                  ;
; IR[0]         ; 2.5 V        ; 0 in              ; 0 H/in                  ; 0 F/in                  ; short         ; -                   ; open           ; open             ; open   ; 0 in             ; 0 H/in                 ; 0 F/in                 ; short        ; open          ; open            ; open  ; 0 V                 ; -                  ;
; MA[7]         ; 2.5 V        ; 0 in              ; 0 H/in                  ; 0 F/in                  ; short         ; -                   ; open           ; open             ; open   ; 0 in             ; 0 H/in                 ; 0 F/in                 ; short        ; open          ; open            ; open  ; 0 V                 ; -                  ;
; MA[6]         ; 2.5 V        ; 0 in              ; 0 H/in                  ; 0 F/in                  ; short         ; -                   ; open           ; open             ; open   ; 0 in             ; 0 H/in                 ; 0 F/in                 ; short        ; open          ; open            ; open  ; 0 V                 ; -                  ;
; MA[5]         ; 2.5 V        ; 0 in              ; 0 H/in                  ; 0 F/in                  ; short         ; -                   ; open           ; open             ; open   ; 0 in             ; 0 H/in                 ; 0 F/in                 ; short        ; open          ; open            ; open  ; 0 V                 ; -                  ;
; MA[4]         ; 2.5 V        ; 0 in              ; 0 H/in                  ; 0 F/in                  ; short         ; -                   ; open           ; open             ; open   ; 0 in             ; 0 H/in                 ; 0 F/in                 ; short        ; open          ; open            ; open  ; 0 V                 ; -                  ;
; MA[3]         ; 2.5 V        ; 0 in              ; 0 H/in                  ; 0 F/in                  ; short         ; -                   ; open           ; open             ; open   ; 0 in             ; 0 H/in                 ; 0 F/in                 ; short        ; open          ; open            ; open  ; 0 V                 ; -                  ;
; MA[2]         ; 2.5 V        ; 0 in              ; 0 H/in                  ; 0 F/in                  ; short         ; -                   ; open           ; open             ; open   ; 0 in             ; 0 H/in                 ; 0 F/in                 ; short        ; open          ; open            ; open  ; 0 V                 ; -                  ;
; MA[1]         ; 2.5 V        ; 0 in              ; 0 H/in                  ; 0 F/in                  ; short         ; -                   ; open           ; open             ; open   ; 0 in             ; 0 H/in                 ; 0 F/in                 ; short        ; open          ; open            ; open  ; 0 V                 ; -                  ;
; MA[0]         ; 2.5 V        ; 0 in              ; 0 H/in                  ; 0 F/in                  ; short         ; -                   ; open           ; open             ; open   ; 0 in             ; 0 H/in                 ; 0 F/in                 ; short        ; open          ; open            ; open  ; 0 V                 ; -                  ;
; MQ[7]         ; 2.5 V        ; 0 in              ; 0 H/in                  ; 0 F/in                  ; short         ; -                   ; open           ; open             ; open   ; 0 in             ; 0 H/in                 ; 0 F/in                 ; short        ; open          ; open            ; open  ; 0 V                 ; -                  ;
; MQ[6]         ; 2.5 V        ; 0 in              ; 0 H/in                  ; 0 F/in                  ; short         ; -                   ; open           ; open             ; open   ; 0 in             ; 0 H/in                 ; 0 F/in                 ; short        ; open          ; open            ; open  ; 0 V                 ; -                  ;
; MQ[5]         ; 2.5 V        ; 0 in              ; 0 H/in                  ; 0 F/in                  ; short         ; -                   ; open           ; open             ; open   ; 0 in             ; 0 H/in                 ; 0 F/in                 ; short        ; open          ; open            ; open  ; 0 V                 ; -                  ;
; MQ[4]         ; 2.5 V        ; 0 in              ; 0 H/in                  ; 0 F/in                  ; short         ; -                   ; open           ; open             ; open   ; 0 in             ; 0 H/in                 ; 0 F/in                 ; short        ; open          ; open            ; open  ; 0 V                 ; -                  ;
; MQ[3]         ; 2.5 V        ; 0 in              ; 0 H/in                  ; 0 F/in                  ; short         ; -                   ; open           ; open             ; open   ; 0 in             ; 0 H/in                 ; 0 F/in                 ; short        ; open          ; open            ; open  ; 0 V                 ; -                  ;
; MQ[2]         ; 2.5 V        ; 0 in              ; 0 H/in                  ; 0 F/in                  ; short         ; -                   ; open           ; open             ; open   ; 0 in             ; 0 H/in                 ; 0 F/in                 ; short        ; open          ; open            ; open  ; 0 V                 ; -                  ;
; MQ[1]         ; 2.5 V        ; 0 in              ; 0 H/in                  ; 0 F/in                  ; short         ; -                   ; open           ; open             ; open   ; 0 in             ; 0 H/in                 ; 0 F/in                 ; short        ; open          ; open            ; open  ; 0 V                 ; -                  ;
; MQ[0]         ; 2.5 V        ; 0 in              ; 0 H/in                  ; 0 F/in                  ; short         ; -                   ; open           ; open             ; open   ; 0 in             ; 0 H/in                 ; 0 F/in                 ; short        ; open          ; open            ; open  ; 0 V                 ; -                  ;
; PC[7]         ; 2.5 V        ; 0 in              ; 0 H/in                  ; 0 F/in                  ; short         ; -                   ; open           ; open             ; open   ; 0 in             ; 0 H/in                 ; 0 F/in                 ; short        ; open          ; open            ; open  ; 0 V                 ; -                  ;
; PC[6]         ; 2.5 V        ; 0 in              ; 0 H/in                  ; 0 F/in                  ; short         ; -                   ; open           ; open             ; open   ; 0 in             ; 0 H/in                 ; 0 F/in                 ; short        ; open          ; open            ; open  ; 0 V                 ; -                  ;
; PC[5]         ; 2.5 V        ; 0 in              ; 0 H/in                  ; 0 F/in                  ; short         ; -                   ; open           ; open             ; open   ; 0 in             ; 0 H/in                 ; 0 F/in                 ; short        ; open          ; open            ; open  ; 0 V                 ; -                  ;
; PC[4]         ; 2.5 V        ; 0 in              ; 0 H/in                  ; 0 F/in                  ; short         ; -                   ; open           ; open             ; open   ; 0 in             ; 0 H/in                 ; 0 F/in                 ; short        ; open          ; open            ; open  ; 0 V                 ; -                  ;
; PC[3]         ; 2.5 V        ; 0 in              ; 0 H/in                  ; 0 F/in                  ; short         ; -                   ; open           ; open             ; open   ; 0 in             ; 0 H/in                 ; 0 F/in                 ; short        ; open          ; open            ; open  ; 0 V                 ; -                  ;
; PC[2]         ; 2.5 V        ; 0 in              ; 0 H/in                  ; 0 F/in                  ; short         ; -                   ; open           ; open             ; open   ; 0 in             ; 0 H/in                 ; 0 F/in                 ; short        ; open          ; open            ; open  ; 0 V                 ; -                  ;
; PC[1]         ; 2.5 V        ; 0 in              ; 0 H/in                  ; 0 F/in                  ; short         ; -                   ; open           ; open             ; open   ; 0 in             ; 0 H/in                 ; 0 F/in                 ; short        ; open          ; open            ; open  ; 0 V                 ; -                  ;
; PC[0]         ; 2.5 V        ; 0 in              ; 0 H/in                  ; 0 F/in                  ; short         ; -                   ; open           ; open             ; open   ; 0 in             ; 0 H/in                 ; 0 F/in                 ; short        ; open          ; open            ; open  ; 0 V                 ; -                  ;
; RD[1]         ; 2.5 V        ; 0 in              ; 0 H/in                  ; 0 F/in                  ; short         ; -                   ; open           ; open             ; open   ; 0 in             ; 0 H/in                 ; 0 F/in                 ; short        ; open          ; open            ; open  ; 0 V                 ; -                  ;
; RD[0]         ; 2.5 V        ; 0 in              ; 0 H/in                  ; 0 F/in                  ; short         ; -                   ; open           ; open             ; open   ; 0 in             ; 0 H/in                 ; 0 F/in                 ; short        ; open          ; open            ; open  ; 0 V                 ; -                  ;
; RS[1]         ; 2.5 V        ; 0 in              ; 0 H/in                  ; 0 F/in                  ; short         ; -                   ; open           ; open             ; open   ; 0 in             ; 0 H/in                 ; 0 F/in                 ; short        ; open          ; open            ; open  ; 0 V                 ; -                  ;
; RS[0]         ; 2.5 V        ; 0 in              ; 0 H/in                  ; 0 F/in                  ; short         ; -                   ; open           ; open             ; open   ; 0 in             ; 0 H/in                 ; 0 F/in                 ; short        ; open          ; open            ; open  ; 0 V                 ; -                  ;
; ~ALTERA_DCLK~ ; 2.5 V        ; 0 in              ; 0 H/in                  ; 0 F/in                  ; short         ; -                   ; open           ; open             ; open   ; 0 in             ; 0 H/in                 ; 0 F/in                 ; short        ; open          ; open            ; open  ; 0 V                 ; -                  ;
; ~ALTERA_nCEO~ ; 2.5 V        ; 0 in              ; 0 H/in                  ; 0 F/in                  ; short         ; -                   ; open           ; open             ; open   ; 0 in             ; 0 H/in                 ; 0 F/in                 ; short        ; open          ; open            ; open  ; 0 V                 ; -                  ;
+---------------+--------------+-------------------+-------------------------+-------------------------+---------------+---------------------+----------------+------------------+--------+------------------+------------------------+------------------------+--------------+---------------+-----------------+-------+---------------------+--------------------+


+----------------------------------------------------------------------------+
; Input Transition Times                                                     ;
+-------------------------+--------------+-----------------+-----------------+
; Pin                     ; I/O Standard ; 10-90 Rise Time ; 90-10 Fall Time ;
+-------------------------+--------------+-----------------+-----------------+
; MDRout                  ; 2.5 V        ; 2000 ps         ; 2000 ps         ;
; Zout                    ; 2.5 V        ; 2000 ps         ; 2000 ps         ;
; PCout                   ; 2.5 V        ; 2000 ps         ; 2000 ps         ;
; GRsel                   ; 2.5 V        ; 2000 ps         ; 2000 ps         ;
; GRout                   ; 2.5 V        ; 2000 ps         ; 2000 ps         ;
; Clk                     ; 2.5 V        ; 2000 ps         ; 2000 ps         ;
; IRin                    ; 2.5 V        ; 2000 ps         ; 2000 ps         ;
; MARin                   ; 2.5 V        ; 2000 ps         ; 2000 ps         ;
; MemRd                   ; 2.5 V        ; 2000 ps         ; 2000 ps         ;
; Reset                   ; 2.5 V        ; 2000 ps         ; 2000 ps         ;
; PCin                    ; 2.5 V        ; 2000 ps         ; 2000 ps         ;
; PC_1                    ; 2.5 V        ; 2000 ps         ; 2000 ps         ;
; MDRin                   ; 2.5 V        ; 2000 ps         ; 2000 ps         ;
; op[0]                   ; 2.5 V        ; 2000 ps         ; 2000 ps         ;
; op[1]                   ; 2.5 V        ; 2000 ps         ; 2000 ps         ;
; Zin                     ; 2.5 V        ; 2000 ps         ; 2000 ps         ;
; GRin                    ; 2.5 V        ; 2000 ps         ; 2000 ps         ;
; Yin                     ; 2.5 V        ; 2000 ps         ; 2000 ps         ;
; ~ALTERA_ASDO_DATA1~     ; 2.5 V        ; 2000 ps         ; 2000 ps         ;
; ~ALTERA_FLASH_nCE_nCSO~ ; 2.5 V        ; 2000 ps         ; 2000 ps         ;
; ~ALTERA_DATA0~          ; 2.5 V        ; 2000 ps         ; 2000 ps         ;
+-------------------------+--------------+-----------------+-----------------+


+--------------------------------------------------------------------------------------------------------------------------------------------------------------------------------------------------------------------------------------------------------------------------------------------------------------------------------------------------------------------------------------------------------------------------------------------------------------------------------------------------------------------------------------------------------------------------------------------------------------------------------------------------------------------------------------------+
; Slow Corner Signal Integrity Metrics                                                                                                                                                                                                                                                                                                                                                                                                                                                                                                                                                                                                                                                       ;
+---------------+--------------+---------------------+---------------------+------------------------------+------------------------------+---------------------+---------------------+--------------------------------------+--------------------------------------+-----------------------------+-----------------------------+----------------------------+----------------------------+-----------------------------+-----------------------------+--------------------+--------------------+-------------------------------------+-------------------------------------+----------------------------+----------------------------+---------------------------+---------------------------+
; Pin           ; I/O Standard ; Board Delay on Rise ; Board Delay on Fall ; Steady State Voh at FPGA Pin ; Steady State Vol at FPGA Pin ; Voh Max at FPGA Pin ; Vol Min at FPGA Pin ; Ringback Voltage on Rise at FPGA Pin ; Ringback Voltage on Fall at FPGA Pin ; 10-90 Rise Time at FPGA Pin ; 90-10 Fall Time at FPGA Pin ; Monotonic Rise at FPGA Pin ; Monotonic Fall at FPGA Pin ; Steady State Voh at Far-end ; Steady State Vol at Far-end ; Voh Max at Far-end ; Vol Min at Far-end ; Ringback Voltage on Rise at Far-end ; Ringback Voltage on Fall at Far-end ; 10-90 Rise Time at Far-end ; 90-10 Fall Time at Far-end ; Monotonic Rise at Far-end ; Monotonic Fall at Far-end ;
+---------------+--------------+---------------------+---------------------+------------------------------+------------------------------+---------------------+---------------------+--------------------------------------+--------------------------------------+-----------------------------+-----------------------------+----------------------------+----------------------------+-----------------------------+-----------------------------+--------------------+--------------------+-------------------------------------+-------------------------------------+----------------------------+----------------------------+---------------------------+---------------------------+
; CRT[7]        ; 2.5 V        ; 0 s                 ; 0 s                 ; 2.32 V                       ; 2.9e-007 V                   ; 2.35 V              ; -0.00115 V          ; 0.061 V                              ; 0.002 V                              ; 4.84e-010 s                 ; 4.97e-010 s                 ; Yes                        ; Yes                        ; 2.32 V                      ; 2.9e-007 V                  ; 2.35 V             ; -0.00115 V         ; 0.061 V                             ; 0.002 V                             ; 4.84e-010 s                ; 4.97e-010 s                ; Yes                       ; Yes                       ;
; CRT[6]        ; 2.5 V        ; 0 s                 ; 0 s                 ; 2.32 V                       ; 2.9e-007 V                   ; 2.35 V              ; -0.00115 V          ; 0.061 V                              ; 0.002 V                              ; 4.84e-010 s                 ; 4.97e-010 s                 ; Yes                        ; Yes                        ; 2.32 V                      ; 2.9e-007 V                  ; 2.35 V             ; -0.00115 V         ; 0.061 V                             ; 0.002 V                             ; 4.84e-010 s                ; 4.97e-010 s                ; Yes                       ; Yes                       ;
; CRT[5]        ; 2.5 V        ; 0 s                 ; 0 s                 ; 2.32 V                       ; 2.9e-007 V                   ; 2.35 V              ; -0.00115 V          ; 0.061 V                              ; 0.002 V                              ; 4.84e-010 s                 ; 4.97e-010 s                 ; Yes                        ; Yes                        ; 2.32 V                      ; 2.9e-007 V                  ; 2.35 V             ; -0.00115 V         ; 0.061 V                             ; 0.002 V                             ; 4.84e-010 s                ; 4.97e-010 s                ; Yes                       ; Yes                       ;
; CRT[4]        ; 2.5 V        ; 0 s                 ; 0 s                 ; 2.32 V                       ; 1.95e-007 V                  ; 2.34 V              ; -0.00494 V          ; 0.078 V                              ; 0.02 V                               ; 9.09e-010 s                 ; 8.86e-010 s                 ; Yes                        ; Yes                        ; 2.32 V                      ; 1.95e-007 V                 ; 2.34 V             ; -0.00494 V         ; 0.078 V                             ; 0.02 V                              ; 9.09e-010 s                ; 8.86e-010 s                ; Yes                       ; Yes                       ;
; CRT[3]        ; 2.5 V        ; 0 s                 ; 0 s                 ; 2.32 V                       ; 1.95e-007 V                  ; 2.34 V              ; -0.00494 V          ; 0.078 V                              ; 0.02 V                               ; 9.09e-010 s                 ; 8.86e-010 s                 ; Yes                        ; Yes                        ; 2.32 V                      ; 1.95e-007 V                 ; 2.34 V             ; -0.00494 V         ; 0.078 V                             ; 0.02 V                              ; 9.09e-010 s                ; 8.86e-010 s                ; Yes                       ; Yes                       ;
; CRT[2]        ; 2.5 V        ; 0 s                 ; 0 s                 ; 2.32 V                       ; 2.9e-007 V                   ; 2.35 V              ; -0.00115 V          ; 0.061 V                              ; 0.002 V                              ; 4.84e-010 s                 ; 4.97e-010 s                 ; Yes                        ; Yes                        ; 2.32 V                      ; 2.9e-007 V                  ; 2.35 V             ; -0.00115 V         ; 0.061 V                             ; 0.002 V                             ; 4.84e-010 s                ; 4.97e-010 s                ; Yes                       ; Yes                       ;
; CRT[1]        ; 2.5 V        ; 0 s                 ; 0 s                 ; 2.32 V                       ; 2.9e-007 V                   ; 2.35 V              ; -0.00115 V          ; 0.061 V                              ; 0.002 V                              ; 4.84e-010 s                 ; 4.97e-010 s                 ; Yes                        ; Yes                        ; 2.32 V                      ; 2.9e-007 V                  ; 2.35 V             ; -0.00115 V         ; 0.061 V                             ; 0.002 V                             ; 4.84e-010 s                ; 4.97e-010 s                ; Yes                       ; Yes                       ;
; CRT[0]        ; 2.5 V        ; 0 s                 ; 0 s                 ; 2.32 V                       ; 2.9e-007 V                   ; 2.35 V              ; -0.00115 V          ; 0.061 V                              ; 0.002 V                              ; 4.84e-010 s                 ; 4.97e-010 s                 ; Yes                        ; Yes                        ; 2.32 V                      ; 2.9e-007 V                  ; 2.35 V             ; -0.00115 V         ; 0.061 V                             ; 0.002 V                             ; 4.84e-010 s                ; 4.97e-010 s                ; Yes                       ; Yes                       ;
; IR[7]         ; 2.5 V        ; 0 s                 ; 0 s                 ; 2.32 V                       ; 2.9e-007 V                   ; 2.33 V              ; -0.00201 V          ; 0.092 V                              ; 0.05 V                               ; 3.78e-009 s                 ; 3.59e-009 s                 ; Yes                        ; Yes                        ; 2.32 V                      ; 2.9e-007 V                  ; 2.33 V             ; -0.00201 V         ; 0.092 V                             ; 0.05 V                              ; 3.78e-009 s                ; 3.59e-009 s                ; Yes                       ; Yes                       ;
; IR[6]         ; 2.5 V        ; 0 s                 ; 0 s                 ; 2.32 V                       ; 1.95e-007 V                  ; 2.34 V              ; -0.00569 V          ; 0.066 V                              ; 0.016 V                              ; 6.89e-010 s                 ; 6.77e-010 s                 ; Yes                        ; Yes                        ; 2.32 V                      ; 1.95e-007 V                 ; 2.34 V             ; -0.00569 V         ; 0.066 V                             ; 0.016 V                             ; 6.89e-010 s                ; 6.77e-010 s                ; Yes                       ; Yes                       ;
; IR[5]         ; 2.5 V        ; 0 s                 ; 0 s                 ; 2.32 V                       ; 2.9e-007 V                   ; 2.35 V              ; -0.00115 V          ; 0.061 V                              ; 0.002 V                              ; 4.84e-010 s                 ; 4.97e-010 s                 ; Yes                        ; Yes                        ; 2.32 V                      ; 2.9e-007 V                  ; 2.35 V             ; -0.00115 V         ; 0.061 V                             ; 0.002 V                             ; 4.84e-010 s                ; 4.97e-010 s                ; Yes                       ; Yes                       ;
; IR[4]         ; 2.5 V        ; 0 s                 ; 0 s                 ; 2.32 V                       ; 1.95e-007 V                  ; 2.34 V              ; -0.00494 V          ; 0.078 V                              ; 0.02 V                               ; 9.09e-010 s                 ; 8.86e-010 s                 ; Yes                        ; Yes                        ; 2.32 V                      ; 1.95e-007 V                 ; 2.34 V             ; -0.00494 V         ; 0.078 V                             ; 0.02 V                              ; 9.09e-010 s                ; 8.86e-010 s                ; Yes                       ; Yes                       ;
; IR[3]         ; 2.5 V        ; 0 s                 ; 0 s                 ; 2.32 V                       ; 2.9e-007 V                   ; 2.35 V              ; -0.00115 V          ; 0.061 V                              ; 0.002 V                              ; 4.84e-010 s                 ; 4.97e-010 s                 ; Yes                        ; Yes                        ; 2.32 V                      ; 2.9e-007 V                  ; 2.35 V             ; -0.00115 V         ; 0.061 V                             ; 0.002 V                             ; 4.84e-010 s                ; 4.97e-010 s                ; Yes                       ; Yes                       ;
; IR[2]         ; 2.5 V        ; 0 s                 ; 0 s                 ; 2.32 V                       ; 2.9e-007 V                   ; 2.35 V              ; -0.00115 V          ; 0.061 V                              ; 0.002 V                              ; 4.84e-010 s                 ; 4.97e-010 s                 ; Yes                        ; Yes                        ; 2.32 V                      ; 2.9e-007 V                  ; 2.35 V             ; -0.00115 V         ; 0.061 V                             ; 0.002 V                             ; 4.84e-010 s                ; 4.97e-010 s                ; Yes                       ; Yes                       ;
; IR[1]         ; 2.5 V        ; 0 s                 ; 0 s                 ; 2.32 V                       ; 2.9e-007 V                   ; 2.33 V              ; -0.00201 V          ; 0.092 V                              ; 0.05 V                               ; 3.78e-009 s                 ; 3.59e-009 s                 ; Yes                        ; Yes                        ; 2.32 V                      ; 2.9e-007 V                  ; 2.33 V             ; -0.00201 V         ; 0.092 V                             ; 0.05 V                              ; 3.78e-009 s                ; 3.59e-009 s                ; Yes                       ; Yes                       ;
; IR[0]         ; 2.5 V        ; 0 s                 ; 0 s                 ; 2.32 V                       ; 2.9e-007 V                   ; 2.35 V              ; -0.00115 V          ; 0.061 V                              ; 0.002 V                              ; 4.84e-010 s                 ; 4.97e-010 s                 ; Yes                        ; Yes                        ; 2.32 V                      ; 2.9e-007 V                  ; 2.35 V             ; -0.00115 V         ; 0.061 V                             ; 0.002 V                             ; 4.84e-010 s                ; 4.97e-010 s                ; Yes                       ; Yes                       ;
; MA[7]         ; 2.5 V        ; 0 s                 ; 0 s                 ; 2.32 V                       ; 2.9e-007 V                   ; 2.35 V              ; -0.00115 V          ; 0.061 V                              ; 0.002 V                              ; 4.84e-010 s                 ; 4.97e-010 s                 ; Yes                        ; Yes                        ; 2.32 V                      ; 2.9e-007 V                  ; 2.35 V             ; -0.00115 V         ; 0.061 V                             ; 0.002 V                             ; 4.84e-010 s                ; 4.97e-010 s                ; Yes                       ; Yes                       ;
; MA[6]         ; 2.5 V        ; 0 s                 ; 0 s                 ; 2.32 V                       ; 1.95e-007 V                  ; 2.34 V              ; -0.00494 V          ; 0.078 V                              ; 0.02 V                               ; 9.09e-010 s                 ; 8.86e-010 s                 ; Yes                        ; Yes                        ; 2.32 V                      ; 1.95e-007 V                 ; 2.34 V             ; -0.00494 V         ; 0.078 V                             ; 0.02 V                              ; 9.09e-010 s                ; 8.86e-010 s                ; Yes                       ; Yes                       ;
; MA[5]         ; 2.5 V        ; 0 s                 ; 0 s                 ; 2.32 V                       ; 2.9e-007 V                   ; 2.35 V              ; -0.00115 V          ; 0.061 V                              ; 0.002 V                              ; 4.84e-010 s                 ; 4.97e-010 s                 ; Yes                        ; Yes                        ; 2.32 V                      ; 2.9e-007 V                  ; 2.35 V             ; -0.00115 V         ; 0.061 V                             ; 0.002 V                             ; 4.84e-010 s                ; 4.97e-010 s                ; Yes                       ; Yes                       ;
; MA[4]         ; 2.5 V        ; 0 s                 ; 0 s                 ; 2.32 V                       ; 2.9e-007 V                   ; 2.35 V              ; -0.00115 V          ; 0.061 V                              ; 0.002 V                              ; 4.84e-010 s                 ; 4.97e-010 s                 ; Yes                        ; Yes                        ; 2.32 V                      ; 2.9e-007 V                  ; 2.35 V             ; -0.00115 V         ; 0.061 V                             ; 0.002 V                             ; 4.84e-010 s                ; 4.97e-010 s                ; Yes                       ; Yes                       ;
; MA[3]         ; 2.5 V        ; 0 s                 ; 0 s                 ; 2.32 V                       ; 2.9e-007 V                   ; 2.35 V              ; -0.00115 V          ; 0.061 V                              ; 0.002 V                              ; 4.84e-010 s                 ; 4.97e-010 s                 ; Yes                        ; Yes                        ; 2.32 V                      ; 2.9e-007 V                  ; 2.35 V             ; -0.00115 V         ; 0.061 V                             ; 0.002 V                             ; 4.84e-010 s                ; 4.97e-010 s                ; Yes                       ; Yes                       ;
; MA[2]         ; 2.5 V        ; 0 s                 ; 0 s                 ; 2.32 V                       ; 1.95e-007 V                  ; 2.34 V              ; -0.00569 V          ; 0.066 V                              ; 0.016 V                              ; 6.89e-010 s                 ; 6.77e-010 s                 ; Yes                        ; Yes                        ; 2.32 V                      ; 1.95e-007 V                 ; 2.34 V             ; -0.00569 V         ; 0.066 V                             ; 0.016 V                             ; 6.89e-010 s                ; 6.77e-010 s                ; Yes                       ; Yes                       ;
; MA[1]         ; 2.5 V        ; 0 s                 ; 0 s                 ; 2.32 V                       ; 1.95e-007 V                  ; 2.34 V              ; -0.00494 V          ; 0.078 V                              ; 0.02 V                               ; 9.09e-010 s                 ; 8.86e-010 s                 ; Yes                        ; Yes                        ; 2.32 V                      ; 1.95e-007 V                 ; 2.34 V             ; -0.00494 V         ; 0.078 V                             ; 0.02 V                              ; 9.09e-010 s                ; 8.86e-010 s                ; Yes                       ; Yes                       ;
; MA[0]         ; 2.5 V        ; 0 s                 ; 0 s                 ; 2.32 V                       ; 1.95e-007 V                  ; 2.34 V              ; -0.00494 V          ; 0.078 V                              ; 0.02 V                               ; 9.09e-010 s                 ; 8.86e-010 s                 ; Yes                        ; Yes                        ; 2.32 V                      ; 1.95e-007 V                 ; 2.34 V             ; -0.00494 V         ; 0.078 V                             ; 0.02 V                              ; 9.09e-010 s                ; 8.86e-010 s                ; Yes                       ; Yes                       ;
; MQ[7]         ; 2.5 V        ; 0 s                 ; 0 s                 ; 2.32 V                       ; 1.95e-007 V                  ; 2.34 V              ; -0.00494 V          ; 0.078 V                              ; 0.02 V                               ; 9.09e-010 s                 ; 8.86e-010 s                 ; Yes                        ; Yes                        ; 2.32 V                      ; 1.95e-007 V                 ; 2.34 V             ; -0.00494 V         ; 0.078 V                             ; 0.02 V                              ; 9.09e-010 s                ; 8.86e-010 s                ; Yes                       ; Yes                       ;
; MQ[6]         ; 2.5 V        ; 0 s                 ; 0 s                 ; 2.32 V                       ; 1.95e-007 V                  ; 2.34 V              ; -0.00494 V          ; 0.078 V                              ; 0.02 V                               ; 9.09e-010 s                 ; 8.86e-010 s                 ; Yes                        ; Yes                        ; 2.32 V                      ; 1.95e-007 V                 ; 2.34 V             ; -0.00494 V         ; 0.078 V                             ; 0.02 V                              ; 9.09e-010 s                ; 8.86e-010 s                ; Yes                       ; Yes                       ;
; MQ[5]         ; 2.5 V        ; 0 s                 ; 0 s                 ; 2.32 V                       ; 1.95e-007 V                  ; 2.34 V              ; -0.00494 V          ; 0.078 V                              ; 0.02 V                               ; 9.09e-010 s                 ; 8.86e-010 s                 ; Yes                        ; Yes                        ; 2.32 V                      ; 1.95e-007 V                 ; 2.34 V             ; -0.00494 V         ; 0.078 V                             ; 0.02 V                              ; 9.09e-010 s                ; 8.86e-010 s                ; Yes                       ; Yes                       ;
; MQ[4]         ; 2.5 V        ; 0 s                 ; 0 s                 ; 2.32 V                       ; 1.95e-007 V                  ; 2.34 V              ; -0.00494 V          ; 0.078 V                              ; 0.02 V                               ; 9.09e-010 s                 ; 8.86e-010 s                 ; Yes                        ; Yes                        ; 2.32 V                      ; 1.95e-007 V                 ; 2.34 V             ; -0.00494 V         ; 0.078 V                             ; 0.02 V                              ; 9.09e-010 s                ; 8.86e-010 s                ; Yes                       ; Yes                       ;
; MQ[3]         ; 2.5 V        ; 0 s                 ; 0 s                 ; 2.32 V                       ; 2.9e-007 V                   ; 2.35 V              ; -0.00115 V          ; 0.061 V                              ; 0.002 V                              ; 4.84e-010 s                 ; 4.97e-010 s                 ; Yes                        ; Yes                        ; 2.32 V                      ; 2.9e-007 V                  ; 2.35 V             ; -0.00115 V         ; 0.061 V                             ; 0.002 V                             ; 4.84e-010 s                ; 4.97e-010 s                ; Yes                       ; Yes                       ;
; MQ[2]         ; 2.5 V        ; 0 s                 ; 0 s                 ; 2.32 V                       ; 1.95e-007 V                  ; 2.34 V              ; -0.00494 V          ; 0.078 V                              ; 0.02 V                               ; 9.09e-010 s                 ; 8.86e-010 s                 ; Yes                        ; Yes                        ; 2.32 V                      ; 1.95e-007 V                 ; 2.34 V             ; -0.00494 V         ; 0.078 V                             ; 0.02 V                              ; 9.09e-010 s                ; 8.86e-010 s                ; Yes                       ; Yes                       ;
; MQ[1]         ; 2.5 V        ; 0 s                 ; 0 s                 ; 2.32 V                       ; 1.95e-007 V                  ; 2.34 V              ; -0.00494 V          ; 0.078 V                              ; 0.02 V                               ; 9.09e-010 s                 ; 8.86e-010 s                 ; Yes                        ; Yes                        ; 2.32 V                      ; 1.95e-007 V                 ; 2.34 V             ; -0.00494 V         ; 0.078 V                             ; 0.02 V                              ; 9.09e-010 s                ; 8.86e-010 s                ; Yes                       ; Yes                       ;
; MQ[0]         ; 2.5 V        ; 0 s                 ; 0 s                 ; 2.32 V                       ; 1.95e-007 V                  ; 2.33 V              ; -0.00205 V          ; 0.092 V                              ; 0.051 V                              ; 3.98e-009 s                 ; 3.76e-009 s                 ; Yes                        ; Yes                        ; 2.32 V                      ; 1.95e-007 V                 ; 2.33 V             ; -0.00205 V         ; 0.092 V                             ; 0.051 V                             ; 3.98e-009 s                ; 3.76e-009 s                ; Yes                       ; Yes                       ;
; PC[7]         ; 2.5 V        ; 0 s                 ; 0 s                 ; 2.32 V                       ; 1.95e-007 V                  ; 2.33 V              ; -0.00205 V          ; 0.092 V                              ; 0.051 V                              ; 3.98e-009 s                 ; 3.76e-009 s                 ; Yes                        ; Yes                        ; 2.32 V                      ; 1.95e-007 V                 ; 2.33 V             ; -0.00205 V         ; 0.092 V                             ; 0.051 V                             ; 3.98e-009 s                ; 3.76e-009 s                ; Yes                       ; Yes                       ;
; PC[6]         ; 2.5 V        ; 0 s                 ; 0 s                 ; 2.32 V                       ; 1.95e-007 V                  ; 2.34 V              ; -0.00494 V          ; 0.078 V                              ; 0.02 V                               ; 9.09e-010 s                 ; 8.86e-010 s                 ; Yes                        ; Yes                        ; 2.32 V                      ; 1.95e-007 V                 ; 2.34 V             ; -0.00494 V         ; 0.078 V                             ; 0.02 V                              ; 9.09e-010 s                ; 8.86e-010 s                ; Yes                       ; Yes                       ;
; PC[5]         ; 2.5 V        ; 0 s                 ; 0 s                 ; 2.32 V                       ; 1.95e-007 V                  ; 2.34 V              ; -0.00494 V          ; 0.078 V                              ; 0.02 V                               ; 9.09e-010 s                 ; 8.86e-010 s                 ; Yes                        ; Yes                        ; 2.32 V                      ; 1.95e-007 V                 ; 2.34 V             ; -0.00494 V         ; 0.078 V                             ; 0.02 V                              ; 9.09e-010 s                ; 8.86e-010 s                ; Yes                       ; Yes                       ;
; PC[4]         ; 2.5 V        ; 0 s                 ; 0 s                 ; 2.32 V                       ; 2.9e-007 V                   ; 2.35 V              ; -0.00115 V          ; 0.061 V                              ; 0.002 V                              ; 4.84e-010 s                 ; 4.97e-010 s                 ; Yes                        ; Yes                        ; 2.32 V                      ; 2.9e-007 V                  ; 2.35 V             ; -0.00115 V         ; 0.061 V                             ; 0.002 V                             ; 4.84e-010 s                ; 4.97e-010 s                ; Yes                       ; Yes                       ;
; PC[3]         ; 2.5 V        ; 0 s                 ; 0 s                 ; 2.32 V                       ; 1.95e-007 V                  ; 2.34 V              ; -0.00494 V          ; 0.078 V                              ; 0.02 V                               ; 9.09e-010 s                 ; 8.86e-010 s                 ; Yes                        ; Yes                        ; 2.32 V                      ; 1.95e-007 V                 ; 2.34 V             ; -0.00494 V         ; 0.078 V                             ; 0.02 V                              ; 9.09e-010 s                ; 8.86e-010 s                ; Yes                       ; Yes                       ;
; PC[2]         ; 2.5 V        ; 0 s                 ; 0 s                 ; 2.32 V                       ; 1.95e-007 V                  ; 2.33 V              ; -0.00205 V          ; 0.092 V                              ; 0.051 V                              ; 3.98e-009 s                 ; 3.76e-009 s                 ; Yes                        ; Yes                        ; 2.32 V                      ; 1.95e-007 V                 ; 2.33 V             ; -0.00205 V         ; 0.092 V                             ; 0.051 V                             ; 3.98e-009 s                ; 3.76e-009 s                ; Yes                       ; Yes                       ;
; PC[1]         ; 2.5 V        ; 0 s                 ; 0 s                 ; 2.32 V                       ; 1.95e-007 V                  ; 2.34 V              ; -0.00494 V          ; 0.078 V                              ; 0.02 V                               ; 9.09e-010 s                 ; 8.86e-010 s                 ; Yes                        ; Yes                        ; 2.32 V                      ; 1.95e-007 V                 ; 2.34 V             ; -0.00494 V         ; 0.078 V                             ; 0.02 V                              ; 9.09e-010 s                ; 8.86e-010 s                ; Yes                       ; Yes                       ;
; PC[0]         ; 2.5 V        ; 0 s                 ; 0 s                 ; 2.32 V                       ; 2.9e-007 V                   ; 2.35 V              ; -0.00115 V          ; 0.061 V                              ; 0.002 V                              ; 4.84e-010 s                 ; 4.97e-010 s                 ; Yes                        ; Yes                        ; 2.32 V                      ; 2.9e-007 V                  ; 2.35 V             ; -0.00115 V         ; 0.061 V                             ; 0.002 V                             ; 4.84e-010 s                ; 4.97e-010 s                ; Yes                       ; Yes                       ;
; RD[1]         ; 2.5 V        ; 0 s                 ; 0 s                 ; 2.32 V                       ; 2.9e-007 V                   ; 2.35 V              ; -0.00115 V          ; 0.061 V                              ; 0.002 V                              ; 4.84e-010 s                 ; 4.97e-010 s                 ; Yes                        ; Yes                        ; 2.32 V                      ; 2.9e-007 V                  ; 2.35 V             ; -0.00115 V         ; 0.061 V                             ; 0.002 V                             ; 4.84e-010 s                ; 4.97e-010 s                ; Yes                       ; Yes                       ;
; RD[0]         ; 2.5 V        ; 0 s                 ; 0 s                 ; 2.32 V                       ; 2.9e-007 V                   ; 2.33 V              ; -0.00201 V          ; 0.092 V                              ; 0.05 V                               ; 3.78e-009 s                 ; 3.59e-009 s                 ; Yes                        ; Yes                        ; 2.32 V                      ; 2.9e-007 V                  ; 2.33 V             ; -0.00201 V         ; 0.092 V                             ; 0.05 V                              ; 3.78e-009 s                ; 3.59e-009 s                ; Yes                       ; Yes                       ;
; RS[1]         ; 2.5 V        ; 0 s                 ; 0 s                 ; 2.32 V                       ; 2.9e-007 V                   ; 2.35 V              ; -0.00115 V          ; 0.061 V                              ; 0.002 V                              ; 4.84e-010 s                 ; 4.97e-010 s                 ; Yes                        ; Yes                        ; 2.32 V                      ; 2.9e-007 V                  ; 2.35 V             ; -0.00115 V         ; 0.061 V                             ; 0.002 V                             ; 4.84e-010 s                ; 4.97e-010 s                ; Yes                       ; Yes                       ;
; RS[0]         ; 2.5 V        ; 0 s                 ; 0 s                 ; 2.32 V                       ; 2.9e-007 V                   ; 2.35 V              ; -0.00115 V          ; 0.061 V                              ; 0.002 V                              ; 4.84e-010 s                 ; 4.97e-010 s                 ; Yes                        ; Yes                        ; 2.32 V                      ; 2.9e-007 V                  ; 2.35 V             ; -0.00115 V         ; 0.061 V                             ; 0.002 V                             ; 4.84e-010 s                ; 4.97e-010 s                ; Yes                       ; Yes                       ;
; ~ALTERA_DCLK~ ; 2.5 V        ; 0 s                 ; 0 s                 ; 2.32 V                       ; 1.53e-007 V                  ; 2.34 V              ; -0.00834 V          ; 0.106 V                              ; 0.015 V                              ; 6.53e-010 s                 ; 5.54e-010 s                 ; Yes                        ; Yes                        ; 2.32 V                      ; 1.53e-007 V                 ; 2.34 V             ; -0.00834 V         ; 0.106 V                             ; 0.015 V                             ; 6.53e-010 s                ; 5.54e-010 s                ; Yes                       ; Yes                       ;
; ~ALTERA_nCEO~ ; 2.5 V        ; 0 s                 ; 0 s                 ; 2.32 V                       ; 2.51e-007 V                  ; 2.34 V              ; -0.0034 V           ; 0.118 V                              ; 0.019 V                              ; 8.67e-010 s                 ; 1.08e-009 s                 ; Yes                        ; Yes                        ; 2.32 V                      ; 2.51e-007 V                 ; 2.34 V             ; -0.0034 V          ; 0.118 V                             ; 0.019 V                             ; 8.67e-010 s                ; 1.08e-009 s                ; Yes                       ; Yes                       ;
+---------------+--------------+---------------------+---------------------+------------------------------+------------------------------+---------------------+---------------------+--------------------------------------+--------------------------------------+-----------------------------+-----------------------------+----------------------------+----------------------------+-----------------------------+-----------------------------+--------------------+--------------------+-------------------------------------+-------------------------------------+----------------------------+----------------------------+---------------------------+---------------------------+


+--------------------------------------------------------------------------------------------------------------------------------------------------------------------------------------------------------------------------------------------------------------------------------------------------------------------------------------------------------------------------------------------------------------------------------------------------------------------------------------------------------------------------------------------------------------------------------------------------------------------------------------------------------------------------------------------+
; Fast Corner Signal Integrity Metrics                                                                                                                                                                                                                                                                                                                                                                                                                                                                                                                                                                                                                                                       ;
+---------------+--------------+---------------------+---------------------+------------------------------+------------------------------+---------------------+---------------------+--------------------------------------+--------------------------------------+-----------------------------+-----------------------------+----------------------------+----------------------------+-----------------------------+-----------------------------+--------------------+--------------------+-------------------------------------+-------------------------------------+----------------------------+----------------------------+---------------------------+---------------------------+
; Pin           ; I/O Standard ; Board Delay on Rise ; Board Delay on Fall ; Steady State Voh at FPGA Pin ; Steady State Vol at FPGA Pin ; Voh Max at FPGA Pin ; Vol Min at FPGA Pin ; Ringback Voltage on Rise at FPGA Pin ; Ringback Voltage on Fall at FPGA Pin ; 10-90 Rise Time at FPGA Pin ; 90-10 Fall Time at FPGA Pin ; Monotonic Rise at FPGA Pin ; Monotonic Fall at FPGA Pin ; Steady State Voh at Far-end ; Steady State Vol at Far-end ; Voh Max at Far-end ; Vol Min at Far-end ; Ringback Voltage on Rise at Far-end ; Ringback Voltage on Fall at Far-end ; 10-90 Rise Time at Far-end ; 90-10 Fall Time at Far-end ; Monotonic Rise at Far-end ; Monotonic Fall at Far-end ;
+---------------+--------------+---------------------+---------------------+------------------------------+------------------------------+---------------------+---------------------+--------------------------------------+--------------------------------------+-----------------------------+-----------------------------+----------------------------+----------------------------+-----------------------------+-----------------------------+--------------------+--------------------+-------------------------------------+-------------------------------------+----------------------------+----------------------------+---------------------------+---------------------------+
; CRT[7]        ; 2.5 V        ; 0 s                 ; 0 s                 ; 2.62 V                       ; 4.11e-008 V                  ; 2.73 V              ; -0.0569 V           ; 0.191 V                              ; 0.121 V                              ; 2.69e-010 s                 ; 2.76e-010 s                 ; Yes                        ; Yes                        ; 2.62 V                      ; 4.11e-008 V                 ; 2.73 V             ; -0.0569 V          ; 0.191 V                             ; 0.121 V                             ; 2.69e-010 s                ; 2.76e-010 s                ; Yes                       ; Yes                       ;
; CRT[6]        ; 2.5 V        ; 0 s                 ; 0 s                 ; 2.62 V                       ; 4.11e-008 V                  ; 2.73 V              ; -0.0569 V           ; 0.191 V                              ; 0.121 V                              ; 2.69e-010 s                 ; 2.76e-010 s                 ; Yes                        ; Yes                        ; 2.62 V                      ; 4.11e-008 V                 ; 2.73 V             ; -0.0569 V          ; 0.191 V                             ; 0.121 V                             ; 2.69e-010 s                ; 2.76e-010 s                ; Yes                       ; Yes                       ;
; CRT[5]        ; 2.5 V        ; 0 s                 ; 0 s                 ; 2.62 V                       ; 4.11e-008 V                  ; 2.73 V              ; -0.0569 V           ; 0.191 V                              ; 0.121 V                              ; 2.69e-010 s                 ; 2.76e-010 s                 ; Yes                        ; Yes                        ; 2.62 V                      ; 4.11e-008 V                 ; 2.73 V             ; -0.0569 V          ; 0.191 V                             ; 0.121 V                             ; 2.69e-010 s                ; 2.76e-010 s                ; Yes                       ; Yes                       ;
; CRT[4]        ; 2.5 V        ; 0 s                 ; 0 s                 ; 2.62 V                       ; 2.78e-008 V                  ; 2.71 V              ; -0.0352 V           ; 0.253 V                              ; 0.07 V                               ; 4.96e-010 s                 ; 5.19e-010 s                 ; No                         ; Yes                        ; 2.62 V                      ; 2.78e-008 V                 ; 2.71 V             ; -0.0352 V          ; 0.253 V                             ; 0.07 V                              ; 4.96e-010 s                ; 5.19e-010 s                ; No                        ; Yes                       ;
; CRT[3]        ; 2.5 V        ; 0 s                 ; 0 s                 ; 2.62 V                       ; 2.78e-008 V                  ; 2.71 V              ; -0.0352 V           ; 0.253 V                              ; 0.07 V                               ; 4.96e-010 s                 ; 5.19e-010 s                 ; No                         ; Yes                        ; 2.62 V                      ; 2.78e-008 V                 ; 2.71 V             ; -0.0352 V          ; 0.253 V                             ; 0.07 V                              ; 4.96e-010 s                ; 5.19e-010 s                ; No                        ; Yes                       ;
; CRT[2]        ; 2.5 V        ; 0 s                 ; 0 s                 ; 2.62 V                       ; 4.11e-008 V                  ; 2.73 V              ; -0.0569 V           ; 0.191 V                              ; 0.121 V                              ; 2.69e-010 s                 ; 2.76e-010 s                 ; Yes                        ; Yes                        ; 2.62 V                      ; 4.11e-008 V                 ; 2.73 V             ; -0.0569 V          ; 0.191 V                             ; 0.121 V                             ; 2.69e-010 s                ; 2.76e-010 s                ; Yes                       ; Yes                       ;
; CRT[1]        ; 2.5 V        ; 0 s                 ; 0 s                 ; 2.62 V                       ; 4.11e-008 V                  ; 2.73 V              ; -0.0569 V           ; 0.191 V                              ; 0.121 V                              ; 2.69e-010 s                 ; 2.76e-010 s                 ; Yes                        ; Yes                        ; 2.62 V                      ; 4.11e-008 V                 ; 2.73 V             ; -0.0569 V          ; 0.191 V                             ; 0.121 V                             ; 2.69e-010 s                ; 2.76e-010 s                ; Yes                       ; Yes                       ;
; CRT[0]        ; 2.5 V        ; 0 s                 ; 0 s                 ; 2.62 V                       ; 4.11e-008 V                  ; 2.73 V              ; -0.0569 V           ; 0.191 V                              ; 0.121 V                              ; 2.69e-010 s                 ; 2.76e-010 s                 ; Yes                        ; Yes                        ; 2.62 V                      ; 4.11e-008 V                 ; 2.73 V             ; -0.0569 V          ; 0.191 V                             ; 0.121 V                             ; 2.69e-010 s                ; 2.76e-010 s                ; Yes                       ; Yes                       ;
; IR[7]         ; 2.5 V        ; 0 s                 ; 0 s                 ; 2.62 V                       ; 4.11e-008 V                  ; 2.64 V              ; -0.011 V            ; 0.212 V                              ; 0.198 V                              ; 2.38e-009 s                 ; 2.29e-009 s                 ; No                         ; Yes                        ; 2.62 V                      ; 4.11e-008 V                 ; 2.64 V             ; -0.011 V           ; 0.212 V                             ; 0.198 V                             ; 2.38e-009 s                ; 2.29e-009 s                ; No                        ; Yes                       ;
; IR[6]         ; 2.5 V        ; 0 s                 ; 0 s                 ; 2.62 V                       ; 2.78e-008 V                  ; 2.72 V              ; -0.0402 V           ; 0.163 V                              ; 0.079 V                              ; 4.51e-010 s                 ; 4.33e-010 s                 ; No                         ; Yes                        ; 2.62 V                      ; 2.78e-008 V                 ; 2.72 V             ; -0.0402 V          ; 0.163 V                             ; 0.079 V                             ; 4.51e-010 s                ; 4.33e-010 s                ; No                        ; Yes                       ;
; IR[5]         ; 2.5 V        ; 0 s                 ; 0 s                 ; 2.62 V                       ; 4.11e-008 V                  ; 2.73 V              ; -0.0569 V           ; 0.191 V                              ; 0.121 V                              ; 2.69e-010 s                 ; 2.76e-010 s                 ; Yes                        ; Yes                        ; 2.62 V                      ; 4.11e-008 V                 ; 2.73 V             ; -0.0569 V          ; 0.191 V                             ; 0.121 V                             ; 2.69e-010 s                ; 2.76e-010 s                ; Yes                       ; Yes                       ;
; IR[4]         ; 2.5 V        ; 0 s                 ; 0 s                 ; 2.62 V                       ; 2.78e-008 V                  ; 2.71 V              ; -0.0352 V           ; 0.253 V                              ; 0.07 V                               ; 4.96e-010 s                 ; 5.19e-010 s                 ; No                         ; Yes                        ; 2.62 V                      ; 2.78e-008 V                 ; 2.71 V             ; -0.0352 V          ; 0.253 V                             ; 0.07 V                              ; 4.96e-010 s                ; 5.19e-010 s                ; No                        ; Yes                       ;
; IR[3]         ; 2.5 V        ; 0 s                 ; 0 s                 ; 2.62 V                       ; 4.11e-008 V                  ; 2.73 V              ; -0.0569 V           ; 0.191 V                              ; 0.121 V                              ; 2.69e-010 s                 ; 2.76e-010 s                 ; Yes                        ; Yes                        ; 2.62 V                      ; 4.11e-008 V                 ; 2.73 V             ; -0.0569 V          ; 0.191 V                             ; 0.121 V                             ; 2.69e-010 s                ; 2.76e-010 s                ; Yes                       ; Yes                       ;
; IR[2]         ; 2.5 V        ; 0 s                 ; 0 s                 ; 2.62 V                       ; 4.11e-008 V                  ; 2.73 V              ; -0.0569 V           ; 0.191 V                              ; 0.121 V                              ; 2.69e-010 s                 ; 2.76e-010 s                 ; Yes                        ; Yes                        ; 2.62 V                      ; 4.11e-008 V                 ; 2.73 V             ; -0.0569 V          ; 0.191 V                             ; 0.121 V                             ; 2.69e-010 s                ; 2.76e-010 s                ; Yes                       ; Yes                       ;
; IR[1]         ; 2.5 V        ; 0 s                 ; 0 s                 ; 2.62 V                       ; 4.11e-008 V                  ; 2.64 V              ; -0.011 V            ; 0.212 V                              ; 0.198 V                              ; 2.38e-009 s                 ; 2.29e-009 s                 ; No                         ; Yes                        ; 2.62 V                      ; 4.11e-008 V                 ; 2.64 V             ; -0.011 V           ; 0.212 V                             ; 0.198 V                             ; 2.38e-009 s                ; 2.29e-009 s                ; No                        ; Yes                       ;
; IR[0]         ; 2.5 V        ; 0 s                 ; 0 s                 ; 2.62 V                       ; 4.11e-008 V                  ; 2.73 V              ; -0.0569 V           ; 0.191 V                              ; 0.121 V                              ; 2.69e-010 s                 ; 2.76e-010 s                 ; Yes                        ; Yes                        ; 2.62 V                      ; 4.11e-008 V                 ; 2.73 V             ; -0.0569 V          ; 0.191 V                             ; 0.121 V                             ; 2.69e-010 s                ; 2.76e-010 s                ; Yes                       ; Yes                       ;
; MA[7]         ; 2.5 V        ; 0 s                 ; 0 s                 ; 2.62 V                       ; 4.11e-008 V                  ; 2.73 V              ; -0.0569 V           ; 0.191 V                              ; 0.121 V                              ; 2.69e-010 s                 ; 2.76e-010 s                 ; Yes                        ; Yes                        ; 2.62 V                      ; 4.11e-008 V                 ; 2.73 V             ; -0.0569 V          ; 0.191 V                             ; 0.121 V                             ; 2.69e-010 s                ; 2.76e-010 s                ; Yes                       ; Yes                       ;
; MA[6]         ; 2.5 V        ; 0 s                 ; 0 s                 ; 2.62 V                       ; 2.78e-008 V                  ; 2.71 V              ; -0.0352 V           ; 0.253 V                              ; 0.07 V                               ; 4.96e-010 s                 ; 5.19e-010 s                 ; No                         ; Yes                        ; 2.62 V                      ; 2.78e-008 V                 ; 2.71 V             ; -0.0352 V          ; 0.253 V                             ; 0.07 V                              ; 4.96e-010 s                ; 5.19e-010 s                ; No                        ; Yes                       ;
; MA[5]         ; 2.5 V        ; 0 s                 ; 0 s                 ; 2.62 V                       ; 4.11e-008 V                  ; 2.73 V              ; -0.0569 V           ; 0.191 V                              ; 0.121 V                              ; 2.69e-010 s                 ; 2.76e-010 s                 ; Yes                        ; Yes                        ; 2.62 V                      ; 4.11e-008 V                 ; 2.73 V             ; -0.0569 V          ; 0.191 V                             ; 0.121 V                             ; 2.69e-010 s                ; 2.76e-010 s                ; Yes                       ; Yes                       ;
; MA[4]         ; 2.5 V        ; 0 s                 ; 0 s                 ; 2.62 V                       ; 4.11e-008 V                  ; 2.73 V              ; -0.0569 V           ; 0.191 V                              ; 0.121 V                              ; 2.69e-010 s                 ; 2.76e-010 s                 ; Yes                        ; Yes                        ; 2.62 V                      ; 4.11e-008 V                 ; 2.73 V             ; -0.0569 V          ; 0.191 V                             ; 0.121 V                             ; 2.69e-010 s                ; 2.76e-010 s                ; Yes                       ; Yes                       ;
; MA[3]         ; 2.5 V        ; 0 s                 ; 0 s                 ; 2.62 V                       ; 4.11e-008 V                  ; 2.73 V              ; -0.0569 V           ; 0.191 V                              ; 0.121 V                              ; 2.69e-010 s                 ; 2.76e-010 s                 ; Yes                        ; Yes                        ; 2.62 V                      ; 4.11e-008 V                 ; 2.73 V             ; -0.0569 V          ; 0.191 V                             ; 0.121 V                             ; 2.69e-010 s                ; 2.76e-010 s                ; Yes                       ; Yes                       ;
; MA[2]         ; 2.5 V        ; 0 s                 ; 0 s                 ; 2.62 V                       ; 2.78e-008 V                  ; 2.72 V              ; -0.0402 V           ; 0.163 V                              ; 0.079 V                              ; 4.51e-010 s                 ; 4.33e-010 s                 ; No                         ; Yes                        ; 2.62 V                      ; 2.78e-008 V                 ; 2.72 V             ; -0.0402 V          ; 0.163 V                             ; 0.079 V                             ; 4.51e-010 s                ; 4.33e-010 s                ; No                        ; Yes                       ;
; MA[1]         ; 2.5 V        ; 0 s                 ; 0 s                 ; 2.62 V                       ; 2.78e-008 V                  ; 2.71 V              ; -0.0352 V           ; 0.253 V                              ; 0.07 V                               ; 4.96e-010 s                 ; 5.19e-010 s                 ; No                         ; Yes                        ; 2.62 V                      ; 2.78e-008 V                 ; 2.71 V             ; -0.0352 V          ; 0.253 V                             ; 0.07 V                              ; 4.96e-010 s                ; 5.19e-010 s                ; No                        ; Yes                       ;
; MA[0]         ; 2.5 V        ; 0 s                 ; 0 s                 ; 2.62 V                       ; 2.78e-008 V                  ; 2.71 V              ; -0.0352 V           ; 0.253 V                              ; 0.07 V                               ; 4.96e-010 s                 ; 5.19e-010 s                 ; No                         ; Yes                        ; 2.62 V                      ; 2.78e-008 V                 ; 2.71 V             ; -0.0352 V          ; 0.253 V                             ; 0.07 V                              ; 4.96e-010 s                ; 5.19e-010 s                ; No                        ; Yes                       ;
; MQ[7]         ; 2.5 V        ; 0 s                 ; 0 s                 ; 2.62 V                       ; 2.78e-008 V                  ; 2.71 V              ; -0.0352 V           ; 0.253 V                              ; 0.07 V                               ; 4.96e-010 s                 ; 5.19e-010 s                 ; No                         ; Yes                        ; 2.62 V                      ; 2.78e-008 V                 ; 2.71 V             ; -0.0352 V          ; 0.253 V                             ; 0.07 V                              ; 4.96e-010 s                ; 5.19e-010 s                ; No                        ; Yes                       ;
; MQ[6]         ; 2.5 V        ; 0 s                 ; 0 s                 ; 2.62 V                       ; 2.78e-008 V                  ; 2.71 V              ; -0.0352 V           ; 0.253 V                              ; 0.07 V                               ; 4.96e-010 s                 ; 5.19e-010 s                 ; No                         ; Yes                        ; 2.62 V                      ; 2.78e-008 V                 ; 2.71 V             ; -0.0352 V          ; 0.253 V                             ; 0.07 V                              ; 4.96e-010 s                ; 5.19e-010 s                ; No                        ; Yes                       ;
; MQ[5]         ; 2.5 V        ; 0 s                 ; 0 s                 ; 2.62 V                       ; 2.78e-008 V                  ; 2.71 V              ; -0.0352 V           ; 0.253 V                              ; 0.07 V                               ; 4.96e-010 s                 ; 5.19e-010 s                 ; No                         ; Yes                        ; 2.62 V                      ; 2.78e-008 V                 ; 2.71 V             ; -0.0352 V          ; 0.253 V                             ; 0.07 V                              ; 4.96e-010 s                ; 5.19e-010 s                ; No                        ; Yes                       ;
; MQ[4]         ; 2.5 V        ; 0 s                 ; 0 s                 ; 2.62 V                       ; 2.78e-008 V                  ; 2.71 V              ; -0.0352 V           ; 0.253 V                              ; 0.07 V                               ; 4.96e-010 s                 ; 5.19e-010 s                 ; No                         ; Yes                        ; 2.62 V                      ; 2.78e-008 V                 ; 2.71 V             ; -0.0352 V          ; 0.253 V                             ; 0.07 V                              ; 4.96e-010 s                ; 5.19e-010 s                ; No                        ; Yes                       ;
; MQ[3]         ; 2.5 V        ; 0 s                 ; 0 s                 ; 2.62 V                       ; 4.11e-008 V                  ; 2.73 V              ; -0.0569 V           ; 0.191 V                              ; 0.121 V                              ; 2.69e-010 s                 ; 2.76e-010 s                 ; Yes                        ; Yes                        ; 2.62 V                      ; 4.11e-008 V                 ; 2.73 V             ; -0.0569 V          ; 0.191 V                             ; 0.121 V                             ; 2.69e-010 s                ; 2.76e-010 s                ; Yes                       ; Yes                       ;
; MQ[2]         ; 2.5 V        ; 0 s                 ; 0 s                 ; 2.62 V                       ; 2.78e-008 V                  ; 2.71 V              ; -0.0352 V           ; 0.253 V                              ; 0.07 V                               ; 4.96e-010 s                 ; 5.19e-010 s                 ; No                         ; Yes                        ; 2.62 V                      ; 2.78e-008 V                 ; 2.71 V             ; -0.0352 V          ; 0.253 V                             ; 0.07 V                              ; 4.96e-010 s                ; 5.19e-010 s                ; No                        ; Yes                       ;
; MQ[1]         ; 2.5 V        ; 0 s                 ; 0 s                 ; 2.62 V                       ; 2.78e-008 V                  ; 2.71 V              ; -0.0352 V           ; 0.253 V                              ; 0.07 V                               ; 4.96e-010 s                 ; 5.19e-010 s                 ; No                         ; Yes                        ; 2.62 V                      ; 2.78e-008 V                 ; 2.71 V             ; -0.0352 V          ; 0.253 V                             ; 0.07 V                              ; 4.96e-010 s                ; 5.19e-010 s                ; No                        ; Yes                       ;
; MQ[0]         ; 2.5 V        ; 0 s                 ; 0 s                 ; 2.62 V                       ; 2.78e-008 V                  ; 2.64 V              ; -0.0109 V           ; 0.244 V                              ; 0.16 V                               ; 2.42e-009 s                 ; 2.37e-009 s                 ; No                         ; Yes                        ; 2.62 V                      ; 2.78e-008 V                 ; 2.64 V             ; -0.0109 V          ; 0.244 V                             ; 0.16 V                              ; 2.42e-009 s                ; 2.37e-009 s                ; No                        ; Yes                       ;
; PC[7]         ; 2.5 V        ; 0 s                 ; 0 s                 ; 2.62 V                       ; 2.78e-008 V                  ; 2.64 V              ; -0.0109 V           ; 0.244 V                              ; 0.16 V                               ; 2.42e-009 s                 ; 2.37e-009 s                 ; No                         ; Yes                        ; 2.62 V                      ; 2.78e-008 V                 ; 2.64 V             ; -0.0109 V          ; 0.244 V                             ; 0.16 V                              ; 2.42e-009 s                ; 2.37e-009 s                ; No                        ; Yes                       ;
; PC[6]         ; 2.5 V        ; 0 s                 ; 0 s                 ; 2.62 V                       ; 2.78e-008 V                  ; 2.71 V              ; -0.0352 V           ; 0.253 V                              ; 0.07 V                               ; 4.96e-010 s                 ; 5.19e-010 s                 ; No                         ; Yes                        ; 2.62 V                      ; 2.78e-008 V                 ; 2.71 V             ; -0.0352 V          ; 0.253 V                             ; 0.07 V                              ; 4.96e-010 s                ; 5.19e-010 s                ; No                        ; Yes                       ;
; PC[5]         ; 2.5 V        ; 0 s                 ; 0 s                 ; 2.62 V                       ; 2.78e-008 V                  ; 2.71 V              ; -0.0352 V           ; 0.253 V                              ; 0.07 V                               ; 4.96e-010 s                 ; 5.19e-010 s                 ; No                         ; Yes                        ; 2.62 V                      ; 2.78e-008 V                 ; 2.71 V             ; -0.0352 V          ; 0.253 V                             ; 0.07 V                              ; 4.96e-010 s                ; 5.19e-010 s                ; No                        ; Yes                       ;
; PC[4]         ; 2.5 V        ; 0 s                 ; 0 s                 ; 2.62 V                       ; 4.11e-008 V                  ; 2.73 V              ; -0.0569 V           ; 0.191 V                              ; 0.121 V                              ; 2.69e-010 s                 ; 2.76e-010 s                 ; Yes                        ; Yes                        ; 2.62 V                      ; 4.11e-008 V                 ; 2.73 V             ; -0.0569 V          ; 0.191 V                             ; 0.121 V                             ; 2.69e-010 s                ; 2.76e-010 s                ; Yes                       ; Yes                       ;
; PC[3]         ; 2.5 V        ; 0 s                 ; 0 s                 ; 2.62 V                       ; 2.78e-008 V                  ; 2.71 V              ; -0.0352 V           ; 0.253 V                              ; 0.07 V                               ; 4.96e-010 s                 ; 5.19e-010 s                 ; No                         ; Yes                        ; 2.62 V                      ; 2.78e-008 V                 ; 2.71 V             ; -0.0352 V          ; 0.253 V                             ; 0.07 V                              ; 4.96e-010 s                ; 5.19e-010 s                ; No                        ; Yes                       ;
; PC[2]         ; 2.5 V        ; 0 s                 ; 0 s                 ; 2.62 V                       ; 2.78e-008 V                  ; 2.64 V              ; -0.0109 V           ; 0.244 V                              ; 0.16 V                               ; 2.42e-009 s                 ; 2.37e-009 s                 ; No                         ; Yes                        ; 2.62 V                      ; 2.78e-008 V                 ; 2.64 V             ; -0.0109 V          ; 0.244 V                             ; 0.16 V                              ; 2.42e-009 s                ; 2.37e-009 s                ; No                        ; Yes                       ;
; PC[1]         ; 2.5 V        ; 0 s                 ; 0 s                 ; 2.62 V                       ; 2.78e-008 V                  ; 2.71 V              ; -0.0352 V           ; 0.253 V                              ; 0.07 V                               ; 4.96e-010 s                 ; 5.19e-010 s                 ; No                         ; Yes                        ; 2.62 V                      ; 2.78e-008 V                 ; 2.71 V             ; -0.0352 V          ; 0.253 V                             ; 0.07 V                              ; 4.96e-010 s                ; 5.19e-010 s                ; No                        ; Yes                       ;
; PC[0]         ; 2.5 V        ; 0 s                 ; 0 s                 ; 2.62 V                       ; 4.11e-008 V                  ; 2.73 V              ; -0.0569 V           ; 0.191 V                              ; 0.121 V                              ; 2.69e-010 s                 ; 2.76e-010 s                 ; Yes                        ; Yes                        ; 2.62 V                      ; 4.11e-008 V                 ; 2.73 V             ; -0.0569 V          ; 0.191 V                             ; 0.121 V                             ; 2.69e-010 s                ; 2.76e-010 s                ; Yes                       ; Yes                       ;
; RD[1]         ; 2.5 V        ; 0 s                 ; 0 s                 ; 2.62 V                       ; 4.11e-008 V                  ; 2.73 V              ; -0.0569 V           ; 0.191 V                              ; 0.121 V                              ; 2.69e-010 s                 ; 2.76e-010 s                 ; Yes                        ; Yes                        ; 2.62 V                      ; 4.11e-008 V                 ; 2.73 V             ; -0.0569 V          ; 0.191 V                             ; 0.121 V                             ; 2.69e-010 s                ; 2.76e-010 s                ; Yes                       ; Yes                       ;
; RD[0]         ; 2.5 V        ; 0 s                 ; 0 s                 ; 2.62 V                       ; 4.11e-008 V                  ; 2.64 V              ; -0.011 V            ; 0.212 V                              ; 0.198 V                              ; 2.38e-009 s                 ; 2.29e-009 s                 ; No                         ; Yes                        ; 2.62 V                      ; 4.11e-008 V                 ; 2.64 V             ; -0.011 V           ; 0.212 V                             ; 0.198 V                             ; 2.38e-009 s                ; 2.29e-009 s                ; No                        ; Yes                       ;
; RS[1]         ; 2.5 V        ; 0 s                 ; 0 s                 ; 2.62 V                       ; 4.11e-008 V                  ; 2.73 V              ; -0.0569 V           ; 0.191 V                              ; 0.121 V                              ; 2.69e-010 s                 ; 2.76e-010 s                 ; Yes                        ; Yes                        ; 2.62 V                      ; 4.11e-008 V                 ; 2.73 V             ; -0.0569 V          ; 0.191 V                             ; 0.121 V                             ; 2.69e-010 s                ; 2.76e-010 s                ; Yes                       ; Yes                       ;
; RS[0]         ; 2.5 V        ; 0 s                 ; 0 s                 ; 2.62 V                       ; 4.11e-008 V                  ; 2.73 V              ; -0.0569 V           ; 0.191 V                              ; 0.121 V                              ; 2.69e-010 s                 ; 2.76e-010 s                 ; Yes                        ; Yes                        ; 2.62 V                      ; 4.11e-008 V                 ; 2.73 V             ; -0.0569 V          ; 0.191 V                             ; 0.121 V                             ; 2.69e-010 s                ; 2.76e-010 s                ; Yes                       ; Yes                       ;
; ~ALTERA_DCLK~ ; 2.5 V        ; 0 s                 ; 0 s                 ; 2.62 V                       ; 2.19e-008 V                  ; 2.72 V              ; -0.0747 V           ; 0.28 V                               ; 0.169 V                              ; 3.1e-010 s                  ; 3.01e-010 s                 ; No                         ; Yes                        ; 2.62 V                      ; 2.19e-008 V                 ; 2.72 V             ; -0.0747 V          ; 0.28 V                              ; 0.169 V                             ; 3.1e-010 s                 ; 3.01e-010 s                ; No                        ; Yes                       ;
; ~ALTERA_nCEO~ ; 2.5 V        ; 0 s                 ; 0 s                 ; 2.62 V                       ; 3.53e-008 V                  ; 2.7 V               ; -0.0208 V           ; 0.204 V                              ; 0.049 V                              ; 4.85e-010 s                 ; 6.71e-010 s                 ; No                         ; Yes                        ; 2.62 V                      ; 3.53e-008 V                 ; 2.7 V              ; -0.0208 V          ; 0.204 V                             ; 0.049 V                             ; 4.85e-010 s                ; 6.71e-010 s                ; No                        ; Yes                       ;
+---------------+--------------+---------------------+---------------------+------------------------------+------------------------------+---------------------+---------------------+--------------------------------------+--------------------------------------+-----------------------------+-----------------------------+----------------------------+----------------------------+-----------------------------+-----------------------------+--------------------+--------------------+-------------------------------------+-------------------------------------+----------------------------+----------------------------+---------------------------+---------------------------+


+-------------------------------------------------------------------+
; Setup Transfers                                                   ;
+------------+----------+----------+----------+----------+----------+
; From Clock ; To Clock ; RR Paths ; FR Paths ; RF Paths ; FF Paths ;
+------------+----------+----------+----------+----------+----------+
; Clk        ; Clk      ; 1548     ; 8        ; 8        ; 0        ;
+------------+----------+----------+----------+----------+----------+
Entries labeled "false path" only account for clock-to-clock false paths and not path-based false paths. As a result, actual path counts may be lower than reported.


+-------------------------------------------------------------------+
; Hold Transfers                                                    ;
+------------+----------+----------+----------+----------+----------+
; From Clock ; To Clock ; RR Paths ; FR Paths ; RF Paths ; FF Paths ;
+------------+----------+----------+----------+----------+----------+
; Clk        ; Clk      ; 1548     ; 8        ; 8        ; 0        ;
+------------+----------+----------+----------+----------+----------+
Entries labeled "false path" only account for clock-to-clock false paths and not path-based false paths. As a result, actual path counts may be lower than reported.


---------------
; Report TCCS ;
---------------
No dedicated SERDES Transmitter circuitry present in device or used in design


---------------
; Report RSKM ;
---------------
No dedicated SERDES Receiver circuitry present in device or used in design


+------------------------------------------------+
; Unconstrained Paths                            ;
+---------------------------------+-------+------+
; Property                        ; Setup ; Hold ;
+---------------------------------+-------+------+
; Illegal Clocks                  ; 0     ; 0    ;
; Unconstrained Clocks            ; 0     ; 0    ;
; Unconstrained Input Ports       ; 17    ; 17   ;
; Unconstrained Input Port Paths  ; 545   ; 545  ;
; Unconstrained Output Ports      ; 44    ; 44   ;
; Unconstrained Output Port Paths ; 164   ; 164  ;
+---------------------------------+-------+------+


+------------------------------------+
; TimeQuest Timing Analyzer Messages ;
+------------------------------------+
Info: *******************************************************************
Info: Running Quartus II TimeQuest Timing Analyzer
    Info: Version 9.1 Build 350 03/24/2010 Service Pack 2 SJ Web Edition
    Info: Processing started: Wed Jan 07 18:39:09 2026
Info: Command: quartus_sta coClassProject -c coClassProject
Info: qsta_default_script.tcl version: #1
Info: Core supply voltage is 1.2V
Info: Low junction temperature is 0 degrees C
Info: High junction temperature is 85 degrees C
Critical Warning: Synopsys Design Constraints File file not found: 'coClassProject.sdc'. A Synopsys Design Constraints File is required by the TimeQuest Timing Analyzer to get proper timing constraints. Without it, the Compiler will not properly optimize the design.
Info: No user constrained base clocks found in the design. Calling "derive_clocks -period 1.0"
Info: Deriving Clocks
    Info: create_clock -period 1.000 -name Clk Clk
Info: No user constrained clock uncertainty found in the design. Calling "derive_clock_uncertainty"
Info: Deriving Clock Uncertainty
    Info: set_clock_uncertainty -rise_from [get_clocks {Clk}] -rise_to [get_clocks {Clk}] -setup 0.020
    Info: set_clock_uncertainty -rise_from [get_clocks {Clk}] -fall_to [get_clocks {Clk}] -setup 0.020
    Info: set_clock_uncertainty -fall_from [get_clocks {Clk}] -rise_to [get_clocks {Clk}] -setup 0.020
    Info: set_clock_uncertainty -fall_from [get_clocks {Clk}] -fall_to [get_clocks {Clk}] -setup 0.020
    Info: set_clock_uncertainty -rise_from [get_clocks {Clk}] -rise_to [get_clocks {Clk}] -hold 0.020
    Info: set_clock_uncertainty -rise_from [get_clocks {Clk}] -fall_to [get_clocks {Clk}] -hold 0.020
    Info: set_clock_uncertainty -fall_from [get_clocks {Clk}] -rise_to [get_clocks {Clk}] -hold 0.020
    Info: set_clock_uncertainty -fall_from [get_clocks {Clk}] -fall_to [get_clocks {Clk}] -hold 0.020
Info: Analyzing Slow 1200mV 85C Model
Critical Warning: Timing requirements not met
Info: Worst-case setup slack is -6.454
    Info:     Slack End Point TNS Clock 
    Info: ========= ============= =====================
    Info:    -6.454      -423.618 Clk 
Info: Worst-case hold slack is 0.742
    Info:     Slack End Point TNS Clock 
    Info: ========= ============= =====================
    Info:     0.742         0.000 Clk 
Info: No Recovery paths to report
Info: No Removal paths to report
Info: Worst-case minimum pulse width slack is -3.201
    Info:     Slack End Point TNS Clock 
    Info: ========= ============= =====================
    Info:    -3.201      -125.161 Clk 
Info: Analyzing Slow 1200mV 0C Model
Info: Started post-fitting delay annotation
Info: Delay annotation completed successfully
Info: Deriving Clock Uncertainty
    Info: set_clock_uncertainty -rise_from [get_clocks {Clk}] -rise_to [get_clocks {Clk}] -setup 0.020
    Info: set_clock_uncertainty -rise_from [get_clocks {Clk}] -fall_to [get_clocks {Clk}] -setup 0.020
    Info: set_clock_uncertainty -fall_from [get_clocks {Clk}] -rise_to [get_clocks {Clk}] -setup 0.020
    Info: set_clock_uncertainty -fall_from [get_clocks {Clk}] -fall_to [get_clocks {Clk}] -setup 0.020
    Info: set_clock_uncertainty -rise_from [get_clocks {Clk}] -rise_to [get_clocks {Clk}] -hold 0.020
    Info: set_clock_uncertainty -rise_from [get_clocks {Clk}] -fall_to [get_clocks {Clk}] -hold 0.020
    Info: set_clock_uncertainty -fall_from [get_clocks {Clk}] -rise_to [get_clocks {Clk}] -hold 0.020
    Info: set_clock_uncertainty -fall_from [get_clocks {Clk}] -fall_to [get_clocks {Clk}] -hold 0.020
Critical Warning: Timing requirements not met
Info: Worst-case setup slack is -6.027
    Info:     Slack End Point TNS Clock 
    Info: ========= ============= =====================
    Info:    -6.027      -392.929 Clk 
Info: Worst-case hold slack is 0.688
    Info:     Slack End Point TNS Clock 
    Info: ========= ============= =====================
    Info:     0.688         0.000 Clk 
Info: No Recovery paths to report
Info: No Removal paths to report
Info: Worst-case minimum pulse width slack is -3.201
    Info:     Slack End Point TNS Clock 
    Info: ========= ============= =====================
    Info:    -3.201      -125.161 Clk 
Info: Analyzing Fast 1200mV 0C Model
Info: Started post-fitting delay annotation
Info: Delay annotation completed successfully
Info: Deriving Clock Uncertainty
    Info: set_clock_uncertainty -rise_from [get_clocks {Clk}] -rise_to [get_clocks {Clk}] -setup 0.020
    Info: set_clock_uncertainty -rise_from [get_clocks {Clk}] -fall_to [get_clocks {Clk}] -setup 0.020
    Info: set_clock_uncertainty -fall_from [get_clocks {Clk}] -rise_to [get_clocks {Clk}] -setup 0.020
    Info: set_clock_uncertainty -fall_from [get_clocks {Clk}] -fall_to [get_clocks {Clk}] -setup 0.020
    Info: set_clock_uncertainty -rise_from [get_clocks {Clk}] -rise_to [get_clocks {Clk}] -hold 0.020
    Info: set_clock_uncertainty -rise_from [get_clocks {Clk}] -fall_to [get_clocks {Clk}] -hold 0.020
    Info: set_clock_uncertainty -fall_from [get_clocks {Clk}] -rise_to [get_clocks {Clk}] -hold 0.020
    Info: set_clock_uncertainty -fall_from [get_clocks {Clk}] -fall_to [get_clocks {Clk}] -hold 0.020
Critical Warning: Timing requirements not met
Info: Worst-case setup slack is -2.193
    Info:     Slack End Point TNS Clock 
    Info: ========= ============= =====================
    Info:    -2.193      -140.092 Clk 
Info: Worst-case hold slack is 0.284
    Info:     Slack End Point TNS Clock 
    Info: ========= ============= =====================
    Info:     0.284         0.000 Clk 
Info: No Recovery paths to report
Info: No Removal paths to report
Info: Worst-case minimum pulse width slack is -3.000
    Info:     Slack End Point TNS Clock 
    Info: ========= ============= =====================
    Info:    -3.000       -88.601 Clk 
Info: Design is not fully constrained for setup requirements
Info: Design is not fully constrained for hold requirements
Info: Quartus II TimeQuest Timing Analyzer was successful. 0 errors, 4 warnings
    Info: Peak virtual memory: 268 megabytes
    Info: Processing ended: Wed Jan 07 18:39:10 2026
    Info: Elapsed time: 00:00:01
    Info: Total CPU time (on all processors): 00:00:01


