Analysis & Synthesis report for coClassProject
Wed Jan 07 18:39:04 2026
Quartus II Version 9.1 Build 350 03/24/2010 Service Pack 2 SJ Web Edition


---------------------
; Table of Contents ;
---------------------
  1. Legal Notice
  2. Analysis & Synthesis Summary
  3. Analysis & Synthesis Settings
  4. Parallel Compilation
  5. Analysis & Synthesis Source Files Read
  6. Analysis & Synthesis Resource Usage Summary
  7. Analysis & Synthesis Resource Utilization by Entity
  8. Analysis & Synthesis RAM Summary
  9. General Register Statistics
 10. Source assignments for lpm_rom3:inst13|altsyncram:altsyncram_component|altsyncram_hga1:auto_generated
 11. Source assignments for lpm_counter0:inst10|lpm_counter:lpm_counter_component
 12. Parameter Settings for User Entity Instance: lpm_bustri0:inst16|lpm_bustri:lpm_bustri_component
 13. Parameter Settings for User Entity Instance: lpm_dff4:inst28|lpm_ff:lpm_ff_component
 14. Parameter Settings for User Entity Instance: ALU:inst|lpm_add_sub1:inst|lpm_add_sub:lpm_add_sub_component
 15. Parameter Settings for User Entity Instance: ALU:inst|lpm_or1:inst9|lpm_or:lpm_or_component
 16. Parameter Settings for User Entity Instance: ALU:inst|lpm_mux1:inst4|lpm_mux:lpm_mux_component
 17. Parameter Settings for User Entity Instance: ALU:inst|lpm_and0:inst1|lpm_and:lpm_and_component
 18. Parameter Settings for User Entity Instance: ALU:inst|lpm_inv0:inst2|lpm_inv:lpm_inv_component
 19. Parameter Settings for User Entity Instance: lpm_dff4:inst29|lpm_ff:lpm_ff_component
 20. Parameter Settings for User Entity Instance: lpm_bustri0:inst18|lpm_bustri:lpm_bustri_component
 21. Parameter Settings for User Entity Instance: lpm_dff4:inst14|lpm_ff:lpm_ff_component
 22. Parameter Settings for User Entity Instance: lpm_rom3:inst13
 23. Parameter Settings for User Entity Instance: lpm_rom3:inst13|altsyncram:altsyncram_component
 24. Parameter Settings for User Entity Instance: lpm_dff4:inst12|lpm_ff:lpm_ff_component
 25. Parameter Settings for User Entity Instance: lpm_bustri0:inst15|lpm_bustri:lpm_bustri_component
 26. Parameter Settings for User Entity Instance: GPRs:inst7|lpm_mux0:inst13|lpm_mux:lpm_mux_component
 27. Parameter Settings for User Entity Instance: GPRs:inst7|lpm_dff0:inst|lpm_ff:lpm_ff_component
 28. Parameter Settings for User Entity Instance: GPRs:inst7|lpm_decode0:inst9|lpm_decode:lpm_decode_component
 29. Parameter Settings for User Entity Instance: GPRs:inst7|lpm_dff1:inst10|lpm_ff:lpm_ff_component
 30. Parameter Settings for User Entity Instance: GPRs:inst7|lpm_dff2:inst11|lpm_ff:lpm_ff_component
 31. Parameter Settings for User Entity Instance: GPRs:inst7|lpm_dff3:inst12|lpm_ff:lpm_ff_component
 32. Parameter Settings for User Entity Instance: lpm_mux3:inst6|lpm_mux:lpm_mux_component
 33. Parameter Settings for User Entity Instance: lpm_dff4:inst11|lpm_ff:lpm_ff_component
 34. Parameter Settings for User Entity Instance: lpm_bustri0:inst17|lpm_bustri:lpm_bustri_component
 35. Parameter Settings for User Entity Instance: lpm_counter0:inst10|lpm_counter:lpm_counter_component
 36. altsyncram Parameter Settings by Entity Instance
 37. Analysis & Synthesis Messages



----------------
; Legal Notice ;
----------------
Copyright (C) 1991-2010 Altera Corporation
Your use of Altera Corporation's design tools, logic functions 
and other software and tools, and its AMPP partner logic 
functions, and any output files from any of the foregoing 
(including device programming or simulation files), and any 
associated documentation or information are expressly subject 
to the terms and conditions of the Altera Program License 
Subscription Agreement, Altera MegaCore Function License 
Agreement, or other applicable license agreement, including, 
without limitation, that your use is for the sole purpose of 
programming logic devices manufactured by Altera and sold by 
Altera or its authorized distributors.  Please refer to the 
applicable agreement for further details.



+-----------------------------------------------------------------------------------+
; Analysis & Synthesis Summary                                                      ;
+------------------------------------+----------------------------------------------+
; Analysis & Synthesis Status        ; Successful - Wed Jan 07 18:39:04 2026        ;
; Quartus II Version                 ; 9.1 Build 350 03/24/2010 SP 2 SJ Web Edition ;
; Revision Name                      ; coClassProject                               ;
; Top-level Entity Name              ; DataPath                                     ;
; Family                             ; Cyclone III                                  ;
; Total logic elements               ; 154                                          ;
;     Total combinational functions  ; 98                                           ;
;     Dedicated logic registers      ; 80                                           ;
; Total registers                    ; 80                                           ;
; Total pins                         ; 62                                           ;
; Total virtual pins                 ; 0                                            ;
; Total memory bits                  ; 2,048                                        ;
; Embedded Multiplier 9-bit elements ; 0                                            ;
; Total PLLs                         ; 0                                            ;
+------------------------------------+----------------------------------------------+


+----------------------------------------------------------------------------------------------------------------------+
; Analysis & Synthesis Settings                                                                                        ;
+----------------------------------------------------------------------------+--------------------+--------------------+
; Option                                                                     ; Setting            ; Default Value      ;
+----------------------------------------------------------------------------+--------------------+--------------------+
; Device                                                                     ; EP3C16Q240C8       ;                    ;
; Top-level entity name                                                      ; DataPath           ; coClassProject     ;
; Family name                                                                ; Cyclone III        ; Stratix II         ;
; Use Generated Physical Constraints File                                    ; Off                ;                    ;
; Use smart compilation                                                      ; Off                ; Off                ;
; Enable parallel Assembler and TimeQuest Timing Analyzer during compilation ; On                 ; On                 ;
; Enable compact report table                                                ; Off                ; Off                ;
; Restructure Multiplexers                                                   ; Auto               ; Auto               ;
; Create Debugging Nodes for IP Cores                                        ; Off                ; Off                ;
; Preserve fewer node names                                                  ; On                 ; On                 ;
; Disable OpenCore Plus hardware evaluation                                  ; Off                ; Off                ;
; Verilog Version                                                            ; Verilog_2001       ; Verilog_2001       ;
; VHDL Version                                                               ; VHDL_1993          ; VHDL_1993          ;
; State Machine Processing                                                   ; Auto               ; Auto               ;
; Safe State Machine                                                         ; Off                ; Off                ;
; Extract Verilog State Machines                                             ; On                 ; On                 ;
; Extract VHDL State Machines                                                ; On                 ; On                 ;
; Ignore Verilog initial constructs                                          ; Off                ; Off                ;
; Iteration limit for constant Verilog loops                                 ; 5000               ; 5000               ;
; Iteration limit for non-constant Verilog loops                             ; 250                ; 250                ;
; Add Pass-Through Logic to Inferred RAMs                                    ; On                 ; On                 ;
; Parallel Synthesis                                                         ; On                 ; On                 ;
; DSP Block Balancing                                                        ; Auto               ; Auto               ;
; NOT Gate Push-Back                                                         ; On                 ; On                 ;
; Power-Up Don't Care                                                        ; On                 ; On                 ;
; Remove Redundant Logic Cells                                               ; Off                ; Off                ;
; Remove Duplicate Registers                                                 ; On                 ; On                 ;
; Ignore CARRY Buffers                                                       ; Off                ; Off                ;
; Ignore CASCADE Buffers                                                     ; Off                ; Off                ;
; Ignore GLOBAL Buffers                                                      ; Off                ; Off                ;
; Ignore ROW GLOBAL Buffers                                                  ; Off                ; Off                ;
; Ignore LCELL Buffers                                                       ; Off                ; Off                ;
; Ignore SOFT Buffers                                                        ; On                 ; On                 ;
; Limit AHDL Integers to 32 Bits                                             ; Off                ; Off                ;
; Optimization Technique                                                     ; Balanced           ; Balanced           ;
; Carry Chain Length                                                         ; 70                 ; 70                 ;
; Auto Carry Chains                                                          ; On                 ; On                 ;
; Auto Open-Drain Pins                                                       ; On                 ; On                 ;
; Perform WYSIWYG Primitive Resynthesis                                      ; Off                ; Off                ;
; Auto ROM Replacement                                                       ; On                 ; On                 ;
; Auto RAM Replacement                                                       ; On                 ; On                 ;
; Auto DSP Block Replacement                                                 ; On                 ; On                 ;
; Auto Shift Register Replacement                                            ; Auto               ; Auto               ;
; Auto Clock Enable Replacement                                              ; On                 ; On                 ;
; Strict RAM Replacement                                                     ; Off                ; Off                ;
; Allow Synchronous Control Signals                                          ; On                 ; On                 ;
; Force Use of Synchronous Clear Signals                                     ; Off                ; Off                ;
; Auto RAM Block Balancing                                                   ; On                 ; On                 ;
; Auto RAM to Logic Cell Conversion                                          ; Off                ; Off                ;
; Auto Resource Sharing                                                      ; Off                ; Off                ;
; Allow Any RAM Size For Recognition                                         ; Off                ; Off                ;
; Allow Any ROM Size For Recognition                                         ; Off                ; Off                ;
; Allow Any Shift Register Size For Recognition                              ; Off                ; Off                ;
; Use LogicLock Constraints during Resource Balancing                        ; On                 ; On                 ;
; Ignore translate_off and synthesis_off directives                          ; Off                ; Off                ;
; Timing-Driven Synthesis                                                    ; On                 ; On                 ;
; Show Parameter Settings Tables in Synthesis Report                         ; On                 ; On                 ;
; Ignore Maximum Fan-Out Assignments                                         ; Off                ; Off                ;
; Synchronization Register Chain Length                                      ; 2                  ; 2                  ;
; PowerPlay Power Optimization                                               ; Normal compilation ; Normal compilation ;
; HDL message level                                                          ; Level2             ; Level2             ;
; Suppress Register Optimization Related Messages                            ; Off                ; Off                ;
; Number of Removed Registers Reported in Synthesis Report                   ; 5000               ; 5000               ;
; Number of Inverted Registers Reported in Synthesis Report                  ; 100                ; 100                ;
; Clock MUX Protection                                                       ; On                 ; On                 ;
; Auto Gated Clock Conversion                                                ; Off                ; Off                ;
; Block Design Naming                                                        ; Auto               ; Auto               ;
; SDC constraint protection                                                  ; Off                ; Off                ;
; Synthesis Effort                                                           ; Auto               ; Auto               ;
; Shift Register Replacement - Allow Asynchronous Clear Signal               ; On                 ; On                 ;
; Analysis & Synthesis Message Level                                         ; Medium             ; Medium             ;
; Disable Register Merging Across Hierarchies                                ; Auto               ; Auto               ;
; Resource Aware Inference For Block RAM                                     ; On                 ; On                 ;
+----------------------------------------------------------------------------+--------------------+--------------------+


Parallel compilation was disabled, but you have multiple processors available. Enable parallel compilation to reduce compilation time.
+-------------------------------------+
; Parallel Compilation                ;
+----------------------------+--------+
; Processors                 ; Number ;
+----------------------------+--------+
; Number detected on machine ; 24     ;
; Maximum allowed            ; 1      ;
+----------------------------+--------+


+--------------------------------------------------------------------------------------------------------------------------------------------------------------------------+
; Analysis & Synthesis Source Files Read                                                                                                                                   ;
+----------------------------------+-----------------+------------------------------------+--------------------------------------------------------------------------------+
; File Name with User-Entered Path ; Used in Netlist ; File Type                          ; File Name with Absolute Path                                                   ;
+----------------------------------+-----------------+------------------------------------+--------------------------------------------------------------------------------+
; GPRs.bdf                         ; yes             ; User Block Diagram/Schematic File  ; D:/altera/91sp2/quartus/quartus_projects/coClassProject/GPRs.bdf               ;
; ALU.bdf                          ; yes             ; User Block Diagram/Schematic File  ; D:/altera/91sp2/quartus/quartus_projects/coClassProject/ALU.bdf                ;
; DataPath.bdf                     ; yes             ; User Block Diagram/Schematic File  ; D:/altera/91sp2/quartus/quartus_projects/coClassProject/DataPath.bdf           ;
; lpm_bustri0.tdf                  ; yes             ; Auto-Found Wizard-Generated File   ; D:/altera/91sp2/quartus/quartus_projects/coClassProject/lpm_bustri0.tdf        ;
; lpm_bustri.inc                   ; yes             ; Auto-Found AHDL File               ; d:/altera/91sp2/quartus/libraries/megafunctions/lpm_bustri.inc                 ;
; lpm_bustri.tdf                   ; yes             ; Megafunction                       ; d:/altera/91sp2/quartus/libraries/megafunctions/lpm_bustri.tdf                 ;
; lpm_dff4.tdf                     ; yes             ; Auto-Found Wizard-Generated File   ; D:/altera/91sp2/quartus/quartus_projects/coClassProject/lpm_dff4.tdf           ;
; lpm_ff.inc                       ; yes             ; Auto-Found AHDL File               ; d:/altera/91sp2/quartus/libraries/megafunctions/lpm_ff.inc                     ;
; lpm_ff.tdf                       ; yes             ; Megafunction                       ; d:/altera/91sp2/quartus/libraries/megafunctions/lpm_ff.tdf                     ;
; lpm_add_sub1.tdf                 ; yes             ; Auto-Found Wizard-Generated File   ; D:/altera/91sp2/quartus/quartus_projects/coClassProject/lpm_add_sub1.tdf       ;
; lpm_add_sub.inc                  ; yes             ; Megafunction                       ; d:/altera/91sp2/quartus/libraries/megafunctions/lpm_add_sub.inc                ;
; lpm_add_sub.tdf                  ; yes             ; Megafunction                       ; d:/altera/91sp2/quartus/libraries/megafunctions/lpm_add_sub.tdf                ;
; db/add_sub_0qh.tdf               ; yes             ; Auto-Generated Megafunction        ; D:/altera/91sp2/quartus/quartus_projects/coClassProject/db/add_sub_0qh.tdf     ;
; lpm_or1.tdf                      ; yes             ; Auto-Found Wizard-Generated File   ; D:/altera/91sp2/quartus/quartus_projects/coClassProject/lpm_or1.tdf            ;
; lpm_or.inc                       ; yes             ; Auto-Found AHDL File               ; d:/altera/91sp2/quartus/libraries/megafunctions/lpm_or.inc                     ;
; lpm_or.tdf                       ; yes             ; Megafunction                       ; d:/altera/91sp2/quartus/libraries/megafunctions/lpm_or.tdf                     ;
; lpm_mux1.tdf                     ; yes             ; Auto-Found Wizard-Generated File   ; D:/altera/91sp2/quartus/quartus_projects/coClassProject/lpm_mux1.tdf           ;
; lpm_mux.inc                      ; yes             ; Megafunction                       ; d:/altera/91sp2/quartus/libraries/megafunctions/lpm_mux.inc                    ;
; lpm_mux.tdf                      ; yes             ; Megafunction                       ; d:/altera/91sp2/quartus/libraries/megafunctions/lpm_mux.tdf                    ;
; db/mux_8qc.tdf                   ; yes             ; Auto-Generated Megafunction        ; D:/altera/91sp2/quartus/quartus_projects/coClassProject/db/mux_8qc.tdf         ;
; lpm_and0.tdf                     ; yes             ; Auto-Found Wizard-Generated File   ; D:/altera/91sp2/quartus/quartus_projects/coClassProject/lpm_and0.tdf           ;
; lpm_and.inc                      ; yes             ; Auto-Found AHDL File               ; d:/altera/91sp2/quartus/libraries/megafunctions/lpm_and.inc                    ;
; lpm_and.tdf                      ; yes             ; Megafunction                       ; d:/altera/91sp2/quartus/libraries/megafunctions/lpm_and.tdf                    ;
; lpm_inv0.tdf                     ; yes             ; Auto-Found Wizard-Generated File   ; D:/altera/91sp2/quartus/quartus_projects/coClassProject/lpm_inv0.tdf           ;
; lpm_inv.inc                      ; yes             ; Auto-Found AHDL File               ; d:/altera/91sp2/quartus/libraries/megafunctions/lpm_inv.inc                    ;
; lpm_inv.tdf                      ; yes             ; Megafunction                       ; d:/altera/91sp2/quartus/libraries/megafunctions/lpm_inv.tdf                    ;
; lpm_rom3.tdf                     ; yes             ; Auto-Found Wizard-Generated File   ; D:/altera/91sp2/quartus/quartus_projects/coClassProject/lpm_rom3.tdf           ;
; altsyncram.inc                   ; yes             ; Auto-Found AHDL File               ; d:/altera/91sp2/quartus/libraries/megafunctions/altsyncram.inc                 ;
; altsyncram.tdf                   ; yes             ; Megafunction                       ; d:/altera/91sp2/quartus/libraries/megafunctions/altsyncram.tdf                 ;
; lpm_decode.inc                   ; yes             ; Megafunction                       ; d:/altera/91sp2/quartus/libraries/megafunctions/lpm_decode.inc                 ;
; db/altsyncram_hga1.tdf           ; yes             ; Auto-Generated Megafunction        ; D:/altera/91sp2/quartus/quartus_projects/coClassProject/db/altsyncram_hga1.tdf ;
; lpm_mux0.tdf                     ; yes             ; Auto-Found Wizard-Generated File   ; D:/altera/91sp2/quartus/quartus_projects/coClassProject/lpm_mux0.tdf           ;
; lpm_dff0.tdf                     ; yes             ; Auto-Found Wizard-Generated File   ; D:/altera/91sp2/quartus/quartus_projects/coClassProject/lpm_dff0.tdf           ;
; lpm_decode0.tdf                  ; yes             ; Auto-Found Wizard-Generated File   ; D:/altera/91sp2/quartus/quartus_projects/coClassProject/lpm_decode0.tdf        ;
; lpm_decode.tdf                   ; yes             ; Megafunction                       ; d:/altera/91sp2/quartus/libraries/megafunctions/lpm_decode.tdf                 ;
; db/decode_7uf.tdf                ; yes             ; Auto-Generated Megafunction        ; D:/altera/91sp2/quartus/quartus_projects/coClassProject/db/decode_7uf.tdf      ;
; lpm_dff1.tdf                     ; yes             ; Auto-Found Wizard-Generated File   ; D:/altera/91sp2/quartus/quartus_projects/coClassProject/lpm_dff1.tdf           ;
; lpm_dff2.tdf                     ; yes             ; Auto-Found Wizard-Generated File   ; D:/altera/91sp2/quartus/quartus_projects/coClassProject/lpm_dff2.tdf           ;
; lpm_dff3.tdf                     ; yes             ; Auto-Found Wizard-Generated File   ; D:/altera/91sp2/quartus/quartus_projects/coClassProject/lpm_dff3.tdf           ;
; lpm_mux3.tdf                     ; yes             ; Auto-Found Wizard-Generated File   ; D:/altera/91sp2/quartus/quartus_projects/coClassProject/lpm_mux3.tdf           ;
; db/mux_vpc.tdf                   ; yes             ; Auto-Generated Megafunction        ; D:/altera/91sp2/quartus/quartus_projects/coClassProject/db/mux_vpc.tdf         ;
; lpm_counter0.tdf                 ; yes             ; Auto-Found Wizard-Generated File   ; D:/altera/91sp2/quartus/quartus_projects/coClassProject/lpm_counter0.tdf       ;
; lpm_counter.inc                  ; yes             ; Megafunction                       ; d:/altera/91sp2/quartus/libraries/megafunctions/lpm_counter.inc                ;
; lpm_counter.tdf                  ; yes             ; Megafunction                       ; d:/altera/91sp2/quartus/libraries/megafunctions/lpm_counter.tdf                ;
; db/cntr_tqj.tdf                  ; yes             ; Auto-Generated Megafunction        ; D:/altera/91sp2/quartus/quartus_projects/coClassProject/db/cntr_tqj.tdf        ;
+----------------------------------+-----------------+------------------------------------+--------------------------------------------------------------------------------+


+---------------------------------------------------------+
; Analysis & Synthesis Resource Usage Summary             ;
+---------------------------------------------+-----------+
; Resource                                    ; Usage     ;
+---------------------------------------------+-----------+
; Estimated Total logic elements              ; 154       ;
;                                             ;           ;
; Total combinational functions               ; 98        ;
; Logic element usage by number of LUT inputs ;           ;
;     -- 4 input functions                    ; 43        ;
;     -- 3 input functions                    ; 30        ;
;     -- <=2 input functions                  ; 25        ;
;                                             ;           ;
; Logic elements by mode                      ;           ;
;     -- normal mode                          ; 83        ;
;     -- arithmetic mode                      ; 15        ;
;                                             ;           ;
; Total registers                             ; 80        ;
;     -- Dedicated logic registers            ; 80        ;
;     -- I/O registers                        ; 0         ;
;                                             ;           ;
; I/O pins                                    ; 62        ;
; Total memory bits                           ; 2048      ;
; Maximum fan-out node                        ; Clk~input ;
; Maximum fan-out                             ; 88        ;
; Total fan-out                               ; 809       ;
; Average fan-out                             ; 2.61      ;
+---------------------------------------------+-----------+


+-----------------------------------------------------------------------------------------------------------------------------------------------------------------------------------------------------------------------------------------------------------------------------+
; Analysis & Synthesis Resource Utilization by Entity                                                                                                                                                                                                                         ;
+----------------------------------------------+-------------------+--------------+-------------+--------------+---------+-----------+------+--------------+---------------------------------------------------------------------------------------------------+--------------+
; Compilation Hierarchy Node                   ; LC Combinationals ; LC Registers ; Memory Bits ; DSP Elements ; DSP 9x9 ; DSP 18x18 ; Pins ; Virtual Pins ; Full Hierarchy Name                                                                               ; Library Name ;
+----------------------------------------------+-------------------+--------------+-------------+--------------+---------+-----------+------+--------------+---------------------------------------------------------------------------------------------------+--------------+
; |DataPath                                    ; 98 (0)            ; 80 (0)       ; 2048        ; 0            ; 0       ; 0         ; 62   ; 0            ; |DataPath                                                                                         ; work         ;
;    |ALU:inst|                                ; 16 (0)            ; 0 (0)        ; 0           ; 0            ; 0       ; 0         ; 0    ; 0            ; |DataPath|ALU:inst                                                                                ; work         ;
;       |lpm_add_sub1:inst|                    ; 8 (0)             ; 0 (0)        ; 0           ; 0            ; 0       ; 0         ; 0    ; 0            ; |DataPath|ALU:inst|lpm_add_sub1:inst                                                              ; work         ;
;          |lpm_add_sub:lpm_add_sub_component| ; 8 (0)             ; 0 (0)        ; 0           ; 0            ; 0       ; 0         ; 0    ; 0            ; |DataPath|ALU:inst|lpm_add_sub1:inst|lpm_add_sub:lpm_add_sub_component                            ; work         ;
;             |add_sub_0qh:auto_generated|     ; 8 (8)             ; 0 (0)        ; 0           ; 0            ; 0       ; 0         ; 0    ; 0            ; |DataPath|ALU:inst|lpm_add_sub1:inst|lpm_add_sub:lpm_add_sub_component|add_sub_0qh:auto_generated ; work         ;
;       |lpm_mux1:inst4|                       ; 8 (0)             ; 0 (0)        ; 0           ; 0            ; 0       ; 0         ; 0    ; 0            ; |DataPath|ALU:inst|lpm_mux1:inst4                                                                 ; work         ;
;          |lpm_mux:lpm_mux_component|         ; 8 (0)             ; 0 (0)        ; 0           ; 0            ; 0       ; 0         ; 0    ; 0            ; |DataPath|ALU:inst|lpm_mux1:inst4|lpm_mux:lpm_mux_component                                       ; work         ;
;             |mux_8qc:auto_generated|         ; 8 (8)             ; 0 (0)        ; 0           ; 0            ; 0       ; 0         ; 0    ; 0            ; |DataPath|ALU:inst|lpm_mux1:inst4|lpm_mux:lpm_mux_component|mux_8qc:auto_generated                ; work         ;
;    |GPRs:inst7|                              ; 20 (0)            ; 32 (0)       ; 0           ; 0            ; 0       ; 0         ; 0    ; 0            ; |DataPath|GPRs:inst7                                                                              ;              ;
;       |lpm_decode0:inst9|                    ; 4 (0)             ; 0 (0)        ; 0           ; 0            ; 0       ; 0         ; 0    ; 0            ; |DataPath|GPRs:inst7|lpm_decode0:inst9                                                            ; work         ;
;          |lpm_decode:lpm_decode_component|   ; 4 (0)             ; 0 (0)        ; 0           ; 0            ; 0       ; 0         ; 0    ; 0            ; |DataPath|GPRs:inst7|lpm_decode0:inst9|lpm_decode:lpm_decode_component                            ; work         ;
;             |decode_7uf:auto_generated|      ; 4 (4)             ; 0 (0)        ; 0           ; 0            ; 0       ; 0         ; 0    ; 0            ; |DataPath|GPRs:inst7|lpm_decode0:inst9|lpm_decode:lpm_decode_component|decode_7uf:auto_generated  ; work         ;
;       |lpm_dff0:inst|                        ; 0 (0)             ; 8 (0)        ; 0           ; 0            ; 0       ; 0         ; 0    ; 0            ; |DataPath|GPRs:inst7|lpm_dff0:inst                                                                ;              ;
;          |lpm_ff:lpm_ff_component|           ; 0 (0)             ; 8 (8)        ; 0           ; 0            ; 0       ; 0         ; 0    ; 0            ; |DataPath|GPRs:inst7|lpm_dff0:inst|lpm_ff:lpm_ff_component                                        ; work         ;
;       |lpm_dff1:inst10|                      ; 0 (0)             ; 8 (0)        ; 0           ; 0            ; 0       ; 0         ; 0    ; 0            ; |DataPath|GPRs:inst7|lpm_dff1:inst10                                                              ; work         ;
;          |lpm_ff:lpm_ff_component|           ; 0 (0)             ; 8 (8)        ; 0           ; 0            ; 0       ; 0         ; 0    ; 0            ; |DataPath|GPRs:inst7|lpm_dff1:inst10|lpm_ff:lpm_ff_component                                      ; work         ;
;       |lpm_dff2:inst11|                      ; 0 (0)             ; 8 (0)        ; 0           ; 0            ; 0       ; 0         ; 0    ; 0            ; |DataPath|GPRs:inst7|lpm_dff2:inst11                                                              ; work         ;
;          |lpm_ff:lpm_ff_component|           ; 0 (0)             ; 8 (8)        ; 0           ; 0            ; 0       ; 0         ; 0    ; 0            ; |DataPath|GPRs:inst7|lpm_dff2:inst11|lpm_ff:lpm_ff_component                                      ; work         ;
;       |lpm_dff3:inst12|                      ; 0 (0)             ; 8 (0)        ; 0           ; 0            ; 0       ; 0         ; 0    ; 0            ; |DataPath|GPRs:inst7|lpm_dff3:inst12                                                              ; work         ;
;          |lpm_ff:lpm_ff_component|           ; 0 (0)             ; 8 (8)        ; 0           ; 0            ; 0       ; 0         ; 0    ; 0            ; |DataPath|GPRs:inst7|lpm_dff3:inst12|lpm_ff:lpm_ff_component                                      ; work         ;
;       |lpm_mux0:inst13|                      ; 16 (0)            ; 0 (0)        ; 0           ; 0            ; 0       ; 0         ; 0    ; 0            ; |DataPath|GPRs:inst7|lpm_mux0:inst13                                                              ;              ;
;          |lpm_mux:lpm_mux_component|         ; 16 (0)            ; 0 (0)        ; 0           ; 0            ; 0       ; 0         ; 0    ; 0            ; |DataPath|GPRs:inst7|lpm_mux0:inst13|lpm_mux:lpm_mux_component                                    ;              ;
;             |mux_8qc:auto_generated|         ; 16 (16)           ; 0 (0)        ; 0           ; 0            ; 0       ; 0         ; 0    ; 0            ; |DataPath|GPRs:inst7|lpm_mux0:inst13|lpm_mux:lpm_mux_component|mux_8qc:auto_generated             ;              ;
;    |lpm_bustri0:inst16|                      ; 27 (0)            ; 0 (0)        ; 0           ; 0            ; 0       ; 0         ; 0    ; 0            ; |DataPath|lpm_bustri0:inst16                                                                      ;              ;
;       |lpm_bustri:lpm_bustri_component|      ; 27 (27)           ; 0 (0)        ; 0           ; 0            ; 0       ; 0         ; 0    ; 0            ; |DataPath|lpm_bustri0:inst16|lpm_bustri:lpm_bustri_component                                      ; work         ;
;    |lpm_bustri0:inst18|                      ; 6 (0)             ; 0 (0)        ; 0           ; 0            ; 0       ; 0         ; 0    ; 0            ; |DataPath|lpm_bustri0:inst18                                                                      ; work         ;
;       |lpm_bustri:lpm_bustri_component|      ; 6 (6)             ; 0 (0)        ; 0           ; 0            ; 0       ; 0         ; 0    ; 0            ; |DataPath|lpm_bustri0:inst18|lpm_bustri:lpm_bustri_component                                      ; work         ;
;    |lpm_counter0:inst10|                     ; 18 (0)            ; 8 (0)        ; 0           ; 0            ; 0       ; 0         ; 0    ; 0            ; |DataPath|lpm_counter0:inst10                                                                     ; work         ;
;       |lpm_counter:lpm_counter_component|    ; 18 (0)            ; 8 (0)        ; 0           ; 0            ; 0       ; 0         ; 0    ; 0            ; |DataPath|lpm_counter0:inst10|lpm_counter:lpm_counter_component                                   ; work         ;
;          |cntr_tqj:auto_generated|           ; 18 (18)           ; 8 (8)        ; 0           ; 0            ; 0       ; 0         ; 0    ; 0            ; |DataPath|lpm_counter0:inst10|lpm_counter:lpm_counter_component|cntr_tqj:auto_generated           ; work         ;
;    |lpm_dff4:inst11|                         ; 0 (0)             ; 8 (0)        ; 0           ; 0            ; 0       ; 0         ; 0    ; 0            ; |DataPath|lpm_dff4:inst11                                                                         ; work         ;
;       |lpm_ff:lpm_ff_component|              ; 0 (0)             ; 8 (8)        ; 0           ; 0            ; 0       ; 0         ; 0    ; 0            ; |DataPath|lpm_dff4:inst11|lpm_ff:lpm_ff_component                                                 ; work         ;
;    |lpm_dff4:inst12|                         ; 0 (0)             ; 8 (0)        ; 0           ; 0            ; 0       ; 0         ; 0    ; 0            ; |DataPath|lpm_dff4:inst12                                                                         ; work         ;
;       |lpm_ff:lpm_ff_component|              ; 0 (0)             ; 8 (8)        ; 0           ; 0            ; 0       ; 0         ; 0    ; 0            ; |DataPath|lpm_dff4:inst12|lpm_ff:lpm_ff_component                                                 ;              ;
;    |lpm_dff4:inst14|                         ; 0 (0)             ; 8 (0)        ; 0           ; 0            ; 0       ; 0         ; 0    ; 0            ; |DataPath|lpm_dff4:inst14                                                                         ; work         ;
;       |lpm_ff:lpm_ff_component|              ; 0 (0)             ; 8 (8)        ; 0           ; 0            ; 0       ; 0         ; 0    ; 0            ; |DataPath|lpm_dff4:inst14|lpm_ff:lpm_ff_component                                                 ; work         ;
;    |lpm_dff4:inst28|                         ; 9 (0)             ; 8 (0)        ; 0           ; 0            ; 0       ; 0         ; 0    ; 0            ; |DataPath|lpm_dff4:inst28                                                                         ; work         ;
;       |lpm_ff:lpm_ff_component|              ; 9 (9)             ; 8 (8)        ; 0           ; 0            ; 0       ; 0         ; 0    ; 0            ; |DataPath|lpm_dff4:inst28|lpm_ff:lpm_ff_component                                                 ; work         ;
;    |lpm_dff4:inst29|                         ; 0 (0)             ; 8 (0)        ; 0           ; 0            ; 0       ; 0         ; 0    ; 0            ; |DataPath|lpm_dff4:inst29                                                                         ; work         ;
;       |lpm_ff:lpm_ff_component|              ; 0 (0)             ; 8 (8)        ; 0           ; 0            ; 0       ; 0         ; 0    ; 0            ; |DataPath|lpm_dff4:inst29|lpm_ff:lpm_ff_component                                                 ; work         ;
;    |lpm_mux3:inst6|                          ; 2 (0)             ; 0 (0)        ; 0           ; 0            ; 0       ; 0         ; 0    ; 0            ; |DataPath|lpm_mux3:inst6                                                                          ; work         ;
;       |lpm_mux:lpm_mux_component|            ; 2 (0)             ; 0 (0)        ; 0           ; 0            ; 0       ; 0         ; 0    ; 0            ; |DataPath|lpm_mux3:inst6|lpm_mux:lpm_mux_component                                                ; work         ;
;          |mux_vpc:auto_generated|            ; 2 (2)             ; 0 (0)        ; 0           ; 0            ; 0       ; 0         ; 0    ; 0            ; |DataPath|lpm_mux3:inst6|lpm_mux:lpm_mux_component|mux_vpc:auto_generated                         ; work         ;
;    |lpm_rom3:inst13|                         ; 0 (0)             ; 0 (0)        ; 2048        ; 0            ; 0       ; 0         ; 0    ; 0            ; |DataPath|lpm_rom3:inst13                                                                         ; work         ;
;       |altsyncram:altsyncram_component|      ; 0 (0)             ; 0 (0)        ; 2048        ; 0            ; 0       ; 0         ; 0    ; 0            ; |DataPath|lpm_rom3:inst13|altsyncram:altsyncram_component                                         ; work         ;
;          |altsyncram_hga1:auto_generated|    ; 0 (0)             ; 0 (0)        ; 2048        ; 0            ; 0       ; 0         ; 0    ; 0            ; |DataPath|lpm_rom3:inst13|altsyncram:altsyncram_component|altsyncram_hga1:auto_generated          ; work         ;
+----------------------------------------------+-------------------+--------------+-------------+--------------+---------+-----------+------+--------------+---------------------------------------------------------------------------------------------------+--------------+
Note: For table entries with two numbers listed, the numbers in parentheses indicate the number of resources of the given type used by the specific entity alone. The numbers listed outside of parentheses indicate the total resources of the given type used by the specific entity and all of its sub-entities in the hierarchy.


+---------------------------------------------------------------------------------------------------------------------------------------------------------------------------------------+
; Analysis & Synthesis RAM Summary                                                                                                                                                      ;
+-------------------------------------------------------------------------------------------+------+------+--------------+--------------+--------------+--------------+------+----------+
; Name                                                                                      ; Type ; Mode ; Port A Depth ; Port A Width ; Port B Depth ; Port B Width ; Size ; MIF      ;
+-------------------------------------------------------------------------------------------+------+------+--------------+--------------+--------------+--------------+------+----------+
; lpm_rom3:inst13|altsyncram:altsyncram_component|altsyncram_hga1:auto_generated|ALTSYNCRAM ; AUTO ; ROM  ; 256          ; 8            ; --           ; --           ; 2048 ; lpm_rom3 ;
+-------------------------------------------------------------------------------------------+------+------+--------------+--------------+--------------+--------------+------+----------+


+------------------------------------------------------+
; General Register Statistics                          ;
+----------------------------------------------+-------+
; Statistic                                    ; Value ;
+----------------------------------------------+-------+
; Total registers                              ; 80    ;
; Number of registers using Synchronous Clear  ; 0     ;
; Number of registers using Synchronous Load   ; 16    ;
; Number of registers using Asynchronous Clear ; 32    ;
; Number of registers using Asynchronous Load  ; 0     ;
; Number of registers using Clock Enable       ; 80    ;
; Number of registers using Preset             ; 0     ;
+----------------------------------------------+-------+


+-------------------------------------------------------------------------------------------------------+
; Source assignments for lpm_rom3:inst13|altsyncram:altsyncram_component|altsyncram_hga1:auto_generated ;
+---------------------------------+--------------------+------+-----------------------------------------+
; Assignment                      ; Value              ; From ; To                                      ;
+---------------------------------+--------------------+------+-----------------------------------------+
; OPTIMIZE_POWER_DURING_SYNTHESIS ; NORMAL_COMPILATION ; -    ; -                                       ;
+---------------------------------+--------------------+------+-----------------------------------------+


+------------------------------------------------------------------------------+
; Source assignments for lpm_counter0:inst10|lpm_counter:lpm_counter_component ;
+---------------------------+-------+------+-----------------------------------+
; Assignment                ; Value ; From ; To                                ;
+---------------------------+-------+------+-----------------------------------+
; SUPPRESS_DA_RULE_INTERNAL ; a101  ; -    ; -                                 ;
; SUPPRESS_DA_RULE_INTERNAL ; s102  ; -    ; -                                 ;
; SUPPRESS_DA_RULE_INTERNAL ; s103  ; -    ; -                                 ;
+---------------------------+-------+------+-----------------------------------+


+-------------------------------------------------------------------------------------------------+
; Parameter Settings for User Entity Instance: lpm_bustri0:inst16|lpm_bustri:lpm_bustri_component ;
+----------------+-------+------------------------------------------------------------------------+
; Parameter Name ; Value ; Type                                                                   ;
+----------------+-------+------------------------------------------------------------------------+
; LPM_WIDTH      ; 8     ; Untyped                                                                ;
+----------------+-------+------------------------------------------------------------------------+
Note: In order to hide this table in the UI and the text report file, please set the "Show Parameter Settings Tables in Synthesis Report" option in "Analysis and Synthesis Settings -> More Settings" to "Off".


+--------------------------------------------------------------------------------------+
; Parameter Settings for User Entity Instance: lpm_dff4:inst28|lpm_ff:lpm_ff_component ;
+------------------------+-------------+-----------------------------------------------+
; Parameter Name         ; Value       ; Type                                          ;
+------------------------+-------------+-----------------------------------------------+
; LPM_WIDTH              ; 8           ; Untyped                                       ;
; LPM_AVALUE             ; UNUSED      ; Untyped                                       ;
; LPM_SVALUE             ; UNUSED      ; Untyped                                       ;
; LPM_FFTYPE             ; DFF         ; Untyped                                       ;
; DEVICE_FAMILY          ; Cyclone III ; Untyped                                       ;
; CBXI_PARAMETER         ; NOTHING     ; Untyped                                       ;
; AUTO_CARRY_CHAINS      ; ON          ; AUTO_CARRY                                    ;
; IGNORE_CARRY_BUFFERS   ; OFF         ; IGNORE_CARRY                                  ;
; AUTO_CASCADE_CHAINS    ; ON          ; AUTO_CASCADE                                  ;
; IGNORE_CASCADE_BUFFERS ; OFF         ; IGNORE_CASCADE                                ;
+------------------------+-------------+-----------------------------------------------+
Note: In order to hide this table in the UI and the text report file, please set the "Show Parameter Settings Tables in Synthesis Report" option in "Analysis and Synthesis Settings -> More Settings" to "Off".


+-----------------------------------------------------------------------------------------------------------+
; Parameter Settings for User Entity Instance: ALU:inst|lpm_add_sub1:inst|lpm_add_sub:lpm_add_sub_component ;
+------------------------+-------------+--------------------------------------------------------------------+
; Parameter Name         ; Value       ; Type                                                               ;
+------------------------+-------------+--------------------------------------------------------------------+
; LPM_WIDTH              ; 8           ; Untyped                                                            ;
; LPM_REPRESENTATION     ; SIGNED      ; Untyped                                                            ;
; LPM_DIRECTION          ; DEFAULT     ; Untyped                                                            ;
; ONE_INPUT_IS_CONSTANT  ; NO          ; Untyped                                                            ;
; LPM_PIPELINE           ; 0           ; Untyped                                                            ;
; MAXIMIZE_SPEED         ; 5           ; Untyped                                                            ;
; REGISTERED_AT_END      ; 0           ; Untyped                                                            ;
; OPTIMIZE_FOR_SPEED     ; 5           ; Untyped                                                            ;
; USE_CS_BUFFERS         ; 1           ; Untyped                                                            ;
; CARRY_CHAIN            ; MANUAL      ; Untyped                                                            ;
; CARRY_CHAIN_LENGTH     ; 48          ; CARRY_CHAIN_LENGTH                                                 ;
; DEVICE_FAMILY          ; Cyclone III ; Untyped                                                            ;
; USE_WYS                ; OFF         ; Untyped                                                            ;
; STYLE                  ; FAST        ; Untyped                                                            ;
; CBXI_PARAMETER         ; add_sub_0qh ; Untyped                                                            ;
; AUTO_CARRY_CHAINS      ; ON          ; AUTO_CARRY                                                         ;
; IGNORE_CARRY_BUFFERS   ; OFF         ; IGNORE_CARRY                                                       ;
; AUTO_CASCADE_CHAINS    ; ON          ; AUTO_CASCADE                                                       ;
; IGNORE_CASCADE_BUFFERS ; OFF         ; IGNORE_CASCADE                                                     ;
+------------------------+-------------+--------------------------------------------------------------------+
Note: In order to hide this table in the UI and the text report file, please set the "Show Parameter Settings Tables in Synthesis Report" option in "Analysis and Synthesis Settings -> More Settings" to "Off".


+---------------------------------------------------------------------------------------------+
; Parameter Settings for User Entity Instance: ALU:inst|lpm_or1:inst9|lpm_or:lpm_or_component ;
+------------------------+-------------+------------------------------------------------------+
; Parameter Name         ; Value       ; Type                                                 ;
+------------------------+-------------+------------------------------------------------------+
; AUTO_CARRY_CHAINS      ; ON          ; AUTO_CARRY                                           ;
; IGNORE_CARRY_BUFFERS   ; OFF         ; IGNORE_CARRY                                         ;
; AUTO_CASCADE_CHAINS    ; ON          ; AUTO_CASCADE                                         ;
; IGNORE_CASCADE_BUFFERS ; OFF         ; IGNORE_CASCADE                                       ;
; LPM_WIDTH              ; 1           ; Untyped                                              ;
; LPM_SIZE               ; 8           ; Untyped                                              ;
; CARRY_CHAIN_LENGTH     ; 48          ; CARRY_CHAIN_LENGTH                                   ;
; CARRY_CHAIN            ; MANUAL      ; Untyped                                              ;
; CASCADE_CHAIN          ; MANUAL      ; Untyped                                              ;
; DEVICE_FAMILY          ; Cyclone III ; Untyped                                              ;
+------------------------+-------------+------------------------------------------------------+
Note: In order to hide this table in the UI and the text report file, please set the "Show Parameter Settings Tables in Synthesis Report" option in "Analysis and Synthesis Settings -> More Settings" to "Off".


+------------------------------------------------------------------------------------------------+
; Parameter Settings for User Entity Instance: ALU:inst|lpm_mux1:inst4|lpm_mux:lpm_mux_component ;
+------------------------+-------------+---------------------------------------------------------+
; Parameter Name         ; Value       ; Type                                                    ;
+------------------------+-------------+---------------------------------------------------------+
; AUTO_CARRY_CHAINS      ; ON          ; AUTO_CARRY                                              ;
; IGNORE_CARRY_BUFFERS   ; OFF         ; IGNORE_CARRY                                            ;
; AUTO_CASCADE_CHAINS    ; ON          ; AUTO_CASCADE                                            ;
; IGNORE_CASCADE_BUFFERS ; OFF         ; IGNORE_CASCADE                                          ;
; LPM_WIDTH              ; 8           ; Untyped                                                 ;
; LPM_SIZE               ; 4           ; Untyped                                                 ;
; LPM_WIDTHS             ; 2           ; Untyped                                                 ;
; LPM_PIPELINE           ; 0           ; Untyped                                                 ;
; CBXI_PARAMETER         ; mux_8qc     ; Untyped                                                 ;
; DEVICE_FAMILY          ; Cyclone III ; Untyped                                                 ;
+------------------------+-------------+---------------------------------------------------------+
Note: In order to hide this table in the UI and the text report file, please set the "Show Parameter Settings Tables in Synthesis Report" option in "Analysis and Synthesis Settings -> More Settings" to "Off".


+------------------------------------------------------------------------------------------------+
; Parameter Settings for User Entity Instance: ALU:inst|lpm_and0:inst1|lpm_and:lpm_and_component ;
+------------------------+-------------+---------------------------------------------------------+
; Parameter Name         ; Value       ; Type                                                    ;
+------------------------+-------------+---------------------------------------------------------+
; AUTO_CARRY_CHAINS      ; ON          ; AUTO_CARRY                                              ;
; IGNORE_CARRY_BUFFERS   ; OFF         ; IGNORE_CARRY                                            ;
; AUTO_CASCADE_CHAINS    ; ON          ; AUTO_CASCADE                                            ;
; IGNORE_CASCADE_BUFFERS ; OFF         ; IGNORE_CASCADE                                          ;
; LPM_WIDTH              ; 8           ; Untyped                                                 ;
; LPM_SIZE               ; 2           ; Untyped                                                 ;
; CARRY_CHAIN_LENGTH     ; 48          ; CARRY_CHAIN_LENGTH                                      ;
; CARRY_CHAIN            ; MANUAL      ; Untyped                                                 ;
; CASCADE_CHAIN          ; MANUAL      ; Untyped                                                 ;
; DEVICE_FAMILY          ; Cyclone III ; Untyped                                                 ;
+------------------------+-------------+---------------------------------------------------------+
Note: In order to hide this table in the UI and the text report file, please set the "Show Parameter Settings Tables in Synthesis Report" option in "Analysis and Synthesis Settings -> More Settings" to "Off".


+------------------------------------------------------------------------------------------------+
; Parameter Settings for User Entity Instance: ALU:inst|lpm_inv0:inst2|lpm_inv:lpm_inv_component ;
+----------------+-------+-----------------------------------------------------------------------+
; Parameter Name ; Value ; Type                                                                  ;
+----------------+-------+-----------------------------------------------------------------------+
; LPM_WIDTH      ; 8     ; Untyped                                                               ;
+----------------+-------+-----------------------------------------------------------------------+
Note: In order to hide this table in the UI and the text report file, please set the "Show Parameter Settings Tables in Synthesis Report" option in "Analysis and Synthesis Settings -> More Settings" to "Off".


+--------------------------------------------------------------------------------------+
; Parameter Settings for User Entity Instance: lpm_dff4:inst29|lpm_ff:lpm_ff_component ;
+------------------------+-------------+-----------------------------------------------+
; Parameter Name         ; Value       ; Type                                          ;
+------------------------+-------------+-----------------------------------------------+
; LPM_WIDTH              ; 8           ; Untyped                                       ;
; LPM_AVALUE             ; UNUSED      ; Untyped                                       ;
; LPM_SVALUE             ; UNUSED      ; Untyped                                       ;
; LPM_FFTYPE             ; DFF         ; Untyped                                       ;
; DEVICE_FAMILY          ; Cyclone III ; Untyped                                       ;
; CBXI_PARAMETER         ; NOTHING     ; Untyped                                       ;
; AUTO_CARRY_CHAINS      ; ON          ; AUTO_CARRY                                    ;
; IGNORE_CARRY_BUFFERS   ; OFF         ; IGNORE_CARRY                                  ;
; AUTO_CASCADE_CHAINS    ; ON          ; AUTO_CASCADE                                  ;
; IGNORE_CASCADE_BUFFERS ; OFF         ; IGNORE_CASCADE                                ;
+------------------------+-------------+-----------------------------------------------+
Note: In order to hide this table in the UI and the text report file, please set the "Show Parameter Settings Tables in Synthesis Report" option in "Analysis and Synthesis Settings -> More Settings" to "Off".


+-------------------------------------------------------------------------------------------------+
; Parameter Settings for User Entity Instance: lpm_bustri0:inst18|lpm_bustri:lpm_bustri_component ;
+----------------+-------+------------------------------------------------------------------------+
; Parameter Name ; Value ; Type                                                                   ;
+----------------+-------+------------------------------------------------------------------------+
; LPM_WIDTH      ; 8     ; Untyped                                                                ;
+----------------+-------+------------------------------------------------------------------------+
Note: In order to hide this table in the UI and the text report file, please set the "Show Parameter Settings Tables in Synthesis Report" option in "Analysis and Synthesis Settings -> More Settings" to "Off".


+--------------------------------------------------------------------------------------+
; Parameter Settings for User Entity Instance: lpm_dff4:inst14|lpm_ff:lpm_ff_component ;
+------------------------+-------------+-----------------------------------------------+
; Parameter Name         ; Value       ; Type                                          ;
+------------------------+-------------+-----------------------------------------------+
; LPM_WIDTH              ; 8           ; Untyped                                       ;
; LPM_AVALUE             ; UNUSED      ; Untyped                                       ;
; LPM_SVALUE             ; UNUSED      ; Untyped                                       ;
; LPM_FFTYPE             ; DFF         ; Untyped                                       ;
; DEVICE_FAMILY          ; Cyclone III ; Untyped                                       ;
; CBXI_PARAMETER         ; NOTHING     ; Untyped                                       ;
; AUTO_CARRY_CHAINS      ; ON          ; AUTO_CARRY                                    ;
; IGNORE_CARRY_BUFFERS   ; OFF         ; IGNORE_CARRY                                  ;
; AUTO_CASCADE_CHAINS    ; ON          ; AUTO_CASCADE                                  ;
; IGNORE_CASCADE_BUFFERS ; OFF         ; IGNORE_CASCADE                                ;
+------------------------+-------------+-----------------------------------------------+
Note: In order to hide this table in the UI and the text report file, please set the "Show Parameter Settings Tables in Synthesis Report" option in "Analysis and Synthesis Settings -> More Settings" to "Off".


+--------------------------------------------------------------+
; Parameter Settings for User Entity Instance: lpm_rom3:inst13 ;
+-----------------+-------+------------------------------------+
; Parameter Name  ; Value ; Type                               ;
+-----------------+-------+------------------------------------+
; WIDTH_BYTEENA_A ; 1     ; Untyped                            ;
; WIDTH_BYTEENA_B ; 1     ; Untyped                            ;
+-----------------+-------+------------------------------------+
Note: In order to hide this table in the UI and the text report file, please set the "Show Parameter Settings Tables in Synthesis Report" option in "Analysis and Synthesis Settings -> More Settings" to "Off".


+----------------------------------------------------------------------------------------------+
; Parameter Settings for User Entity Instance: lpm_rom3:inst13|altsyncram:altsyncram_component ;
+------------------------------------+----------------------+----------------------------------+
; Parameter Name                     ; Value                ; Type                             ;
+------------------------------------+----------------------+----------------------------------+
; BYTE_SIZE_BLOCK                    ; 8                    ; Untyped                          ;
; AUTO_CARRY_CHAINS                  ; ON                   ; AUTO_CARRY                       ;
; IGNORE_CARRY_BUFFERS               ; OFF                  ; IGNORE_CARRY                     ;
; AUTO_CASCADE_CHAINS                ; ON                   ; AUTO_CASCADE                     ;
; IGNORE_CASCADE_BUFFERS             ; OFF                  ; IGNORE_CASCADE                   ;
; WIDTH_BYTEENA                      ; 1                    ; Untyped                          ;
; OPERATION_MODE                     ; ROM                  ; Untyped                          ;
; WIDTH_A                            ; 8                    ; Untyped                          ;
; WIDTHAD_A                          ; 8                    ; Untyped                          ;
; NUMWORDS_A                         ; 256                  ; Untyped                          ;
; OUTDATA_REG_A                      ; UNREGISTERED         ; Untyped                          ;
; ADDRESS_ACLR_A                     ; NONE                 ; Untyped                          ;
; OUTDATA_ACLR_A                     ; NONE                 ; Untyped                          ;
; WRCONTROL_ACLR_A                   ; NONE                 ; Untyped                          ;
; INDATA_ACLR_A                      ; NONE                 ; Untyped                          ;
; BYTEENA_ACLR_A                     ; NONE                 ; Untyped                          ;
; WIDTH_B                            ; 1                    ; Untyped                          ;
; WIDTHAD_B                          ; 1                    ; Untyped                          ;
; NUMWORDS_B                         ; 1                    ; Untyped                          ;
; INDATA_REG_B                       ; CLOCK1               ; Untyped                          ;
; WRCONTROL_WRADDRESS_REG_B          ; CLOCK1               ; Untyped                          ;
; RDCONTROL_REG_B                    ; CLOCK1               ; Untyped                          ;
; ADDRESS_REG_B                      ; CLOCK1               ; Untyped                          ;
; OUTDATA_REG_B                      ; UNREGISTERED         ; Untyped                          ;
; BYTEENA_REG_B                      ; CLOCK1               ; Untyped                          ;
; INDATA_ACLR_B                      ; NONE                 ; Untyped                          ;
; WRCONTROL_ACLR_B                   ; NONE                 ; Untyped                          ;
; ADDRESS_ACLR_B                     ; NONE                 ; Untyped                          ;
; OUTDATA_ACLR_B                     ; NONE                 ; Untyped                          ;
; RDCONTROL_ACLR_B                   ; NONE                 ; Untyped                          ;
; BYTEENA_ACLR_B                     ; NONE                 ; Untyped                          ;
; WIDTH_BYTEENA_A                    ; 1                    ; Untyped                          ;
; WIDTH_BYTEENA_B                    ; 1                    ; Untyped                          ;
; RAM_BLOCK_TYPE                     ; AUTO                 ; Untyped                          ;
; BYTE_SIZE                          ; 8                    ; Untyped                          ;
; READ_DURING_WRITE_MODE_MIXED_PORTS ; DONT_CARE            ; Untyped                          ;
; READ_DURING_WRITE_MODE_PORT_A      ; NEW_DATA_NO_NBE_READ ; Untyped                          ;
; READ_DURING_WRITE_MODE_PORT_B      ; NEW_DATA_NO_NBE_READ ; Untyped                          ;
; INIT_FILE                          ; lpm_rom3             ; Untyped                          ;
; INIT_FILE_LAYOUT                   ; PORT_A               ; Untyped                          ;
; MAXIMUM_DEPTH                      ; 0                    ; Untyped                          ;
; CLOCK_ENABLE_INPUT_A               ; NORMAL               ; Untyped                          ;
; CLOCK_ENABLE_INPUT_B               ; NORMAL               ; Untyped                          ;
; CLOCK_ENABLE_OUTPUT_A              ; BYPASS               ; Untyped                          ;
; CLOCK_ENABLE_OUTPUT_B              ; NORMAL               ; Untyped                          ;
; CLOCK_ENABLE_CORE_A                ; USE_INPUT_CLKEN      ; Untyped                          ;
; CLOCK_ENABLE_CORE_B                ; USE_INPUT_CLKEN      ; Untyped                          ;
; ENABLE_ECC                         ; FALSE                ; Untyped                          ;
; DEVICE_FAMILY                      ; Cyclone III          ; Untyped                          ;
; CBXI_PARAMETER                     ; altsyncram_hga1      ; Untyped                          ;
+------------------------------------+----------------------+----------------------------------+
Note: In order to hide this table in the UI and the text report file, please set the "Show Parameter Settings Tables in Synthesis Report" option in "Analysis and Synthesis Settings -> More Settings" to "Off".


+--------------------------------------------------------------------------------------+
; Parameter Settings for User Entity Instance: lpm_dff4:inst12|lpm_ff:lpm_ff_component ;
+------------------------+-------------+-----------------------------------------------+
; Parameter Name         ; Value       ; Type                                          ;
+------------------------+-------------+-----------------------------------------------+
; LPM_WIDTH              ; 8           ; Untyped                                       ;
; LPM_AVALUE             ; UNUSED      ; Untyped                                       ;
; LPM_SVALUE             ; UNUSED      ; Untyped                                       ;
; LPM_FFTYPE             ; DFF         ; Untyped                                       ;
; DEVICE_FAMILY          ; Cyclone III ; Untyped                                       ;
; CBXI_PARAMETER         ; NOTHING     ; Untyped                                       ;
; AUTO_CARRY_CHAINS      ; ON          ; AUTO_CARRY                                    ;
; IGNORE_CARRY_BUFFERS   ; OFF         ; IGNORE_CARRY                                  ;
; AUTO_CASCADE_CHAINS    ; ON          ; AUTO_CASCADE                                  ;
; IGNORE_CASCADE_BUFFERS ; OFF         ; IGNORE_CASCADE                                ;
+------------------------+-------------+-----------------------------------------------+
Note: In order to hide this table in the UI and the text report file, please set the "Show Parameter Settings Tables in Synthesis Report" option in "Analysis and Synthesis Settings -> More Settings" to "Off".


+-------------------------------------------------------------------------------------------------+
; Parameter Settings for User Entity Instance: lpm_bustri0:inst15|lpm_bustri:lpm_bustri_component ;
+----------------+-------+------------------------------------------------------------------------+
; Parameter Name ; Value ; Type                                                                   ;
+----------------+-------+------------------------------------------------------------------------+
; LPM_WIDTH      ; 8     ; Untyped                                                                ;
+----------------+-------+------------------------------------------------------------------------+
Note: In order to hide this table in the UI and the text report file, please set the "Show Parameter Settings Tables in Synthesis Report" option in "Analysis and Synthesis Settings -> More Settings" to "Off".


+---------------------------------------------------------------------------------------------------+
; Parameter Settings for User Entity Instance: GPRs:inst7|lpm_mux0:inst13|lpm_mux:lpm_mux_component ;
+------------------------+-------------+------------------------------------------------------------+
; Parameter Name         ; Value       ; Type                                                       ;
+------------------------+-------------+------------------------------------------------------------+
; AUTO_CARRY_CHAINS      ; ON          ; AUTO_CARRY                                                 ;
; IGNORE_CARRY_BUFFERS   ; OFF         ; IGNORE_CARRY                                               ;
; AUTO_CASCADE_CHAINS    ; ON          ; AUTO_CASCADE                                               ;
; IGNORE_CASCADE_BUFFERS ; OFF         ; IGNORE_CASCADE                                             ;
; LPM_WIDTH              ; 8           ; Untyped                                                    ;
; LPM_SIZE               ; 4           ; Untyped                                                    ;
; LPM_WIDTHS             ; 2           ; Untyped                                                    ;
; LPM_PIPELINE           ; 0           ; Untyped                                                    ;
; CBXI_PARAMETER         ; mux_8qc     ; Untyped                                                    ;
; DEVICE_FAMILY          ; Cyclone III ; Untyped                                                    ;
+------------------------+-------------+------------------------------------------------------------+
Note: In order to hide this table in the UI and the text report file, please set the "Show Parameter Settings Tables in Synthesis Report" option in "Analysis and Synthesis Settings -> More Settings" to "Off".


+-----------------------------------------------------------------------------------------------+
; Parameter Settings for User Entity Instance: GPRs:inst7|lpm_dff0:inst|lpm_ff:lpm_ff_component ;
+------------------------+-------------+--------------------------------------------------------+
; Parameter Name         ; Value       ; Type                                                   ;
+------------------------+-------------+--------------------------------------------------------+
; LPM_WIDTH              ; 8           ; Untyped                                                ;
; LPM_AVALUE             ; UNUSED      ; Untyped                                                ;
; LPM_SVALUE             ; UNUSED      ; Untyped                                                ;
; LPM_FFTYPE             ; DFF         ; Untyped                                                ;
; DEVICE_FAMILY          ; Cyclone III ; Untyped                                                ;
; CBXI_PARAMETER         ; NOTHING     ; Untyped                                                ;
; AUTO_CARRY_CHAINS      ; ON          ; AUTO_CARRY                                             ;
; IGNORE_CARRY_BUFFERS   ; OFF         ; IGNORE_CARRY                                           ;
; AUTO_CASCADE_CHAINS    ; ON          ; AUTO_CASCADE                                           ;
; IGNORE_CASCADE_BUFFERS ; OFF         ; IGNORE_CASCADE                                         ;
+------------------------+-------------+--------------------------------------------------------+
Note: In order to hide this table in the UI and the text report file, please set the "Show Parameter Settings Tables in Synthesis Report" option in "Analysis and Synthesis Settings -> More Settings" to "Off".


+-----------------------------------------------------------------------------------------------------------+
; Parameter Settings for User Entity Instance: GPRs:inst7|lpm_decode0:inst9|lpm_decode:lpm_decode_component ;
+------------------------+-------------+--------------------------------------------------------------------+
; Parameter Name         ; Value       ; Type                                                               ;
+------------------------+-------------+--------------------------------------------------------------------+
; LPM_WIDTH              ; 2           ; Untyped                                                            ;
; LPM_DECODES            ; 4           ; Untyped                                                            ;
; LPM_PIPELINE           ; 0           ; Untyped                                                            ;
; CASCADE_CHAIN          ; MANUAL      ; Untyped                                                            ;
; DEVICE_FAMILY          ; Cyclone III ; Untyped                                                            ;
; CBXI_PARAMETER         ; decode_7uf  ; Untyped                                                            ;
; AUTO_CARRY_CHAINS      ; ON          ; AUTO_CARRY                                                         ;
; IGNORE_CARRY_BUFFERS   ; OFF         ; IGNORE_CARRY                                                       ;
; AUTO_CASCADE_CHAINS    ; ON          ; AUTO_CASCADE                                                       ;
; IGNORE_CASCADE_BUFFERS ; OFF         ; IGNORE_CASCADE                                                     ;
+------------------------+-------------+--------------------------------------------------------------------+
Note: In order to hide this table in the UI and the text report file, please set the "Show Parameter Settings Tables in Synthesis Report" option in "Analysis and Synthesis Settings -> More Settings" to "Off".


+-------------------------------------------------------------------------------------------------+
; Parameter Settings for User Entity Instance: GPRs:inst7|lpm_dff1:inst10|lpm_ff:lpm_ff_component ;
+------------------------+-------------+----------------------------------------------------------+
; Parameter Name         ; Value       ; Type                                                     ;
+------------------------+-------------+----------------------------------------------------------+
; LPM_WIDTH              ; 8           ; Untyped                                                  ;
; LPM_AVALUE             ; UNUSED      ; Untyped                                                  ;
; LPM_SVALUE             ; UNUSED      ; Untyped                                                  ;
; LPM_FFTYPE             ; DFF         ; Untyped                                                  ;
; DEVICE_FAMILY          ; Cyclone III ; Untyped                                                  ;
; CBXI_PARAMETER         ; NOTHING     ; Untyped                                                  ;
; AUTO_CARRY_CHAINS      ; ON          ; AUTO_CARRY                                               ;
; IGNORE_CARRY_BUFFERS   ; OFF         ; IGNORE_CARRY                                             ;
; AUTO_CASCADE_CHAINS    ; ON          ; AUTO_CASCADE                                             ;
; IGNORE_CASCADE_BUFFERS ; OFF         ; IGNORE_CASCADE                                           ;
+------------------------+-------------+----------------------------------------------------------+
Note: In order to hide this table in the UI and the text report file, please set the "Show Parameter Settings Tables in Synthesis Report" option in "Analysis and Synthesis Settings -> More Settings" to "Off".


+-------------------------------------------------------------------------------------------------+
; Parameter Settings for User Entity Instance: GPRs:inst7|lpm_dff2:inst11|lpm_ff:lpm_ff_component ;
+------------------------+-------------+----------------------------------------------------------+
; Parameter Name         ; Value       ; Type                                                     ;
+------------------------+-------------+----------------------------------------------------------+
; LPM_WIDTH              ; 8           ; Untyped                                                  ;
; LPM_AVALUE             ; UNUSED      ; Untyped                                                  ;
; LPM_SVALUE             ; UNUSED      ; Untyped                                                  ;
; LPM_FFTYPE             ; DFF         ; Untyped                                                  ;
; DEVICE_FAMILY          ; Cyclone III ; Untyped                                                  ;
; CBXI_PARAMETER         ; NOTHING     ; Untyped                                                  ;
; AUTO_CARRY_CHAINS      ; ON          ; AUTO_CARRY                                               ;
; IGNORE_CARRY_BUFFERS   ; OFF         ; IGNORE_CARRY                                             ;
; AUTO_CASCADE_CHAINS    ; ON          ; AUTO_CASCADE                                             ;
; IGNORE_CASCADE_BUFFERS ; OFF         ; IGNORE_CASCADE                                           ;
+------------------------+-------------+----------------------------------------------------------+
Note: In order to hide this table in the UI and the text report file, please set the "Show Parameter Settings Tables in Synthesis Report" option in "Analysis and Synthesis Settings -> More Settings" to "Off".


+-------------------------------------------------------------------------------------------------+
; Parameter Settings for User Entity Instance: GPRs:inst7|lpm_dff3:inst12|lpm_ff:lpm_ff_component ;
+------------------------+-------------+----------------------------------------------------------+
; Parameter Name         ; Value       ; Type                                                     ;
+------------------------+-------------+----------------------------------------------------------+
; LPM_WIDTH              ; 8           ; Untyped                                                  ;
; LPM_AVALUE             ; UNUSED      ; Untyped                                                  ;
; LPM_SVALUE             ; UNUSED      ; Untyped                                                  ;
; LPM_FFTYPE             ; DFF         ; Untyped                                                  ;
; DEVICE_FAMILY          ; Cyclone III ; Untyped                                                  ;
; CBXI_PARAMETER         ; NOTHING     ; Untyped                                                  ;
; AUTO_CARRY_CHAINS      ; ON          ; AUTO_CARRY                                               ;
; IGNORE_CARRY_BUFFERS   ; OFF         ; IGNORE_CARRY                                             ;
; AUTO_CASCADE_CHAINS    ; ON          ; AUTO_CASCADE                                             ;
; IGNORE_CASCADE_BUFFERS ; OFF         ; IGNORE_CASCADE                                           ;
+------------------------+-------------+----------------------------------------------------------+
Note: In order to hide this table in the UI and the text report file, please set the "Show Parameter Settings Tables in Synthesis Report" option in "Analysis and Synthesis Settings -> More Settings" to "Off".


+---------------------------------------------------------------------------------------+
; Parameter Settings for User Entity Instance: lpm_mux3:inst6|lpm_mux:lpm_mux_component ;
+------------------------+-------------+------------------------------------------------+
; Parameter Name         ; Value       ; Type                                           ;
+------------------------+-------------+------------------------------------------------+
; AUTO_CARRY_CHAINS      ; ON          ; AUTO_CARRY                                     ;
; IGNORE_CARRY_BUFFERS   ; OFF         ; IGNORE_CARRY                                   ;
; AUTO_CASCADE_CHAINS    ; ON          ; AUTO_CASCADE                                   ;
; IGNORE_CASCADE_BUFFERS ; OFF         ; IGNORE_CASCADE                                 ;
; LPM_WIDTH              ; 2           ; Untyped                                        ;
; LPM_SIZE               ; 2           ; Untyped                                        ;
; LPM_WIDTHS             ; 1           ; Untyped                                        ;
; LPM_PIPELINE           ; 0           ; Untyped                                        ;
; CBXI_PARAMETER         ; mux_vpc     ; Untyped                                        ;
; DEVICE_FAMILY          ; Cyclone III ; Untyped                                        ;
+------------------------+-------------+------------------------------------------------+
Note: In order to hide this table in the UI and the text report file, please set the "Show Parameter Settings Tables in Synthesis Report" option in "Analysis and Synthesis Settings -> More Settings" to "Off".


+--------------------------------------------------------------------------------------+
; Parameter Settings for User Entity Instance: lpm_dff4:inst11|lpm_ff:lpm_ff_component ;
+------------------------+-------------+-----------------------------------------------+
; Parameter Name         ; Value       ; Type                                          ;
+------------------------+-------------+-----------------------------------------------+
; LPM_WIDTH              ; 8           ; Untyped                                       ;
; LPM_AVALUE             ; UNUSED      ; Untyped                                       ;
; LPM_SVALUE             ; UNUSED      ; Untyped                                       ;
; LPM_FFTYPE             ; DFF         ; Untyped                                       ;
; DEVICE_FAMILY          ; Cyclone III ; Untyped                                       ;
; CBXI_PARAMETER         ; NOTHING     ; Untyped                                       ;
; AUTO_CARRY_CHAINS      ; ON          ; AUTO_CARRY                                    ;
; IGNORE_CARRY_BUFFERS   ; OFF         ; IGNORE_CARRY                                  ;
; AUTO_CASCADE_CHAINS    ; ON          ; AUTO_CASCADE                                  ;
; IGNORE_CASCADE_BUFFERS ; OFF         ; IGNORE_CASCADE                                ;
+------------------------+-------------+-----------------------------------------------+
Note: In order to hide this table in the UI and the text report file, please set the "Show Parameter Settings Tables in Synthesis Report" option in "Analysis and Synthesis Settings -> More Settings" to "Off".


+-------------------------------------------------------------------------------------------------+
; Parameter Settings for User Entity Instance: lpm_bustri0:inst17|lpm_bustri:lpm_bustri_component ;
+----------------+-------+------------------------------------------------------------------------+
; Parameter Name ; Value ; Type                                                                   ;
+----------------+-------+------------------------------------------------------------------------+
; LPM_WIDTH      ; 8     ; Untyped                                                                ;
+----------------+-------+------------------------------------------------------------------------+
Note: In order to hide this table in the UI and the text report file, please set the "Show Parameter Settings Tables in Synthesis Report" option in "Analysis and Synthesis Settings -> More Settings" to "Off".


+----------------------------------------------------------------------------------------------------+
; Parameter Settings for User Entity Instance: lpm_counter0:inst10|lpm_counter:lpm_counter_component ;
+------------------------+-------------+-------------------------------------------------------------+
; Parameter Name         ; Value       ; Type                                                        ;
+------------------------+-------------+-------------------------------------------------------------+
; AUTO_CARRY_CHAINS      ; ON          ; AUTO_CARRY                                                  ;
; IGNORE_CARRY_BUFFERS   ; OFF         ; IGNORE_CARRY                                                ;
; AUTO_CASCADE_CHAINS    ; ON          ; AUTO_CASCADE                                                ;
; IGNORE_CASCADE_BUFFERS ; OFF         ; IGNORE_CASCADE                                              ;
; LPM_WIDTH              ; 8           ; Untyped                                                     ;
; LPM_DIRECTION          ; UP          ; Untyped                                                     ;
; LPM_MODULUS            ; 0           ; Untyped                                                     ;
; LPM_AVALUE             ; UNUSED      ; Untyped                                                     ;
; LPM_SVALUE             ; UNUSED      ; Untyped                                                     ;
; LPM_PORT_UPDOWN        ; PORT_UNUSED ; Untyped                                                     ;
; DEVICE_FAMILY          ; Cyclone III ; Untyped                                                     ;
; CARRY_CHAIN            ; MANUAL      ; Untyped                                                     ;
; CARRY_CHAIN_LENGTH     ; 48          ; CARRY_CHAIN_LENGTH                                          ;
; NOT_GATE_PUSH_BACK     ; ON          ; NOT_GATE_PUSH_BACK                                          ;
; CARRY_CNT_EN           ; SMART       ; Untyped                                                     ;
; LABWIDE_SCLR           ; ON          ; Untyped                                                     ;
; USE_NEW_VERSION        ; TRUE        ; Untyped                                                     ;
; CBXI_PARAMETER         ; cntr_tqj    ; Untyped                                                     ;
+------------------------+-------------+-------------------------------------------------------------+
Note: In order to hide this table in the UI and the text report file, please set the "Show Parameter Settings Tables in Synthesis Report" option in "Analysis and Synthesis Settings -> More Settings" to "Off".


+---------------------------------------------------------------------------------------------+
; altsyncram Parameter Settings by Entity Instance                                            ;
+-------------------------------------------+-------------------------------------------------+
; Name                                      ; Value                                           ;
+-------------------------------------------+-------------------------------------------------+
; Number of entity instances                ; 1                                               ;
; Entity Instance                           ; lpm_rom3:inst13|altsyncram:altsyncram_component ;
;     -- OPERATION_MODE                     ; ROM                                             ;
;     -- WIDTH_A                            ; 8                                               ;
;     -- NUMWORDS_A                         ; 256                                             ;
;     -- OUTDATA_REG_A                      ; UNREGISTERED                                    ;
;     -- WIDTH_B                            ; 1                                               ;
;     -- NUMWORDS_B                         ; 1                                               ;
;     -- ADDRESS_REG_B                      ; CLOCK1                                          ;
;     -- OUTDATA_REG_B                      ; UNREGISTERED                                    ;
;     -- RAM_BLOCK_TYPE                     ; AUTO                                            ;
;     -- READ_DURING_WRITE_MODE_MIXED_PORTS ; DONT_CARE                                       ;
+-------------------------------------------+-------------------------------------------------+


+-------------------------------+
; Analysis & Synthesis Messages ;
+-------------------------------+
Info: *******************************************************************
Info: Running Quartus II Analysis & Synthesis
    Info: Version 9.1 Build 350 03/24/2010 Service Pack 2 SJ Web Edition
    Info: Processing started: Wed Jan 07 18:39:01 2026
Info: Command: quartus_map --read_settings_files=on --write_settings_files=off coClassProject -c coClassProject
Info: Found 1 design units, including 1 entities, in source file test_dff.bdf
    Info: Found entity 1: test_dff
Info: Found 1 design units, including 1 entities, in source file gprs.bdf
    Info: Found entity 1: GPRs
Info: Found 1 design units, including 1 entities, in source file test_add_sub.bdf
    Info: Found entity 1: test_add_sub
Info: Found 1 design units, including 1 entities, in source file alu.bdf
    Info: Found entity 1: ALU
Info: Found 1 design units, including 1 entities, in source file mem.bdf
    Info: Found entity 1: Mem
Info: Found 1 design units, including 1 entities, in source file bus.bdf
    Info: Found entity 1: Bus
Info: Found 1 design units, including 1 entities, in source file datapath.bdf
    Info: Found entity 1: DataPath
Info: Elaborating entity "DataPath" for the top level hierarchy
Warning: Using design file lpm_bustri0.tdf, which is not specified as a design file for the current project, but contains definitions for 1 design units and 1 entities in project
    Info: Found entity 1: lpm_bustri0
Info: Elaborating entity "lpm_bustri0" for hierarchy "lpm_bustri0:inst16"
Info: Elaborating entity "lpm_bustri" for hierarchy "lpm_bustri0:inst16|lpm_bustri:lpm_bustri_component"
Info: Elaborated megafunction instantiation "lpm_bustri0:inst16|lpm_bustri:lpm_bustri_component"
Info: Instantiated megafunction "lpm_bustri0:inst16|lpm_bustri:lpm_bustri_component" with the following parameter:
    Info: Parameter "LPM_TYPE" = "LPM_BUSTRI"
    Info: Parameter "LPM_WIDTH" = "8"
Warning: Using design file lpm_dff4.tdf, which is not specified as a design file for the current project, but contains definitions for 1 design units and 1 entities in project
    Info: Found entity 1: lpm_dff4
Info: Elaborating entity "lpm_dff4" for hierarchy "lpm_dff4:inst28"
Info: Elaborating entity "lpm_ff" for hierarchy "lpm_dff4:inst28|lpm_ff:lpm_ff_component"
Info: Elaborated megafunction instantiation "lpm_dff4:inst28|lpm_ff:lpm_ff_component"
Info: Instantiated megafunction "lpm_dff4:inst28|lpm_ff:lpm_ff_component" with the following parameter:
    Info: Parameter "LPM_TYPE" = "LPM_FF"
    Info: Parameter "LPM_WIDTH" = "8"
    Info: Parameter "LPM_FFTYPE" = "DFF"
Info: Elaborating entity "ALU" for hierarchy "ALU:inst"
Warning: Using design file lpm_add_sub1.tdf, which is not specified as a design file for the current project, but contains definitions for 1 design units and 1 entities in project
    Info: Found entity 1: lpm_add_sub1
Info: Elaborating entity "lpm_add_sub1" for hierarchy "ALU:inst|lpm_add_sub1:inst"
Info: Elaborating entity "lpm_add_sub" for hierarchy "ALU:inst|lpm_add_sub1:inst|lpm_add_sub:lpm_add_sub_component"
Info: Elaborated megafunction instantiation "ALU:inst|lpm_add_sub1:inst|lpm_add_sub:lpm_add_sub_component"
Info: Instantiated megafunction "ALU:inst|lpm_add_sub1:inst|lpm_add_sub:lpm_add_sub_component" with the following parameter:
    Info: Parameter "LPM_TYPE" = "LPM_ADD_SUB"
    Info: Parameter "LPM_HINT" = "ONE_INPUT_IS_CONSTANT=NO,CIN_USED=NO"
    Info: Parameter "LPM_WIDTH" = "8"
    Info: Parameter "LPM_REPRESENTATION" = "SIGNED"
    Info: Parameter "LPM_DIRECTION" = "UNUSED"
Info: Found 1 design units, including 1 entities, in source file db/add_sub_0qh.tdf
    Info: Found entity 1: add_sub_0qh
Info: Elaborating entity "add_sub_0qh" for hierarchy "ALU:inst|lpm_add_sub1:inst|lpm_add_sub:lpm_add_sub_component|add_sub_0qh:auto_generated"
Warning: Using design file lpm_or1.tdf, which is not specified as a design file for the current project, but contains definitions for 1 design units and 1 entities in project
    Info: Found entity 1: lpm_or1
Info: Elaborating entity "lpm_or1" for hierarchy "ALU:inst|lpm_or1:inst9"
Info: Elaborating entity "lpm_or" for hierarchy "ALU:inst|lpm_or1:inst9|lpm_or:lpm_or_component"
Info: Elaborated megafunction instantiation "ALU:inst|lpm_or1:inst9|lpm_or:lpm_or_component"
Info: Instantiated megafunction "ALU:inst|lpm_or1:inst9|lpm_or:lpm_or_component" with the following parameter:
    Info: Parameter "LPM_TYPE" = "LPM_OR"
    Info: Parameter "LPM_WIDTH" = "1"
    Info: Parameter "LPM_SIZE" = "8"
Warning: Using design file lpm_mux1.tdf, which is not specified as a design file for the current project, but contains definitions for 1 design units and 1 entities in project
    Info: Found entity 1: lpm_mux1
Info: Elaborating entity "lpm_mux1" for hierarchy "ALU:inst|lpm_mux1:inst4"
Info: Elaborating entity "lpm_mux" for hierarchy "ALU:inst|lpm_mux1:inst4|lpm_mux:lpm_mux_component"
Info: Elaborated megafunction instantiation "ALU:inst|lpm_mux1:inst4|lpm_mux:lpm_mux_component"
Info: Instantiated megafunction "ALU:inst|lpm_mux1:inst4|lpm_mux:lpm_mux_component" with the following parameter:
    Info: Parameter "LPM_TYPE" = "LPM_MUX"
    Info: Parameter "LPM_WIDTH" = "8"
    Info: Parameter "LPM_SIZE" = "4"
    Info: Parameter "LPM_WIDTHS" = "2"
Info: Found 1 design units, including 1 entities, in source file db/mux_8qc.tdf
    Info: Found entity 1: mux_8qc
Info: Elaborating entity "mux_8qc" for hierarchy "ALU:inst|lpm_mux1:inst4|lpm_mux:lpm_mux_component|mux_8qc:auto_generated"
Warning: Using design file lpm_and0.tdf, which is not specified as a design file for the current project, but contains definitions for 1 design units and 1 entities in project
    Info: Found entity 1: lpm_and0
Info: Elaborating entity "lpm_and0" for hierarchy "ALU:inst|lpm_and0:inst1"
Info: Elaborating entity "lpm_and" for hierarchy "ALU:inst|lpm_and0:inst1|lpm_and:lpm_and_component"
Info: Elaborated megafunction instantiation "ALU:inst|lpm_and0:inst1|lpm_and:lpm_and_component"
Info: Instantiated megafunction "ALU:inst|lpm_and0:inst1|lpm_and:lpm_and_component" with the following parameter:
    Info: Parameter "LPM_TYPE" = "LPM_AND"
    Info: Parameter "LPM_WIDTH" = "8"
    Info: Parameter "LPM_SIZE" = "2"
Warning: Using design file lpm_inv0.tdf, which is not specified as a design file for the current project, but contains definitions for 1 design units and 1 entities in project
    Info: Found entity 1: lpm_inv0
Info: Elaborating entity "lpm_inv0" for hierarchy "ALU:inst|lpm_inv0:inst2"
Info: Elaborating entity "lpm_inv" for hierarchy "ALU:inst|lpm_inv0:inst2|lpm_inv:lpm_inv_component"
Info: Elaborated megafunction instantiation "ALU:inst|lpm_inv0:inst2|lpm_inv:lpm_inv_component"
Info: Instantiated megafunction "ALU:inst|lpm_inv0:inst2|lpm_inv:lpm_inv_component" with the following parameter:
    Info: Parameter "LPM_TYPE" = "LPM_INV"
    Info: Parameter "LPM_WIDTH" = "8"
Warning: Using design file lpm_rom3.tdf, which is not specified as a design file for the current project, but contains definitions for 1 design units and 1 entities in project
    Info: Found entity 1: lpm_rom3
Info: Elaborating entity "lpm_rom3" for hierarchy "lpm_rom3:inst13"
Info: Elaborating entity "altsyncram" for hierarchy "lpm_rom3:inst13|altsyncram:altsyncram_component"
Info: Elaborated megafunction instantiation "lpm_rom3:inst13|altsyncram:altsyncram_component"
Info: Instantiated megafunction "lpm_rom3:inst13|altsyncram:altsyncram_component" with the following parameter:
    Info: Parameter "LPM_TYPE" = "altsyncram"
    Info: Parameter "LPM_HINT" = "ENABLE_RUNTIME_MOD=NO"
    Info: Parameter "INTENDED_DEVICE_FAMILY" = "Cyclone III"
    Info: Parameter "OPERATION_MODE" = "ROM"
    Info: Parameter "WIDTH_A" = "8"
    Info: Parameter "WIDTHAD_A" = "8"
    Info: Parameter "NUMWORDS_A" = "256"
    Info: Parameter "ADDRESS_ACLR_A" = "NONE"
    Info: Parameter "OUTDATA_REG_A" = "UNREGISTERED"
    Info: Parameter "OUTDATA_ACLR_A" = "NONE"
    Info: Parameter "INIT_FILE" = "lpm_rom3"
    Info: Parameter "WIDTH_BYTEENA_A" = "1"
    Info: Parameter "CLOCK_ENABLE_INPUT_A" = "NORMAL"
    Info: Parameter "CLOCK_ENABLE_OUTPUT_A" = "BYPASS"
Info: Found 1 design units, including 1 entities, in source file db/altsyncram_hga1.tdf
    Info: Found entity 1: altsyncram_hga1
Info: Elaborating entity "altsyncram_hga1" for hierarchy "lpm_rom3:inst13|altsyncram:altsyncram_component|altsyncram_hga1:auto_generated"
Info: Elaborating entity "GPRs" for hierarchy "GPRs:inst7"
Warning: Using design file lpm_mux0.tdf, which is not specified as a design file for the current project, but contains definitions for 1 design units and 1 entities in project
    Info: Found entity 1: lpm_mux0
Info: Elaborating entity "lpm_mux0" for hierarchy "GPRs:inst7|lpm_mux0:inst13"
Warning: Using design file lpm_dff0.tdf, which is not specified as a design file for the current project, but contains definitions for 1 design units and 1 entities in project
    Info: Found entity 1: lpm_dff0
Info: Elaborating entity "lpm_dff0" for hierarchy "GPRs:inst7|lpm_dff0:inst"
Info: Elaborating entity "lpm_ff" for hierarchy "GPRs:inst7|lpm_dff0:inst|lpm_ff:lpm_ff_component"
Info: Elaborated megafunction instantiation "GPRs:inst7|lpm_dff0:inst|lpm_ff:lpm_ff_component"
Info: Instantiated megafunction "GPRs:inst7|lpm_dff0:inst|lpm_ff:lpm_ff_component" with the following parameter:
    Info: Parameter "LPM_TYPE" = "LPM_FF"
    Info: Parameter "LPM_WIDTH" = "8"
    Info: Parameter "LPM_FFTYPE" = "DFF"
Warning: Using design file lpm_decode0.tdf, which is not specified as a design file for the current project, but contains definitions for 1 design units and 1 entities in project
    Info: Found entity 1: lpm_decode0
Info: Elaborating entity "lpm_decode0" for hierarchy "GPRs:inst7|lpm_decode0:inst9"
Info: Elaborating entity "lpm_decode" for hierarchy "GPRs:inst7|lpm_decode0:inst9|lpm_decode:lpm_decode_component"
Info: Elaborated megafunction instantiation "GPRs:inst7|lpm_decode0:inst9|lpm_decode:lpm_decode_component"
Info: Instantiated megafunction "GPRs:inst7|lpm_decode0:inst9|lpm_decode:lpm_decode_component" with the following parameter:
    Info: Parameter "LPM_TYPE" = "LPM_DECODE"
    Info: Parameter "LPM_WIDTH" = "2"
    Info: Parameter "LPM_DECODES" = "4"
Info: Found 1 design units, including 1 entities, in source file db/decode_7uf.tdf
    Info: Found entity 1: decode_7uf
Info: Elaborating entity "decode_7uf" for hierarchy "GPRs:inst7|lpm_decode0:inst9|lpm_decode:lpm_decode_component|decode_7uf:auto_generated"
Warning: Using design file lpm_dff1.tdf, which is not specified as a design file for the current project, but contains definitions for 1 design units and 1 entities in project
    Info: Found entity 1: lpm_dff1
Info: Elaborating entity "lpm_dff1" for hierarchy "GPRs:inst7|lpm_dff1:inst10"
Warning: Using design file lpm_dff2.tdf, which is not specified as a design file for the current project, but contains definitions for 1 design units and 1 entities in project
    Info: Found entity 1: lpm_dff2
Info: Elaborating entity "lpm_dff2" for hierarchy "GPRs:inst7|lpm_dff2:inst11"
Warning: Using design file lpm_dff3.tdf, which is not specified as a design file for the current project, but contains definitions for 1 design units and 1 entities in project
    Info: Found entity 1: lpm_dff3
Info: Elaborating entity "lpm_dff3" for hierarchy "GPRs:inst7|lpm_dff3:inst12"
Warning: Using design file lpm_mux3.tdf, which is not specified as a design file for the current project, but contains definitions for 1 design units and 1 entities in project
    Info: Found entity 1: lpm_mux3
Info: Elaborating entity "lpm_mux3" for hierarchy "lpm_mux3:inst6"
Info: Elaborating entity "lpm_mux" for hierarchy "lpm_mux3:inst6|lpm_mux:lpm_mux_component"
Info: Elaborated megafunction instantiation "lpm_mux3:inst6|lpm_mux:lpm_mux_component"
Info: Instantiated megafunction "lpm_mux3:inst6|lpm_mux:lpm_mux_component" with the following parameter:
    Info: Parameter "LPM_TYPE" = "LPM_MUX"
    Info: Parameter "LPM_WIDTH" = "2"
    Info: Parameter "LPM_SIZE" = "2"
    Info: Parameter "LPM_WIDTHS" = "1"
Info: Found 1 design units, including 1 entities, in source file db/mux_vpc.tdf
    Info: Found entity 1: mux_vpc
Info: Elaborating entity "mux_vpc" for hierarchy "lpm_mux3:inst6|lpm_mux:lpm_mux_component|mux_vpc:auto_generated"
Warning: Using design file lpm_counter0.tdf, which is not specified as a design file for the current project, but contains definitions for 1 design units and 1 entities in project
    Info: Found entity 1: lpm_counter0
Info: Elaborating entity "lpm_counter0" for hierarchy "lpm_counter0:inst10"
Info: Elaborating entity "lpm_counter" for hierarchy "lpm_counter0:inst10|lpm_counter:lpm_counter_component"
Info: Elaborated megafunction instantiation "lpm_counter0:inst10|lpm_counter:lpm_counter_component"
Info: Instantiated megafunction "lpm_counter0:inst10|lpm_counter:lpm_counter_component" with the following parameter:
    Info: Parameter "LPM_TYPE" = "LPM_COUNTER"
    Info: Parameter "LPM_WIDTH" = "8"
    Info: Parameter "LPM_DIRECTION" = "UP"
    Info: Parameter "LPM_PORT_UPDOWN" = "PORT_UNUSED"
Info: Found 1 design units, including 1 entities, in source file db/cntr_tqj.tdf
    Info: Found entity 1: cntr_tqj
Info: Elaborating entity "cntr_tqj" for hierarchy "lpm_counter0:inst10|lpm_counter:lpm_counter_component|cntr_tqj:auto_generated"
Warning: Tri-state node(s) do not directly drive top-level pin(s)
    Warning: Converted the fan-out from the tri-state buffer "lpm_bustri0:inst16|lpm_bustri:lpm_bustri_component|dout[7]" to the node "ALU:inst|lpm_add_sub1:inst|lpm_add_sub:lpm_add_sub_component|add_sub_0qh:auto_generated|_" into an OR gate
    Warning: Converted the fan-out from the tri-state buffer "lpm_bustri0:inst16|lpm_bustri:lpm_bustri_component|dout[6]" to the node "ALU:inst|lpm_add_sub1:inst|lpm_add_sub:lpm_add_sub_component|add_sub_0qh:auto_generated|_" into an OR gate
    Warning: Converted the fan-out from the tri-state buffer "lpm_bustri0:inst16|lpm_bustri:lpm_bustri_component|dout[5]" to the node "ALU:inst|lpm_add_sub1:inst|lpm_add_sub:lpm_add_sub_component|add_sub_0qh:auto_generated|_" into an OR gate
    Warning: Converted the fan-out from the tri-state buffer "lpm_bustri0:inst16|lpm_bustri:lpm_bustri_component|dout[4]" to the node "ALU:inst|lpm_add_sub1:inst|lpm_add_sub:lpm_add_sub_component|add_sub_0qh:auto_generated|_" into an OR gate
    Warning: Converted the fan-out from the tri-state buffer "lpm_bustri0:inst16|lpm_bustri:lpm_bustri_component|dout[3]" to the node "ALU:inst|lpm_add_sub1:inst|lpm_add_sub:lpm_add_sub_component|add_sub_0qh:auto_generated|_" into an OR gate
    Warning: Converted the fan-out from the tri-state buffer "lpm_bustri0:inst16|lpm_bustri:lpm_bustri_component|dout[2]" to the node "ALU:inst|lpm_add_sub1:inst|lpm_add_sub:lpm_add_sub_component|add_sub_0qh:auto_generated|_" into an OR gate
    Warning: Converted the fan-out from the tri-state buffer "lpm_bustri0:inst16|lpm_bustri:lpm_bustri_component|dout[1]" to the node "ALU:inst|lpm_add_sub1:inst|lpm_add_sub:lpm_add_sub_component|add_sub_0qh:auto_generated|_" into an OR gate
    Warning: Converted the fan-out from the tri-state buffer "lpm_bustri0:inst16|lpm_bustri:lpm_bustri_component|dout[0]" to the node "ALU:inst|lpm_add_sub1:inst|lpm_add_sub:lpm_add_sub_component|add_sub_0qh:auto_generated|_" into an OR gate
Info: Timing-Driven Synthesis is running
Info: Implemented 232 device resources after synthesis - the final resource count might be different
    Info: Implemented 18 input pins
    Info: Implemented 44 output pins
    Info: Implemented 162 logic cells
    Info: Implemented 8 RAM segments
Info: Quartus II Analysis & Synthesis was successful. 0 errors, 25 warnings
    Info: Peak virtual memory: 239 megabytes
    Info: Processing ended: Wed Jan 07 18:39:04 2026
    Info: Elapsed time: 00:00:03
    Info: Total CPU time (on all processors): 00:00:01


