TimeQuest Timing Analyzer report for lamp
Tue May 28 12:55:26 2024
Quartus II Version 9.1 Build 350 03/24/2010 Service Pack 2 SJ Web Edition


---------------------
; Table of Contents ;
---------------------
  1. Legal Notice
  2. TimeQuest Timing Analyzer Summary
  3. Parallel Compilation
  4. Clocks
  5. Slow 1200mV 85C Model Fmax Summary
  6. Slow 1200mV 85C Model Setup Summary
  7. Slow 1200mV 85C Model Hold Summary
  8. Slow 1200mV 85C Model Recovery Summary
  9. Slow 1200mV 85C Model Removal Summary
 10. Slow 1200mV 85C Model Minimum Pulse Width Summary
 11. Slow 1200mV 85C Model Setup: 'CLK'
 12. Slow 1200mV 85C Model Hold: 'CLK'
 13. Slow 1200mV 85C Model Minimum Pulse Width: 'CLK'
 14. Clock to Output Times
 15. Minimum Clock to Output Times
 16. Slow 1200mV 85C Model Metastability Report
 17. Slow 1200mV 0C Model Fmax Summary
 18. Slow 1200mV 0C Model Setup Summary
 19. Slow 1200mV 0C Model Hold Summary
 20. Slow 1200mV 0C Model Recovery Summary
 21. Slow 1200mV 0C Model Removal Summary
 22. Slow 1200mV 0C Model Minimum Pulse Width Summary
 23. Slow 1200mV 0C Model Setup: 'CLK'
 24. Slow 1200mV 0C Model Hold: 'CLK'
 25. Slow 1200mV 0C Model Minimum Pulse Width: 'CLK'
 26. Clock to Output Times
 27. Minimum Clock to Output Times
 28. Slow 1200mV 0C Model Metastability Report
 29. Fast 1200mV 0C Model Setup Summary
 30. Fast 1200mV 0C Model Hold Summary
 31. Fast 1200mV 0C Model Recovery Summary
 32. Fast 1200mV 0C Model Removal Summary
 33. Fast 1200mV 0C Model Minimum Pulse Width Summary
 34. Fast 1200mV 0C Model Setup: 'CLK'
 35. Fast 1200mV 0C Model Hold: 'CLK'
 36. Fast 1200mV 0C Model Minimum Pulse Width: 'CLK'
 37. Clock to Output Times
 38. Minimum Clock to Output Times
 39. Fast 1200mV 0C Model Metastability Report
 40. Multicorner Timing Analysis Summary
 41. Clock to Output Times
 42. Minimum Clock to Output Times
 43. Board Trace Model Assignments
 44. Input Transition Times
 45. Slow Corner Signal Integrity Metrics
 46. Fast Corner Signal Integrity Metrics
 47. Setup Transfers
 48. Hold Transfers
 49. Report TCCS
 50. Report RSKM
 51. Unconstrained Paths
 52. TimeQuest Timing Analyzer Messages



----------------
; Legal Notice ;
----------------
Copyright (C) 1991-2010 Altera Corporation
Your use of Altera Corporation's design tools, logic functions 
and other software and tools, and its AMPP partner logic 
functions, and any output files from any of the foregoing 
(including device programming or simulation files), and any 
associated documentation or information are expressly subject 
to the terms and conditions of the Altera Program License 
Subscription Agreement, Altera MegaCore Function License 
Agreement, or other applicable license agreement, including, 
without limitation, that your use is for the sole purpose of 
programming logic devices manufactured by Altera and sold by 
Altera or its authorized distributors.  Please refer to the 
applicable agreement for further details.



+-------------------------------------------------------------------------------------+
; TimeQuest Timing Analyzer Summary                                                   ;
+--------------------+----------------------------------------------------------------+
; Quartus II Version ; Version 9.1 Build 350 03/24/2010 Service Pack 2 SJ Web Edition ;
; Revision Name      ; lamp                                                           ;
; Device Family      ; Cyclone IV E                                                   ;
; Device Name        ; EP4CE6F17C8                                                    ;
; Timing Models      ; Preliminary                                                    ;
; Delay Model        ; Combined                                                       ;
; Rise/Fall Delays   ; Enabled                                                        ;
+--------------------+----------------------------------------------------------------+


Parallel compilation was disabled, but you have multiple processors available. Enable parallel compilation to reduce compilation time.
+-------------------------------------+
; Parallel Compilation                ;
+----------------------------+--------+
; Processors                 ; Number ;
+----------------------------+--------+
; Number detected on machine ; 8      ;
; Maximum allowed            ; 1      ;
+----------------------------+--------+


+---------------------------------------------------------------------------------------------------------------------------------------------------------------------------------+
; Clocks                                                                                                                                                                          ;
+------------+------+--------+------------+-------+-------+------------+-----------+-------------+-------+--------+-----------+------------+----------+--------+--------+---------+
; Clock Name ; Type ; Period ; Frequency  ; Rise  ; Fall  ; Duty Cycle ; Divide by ; Multiply by ; Phase ; Offset ; Edge List ; Edge Shift ; Inverted ; Master ; Source ; Targets ;
+------------+------+--------+------------+-------+-------+------------+-----------+-------------+-------+--------+-----------+------------+----------+--------+--------+---------+
; CLK        ; Base ; 1.000  ; 1000.0 MHz ; 0.000 ; 0.500 ;            ;           ;             ;       ;        ;           ;            ;          ;        ;        ; { CLK } ;
+------------+------+--------+------------+-------+-------+------------+-----------+-------------+-------+--------+-----------+------------+----------+--------+--------+---------+


+-----------------------------------------------------------------------------------------------------------+
; Slow 1200mV 85C Model Fmax Summary                                                                        ;
+------------+-----------------+------------+---------------------------------------------------------------+
; Fmax       ; Restricted Fmax ; Clock Name ; Note                                                          ;
+------------+-----------------+------------+---------------------------------------------------------------+
; 269.32 MHz ; 250.0 MHz       ; CLK        ; limit due to minimum period restriction (max I/O toggle rate) ;
+------------+-----------------+------------+---------------------------------------------------------------+
This panel reports FMAX for every clock in the design, regardless of the user-specified clock periods.  FMAX is only computed for paths where the source and destination registers or ports are driven by the same clock.  Paths of different clocks, including generated clocks, are ignored.  For paths between a clock and its inversion, FMAX is computed as if the rising and falling edges are scaled along with FMAX, such that the duty cycle (in terms of a percentage) is maintained. Altera recommends that you always use clock constraints and other slack reports for sign-off analysis.


+-------------------------------------+
; Slow 1200mV 85C Model Setup Summary ;
+-------+--------+--------------------+
; Clock ; Slack  ; End Point TNS      ;
+-------+--------+--------------------+
; CLK   ; -2.713 ; -59.360            ;
+-------+--------+--------------------+


+------------------------------------+
; Slow 1200mV 85C Model Hold Summary ;
+-------+-------+--------------------+
; Clock ; Slack ; End Point TNS      ;
+-------+-------+--------------------+
; CLK   ; 0.477 ; 0.000              ;
+-------+-------+--------------------+


------------------------------------------
; Slow 1200mV 85C Model Recovery Summary ;
------------------------------------------
No paths to report.


-----------------------------------------
; Slow 1200mV 85C Model Removal Summary ;
-----------------------------------------
No paths to report.


+---------------------------------------------------+
; Slow 1200mV 85C Model Minimum Pulse Width Summary ;
+-------+--------+----------------------------------+
; Clock ; Slack  ; End Point TNS                    ;
+-------+--------+----------------------------------+
; CLK   ; -3.000 ; -59.518                          ;
+-------+--------+----------------------------------+


+------------------------------------------------------------------------------------------------------------------------------------------------------------------------------------------------+
; Slow 1200mV 85C Model Setup: 'CLK'                                                                                                                                                             ;
+--------+--------------------------------------------------------+--------------------------------------------------------+--------------+-------------+--------------+------------+------------+
; Slack  ; From Node                                              ; To Node                                                ; Launch Clock ; Latch Clock ; Relationship ; Clock Skew ; Data Delay ;
+--------+--------------------------------------------------------+--------------------------------------------------------+--------------+-------------+--------------+------------+------------+
; -2.713 ; southeast:inst|control:inst|74161:inst|f74161:sub|9    ; southeast:inst|yellow:inst2|74161:inst|f74161:sub|99   ; CLK          ; CLK         ; 1.000        ; -0.053     ; 3.681      ;
; -2.712 ; southeast:inst|control:inst|74161:inst|f74161:sub|9    ; southeast:inst|yellow:inst2|74161:inst|f74161:sub|110  ; CLK          ; CLK         ; 1.000        ; -0.053     ; 3.680      ;
; -2.625 ; southeast:inst|control:inst|74161:inst|f74161:sub|9    ; southeast:inst|yellow:inst2|74161:inst|f74161:sub|87   ; CLK          ; CLK         ; 1.000        ; -0.053     ; 3.593      ;
; -2.613 ; southeast:inst|green:inst1|74161:inst|f74161:sub|87    ; southeast:inst|control:inst|74161:inst|f74161:sub|87   ; CLK          ; CLK         ; 1.000        ; -0.279     ; 3.355      ;
; -2.605 ; southeast:inst|green:inst1|74161:inst|f74161:sub|9     ; southeast:inst|green:inst1|74161:inst|f74161:sub|99    ; CLK          ; CLK         ; 1.000        ; -0.053     ; 3.573      ;
; -2.604 ; southeast:inst|green:inst1|74161:inst|f74161:sub|9     ; southeast:inst|green:inst1|74161:inst|f74161:sub|110   ; CLK          ; CLK         ; 1.000        ; -0.053     ; 3.572      ;
; -2.563 ; southeast:inst|control:inst|74161:inst|f74161:sub|9    ; southeast:inst|green:inst1|74161:inst|f74161:sub|87    ; CLK          ; CLK         ; 1.000        ; -0.053     ; 3.531      ;
; -2.562 ; southeast:inst|green:inst1|74161:inst|f74161:sub|9     ; southeast:inst|control:inst|74161:inst|f74161:sub|87   ; CLK          ; CLK         ; 1.000        ; -0.279     ; 3.304      ;
; -2.530 ; southeast:inst|control:inst|74161:inst|f74161:sub|87   ; southeast:inst|red:inst3|74161:inst|f74161:sub|110     ; CLK          ; CLK         ; 1.000        ; 0.405      ; 3.956      ;
; -2.529 ; southeast:inst|control:inst|74161:inst|f74161:sub|87   ; southeast:inst|red:inst3|74161:inst|f74161:sub|99      ; CLK          ; CLK         ; 1.000        ; 0.405      ; 3.955      ;
; -2.524 ; southeast:inst|control:inst|74161:inst|f74161:sub|9    ; southeast:inst|green:inst1|74161:inst|f74161:sub|99    ; CLK          ; CLK         ; 1.000        ; -0.053     ; 3.492      ;
; -2.523 ; southeast:inst|control:inst|74161:inst|f74161:sub|9    ; southeast:inst|green:inst1|74161:inst|f74161:sub|110   ; CLK          ; CLK         ; 1.000        ; -0.053     ; 3.491      ;
; -2.467 ; southeast:inst|yellow:inst2|74161:inst|f74161:sub|9    ; southeast:inst|yellow:inst2|74161:inst|f74161:sub|99   ; CLK          ; CLK         ; 1.000        ; -0.053     ; 3.435      ;
; -2.466 ; southeast:inst|yellow:inst2|74161:inst|f74161:sub|9    ; southeast:inst|yellow:inst2|74161:inst|f74161:sub|110  ; CLK          ; CLK         ; 1.000        ; -0.053     ; 3.434      ;
; -2.462 ; southeast:inst|yellow:inst2|74161:inst|f74161:sub|87   ; southeast:inst|control:inst|74161:inst|f74161:sub|87   ; CLK          ; CLK         ; 1.000        ; -0.279     ; 3.204      ;
; -2.437 ; southeast:inst|green:inst1|74161:inst|f74161:sub|110   ; southeast:inst|green:inst1|74161:inst1|f74161:sub|87   ; CLK          ; CLK         ; 1.000        ; -0.053     ; 3.405      ;
; -2.437 ; southeast:inst|green:inst1|74161:inst|f74161:sub|110   ; southeast:inst|green:inst1|74161:inst1|f74161:sub|99   ; CLK          ; CLK         ; 1.000        ; -0.053     ; 3.405      ;
; -2.393 ; southeast:inst|yellow:inst2|74161:inst|f74161:sub|9    ; southeast:inst|control:inst|74161:inst|f74161:sub|87   ; CLK          ; CLK         ; 1.000        ; -0.279     ; 3.135      ;
; -2.385 ; southeast:inst|green:inst1|74161:inst|f74161:sub|87    ; southeast:inst|green:inst1|74161:inst|f74161:sub|99    ; CLK          ; CLK         ; 1.000        ; -0.053     ; 3.353      ;
; -2.384 ; southeast:inst|green:inst1|74161:inst|f74161:sub|87    ; southeast:inst|green:inst1|74161:inst|f74161:sub|110   ; CLK          ; CLK         ; 1.000        ; -0.053     ; 3.352      ;
; -2.366 ; southeast:inst|green:inst1|74161:inst|f74161:sub|110   ; southeast:inst|control:inst|74161:inst|f74161:sub|87   ; CLK          ; CLK         ; 1.000        ; -0.279     ; 3.108      ;
; -2.346 ; southeast:inst|yellow:inst2|74161:inst|f74161:sub|87   ; southeast:inst|yellow:inst2|74161:inst|f74161:sub|99   ; CLK          ; CLK         ; 1.000        ; -0.053     ; 3.314      ;
; -2.345 ; southeast:inst|yellow:inst2|74161:inst|f74161:sub|87   ; southeast:inst|yellow:inst2|74161:inst|f74161:sub|110  ; CLK          ; CLK         ; 1.000        ; -0.053     ; 3.313      ;
; -2.317 ; southeast:inst|green:inst1|74161:inst1|f74161:sub|87   ; southeast:inst|control:inst|74161:inst|f74161:sub|87   ; CLK          ; CLK         ; 1.000        ; -0.279     ; 3.059      ;
; -2.305 ; southeast:inst|green:inst1|74161:inst|f74161:sub|9     ; southeast:inst|green:inst1|74161:inst1|f74161:sub|87   ; CLK          ; CLK         ; 1.000        ; -0.053     ; 3.273      ;
; -2.305 ; southeast:inst|green:inst1|74161:inst|f74161:sub|9     ; southeast:inst|green:inst1|74161:inst1|f74161:sub|99   ; CLK          ; CLK         ; 1.000        ; -0.053     ; 3.273      ;
; -2.263 ; southeast:inst|green:inst1|74161:inst|f74161:sub|99    ; southeast:inst|control:inst|74161:inst|f74161:sub|87   ; CLK          ; CLK         ; 1.000        ; -0.279     ; 3.005      ;
; -2.210 ; southeast:inst|yellow:inst2|74161:inst|f74161:sub|110  ; southeast:inst|control:inst|74161:inst|f74161:sub|87   ; CLK          ; CLK         ; 1.000        ; -0.279     ; 2.952      ;
; -2.127 ; southeast:inst|yellow:inst2|74161:inst|f74161:sub|99   ; southeast:inst|control:inst|74161:inst|f74161:sub|87   ; CLK          ; CLK         ; 1.000        ; -0.279     ; 2.869      ;
; -2.078 ; southeast:inst|green:inst1|74161:inst1|f74161:sub|99   ; southeast:inst|control:inst|74161:inst|f74161:sub|87   ; CLK          ; CLK         ; 1.000        ; -0.279     ; 2.820      ;
; -1.993 ; southeast:inst|control:inst|74161:inst|f74161:sub|9    ; southeast:inst|control:inst|74161:inst|f74161:sub|87   ; CLK          ; CLK         ; 1.000        ; -0.279     ; 2.735      ;
; -1.950 ; southeast:inst|control:inst|74161:inst|f74161:sub|87   ; southeast:inst|red:inst3|74161:inst|f74161:sub|9       ; CLK          ; CLK         ; 1.000        ; 0.405      ; 3.376      ;
; -1.923 ; southeast:inst|green:inst1|74161:inst1|f74161:sub|9    ; southeast:inst|control:inst|74161:inst|f74161:sub|87   ; CLK          ; CLK         ; 1.000        ; -0.279     ; 2.665      ;
; -1.895 ; southeast:inst|control:inst|74161:inst|f74161:sub|87   ; southeast:inst|red:inst3|74161:inst|f74161:sub|87      ; CLK          ; CLK         ; 1.000        ; 0.405      ; 3.321      ;
; -1.862 ; northwest:inst1|green:inst1|74161:inst1|f74161:sub|9   ; northwest:inst1|control:inst|74161:inst|f74161:sub|9   ; CLK          ; CLK         ; 1.000        ; -0.054     ; 2.829      ;
; -1.854 ; northwest:inst1|green:inst1|74161:inst1|f74161:sub|99  ; northwest:inst1|control:inst|74161:inst|f74161:sub|9   ; CLK          ; CLK         ; 1.000        ; -0.054     ; 2.821      ;
; -1.800 ; southeast:inst|control:inst|74161:inst|f74161:sub|87   ; southeast:inst|green:inst1|74161:inst|f74161:sub|87    ; CLK          ; CLK         ; 1.000        ; 0.015      ; 2.836      ;
; -1.784 ; southeast:inst|control:inst|74161:inst|f74161:sub|87   ; southeast:inst|yellow:inst2|74161:inst|f74161:sub|87   ; CLK          ; CLK         ; 1.000        ; 0.015      ; 2.820      ;
; -1.778 ; northwest:inst1|yellow:inst2|74161:inst|f74161:sub|99  ; northwest:inst1|control:inst|74161:inst|f74161:sub|87  ; CLK          ; CLK         ; 1.000        ; -0.118     ; 2.681      ;
; -1.709 ; southeast:inst|control:inst|74161:inst|f74161:sub|87   ; southeast:inst|green:inst1|74161:inst|f74161:sub|99    ; CLK          ; CLK         ; 1.000        ; 0.015      ; 2.745      ;
; -1.708 ; southeast:inst|control:inst|74161:inst|f74161:sub|87   ; southeast:inst|green:inst1|74161:inst|f74161:sub|110   ; CLK          ; CLK         ; 1.000        ; 0.015      ; 2.744      ;
; -1.706 ; southeast:inst|control:inst|74161:inst|f74161:sub|87   ; southeast:inst|yellow:inst2|74161:inst|f74161:sub|99   ; CLK          ; CLK         ; 1.000        ; 0.015      ; 2.742      ;
; -1.705 ; southeast:inst|control:inst|74161:inst|f74161:sub|87   ; southeast:inst|yellow:inst2|74161:inst|f74161:sub|110  ; CLK          ; CLK         ; 1.000        ; 0.015      ; 2.741      ;
; -1.704 ; northwest:inst1|yellow:inst2|74161:inst|f74161:sub|110 ; northwest:inst1|control:inst|74161:inst|f74161:sub|87  ; CLK          ; CLK         ; 1.000        ; -0.118     ; 2.607      ;
; -1.611 ; northwest:inst1|yellow:inst2|74161:inst|f74161:sub|99  ; northwest:inst1|control:inst|74161:inst|f74161:sub|9   ; CLK          ; CLK         ; 1.000        ; -0.054     ; 2.578      ;
; -1.609 ; northwest:inst1|yellow:inst2|74161:inst|f74161:sub|110 ; northwest:inst1|control:inst|74161:inst|f74161:sub|9   ; CLK          ; CLK         ; 1.000        ; -0.054     ; 2.576      ;
; -1.598 ; northwest:inst1|yellow:inst2|74161:inst|f74161:sub|87  ; northwest:inst1|control:inst|74161:inst|f74161:sub|87  ; CLK          ; CLK         ; 1.000        ; -0.118     ; 2.501      ;
; -1.587 ; northwest:inst1|green:inst1|74161:inst1|f74161:sub|9   ; northwest:inst1|control:inst|74161:inst|f74161:sub|87  ; CLK          ; CLK         ; 1.000        ; -0.118     ; 2.490      ;
; -1.585 ; northwest:inst1|control:inst|74161:inst|f74161:sub|87  ; northwest:inst1|red:inst3|74161:inst|f74161:sub|110    ; CLK          ; CLK         ; 1.000        ; 0.212      ; 2.818      ;
; -1.583 ; northwest:inst1|control:inst|74161:inst|f74161:sub|87  ; northwest:inst1|red:inst3|74161:inst|f74161:sub|99     ; CLK          ; CLK         ; 1.000        ; 0.212      ; 2.816      ;
; -1.579 ; northwest:inst1|green:inst1|74161:inst1|f74161:sub|99  ; northwest:inst1|control:inst|74161:inst|f74161:sub|87  ; CLK          ; CLK         ; 1.000        ; -0.118     ; 2.482      ;
; -1.567 ; northwest:inst1|green:inst1|74161:inst|f74161:sub|87   ; northwest:inst1|green:inst1|74161:inst|f74161:sub|99   ; CLK          ; CLK         ; 1.000        ; -0.054     ; 2.534      ;
; -1.495 ; southeast:inst|yellow:inst2|74161:inst|f74161:sub|9    ; southeast:inst|control:inst|74161:inst|f74161:sub|9    ; CLK          ; CLK         ; 1.000        ; -0.053     ; 2.463      ;
; -1.493 ; southeast:inst|yellow:inst2|74161:inst|f74161:sub|87   ; southeast:inst|control:inst|74161:inst|f74161:sub|9    ; CLK          ; CLK         ; 1.000        ; -0.053     ; 2.461      ;
; -1.473 ; northwest:inst1|green:inst1|74161:inst|f74161:sub|99   ; northwest:inst1|control:inst|74161:inst|f74161:sub|9   ; CLK          ; CLK         ; 1.000        ; -0.054     ; 2.440      ;
; -1.459 ; northwest:inst1|green:inst1|74161:inst|f74161:sub|110  ; northwest:inst1|control:inst|74161:inst|f74161:sub|9   ; CLK          ; CLK         ; 1.000        ; -0.054     ; 2.426      ;
; -1.448 ; northwest:inst1|green:inst1|74161:inst|f74161:sub|9    ; northwest:inst1|green:inst1|74161:inst|f74161:sub|99   ; CLK          ; CLK         ; 1.000        ; -0.054     ; 2.415      ;
; -1.441 ; northwest:inst1|green:inst1|74161:inst|f74161:sub|99   ; northwest:inst1|control:inst|74161:inst|f74161:sub|87  ; CLK          ; CLK         ; 1.000        ; -0.118     ; 2.344      ;
; -1.435 ; northwest:inst1|green:inst1|74161:inst1|f74161:sub|87  ; northwest:inst1|control:inst|74161:inst|f74161:sub|9   ; CLK          ; CLK         ; 1.000        ; -0.054     ; 2.402      ;
; -1.431 ; northwest:inst1|yellow:inst2|74161:inst|f74161:sub|87  ; northwest:inst1|control:inst|74161:inst|f74161:sub|9   ; CLK          ; CLK         ; 1.000        ; -0.054     ; 2.398      ;
; -1.429 ; northwest:inst1|yellow:inst2|74161:inst|f74161:sub|9   ; northwest:inst1|control:inst|74161:inst|f74161:sub|87  ; CLK          ; CLK         ; 1.000        ; -0.118     ; 2.332      ;
; -1.353 ; northwest:inst1|green:inst1|74161:inst|f74161:sub|110  ; northwest:inst1|control:inst|74161:inst|f74161:sub|87  ; CLK          ; CLK         ; 1.000        ; -0.118     ; 2.256      ;
; -1.350 ; southeast:inst|yellow:inst2|74161:inst|f74161:sub|110  ; southeast:inst|control:inst|74161:inst|f74161:sub|9    ; CLK          ; CLK         ; 1.000        ; -0.053     ; 2.318      ;
; -1.343 ; northwest:inst1|control:inst|74161:inst|f74161:sub|87  ; northwest:inst1|yellow:inst2|74161:inst|f74161:sub|110 ; CLK          ; CLK         ; 1.000        ; -0.034     ; 2.330      ;
; -1.342 ; northwest:inst1|control:inst|74161:inst|f74161:sub|87  ; northwest:inst1|yellow:inst2|74161:inst|f74161:sub|99  ; CLK          ; CLK         ; 1.000        ; -0.034     ; 2.329      ;
; -1.334 ; northwest:inst1|yellow:inst2|74161:inst|f74161:sub|9   ; northwest:inst1|control:inst|74161:inst|f74161:sub|9   ; CLK          ; CLK         ; 1.000        ; -0.054     ; 2.301      ;
; -1.315 ; northwest:inst1|control:inst|74161:inst|f74161:sub|87  ; northwest:inst1|green:inst1|74161:inst|f74161:sub|99   ; CLK          ; CLK         ; 1.000        ; -0.034     ; 2.302      ;
; -1.312 ; northwest:inst1|control:inst|74161:inst|f74161:sub|87  ; northwest:inst1|yellow:inst2|74161:inst|f74161:sub|87  ; CLK          ; CLK         ; 1.000        ; -0.034     ; 2.299      ;
; -1.286 ; southeast:inst|green:inst1|74161:inst1|f74161:sub|87   ; southeast:inst|control:inst|74161:inst|f74161:sub|9    ; CLK          ; CLK         ; 1.000        ; -0.053     ; 2.254      ;
; -1.283 ; northwest:inst1|green:inst1|74161:inst|f74161:sub|87   ; northwest:inst1|control:inst|74161:inst|f74161:sub|9   ; CLK          ; CLK         ; 1.000        ; -0.054     ; 2.250      ;
; -1.258 ; northwest:inst1|control:inst|74161:inst|f74161:sub|87  ; northwest:inst1|green:inst1|74161:inst|f74161:sub|87   ; CLK          ; CLK         ; 1.000        ; -0.034     ; 2.245      ;
; -1.251 ; northwest:inst1|green:inst1|74161:inst1|f74161:sub|87  ; northwest:inst1|control:inst|74161:inst|f74161:sub|87  ; CLK          ; CLK         ; 1.000        ; -0.118     ; 2.154      ;
; -1.251 ; northwest:inst1|green:inst1|74161:inst|f74161:sub|87   ; northwest:inst1|control:inst|74161:inst|f74161:sub|87  ; CLK          ; CLK         ; 1.000        ; -0.118     ; 2.154      ;
; -1.240 ; northwest:inst1|control:inst|74161:inst|f74161:sub|9   ; northwest:inst1|yellow:inst2|74161:inst|f74161:sub|87  ; CLK          ; CLK         ; 1.000        ; -0.054     ; 2.207      ;
; -1.206 ; northwest:inst1|control:inst|74161:inst|f74161:sub|9   ; northwest:inst1|green:inst1|74161:inst|f74161:sub|99   ; CLK          ; CLK         ; 1.000        ; -0.054     ; 2.173      ;
; -1.204 ; northwest:inst1|green:inst1|74161:inst|f74161:sub|87   ; northwest:inst1|green:inst1|74161:inst|f74161:sub|110  ; CLK          ; CLK         ; 1.000        ; -0.054     ; 2.171      ;
; -1.195 ; southeast:inst|control:inst|74161:inst|f74161:sub|87   ; southeast:inst|green:inst1|74161:inst|f74161:sub|9     ; CLK          ; CLK         ; 1.000        ; 0.015      ; 2.231      ;
; -1.193 ; southeast:inst|control:inst|74161:inst|f74161:sub|87   ; southeast:inst|control:inst|74161:inst|f74161:sub|9    ; CLK          ; CLK         ; 1.000        ; 0.015      ; 2.229      ;
; -1.192 ; northwest:inst1|green:inst1|74161:inst|f74161:sub|9    ; northwest:inst1|control:inst|74161:inst|f74161:sub|9   ; CLK          ; CLK         ; 1.000        ; -0.054     ; 2.159      ;
; -1.175 ; northwest:inst1|green:inst1|74161:inst|f74161:sub|110  ; northwest:inst1|green:inst1|74161:inst1|f74161:sub|99  ; CLK          ; CLK         ; 1.000        ; -0.054     ; 2.142      ;
; -1.175 ; northwest:inst1|green:inst1|74161:inst|f74161:sub|110  ; northwest:inst1|green:inst1|74161:inst1|f74161:sub|87  ; CLK          ; CLK         ; 1.000        ; -0.054     ; 2.142      ;
; -1.171 ; northwest:inst1|control:inst|74161:inst|f74161:sub|87  ; northwest:inst1|red:inst3|74161:inst|f74161:sub|87     ; CLK          ; CLK         ; 1.000        ; 0.212      ; 2.404      ;
; -1.169 ; northwest:inst1|control:inst|74161:inst|f74161:sub|87  ; northwest:inst1|red:inst3|74161:inst|f74161:sub|9      ; CLK          ; CLK         ; 1.000        ; 0.212      ; 2.402      ;
; -1.160 ; southeast:inst|green:inst1|74161:inst|f74161:sub|87    ; southeast:inst|control:inst|74161:inst|f74161:sub|9    ; CLK          ; CLK         ; 1.000        ; -0.053     ; 2.128      ;
; -1.158 ; southeast:inst|yellow:inst2|74161:inst|f74161:sub|99   ; southeast:inst|control:inst|74161:inst|f74161:sub|9    ; CLK          ; CLK         ; 1.000        ; -0.053     ; 2.126      ;
; -1.157 ; northwest:inst1|control:inst|74161:inst|f74161:sub|9   ; northwest:inst1|green:inst1|74161:inst|f74161:sub|87   ; CLK          ; CLK         ; 1.000        ; -0.054     ; 2.124      ;
; -1.156 ; southeast:inst|green:inst1|74161:inst|f74161:sub|9     ; southeast:inst|control:inst|74161:inst|f74161:sub|9    ; CLK          ; CLK         ; 1.000        ; -0.053     ; 2.124      ;
; -1.151 ; southeast:inst|green:inst1|74161:inst1|f74161:sub|99   ; southeast:inst|control:inst|74161:inst|f74161:sub|9    ; CLK          ; CLK         ; 1.000        ; -0.053     ; 2.119      ;
; -1.130 ; southeast:inst|control:inst|74161:inst|f74161:sub|87   ; southeast:inst|yellow:inst2|74161:inst|f74161:sub|9    ; CLK          ; CLK         ; 1.000        ; 0.015      ; 2.166      ;
; -1.127 ; southeast:inst|green:inst1|74161:inst1|f74161:sub|9    ; southeast:inst|green:inst1|74161:inst1|f74161:sub|87   ; CLK          ; CLK         ; 1.000        ; -0.053     ; 2.095      ;
; -1.127 ; southeast:inst|green:inst1|74161:inst1|f74161:sub|9    ; southeast:inst|green:inst1|74161:inst1|f74161:sub|99   ; CLK          ; CLK         ; 1.000        ; -0.053     ; 2.095      ;
; -1.112 ; southeast:inst|red:inst3|74161:inst|f74161:sub|9       ; southeast:inst|red:inst3|74161:inst|f74161:sub|110     ; CLK          ; CLK         ; 1.000        ; -0.057     ; 2.076      ;
; -1.111 ; southeast:inst|red:inst3|74161:inst|f74161:sub|9       ; southeast:inst|red:inst3|74161:inst|f74161:sub|99      ; CLK          ; CLK         ; 1.000        ; -0.057     ; 2.075      ;
; -1.097 ; northwest:inst1|yellow:inst2|74161:inst|f74161:sub|87  ; northwest:inst1|yellow:inst2|74161:inst|f74161:sub|110 ; CLK          ; CLK         ; 1.000        ; -0.054     ; 2.064      ;
; -1.096 ; northwest:inst1|yellow:inst2|74161:inst|f74161:sub|87  ; northwest:inst1|yellow:inst2|74161:inst|f74161:sub|99  ; CLK          ; CLK         ; 1.000        ; -0.054     ; 2.063      ;
; -1.093 ; northwest:inst1|green:inst1|74161:inst|f74161:sub|9    ; northwest:inst1|control:inst|74161:inst|f74161:sub|87  ; CLK          ; CLK         ; 1.000        ; -0.118     ; 1.996      ;
; -1.073 ; northwest:inst1|green:inst1|74161:inst|f74161:sub|9    ; northwest:inst1|green:inst1|74161:inst|f74161:sub|110  ; CLK          ; CLK         ; 1.000        ; -0.054     ; 2.040      ;
; -1.036 ; northwest:inst1|control:inst|74161:inst|f74161:sub|9   ; northwest:inst1|control:inst|74161:inst|f74161:sub|87  ; CLK          ; CLK         ; 1.000        ; -0.118     ; 1.939      ;
; -0.984 ; southeast:inst|green:inst1|74161:inst|f74161:sub|110   ; southeast:inst|control:inst|74161:inst|f74161:sub|9    ; CLK          ; CLK         ; 1.000        ; -0.053     ; 1.952      ;
; -0.978 ; southeast:inst|green:inst1|74161:inst|f74161:sub|9     ; southeast:inst|green:inst1|74161:inst1|f74161:sub|9    ; CLK          ; CLK         ; 1.000        ; -0.053     ; 1.946      ;
+--------+--------------------------------------------------------+--------------------------------------------------------+--------------+-------------+--------------+------------+------------+


+-----------------------------------------------------------------------------------------------------------------------------------------------------------------------------------------------+
; Slow 1200mV 85C Model Hold: 'CLK'                                                                                                                                                             ;
+-------+--------------------------------------------------------+--------------------------------------------------------+--------------+-------------+--------------+------------+------------+
; Slack ; From Node                                              ; To Node                                                ; Launch Clock ; Latch Clock ; Relationship ; Clock Skew ; Data Delay ;
+-------+--------------------------------------------------------+--------------------------------------------------------+--------------+-------------+--------------+------------+------------+
; 0.477 ; northwest:inst1|red:inst3|74161:inst|f74161:sub|9      ; northwest:inst1|red:inst3|74161:inst|f74161:sub|9      ; CLK          ; CLK         ; 0.000        ; 0.057      ; 0.746      ;
; 0.477 ; northwest:inst1|red:inst3|74161:inst|f74161:sub|110    ; northwest:inst1|red:inst3|74161:inst|f74161:sub|110    ; CLK          ; CLK         ; 0.000        ; 0.057      ; 0.746      ;
; 0.477 ; northwest:inst1|red:inst3|74161:inst|f74161:sub|99     ; northwest:inst1|red:inst3|74161:inst|f74161:sub|99     ; CLK          ; CLK         ; 0.000        ; 0.057      ; 0.746      ;
; 0.477 ; northwest:inst1|red:inst3|74161:inst|f74161:sub|87     ; northwest:inst1|red:inst3|74161:inst|f74161:sub|87     ; CLK          ; CLK         ; 0.000        ; 0.057      ; 0.746      ;
; 0.477 ; northwest:inst1|red:inst3|74161:inst1|f74161:sub|9     ; northwest:inst1|red:inst3|74161:inst1|f74161:sub|9     ; CLK          ; CLK         ; 0.000        ; 0.057      ; 0.746      ;
; 0.477 ; northwest:inst1|red:inst3|74161:inst1|f74161:sub|87    ; northwest:inst1|red:inst3|74161:inst1|f74161:sub|87    ; CLK          ; CLK         ; 0.000        ; 0.057      ; 0.746      ;
; 0.477 ; southeast:inst|red:inst3|74161:inst|f74161:sub|9       ; southeast:inst|red:inst3|74161:inst|f74161:sub|9       ; CLK          ; CLK         ; 0.000        ; 0.057      ; 0.746      ;
; 0.477 ; southeast:inst|red:inst3|74161:inst|f74161:sub|110     ; southeast:inst|red:inst3|74161:inst|f74161:sub|110     ; CLK          ; CLK         ; 0.000        ; 0.057      ; 0.746      ;
; 0.477 ; southeast:inst|red:inst3|74161:inst|f74161:sub|99      ; southeast:inst|red:inst3|74161:inst|f74161:sub|99      ; CLK          ; CLK         ; 0.000        ; 0.057      ; 0.746      ;
; 0.477 ; southeast:inst|red:inst3|74161:inst|f74161:sub|87      ; southeast:inst|red:inst3|74161:inst|f74161:sub|87      ; CLK          ; CLK         ; 0.000        ; 0.057      ; 0.746      ;
; 0.477 ; southeast:inst|red:inst3|74161:inst1|f74161:sub|9      ; southeast:inst|red:inst3|74161:inst1|f74161:sub|9      ; CLK          ; CLK         ; 0.000        ; 0.057      ; 0.746      ;
; 0.477 ; southeast:inst|red:inst3|74161:inst1|f74161:sub|87     ; southeast:inst|red:inst3|74161:inst1|f74161:sub|87     ; CLK          ; CLK         ; 0.000        ; 0.057      ; 0.746      ;
; 0.480 ; northwest:inst1|control:inst|74161:inst|f74161:sub|9   ; northwest:inst1|control:inst|74161:inst|f74161:sub|9   ; CLK          ; CLK         ; 0.000        ; 0.054      ; 0.746      ;
; 0.480 ; northwest:inst1|yellow:inst2|74161:inst|f74161:sub|110 ; northwest:inst1|yellow:inst2|74161:inst|f74161:sub|110 ; CLK          ; CLK         ; 0.000        ; 0.054      ; 0.746      ;
; 0.480 ; northwest:inst1|yellow:inst2|74161:inst|f74161:sub|99  ; northwest:inst1|yellow:inst2|74161:inst|f74161:sub|99  ; CLK          ; CLK         ; 0.000        ; 0.054      ; 0.746      ;
; 0.480 ; northwest:inst1|yellow:inst2|74161:inst|f74161:sub|87  ; northwest:inst1|yellow:inst2|74161:inst|f74161:sub|87  ; CLK          ; CLK         ; 0.000        ; 0.054      ; 0.746      ;
; 0.480 ; northwest:inst1|yellow:inst2|74161:inst|f74161:sub|9   ; northwest:inst1|yellow:inst2|74161:inst|f74161:sub|9   ; CLK          ; CLK         ; 0.000        ; 0.054      ; 0.746      ;
; 0.480 ; northwest:inst1|green:inst1|74161:inst1|f74161:sub|99  ; northwest:inst1|green:inst1|74161:inst1|f74161:sub|99  ; CLK          ; CLK         ; 0.000        ; 0.054      ; 0.746      ;
; 0.480 ; northwest:inst1|green:inst1|74161:inst1|f74161:sub|9   ; northwest:inst1|green:inst1|74161:inst1|f74161:sub|9   ; CLK          ; CLK         ; 0.000        ; 0.054      ; 0.746      ;
; 0.480 ; northwest:inst1|green:inst1|74161:inst1|f74161:sub|87  ; northwest:inst1|green:inst1|74161:inst1|f74161:sub|87  ; CLK          ; CLK         ; 0.000        ; 0.054      ; 0.746      ;
; 0.480 ; northwest:inst1|green:inst1|74161:inst|f74161:sub|99   ; northwest:inst1|green:inst1|74161:inst|f74161:sub|99   ; CLK          ; CLK         ; 0.000        ; 0.054      ; 0.746      ;
; 0.480 ; northwest:inst1|green:inst1|74161:inst|f74161:sub|110  ; northwest:inst1|green:inst1|74161:inst|f74161:sub|110  ; CLK          ; CLK         ; 0.000        ; 0.054      ; 0.746      ;
; 0.480 ; northwest:inst1|green:inst1|74161:inst|f74161:sub|87   ; northwest:inst1|green:inst1|74161:inst|f74161:sub|87   ; CLK          ; CLK         ; 0.000        ; 0.054      ; 0.746      ;
; 0.480 ; northwest:inst1|green:inst1|74161:inst|f74161:sub|9    ; northwest:inst1|green:inst1|74161:inst|f74161:sub|9    ; CLK          ; CLK         ; 0.000        ; 0.054      ; 0.746      ;
; 0.481 ; southeast:inst|control:inst|74161:inst|f74161:sub|9    ; southeast:inst|control:inst|74161:inst|f74161:sub|9    ; CLK          ; CLK         ; 0.000        ; 0.053      ; 0.746      ;
; 0.481 ; southeast:inst|green:inst1|74161:inst|f74161:sub|9     ; southeast:inst|green:inst1|74161:inst|f74161:sub|9     ; CLK          ; CLK         ; 0.000        ; 0.053      ; 0.746      ;
; 0.481 ; southeast:inst|green:inst1|74161:inst|f74161:sub|87    ; southeast:inst|green:inst1|74161:inst|f74161:sub|87    ; CLK          ; CLK         ; 0.000        ; 0.053      ; 0.746      ;
; 0.481 ; southeast:inst|green:inst1|74161:inst|f74161:sub|110   ; southeast:inst|green:inst1|74161:inst|f74161:sub|110   ; CLK          ; CLK         ; 0.000        ; 0.053      ; 0.746      ;
; 0.481 ; southeast:inst|green:inst1|74161:inst|f74161:sub|99    ; southeast:inst|green:inst1|74161:inst|f74161:sub|99    ; CLK          ; CLK         ; 0.000        ; 0.053      ; 0.746      ;
; 0.481 ; southeast:inst|yellow:inst2|74161:inst|f74161:sub|87   ; southeast:inst|yellow:inst2|74161:inst|f74161:sub|87   ; CLK          ; CLK         ; 0.000        ; 0.053      ; 0.746      ;
; 0.481 ; southeast:inst|yellow:inst2|74161:inst|f74161:sub|9    ; southeast:inst|yellow:inst2|74161:inst|f74161:sub|9    ; CLK          ; CLK         ; 0.000        ; 0.053      ; 0.746      ;
; 0.481 ; southeast:inst|yellow:inst2|74161:inst|f74161:sub|110  ; southeast:inst|yellow:inst2|74161:inst|f74161:sub|110  ; CLK          ; CLK         ; 0.000        ; 0.053      ; 0.746      ;
; 0.481 ; southeast:inst|yellow:inst2|74161:inst|f74161:sub|99   ; southeast:inst|yellow:inst2|74161:inst|f74161:sub|99   ; CLK          ; CLK         ; 0.000        ; 0.053      ; 0.746      ;
; 0.481 ; southeast:inst|green:inst1|74161:inst1|f74161:sub|87   ; southeast:inst|green:inst1|74161:inst1|f74161:sub|87   ; CLK          ; CLK         ; 0.000        ; 0.053      ; 0.746      ;
; 0.481 ; southeast:inst|green:inst1|74161:inst1|f74161:sub|99   ; southeast:inst|green:inst1|74161:inst1|f74161:sub|99   ; CLK          ; CLK         ; 0.000        ; 0.053      ; 0.746      ;
; 0.481 ; southeast:inst|green:inst1|74161:inst1|f74161:sub|9    ; southeast:inst|green:inst1|74161:inst1|f74161:sub|9    ; CLK          ; CLK         ; 0.000        ; 0.053      ; 0.746      ;
; 0.533 ; northwest:inst1|red:inst3|74161:inst1|f74161:sub|9     ; northwest:inst1|red:inst3|74161:inst1|f74161:sub|87    ; CLK          ; CLK         ; 0.000        ; 0.057      ; 0.802      ;
; 0.536 ; southeast:inst|red:inst3|74161:inst1|f74161:sub|9      ; southeast:inst|red:inst3|74161:inst1|f74161:sub|87     ; CLK          ; CLK         ; 0.000        ; 0.057      ; 0.805      ;
; 0.547 ; northwest:inst1|control:inst|74161:inst|f74161:sub|9   ; northwest:inst1|green:inst1|74161:inst|f74161:sub|9    ; CLK          ; CLK         ; 0.000        ; 0.054      ; 0.813      ;
; 0.548 ; northwest:inst1|red:inst3|74161:inst|f74161:sub|110    ; northwest:inst1|red:inst3|74161:inst1|f74161:sub|9     ; CLK          ; CLK         ; 0.000        ; 0.057      ; 0.817      ;
; 0.548 ; northwest:inst1|control:inst|74161:inst|f74161:sub|9   ; northwest:inst1|yellow:inst2|74161:inst|f74161:sub|9   ; CLK          ; CLK         ; 0.000        ; 0.054      ; 0.814      ;
; 0.559 ; southeast:inst|red:inst3|74161:inst|f74161:sub|9       ; southeast:inst|red:inst3|74161:inst|f74161:sub|99      ; CLK          ; CLK         ; 0.000        ; 0.057      ; 0.828      ;
; 0.559 ; southeast:inst|red:inst3|74161:inst|f74161:sub|9       ; southeast:inst|red:inst3|74161:inst|f74161:sub|87      ; CLK          ; CLK         ; 0.000        ; 0.057      ; 0.828      ;
; 0.560 ; southeast:inst|red:inst3|74161:inst|f74161:sub|9       ; southeast:inst|red:inst3|74161:inst|f74161:sub|110     ; CLK          ; CLK         ; 0.000        ; 0.057      ; 0.829      ;
; 0.562 ; southeast:inst|control:inst|74161:inst|f74161:sub|9    ; southeast:inst|yellow:inst2|74161:inst|f74161:sub|9    ; CLK          ; CLK         ; 0.000        ; 0.053      ; 0.827      ;
; 0.566 ; northwest:inst1|green:inst1|74161:inst|f74161:sub|9    ; northwest:inst1|green:inst1|74161:inst|f74161:sub|87   ; CLK          ; CLK         ; 0.000        ; 0.054      ; 0.832      ;
; 0.571 ; northwest:inst1|green:inst1|74161:inst|f74161:sub|9    ; northwest:inst1|green:inst1|74161:inst1|f74161:sub|9   ; CLK          ; CLK         ; 0.000        ; 0.054      ; 0.837      ;
; 0.572 ; northwest:inst1|green:inst1|74161:inst|f74161:sub|9    ; northwest:inst1|green:inst1|74161:inst|f74161:sub|99   ; CLK          ; CLK         ; 0.000        ; 0.054      ; 0.838      ;
; 0.756 ; southeast:inst|green:inst1|74161:inst|f74161:sub|110   ; southeast:inst|green:inst1|74161:inst|f74161:sub|9     ; CLK          ; CLK         ; 0.000        ; 0.053      ; 1.021      ;
; 0.759 ; northwest:inst1|yellow:inst2|74161:inst|f74161:sub|110 ; northwest:inst1|yellow:inst2|74161:inst|f74161:sub|87  ; CLK          ; CLK         ; 0.000        ; 0.054      ; 1.025      ;
; 0.782 ; northwest:inst1|red:inst3|74161:inst|f74161:sub|99     ; northwest:inst1|red:inst3|74161:inst|f74161:sub|110    ; CLK          ; CLK         ; 0.000        ; 0.057      ; 1.051      ;
; 0.782 ; southeast:inst|red:inst3|74161:inst|f74161:sub|99      ; southeast:inst|red:inst3|74161:inst|f74161:sub|110     ; CLK          ; CLK         ; 0.000        ; 0.057      ; 1.051      ;
; 0.799 ; northwest:inst1|green:inst1|74161:inst1|f74161:sub|87  ; northwest:inst1|green:inst1|74161:inst1|f74161:sub|99  ; CLK          ; CLK         ; 0.000        ; 0.054      ; 1.065      ;
; 0.800 ; northwest:inst1|green:inst1|74161:inst|f74161:sub|99   ; northwest:inst1|green:inst1|74161:inst|f74161:sub|110  ; CLK          ; CLK         ; 0.000        ; 0.054      ; 1.066      ;
; 0.802 ; southeast:inst|yellow:inst2|74161:inst|f74161:sub|99   ; southeast:inst|yellow:inst2|74161:inst|f74161:sub|110  ; CLK          ; CLK         ; 0.000        ; 0.053      ; 1.067      ;
; 0.806 ; southeast:inst|red:inst3|74161:inst|f74161:sub|110     ; southeast:inst|red:inst3|74161:inst1|f74161:sub|87     ; CLK          ; CLK         ; 0.000        ; 0.057      ; 1.075      ;
; 0.807 ; southeast:inst|red:inst3|74161:inst|f74161:sub|110     ; southeast:inst|red:inst3|74161:inst1|f74161:sub|9      ; CLK          ; CLK         ; 0.000        ; 0.057      ; 1.076      ;
; 0.808 ; northwest:inst1|red:inst3|74161:inst|f74161:sub|9      ; northwest:inst1|red:inst3|74161:inst1|f74161:sub|9     ; CLK          ; CLK         ; 0.000        ; 0.057      ; 1.077      ;
; 0.809 ; northwest:inst1|red:inst3|74161:inst|f74161:sub|110    ; northwest:inst1|red:inst3|74161:inst1|f74161:sub|87    ; CLK          ; CLK         ; 0.000        ; 0.057      ; 1.078      ;
; 0.810 ; northwest:inst1|green:inst1|74161:inst1|f74161:sub|9   ; northwest:inst1|green:inst1|74161:inst1|f74161:sub|99  ; CLK          ; CLK         ; 0.000        ; 0.054      ; 1.076      ;
; 0.816 ; southeast:inst|red:inst3|74161:inst|f74161:sub|9       ; southeast:inst|red:inst3|74161:inst1|f74161:sub|9      ; CLK          ; CLK         ; 0.000        ; 0.057      ; 1.085      ;
; 0.818 ; northwest:inst1|green:inst1|74161:inst|f74161:sub|110  ; northwest:inst1|green:inst1|74161:inst1|f74161:sub|9   ; CLK          ; CLK         ; 0.000        ; 0.054      ; 1.084      ;
; 0.818 ; southeast:inst|red:inst3|74161:inst|f74161:sub|9       ; southeast:inst|red:inst3|74161:inst1|f74161:sub|87     ; CLK          ; CLK         ; 0.000        ; 0.057      ; 1.087      ;
; 0.829 ; northwest:inst1|yellow:inst2|74161:inst|f74161:sub|9   ; northwest:inst1|yellow:inst2|74161:inst|f74161:sub|110 ; CLK          ; CLK         ; 0.000        ; 0.054      ; 1.095      ;
; 0.830 ; northwest:inst1|green:inst1|74161:inst1|f74161:sub|9   ; northwest:inst1|green:inst1|74161:inst1|f74161:sub|87  ; CLK          ; CLK         ; 0.000        ; 0.054      ; 1.096      ;
; 0.832 ; southeast:inst|red:inst3|74161:inst|f74161:sub|110     ; southeast:inst|red:inst3|74161:inst|f74161:sub|9       ; CLK          ; CLK         ; 0.000        ; 0.057      ; 1.101      ;
; 0.832 ; southeast:inst|red:inst3|74161:inst|f74161:sub|110     ; southeast:inst|red:inst3|74161:inst|f74161:sub|99      ; CLK          ; CLK         ; 0.000        ; 0.057      ; 1.101      ;
; 0.832 ; southeast:inst|red:inst3|74161:inst|f74161:sub|110     ; southeast:inst|red:inst3|74161:inst|f74161:sub|87      ; CLK          ; CLK         ; 0.000        ; 0.057      ; 1.101      ;
; 0.835 ; northwest:inst1|red:inst3|74161:inst|f74161:sub|110    ; northwest:inst1|red:inst3|74161:inst|f74161:sub|9      ; CLK          ; CLK         ; 0.000        ; 0.057      ; 1.104      ;
; 0.838 ; northwest:inst1|green:inst1|74161:inst1|f74161:sub|99  ; northwest:inst1|green:inst1|74161:inst1|f74161:sub|87  ; CLK          ; CLK         ; 0.000        ; 0.054      ; 1.104      ;
; 0.842 ; southeast:inst|green:inst1|74161:inst1|f74161:sub|99   ; southeast:inst|green:inst1|74161:inst1|f74161:sub|87   ; CLK          ; CLK         ; 0.000        ; 0.053      ; 1.107      ;
; 0.844 ; northwest:inst1|green:inst1|74161:inst|f74161:sub|110  ; northwest:inst1|green:inst1|74161:inst|f74161:sub|99   ; CLK          ; CLK         ; 0.000        ; 0.054      ; 1.110      ;
; 0.844 ; northwest:inst1|green:inst1|74161:inst|f74161:sub|110  ; northwest:inst1|green:inst1|74161:inst|f74161:sub|9    ; CLK          ; CLK         ; 0.000        ; 0.054      ; 1.110      ;
; 0.848 ; southeast:inst|yellow:inst2|74161:inst|f74161:sub|110  ; southeast:inst|yellow:inst2|74161:inst|f74161:sub|9    ; CLK          ; CLK         ; 0.000        ; 0.053      ; 1.113      ;
; 0.848 ; northwest:inst1|red:inst3|74161:inst|f74161:sub|110    ; northwest:inst1|red:inst3|74161:inst|f74161:sub|99     ; CLK          ; CLK         ; 0.000        ; 0.057      ; 1.117      ;
; 0.850 ; southeast:inst|green:inst1|74161:inst|f74161:sub|110   ; southeast:inst|green:inst1|74161:inst|f74161:sub|99    ; CLK          ; CLK         ; 0.000        ; 0.053      ; 1.115      ;
; 0.851 ; southeast:inst|green:inst1|74161:inst|f74161:sub|9     ; southeast:inst|green:inst1|74161:inst|f74161:sub|87    ; CLK          ; CLK         ; 0.000        ; 0.053      ; 1.116      ;
; 0.852 ; southeast:inst|green:inst1|74161:inst|f74161:sub|110   ; southeast:inst|green:inst1|74161:inst|f74161:sub|87    ; CLK          ; CLK         ; 0.000        ; 0.053      ; 1.117      ;
; 0.854 ; northwest:inst1|green:inst1|74161:inst|f74161:sub|9    ; northwest:inst1|green:inst1|74161:inst|f74161:sub|110  ; CLK          ; CLK         ; 0.000        ; 0.054      ; 1.120      ;
; 0.857 ; northwest:inst1|red:inst3|74161:inst|f74161:sub|110    ; northwest:inst1|red:inst3|74161:inst|f74161:sub|87     ; CLK          ; CLK         ; 0.000        ; 0.057      ; 1.126      ;
; 0.873 ; southeast:inst|green:inst1|74161:inst|f74161:sub|9     ; southeast:inst|green:inst1|74161:inst|f74161:sub|99    ; CLK          ; CLK         ; 0.000        ; 0.053      ; 1.138      ;
; 0.991 ; northwest:inst1|control:inst|74161:inst|f74161:sub|87  ; northwest:inst1|yellow:inst2|74161:inst|f74161:sub|9   ; CLK          ; CLK         ; 0.000        ; 0.118      ; 1.321      ;
; 1.005 ; northwest:inst1|yellow:inst2|74161:inst|f74161:sub|99  ; northwest:inst1|yellow:inst2|74161:inst|f74161:sub|110 ; CLK          ; CLK         ; 0.000        ; 0.054      ; 1.271      ;
; 1.007 ; northwest:inst1|control:inst|74161:inst|f74161:sub|87  ; northwest:inst1|control:inst|74161:inst|f74161:sub|9   ; CLK          ; CLK         ; 0.000        ; 0.118      ; 1.337      ;
; 1.010 ; southeast:inst|green:inst1|74161:inst|f74161:sub|110   ; southeast:inst|green:inst1|74161:inst1|f74161:sub|9    ; CLK          ; CLK         ; 0.000        ; 0.053      ; 1.275      ;
; 1.020 ; northwest:inst1|red:inst3|74161:inst|f74161:sub|9      ; northwest:inst1|red:inst3|74161:inst1|f74161:sub|87    ; CLK          ; CLK         ; 0.000        ; 0.057      ; 1.289      ;
; 1.023 ; southeast:inst|green:inst1|74161:inst|f74161:sub|99    ; southeast:inst|green:inst1|74161:inst|f74161:sub|110   ; CLK          ; CLK         ; 0.000        ; 0.053      ; 1.288      ;
; 1.025 ; southeast:inst|green:inst1|74161:inst1|f74161:sub|87   ; southeast:inst|green:inst1|74161:inst1|f74161:sub|99   ; CLK          ; CLK         ; 0.000        ; 0.053      ; 1.290      ;
; 1.037 ; southeast:inst|control:inst|74161:inst|f74161:sub|87   ; southeast:inst|control:inst|74161:inst|f74161:sub|87   ; CLK          ; CLK         ; 0.000        ; 0.097      ; 1.346      ;
; 1.041 ; northwest:inst1|red:inst3|74161:inst|f74161:sub|9      ; northwest:inst1|red:inst3|74161:inst|f74161:sub|110    ; CLK          ; CLK         ; 0.000        ; 0.057      ; 1.310      ;
; 1.046 ; northwest:inst1|yellow:inst2|74161:inst|f74161:sub|110 ; northwest:inst1|yellow:inst2|74161:inst|f74161:sub|9   ; CLK          ; CLK         ; 0.000        ; 0.054      ; 1.312      ;
; 1.053 ; northwest:inst1|control:inst|74161:inst|f74161:sub|87  ; northwest:inst1|green:inst1|74161:inst|f74161:sub|9    ; CLK          ; CLK         ; 0.000        ; 0.118      ; 1.383      ;
; 1.058 ; northwest:inst1|red:inst3|74161:inst|f74161:sub|9      ; northwest:inst1|red:inst3|74161:inst|f74161:sub|99     ; CLK          ; CLK         ; 0.000        ; 0.057      ; 1.327      ;
; 1.058 ; northwest:inst1|yellow:inst2|74161:inst|f74161:sub|110 ; northwest:inst1|yellow:inst2|74161:inst|f74161:sub|99  ; CLK          ; CLK         ; 0.000        ; 0.054      ; 1.324      ;
; 1.066 ; southeast:inst|yellow:inst2|74161:inst|f74161:sub|9    ; southeast:inst|yellow:inst2|74161:inst|f74161:sub|87   ; CLK          ; CLK         ; 0.000        ; 0.053      ; 1.331      ;
; 1.067 ; southeast:inst|yellow:inst2|74161:inst|f74161:sub|9    ; southeast:inst|yellow:inst2|74161:inst|f74161:sub|110  ; CLK          ; CLK         ; 0.000        ; 0.053      ; 1.332      ;
; 1.068 ; northwest:inst1|red:inst3|74161:inst|f74161:sub|9      ; northwest:inst1|red:inst3|74161:inst|f74161:sub|87     ; CLK          ; CLK         ; 0.000        ; 0.057      ; 1.337      ;
; 1.074 ; northwest:inst1|control:inst|74161:inst|f74161:sub|87  ; northwest:inst1|control:inst|74161:inst|f74161:sub|87  ; CLK          ; CLK         ; 0.000        ; 0.075      ; 1.361      ;
; 1.085 ; southeast:inst|yellow:inst2|74161:inst|f74161:sub|9    ; southeast:inst|yellow:inst2|74161:inst|f74161:sub|99   ; CLK          ; CLK         ; 0.000        ; 0.053      ; 1.350      ;
; 1.090 ; northwest:inst1|yellow:inst2|74161:inst|f74161:sub|9   ; northwest:inst1|yellow:inst2|74161:inst|f74161:sub|87  ; CLK          ; CLK         ; 0.000        ; 0.054      ; 1.356      ;
+-------+--------------------------------------------------------+--------------------------------------------------------+--------------+-------------+--------------+------------+------------+


+-----------------------------------------------------------------------------------------------------------------------------------------+
; Slow 1200mV 85C Model Minimum Pulse Width: 'CLK'                                                                                        ;
+--------+--------------+----------------+------------------+-------+------------+--------------------------------------------------------+
; Slack  ; Actual Width ; Required Width ; Type             ; Clock ; Clock Edge ; Target                                                 ;
+--------+--------------+----------------+------------------+-------+------------+--------------------------------------------------------+
; -3.000 ; 1.000        ; 4.000          ; Port Rate        ; CLK   ; Rise       ; CLK                                                    ;
; -1.487 ; 1.000        ; 2.487          ; Min Period       ; CLK   ; Rise       ; northwest:inst1|control:inst|74161:inst|f74161:sub|87  ;
; -1.487 ; 1.000        ; 2.487          ; Min Period       ; CLK   ; Rise       ; northwest:inst1|control:inst|74161:inst|f74161:sub|9   ;
; -1.487 ; 1.000        ; 2.487          ; Min Period       ; CLK   ; Rise       ; northwest:inst1|green:inst1|74161:inst1|f74161:sub|87  ;
; -1.487 ; 1.000        ; 2.487          ; Min Period       ; CLK   ; Rise       ; northwest:inst1|green:inst1|74161:inst1|f74161:sub|9   ;
; -1.487 ; 1.000        ; 2.487          ; Min Period       ; CLK   ; Rise       ; northwest:inst1|green:inst1|74161:inst1|f74161:sub|99  ;
; -1.487 ; 1.000        ; 2.487          ; Min Period       ; CLK   ; Rise       ; northwest:inst1|green:inst1|74161:inst|f74161:sub|110  ;
; -1.487 ; 1.000        ; 2.487          ; Min Period       ; CLK   ; Rise       ; northwest:inst1|green:inst1|74161:inst|f74161:sub|87   ;
; -1.487 ; 1.000        ; 2.487          ; Min Period       ; CLK   ; Rise       ; northwest:inst1|green:inst1|74161:inst|f74161:sub|9    ;
; -1.487 ; 1.000        ; 2.487          ; Min Period       ; CLK   ; Rise       ; northwest:inst1|green:inst1|74161:inst|f74161:sub|99   ;
; -1.487 ; 1.000        ; 2.487          ; Min Period       ; CLK   ; Rise       ; northwest:inst1|red:inst3|74161:inst1|f74161:sub|87    ;
; -1.487 ; 1.000        ; 2.487          ; Min Period       ; CLK   ; Rise       ; northwest:inst1|red:inst3|74161:inst1|f74161:sub|9     ;
; -1.487 ; 1.000        ; 2.487          ; Min Period       ; CLK   ; Rise       ; northwest:inst1|red:inst3|74161:inst|f74161:sub|110    ;
; -1.487 ; 1.000        ; 2.487          ; Min Period       ; CLK   ; Rise       ; northwest:inst1|red:inst3|74161:inst|f74161:sub|87     ;
; -1.487 ; 1.000        ; 2.487          ; Min Period       ; CLK   ; Rise       ; northwest:inst1|red:inst3|74161:inst|f74161:sub|9      ;
; -1.487 ; 1.000        ; 2.487          ; Min Period       ; CLK   ; Rise       ; northwest:inst1|red:inst3|74161:inst|f74161:sub|99     ;
; -1.487 ; 1.000        ; 2.487          ; Min Period       ; CLK   ; Rise       ; northwest:inst1|yellow:inst2|74161:inst|f74161:sub|110 ;
; -1.487 ; 1.000        ; 2.487          ; Min Period       ; CLK   ; Rise       ; northwest:inst1|yellow:inst2|74161:inst|f74161:sub|87  ;
; -1.487 ; 1.000        ; 2.487          ; Min Period       ; CLK   ; Rise       ; northwest:inst1|yellow:inst2|74161:inst|f74161:sub|9   ;
; -1.487 ; 1.000        ; 2.487          ; Min Period       ; CLK   ; Rise       ; northwest:inst1|yellow:inst2|74161:inst|f74161:sub|99  ;
; -1.487 ; 1.000        ; 2.487          ; Min Period       ; CLK   ; Rise       ; southeast:inst|control:inst|74161:inst|f74161:sub|87   ;
; -1.487 ; 1.000        ; 2.487          ; Min Period       ; CLK   ; Rise       ; southeast:inst|control:inst|74161:inst|f74161:sub|9    ;
; -1.487 ; 1.000        ; 2.487          ; Min Period       ; CLK   ; Rise       ; southeast:inst|green:inst1|74161:inst1|f74161:sub|87   ;
; -1.487 ; 1.000        ; 2.487          ; Min Period       ; CLK   ; Rise       ; southeast:inst|green:inst1|74161:inst1|f74161:sub|9    ;
; -1.487 ; 1.000        ; 2.487          ; Min Period       ; CLK   ; Rise       ; southeast:inst|green:inst1|74161:inst1|f74161:sub|99   ;
; -1.487 ; 1.000        ; 2.487          ; Min Period       ; CLK   ; Rise       ; southeast:inst|green:inst1|74161:inst|f74161:sub|110   ;
; -1.487 ; 1.000        ; 2.487          ; Min Period       ; CLK   ; Rise       ; southeast:inst|green:inst1|74161:inst|f74161:sub|87    ;
; -1.487 ; 1.000        ; 2.487          ; Min Period       ; CLK   ; Rise       ; southeast:inst|green:inst1|74161:inst|f74161:sub|9     ;
; -1.487 ; 1.000        ; 2.487          ; Min Period       ; CLK   ; Rise       ; southeast:inst|green:inst1|74161:inst|f74161:sub|99    ;
; -1.487 ; 1.000        ; 2.487          ; Min Period       ; CLK   ; Rise       ; southeast:inst|red:inst3|74161:inst1|f74161:sub|87     ;
; -1.487 ; 1.000        ; 2.487          ; Min Period       ; CLK   ; Rise       ; southeast:inst|red:inst3|74161:inst1|f74161:sub|9      ;
; -1.487 ; 1.000        ; 2.487          ; Min Period       ; CLK   ; Rise       ; southeast:inst|red:inst3|74161:inst|f74161:sub|110     ;
; -1.487 ; 1.000        ; 2.487          ; Min Period       ; CLK   ; Rise       ; southeast:inst|red:inst3|74161:inst|f74161:sub|87      ;
; -1.487 ; 1.000        ; 2.487          ; Min Period       ; CLK   ; Rise       ; southeast:inst|red:inst3|74161:inst|f74161:sub|9       ;
; -1.487 ; 1.000        ; 2.487          ; Min Period       ; CLK   ; Rise       ; southeast:inst|red:inst3|74161:inst|f74161:sub|99      ;
; -1.487 ; 1.000        ; 2.487          ; Min Period       ; CLK   ; Rise       ; southeast:inst|yellow:inst2|74161:inst|f74161:sub|110  ;
; -1.487 ; 1.000        ; 2.487          ; Min Period       ; CLK   ; Rise       ; southeast:inst|yellow:inst2|74161:inst|f74161:sub|87   ;
; -1.487 ; 1.000        ; 2.487          ; Min Period       ; CLK   ; Rise       ; southeast:inst|yellow:inst2|74161:inst|f74161:sub|9    ;
; -1.487 ; 1.000        ; 2.487          ; Min Period       ; CLK   ; Rise       ; southeast:inst|yellow:inst2|74161:inst|f74161:sub|99   ;
; -0.002 ; 0.218        ; 0.220          ; High Pulse Width ; CLK   ; Rise       ; northwest:inst1|red:inst3|74161:inst1|f74161:sub|87    ;
; -0.002 ; 0.218        ; 0.220          ; High Pulse Width ; CLK   ; Rise       ; northwest:inst1|red:inst3|74161:inst1|f74161:sub|9     ;
; -0.002 ; 0.218        ; 0.220          ; High Pulse Width ; CLK   ; Rise       ; northwest:inst1|red:inst3|74161:inst|f74161:sub|110    ;
; -0.002 ; 0.218        ; 0.220          ; High Pulse Width ; CLK   ; Rise       ; northwest:inst1|red:inst3|74161:inst|f74161:sub|87     ;
; -0.002 ; 0.218        ; 0.220          ; High Pulse Width ; CLK   ; Rise       ; northwest:inst1|red:inst3|74161:inst|f74161:sub|9      ;
; -0.002 ; 0.218        ; 0.220          ; High Pulse Width ; CLK   ; Rise       ; northwest:inst1|red:inst3|74161:inst|f74161:sub|99     ;
; 0.171  ; 0.391        ; 0.220          ; High Pulse Width ; CLK   ; Rise       ; southeast:inst|control:inst|74161:inst|f74161:sub|87   ;
; 0.188  ; 0.408        ; 0.220          ; High Pulse Width ; CLK   ; Rise       ; southeast:inst|control:inst|74161:inst|f74161:sub|9    ;
; 0.188  ; 0.408        ; 0.220          ; High Pulse Width ; CLK   ; Rise       ; southeast:inst|green:inst1|74161:inst1|f74161:sub|87   ;
; 0.188  ; 0.408        ; 0.220          ; High Pulse Width ; CLK   ; Rise       ; southeast:inst|green:inst1|74161:inst1|f74161:sub|9    ;
; 0.188  ; 0.408        ; 0.220          ; High Pulse Width ; CLK   ; Rise       ; southeast:inst|green:inst1|74161:inst1|f74161:sub|99   ;
; 0.188  ; 0.408        ; 0.220          ; High Pulse Width ; CLK   ; Rise       ; southeast:inst|green:inst1|74161:inst|f74161:sub|110   ;
; 0.188  ; 0.408        ; 0.220          ; High Pulse Width ; CLK   ; Rise       ; southeast:inst|green:inst1|74161:inst|f74161:sub|87    ;
; 0.188  ; 0.408        ; 0.220          ; High Pulse Width ; CLK   ; Rise       ; southeast:inst|green:inst1|74161:inst|f74161:sub|9     ;
; 0.188  ; 0.408        ; 0.220          ; High Pulse Width ; CLK   ; Rise       ; southeast:inst|green:inst1|74161:inst|f74161:sub|99    ;
; 0.188  ; 0.408        ; 0.220          ; High Pulse Width ; CLK   ; Rise       ; southeast:inst|yellow:inst2|74161:inst|f74161:sub|110  ;
; 0.188  ; 0.408        ; 0.220          ; High Pulse Width ; CLK   ; Rise       ; southeast:inst|yellow:inst2|74161:inst|f74161:sub|87   ;
; 0.188  ; 0.408        ; 0.220          ; High Pulse Width ; CLK   ; Rise       ; southeast:inst|yellow:inst2|74161:inst|f74161:sub|9    ;
; 0.188  ; 0.408        ; 0.220          ; High Pulse Width ; CLK   ; Rise       ; southeast:inst|yellow:inst2|74161:inst|f74161:sub|99   ;
; 0.191  ; 0.411        ; 0.220          ; High Pulse Width ; CLK   ; Rise       ; northwest:inst1|control:inst|74161:inst|f74161:sub|87  ;
; 0.204  ; 0.424        ; 0.220          ; High Pulse Width ; CLK   ; Rise       ; northwest:inst1|control:inst|74161:inst|f74161:sub|9   ;
; 0.204  ; 0.424        ; 0.220          ; High Pulse Width ; CLK   ; Rise       ; northwest:inst1|green:inst1|74161:inst1|f74161:sub|87  ;
; 0.204  ; 0.424        ; 0.220          ; High Pulse Width ; CLK   ; Rise       ; northwest:inst1|green:inst1|74161:inst1|f74161:sub|9   ;
; 0.204  ; 0.424        ; 0.220          ; High Pulse Width ; CLK   ; Rise       ; northwest:inst1|green:inst1|74161:inst1|f74161:sub|99  ;
; 0.204  ; 0.424        ; 0.220          ; High Pulse Width ; CLK   ; Rise       ; northwest:inst1|green:inst1|74161:inst|f74161:sub|110  ;
; 0.204  ; 0.424        ; 0.220          ; High Pulse Width ; CLK   ; Rise       ; northwest:inst1|green:inst1|74161:inst|f74161:sub|87   ;
; 0.204  ; 0.424        ; 0.220          ; High Pulse Width ; CLK   ; Rise       ; northwest:inst1|green:inst1|74161:inst|f74161:sub|9    ;
; 0.204  ; 0.424        ; 0.220          ; High Pulse Width ; CLK   ; Rise       ; northwest:inst1|green:inst1|74161:inst|f74161:sub|99   ;
; 0.204  ; 0.424        ; 0.220          ; High Pulse Width ; CLK   ; Rise       ; northwest:inst1|yellow:inst2|74161:inst|f74161:sub|110 ;
; 0.204  ; 0.424        ; 0.220          ; High Pulse Width ; CLK   ; Rise       ; northwest:inst1|yellow:inst2|74161:inst|f74161:sub|87  ;
; 0.204  ; 0.424        ; 0.220          ; High Pulse Width ; CLK   ; Rise       ; northwest:inst1|yellow:inst2|74161:inst|f74161:sub|9   ;
; 0.204  ; 0.424        ; 0.220          ; High Pulse Width ; CLK   ; Rise       ; northwest:inst1|yellow:inst2|74161:inst|f74161:sub|99  ;
; 0.214  ; 0.434        ; 0.220          ; High Pulse Width ; CLK   ; Rise       ; southeast:inst|red:inst3|74161:inst1|f74161:sub|87     ;
; 0.214  ; 0.434        ; 0.220          ; High Pulse Width ; CLK   ; Rise       ; southeast:inst|red:inst3|74161:inst1|f74161:sub|9      ;
; 0.214  ; 0.434        ; 0.220          ; High Pulse Width ; CLK   ; Rise       ; southeast:inst|red:inst3|74161:inst|f74161:sub|110     ;
; 0.214  ; 0.434        ; 0.220          ; High Pulse Width ; CLK   ; Rise       ; southeast:inst|red:inst3|74161:inst|f74161:sub|87      ;
; 0.214  ; 0.434        ; 0.220          ; High Pulse Width ; CLK   ; Rise       ; southeast:inst|red:inst3|74161:inst|f74161:sub|9       ;
; 0.214  ; 0.434        ; 0.220          ; High Pulse Width ; CLK   ; Rise       ; southeast:inst|red:inst3|74161:inst|f74161:sub|99      ;
; 0.267  ; 0.267        ; 0.000          ; High Pulse Width ; CLK   ; Rise       ; inst1|inst3|inst1|sub|87|clk                           ;
; 0.267  ; 0.267        ; 0.000          ; High Pulse Width ; CLK   ; Rise       ; inst1|inst3|inst1|sub|9|clk                            ;
; 0.267  ; 0.267        ; 0.000          ; High Pulse Width ; CLK   ; Rise       ; inst1|inst3|inst|sub|110|clk                           ;
; 0.267  ; 0.267        ; 0.000          ; High Pulse Width ; CLK   ; Rise       ; inst1|inst3|inst|sub|87|clk                            ;
; 0.267  ; 0.267        ; 0.000          ; High Pulse Width ; CLK   ; Rise       ; inst1|inst3|inst|sub|99|clk                            ;
; 0.267  ; 0.267        ; 0.000          ; High Pulse Width ; CLK   ; Rise       ; inst1|inst3|inst|sub|9|clk                             ;
; 0.375  ; 0.563        ; 0.188          ; Low Pulse Width  ; CLK   ; Rise       ; southeast:inst|red:inst3|74161:inst1|f74161:sub|87     ;
; 0.375  ; 0.563        ; 0.188          ; Low Pulse Width  ; CLK   ; Rise       ; southeast:inst|red:inst3|74161:inst1|f74161:sub|9      ;
; 0.375  ; 0.563        ; 0.188          ; Low Pulse Width  ; CLK   ; Rise       ; southeast:inst|red:inst3|74161:inst|f74161:sub|110     ;
; 0.375  ; 0.563        ; 0.188          ; Low Pulse Width  ; CLK   ; Rise       ; southeast:inst|red:inst3|74161:inst|f74161:sub|87      ;
; 0.375  ; 0.563        ; 0.188          ; Low Pulse Width  ; CLK   ; Rise       ; southeast:inst|red:inst3|74161:inst|f74161:sub|9       ;
; 0.375  ; 0.563        ; 0.188          ; Low Pulse Width  ; CLK   ; Rise       ; southeast:inst|red:inst3|74161:inst|f74161:sub|99      ;
; 0.384  ; 0.572        ; 0.188          ; Low Pulse Width  ; CLK   ; Rise       ; northwest:inst1|control:inst|74161:inst|f74161:sub|9   ;
; 0.384  ; 0.572        ; 0.188          ; Low Pulse Width  ; CLK   ; Rise       ; northwest:inst1|green:inst1|74161:inst1|f74161:sub|87  ;
; 0.384  ; 0.572        ; 0.188          ; Low Pulse Width  ; CLK   ; Rise       ; northwest:inst1|green:inst1|74161:inst1|f74161:sub|9   ;
; 0.384  ; 0.572        ; 0.188          ; Low Pulse Width  ; CLK   ; Rise       ; northwest:inst1|green:inst1|74161:inst1|f74161:sub|99  ;
; 0.384  ; 0.572        ; 0.188          ; Low Pulse Width  ; CLK   ; Rise       ; northwest:inst1|green:inst1|74161:inst|f74161:sub|110  ;
; 0.384  ; 0.572        ; 0.188          ; Low Pulse Width  ; CLK   ; Rise       ; northwest:inst1|green:inst1|74161:inst|f74161:sub|87   ;
; 0.384  ; 0.572        ; 0.188          ; Low Pulse Width  ; CLK   ; Rise       ; northwest:inst1|green:inst1|74161:inst|f74161:sub|9    ;
; 0.384  ; 0.572        ; 0.188          ; Low Pulse Width  ; CLK   ; Rise       ; northwest:inst1|green:inst1|74161:inst|f74161:sub|99   ;
; 0.384  ; 0.572        ; 0.188          ; Low Pulse Width  ; CLK   ; Rise       ; northwest:inst1|yellow:inst2|74161:inst|f74161:sub|110 ;
; 0.384  ; 0.572        ; 0.188          ; Low Pulse Width  ; CLK   ; Rise       ; northwest:inst1|yellow:inst2|74161:inst|f74161:sub|87  ;
; 0.384  ; 0.572        ; 0.188          ; Low Pulse Width  ; CLK   ; Rise       ; northwest:inst1|yellow:inst2|74161:inst|f74161:sub|9   ;
+--------+--------------+----------------+------------------+-------+------------+--------------------------------------------------------+


+-------------------------------------------------------------------------+
; Clock to Output Times                                                   ;
+-----------+------------+--------+--------+------------+-----------------+
; Data Port ; Clock Port ; Rise   ; Fall   ; Clock Edge ; Clock Reference ;
+-----------+------------+--------+--------+------------+-----------------+
; A1        ; CLK        ; 11.342 ; 11.330 ; Rise       ; CLK             ;
; A2        ; CLK        ; 13.632 ; 13.151 ; Rise       ; CLK             ;
; A3        ; CLK        ; 15.886 ; 15.362 ; Rise       ; CLK             ;
; A4        ; CLK        ; 14.952 ; 14.342 ; Rise       ; CLK             ;
; A5        ; CLK        ; 12.277 ; 11.924 ; Rise       ; CLK             ;
; A6        ; CLK        ; 16.259 ; 15.439 ; Rise       ; CLK             ;
; A7        ; CLK        ; 13.204 ; 12.998 ; Rise       ; CLK             ;
; B1        ; CLK        ; 11.389 ; 11.695 ; Rise       ; CLK             ;
; B2        ; CLK        ; 11.707 ; 11.410 ; Rise       ; CLK             ;
; B3        ; CLK        ; 15.502 ; 15.173 ; Rise       ; CLK             ;
; B4        ; CLK        ; 14.083 ; 13.735 ; Rise       ; CLK             ;
; B5        ; CLK        ; 11.353 ; 11.363 ; Rise       ; CLK             ;
; B6        ; CLK        ; 12.553 ; 12.596 ; Rise       ; CLK             ;
; B7        ; CLK        ; 12.345 ; 12.437 ; Rise       ; CLK             ;
+-----------+------------+--------+--------+------------+-----------------+


+-------------------------------------------------------------------------+
; Minimum Clock to Output Times                                           ;
+-----------+------------+--------+--------+------------+-----------------+
; Data Port ; Clock Port ; Rise   ; Fall   ; Clock Edge ; Clock Reference ;
+-----------+------------+--------+--------+------------+-----------------+
; A1        ; CLK        ; 9.244  ; 9.238  ; Rise       ; CLK             ;
; A2        ; CLK        ; 10.556 ; 10.469 ; Rise       ; CLK             ;
; A3        ; CLK        ; 11.130 ; 10.701 ; Rise       ; CLK             ;
; A4        ; CLK        ; 10.480 ; 10.160 ; Rise       ; CLK             ;
; A5        ; CLK        ; 10.089 ; 9.808  ; Rise       ; CLK             ;
; A6        ; CLK        ; 10.972 ; 10.563 ; Rise       ; CLK             ;
; A7        ; CLK        ; 10.672 ; 10.244 ; Rise       ; CLK             ;
; B1        ; CLK        ; 8.969  ; 9.144  ; Rise       ; CLK             ;
; B2        ; CLK        ; 9.248  ; 9.078  ; Rise       ; CLK             ;
; B3        ; CLK        ; 10.230 ; 9.815  ; Rise       ; CLK             ;
; B4        ; CLK        ; 9.829  ; 9.634  ; Rise       ; CLK             ;
; B5        ; CLK        ; 9.313  ; 9.141  ; Rise       ; CLK             ;
; B6        ; CLK        ; 9.507  ; 9.259  ; Rise       ; CLK             ;
; B7        ; CLK        ; 9.378  ; 9.110  ; Rise       ; CLK             ;
+-----------+------------+--------+--------+------------+-----------------+


----------------------------------------------
; Slow 1200mV 85C Model Metastability Report ;
----------------------------------------------
No synchronizer chains to report.


+-----------------------------------------------------------------------------------------------------------+
; Slow 1200mV 0C Model Fmax Summary                                                                         ;
+------------+-----------------+------------+---------------------------------------------------------------+
; Fmax       ; Restricted Fmax ; Clock Name ; Note                                                          ;
+------------+-----------------+------------+---------------------------------------------------------------+
; 282.33 MHz ; 250.0 MHz       ; CLK        ; limit due to minimum period restriction (max I/O toggle rate) ;
+------------+-----------------+------------+---------------------------------------------------------------+
This panel reports FMAX for every clock in the design, regardless of the user-specified clock periods.  FMAX is only computed for paths where the source and destination registers or ports are driven by the same clock.  Paths of different clocks, including generated clocks, are ignored.  For paths between a clock and its inversion, FMAX is computed as if the rising and falling edges are scaled along with FMAX, such that the duty cycle (in terms of a percentage) is maintained. Altera recommends that you always use clock constraints and other slack reports for sign-off analysis.


+------------------------------------+
; Slow 1200mV 0C Model Setup Summary ;
+-------+--------+-------------------+
; Clock ; Slack  ; End Point TNS     ;
+-------+--------+-------------------+
; CLK   ; -2.542 ; -53.646           ;
+-------+--------+-------------------+


+-----------------------------------+
; Slow 1200mV 0C Model Hold Summary ;
+-------+-------+-------------------+
; Clock ; Slack ; End Point TNS     ;
+-------+-------+-------------------+
; CLK   ; 0.420 ; 0.000             ;
+-------+-------+-------------------+


-----------------------------------------
; Slow 1200mV 0C Model Recovery Summary ;
-----------------------------------------
No paths to report.


----------------------------------------
; Slow 1200mV 0C Model Removal Summary ;
----------------------------------------
No paths to report.


+--------------------------------------------------+
; Slow 1200mV 0C Model Minimum Pulse Width Summary ;
+-------+--------+---------------------------------+
; Clock ; Slack  ; End Point TNS                   ;
+-------+--------+---------------------------------+
; CLK   ; -3.000 ; -60.364                         ;
+-------+--------+---------------------------------+


+------------------------------------------------------------------------------------------------------------------------------------------------------------------------------------------------+
; Slow 1200mV 0C Model Setup: 'CLK'                                                                                                                                                              ;
+--------+--------------------------------------------------------+--------------------------------------------------------+--------------+-------------+--------------+------------+------------+
; Slack  ; From Node                                              ; To Node                                                ; Launch Clock ; Latch Clock ; Relationship ; Clock Skew ; Data Delay ;
+--------+--------------------------------------------------------+--------------------------------------------------------+--------------+-------------+--------------+------------+------------+
; -2.542 ; southeast:inst|control:inst|74161:inst|f74161:sub|9    ; southeast:inst|yellow:inst2|74161:inst|f74161:sub|99   ; CLK          ; CLK         ; 1.000        ; -0.051     ; 3.513      ;
; -2.541 ; southeast:inst|control:inst|74161:inst|f74161:sub|9    ; southeast:inst|yellow:inst2|74161:inst|f74161:sub|110  ; CLK          ; CLK         ; 1.000        ; -0.051     ; 3.512      ;
; -2.453 ; southeast:inst|control:inst|74161:inst|f74161:sub|9    ; southeast:inst|yellow:inst2|74161:inst|f74161:sub|87   ; CLK          ; CLK         ; 1.000        ; -0.051     ; 3.424      ;
; -2.421 ; southeast:inst|green:inst1|74161:inst|f74161:sub|9     ; southeast:inst|green:inst1|74161:inst|f74161:sub|99    ; CLK          ; CLK         ; 1.000        ; -0.051     ; 3.392      ;
; -2.420 ; southeast:inst|green:inst1|74161:inst|f74161:sub|9     ; southeast:inst|green:inst1|74161:inst|f74161:sub|110   ; CLK          ; CLK         ; 1.000        ; -0.051     ; 3.391      ;
; -2.387 ; southeast:inst|green:inst1|74161:inst|f74161:sub|87    ; southeast:inst|control:inst|74161:inst|f74161:sub|87   ; CLK          ; CLK         ; 1.000        ; -0.278     ; 3.131      ;
; -2.376 ; southeast:inst|green:inst1|74161:inst|f74161:sub|9     ; southeast:inst|control:inst|74161:inst|f74161:sub|87   ; CLK          ; CLK         ; 1.000        ; -0.278     ; 3.120      ;
; -2.362 ; southeast:inst|control:inst|74161:inst|f74161:sub|87   ; southeast:inst|red:inst3|74161:inst|f74161:sub|110     ; CLK          ; CLK         ; 1.000        ; 0.384      ; 3.768      ;
; -2.362 ; southeast:inst|control:inst|74161:inst|f74161:sub|87   ; southeast:inst|red:inst3|74161:inst|f74161:sub|99      ; CLK          ; CLK         ; 1.000        ; 0.384      ; 3.768      ;
; -2.330 ; southeast:inst|control:inst|74161:inst|f74161:sub|9    ; southeast:inst|green:inst1|74161:inst|f74161:sub|87    ; CLK          ; CLK         ; 1.000        ; -0.051     ; 3.301      ;
; -2.291 ; southeast:inst|yellow:inst2|74161:inst|f74161:sub|9    ; southeast:inst|yellow:inst2|74161:inst|f74161:sub|99   ; CLK          ; CLK         ; 1.000        ; -0.051     ; 3.262      ;
; -2.290 ; southeast:inst|yellow:inst2|74161:inst|f74161:sub|9    ; southeast:inst|yellow:inst2|74161:inst|f74161:sub|110  ; CLK          ; CLK         ; 1.000        ; -0.051     ; 3.261      ;
; -2.283 ; southeast:inst|control:inst|74161:inst|f74161:sub|9    ; southeast:inst|green:inst1|74161:inst|f74161:sub|99    ; CLK          ; CLK         ; 1.000        ; -0.051     ; 3.254      ;
; -2.282 ; southeast:inst|control:inst|74161:inst|f74161:sub|9    ; southeast:inst|green:inst1|74161:inst|f74161:sub|110   ; CLK          ; CLK         ; 1.000        ; -0.051     ; 3.253      ;
; -2.263 ; southeast:inst|green:inst1|74161:inst|f74161:sub|110   ; southeast:inst|green:inst1|74161:inst1|f74161:sub|87   ; CLK          ; CLK         ; 1.000        ; -0.051     ; 3.234      ;
; -2.263 ; southeast:inst|green:inst1|74161:inst|f74161:sub|110   ; southeast:inst|green:inst1|74161:inst1|f74161:sub|99   ; CLK          ; CLK         ; 1.000        ; -0.051     ; 3.234      ;
; -2.247 ; southeast:inst|yellow:inst2|74161:inst|f74161:sub|87   ; southeast:inst|control:inst|74161:inst|f74161:sub|87   ; CLK          ; CLK         ; 1.000        ; -0.278     ; 2.991      ;
; -2.216 ; southeast:inst|yellow:inst2|74161:inst|f74161:sub|9    ; southeast:inst|control:inst|74161:inst|f74161:sub|87   ; CLK          ; CLK         ; 1.000        ; -0.278     ; 2.960      ;
; -2.213 ; southeast:inst|green:inst1|74161:inst|f74161:sub|87    ; southeast:inst|green:inst1|74161:inst|f74161:sub|99    ; CLK          ; CLK         ; 1.000        ; -0.051     ; 3.184      ;
; -2.212 ; southeast:inst|green:inst1|74161:inst|f74161:sub|87    ; southeast:inst|green:inst1|74161:inst|f74161:sub|110   ; CLK          ; CLK         ; 1.000        ; -0.051     ; 3.183      ;
; -2.192 ; southeast:inst|green:inst1|74161:inst|f74161:sub|110   ; southeast:inst|control:inst|74161:inst|f74161:sub|87   ; CLK          ; CLK         ; 1.000        ; -0.278     ; 2.936      ;
; -2.186 ; southeast:inst|yellow:inst2|74161:inst|f74161:sub|87   ; southeast:inst|yellow:inst2|74161:inst|f74161:sub|99   ; CLK          ; CLK         ; 1.000        ; -0.051     ; 3.157      ;
; -2.185 ; southeast:inst|yellow:inst2|74161:inst|f74161:sub|87   ; southeast:inst|yellow:inst2|74161:inst|f74161:sub|110  ; CLK          ; CLK         ; 1.000        ; -0.051     ; 3.156      ;
; -2.149 ; southeast:inst|green:inst1|74161:inst|f74161:sub|9     ; southeast:inst|green:inst1|74161:inst1|f74161:sub|87   ; CLK          ; CLK         ; 1.000        ; -0.051     ; 3.120      ;
; -2.149 ; southeast:inst|green:inst1|74161:inst|f74161:sub|9     ; southeast:inst|green:inst1|74161:inst1|f74161:sub|99   ; CLK          ; CLK         ; 1.000        ; -0.051     ; 3.120      ;
; -2.118 ; southeast:inst|green:inst1|74161:inst1|f74161:sub|87   ; southeast:inst|control:inst|74161:inst|f74161:sub|87   ; CLK          ; CLK         ; 1.000        ; -0.278     ; 2.862      ;
; -2.077 ; southeast:inst|green:inst1|74161:inst|f74161:sub|99    ; southeast:inst|control:inst|74161:inst|f74161:sub|87   ; CLK          ; CLK         ; 1.000        ; -0.278     ; 2.821      ;
; -2.044 ; southeast:inst|yellow:inst2|74161:inst|f74161:sub|110  ; southeast:inst|control:inst|74161:inst|f74161:sub|87   ; CLK          ; CLK         ; 1.000        ; -0.278     ; 2.788      ;
; -1.948 ; southeast:inst|yellow:inst2|74161:inst|f74161:sub|99   ; southeast:inst|control:inst|74161:inst|f74161:sub|87   ; CLK          ; CLK         ; 1.000        ; -0.278     ; 2.692      ;
; -1.927 ; southeast:inst|green:inst1|74161:inst1|f74161:sub|99   ; southeast:inst|control:inst|74161:inst|f74161:sub|87   ; CLK          ; CLK         ; 1.000        ; -0.278     ; 2.671      ;
; -1.837 ; southeast:inst|control:inst|74161:inst|f74161:sub|9    ; southeast:inst|control:inst|74161:inst|f74161:sub|87   ; CLK          ; CLK         ; 1.000        ; -0.278     ; 2.581      ;
; -1.824 ; southeast:inst|control:inst|74161:inst|f74161:sub|87   ; southeast:inst|red:inst3|74161:inst|f74161:sub|9       ; CLK          ; CLK         ; 1.000        ; 0.384      ; 3.230      ;
; -1.785 ; southeast:inst|green:inst1|74161:inst1|f74161:sub|9    ; southeast:inst|control:inst|74161:inst|f74161:sub|87   ; CLK          ; CLK         ; 1.000        ; -0.278     ; 2.529      ;
; -1.774 ; southeast:inst|control:inst|74161:inst|f74161:sub|87   ; southeast:inst|red:inst3|74161:inst|f74161:sub|87      ; CLK          ; CLK         ; 1.000        ; 0.384      ; 3.180      ;
; -1.581 ; southeast:inst|control:inst|74161:inst|f74161:sub|87   ; southeast:inst|green:inst1|74161:inst|f74161:sub|87    ; CLK          ; CLK         ; 1.000        ; 0.030      ; 2.633      ;
; -1.581 ; northwest:inst1|yellow:inst2|74161:inst|f74161:sub|99  ; northwest:inst1|control:inst|74161:inst|f74161:sub|87  ; CLK          ; CLK         ; 1.000        ; -0.116     ; 2.487      ;
; -1.572 ; northwest:inst1|green:inst1|74161:inst1|f74161:sub|9   ; northwest:inst1|control:inst|74161:inst|f74161:sub|9   ; CLK          ; CLK         ; 1.000        ; -0.049     ; 2.545      ;
; -1.568 ; southeast:inst|control:inst|74161:inst|f74161:sub|87   ; southeast:inst|yellow:inst2|74161:inst|f74161:sub|87   ; CLK          ; CLK         ; 1.000        ; 0.030      ; 2.620      ;
; -1.568 ; northwest:inst1|green:inst1|74161:inst1|f74161:sub|99  ; northwest:inst1|control:inst|74161:inst|f74161:sub|9   ; CLK          ; CLK         ; 1.000        ; -0.049     ; 2.541      ;
; -1.521 ; northwest:inst1|yellow:inst2|74161:inst|f74161:sub|110 ; northwest:inst1|control:inst|74161:inst|f74161:sub|87  ; CLK          ; CLK         ; 1.000        ; -0.116     ; 2.427      ;
; -1.497 ; southeast:inst|control:inst|74161:inst|f74161:sub|87   ; southeast:inst|yellow:inst2|74161:inst|f74161:sub|99   ; CLK          ; CLK         ; 1.000        ; 0.030      ; 2.549      ;
; -1.496 ; southeast:inst|control:inst|74161:inst|f74161:sub|87   ; southeast:inst|yellow:inst2|74161:inst|f74161:sub|110  ; CLK          ; CLK         ; 1.000        ; 0.030      ; 2.548      ;
; -1.489 ; southeast:inst|control:inst|74161:inst|f74161:sub|87   ; southeast:inst|green:inst1|74161:inst|f74161:sub|99    ; CLK          ; CLK         ; 1.000        ; 0.030      ; 2.541      ;
; -1.488 ; southeast:inst|control:inst|74161:inst|f74161:sub|87   ; southeast:inst|green:inst1|74161:inst|f74161:sub|110   ; CLK          ; CLK         ; 1.000        ; 0.030      ; 2.540      ;
; -1.447 ; northwest:inst1|green:inst1|74161:inst|f74161:sub|87   ; northwest:inst1|green:inst1|74161:inst|f74161:sub|99   ; CLK          ; CLK         ; 1.000        ; -0.049     ; 2.420      ;
; -1.431 ; northwest:inst1|yellow:inst2|74161:inst|f74161:sub|87  ; northwest:inst1|control:inst|74161:inst|f74161:sub|87  ; CLK          ; CLK         ; 1.000        ; -0.116     ; 2.337      ;
; -1.427 ; northwest:inst1|control:inst|74161:inst|f74161:sub|87  ; northwest:inst1|red:inst3|74161:inst|f74161:sub|110    ; CLK          ; CLK         ; 1.000        ; 0.229      ; 2.678      ;
; -1.425 ; northwest:inst1|control:inst|74161:inst|f74161:sub|87  ; northwest:inst1|red:inst3|74161:inst|f74161:sub|99     ; CLK          ; CLK         ; 1.000        ; 0.229      ; 2.676      ;
; -1.400 ; northwest:inst1|yellow:inst2|74161:inst|f74161:sub|99  ; northwest:inst1|control:inst|74161:inst|f74161:sub|9   ; CLK          ; CLK         ; 1.000        ; -0.049     ; 2.373      ;
; -1.358 ; northwest:inst1|green:inst1|74161:inst1|f74161:sub|9   ; northwest:inst1|control:inst|74161:inst|f74161:sub|87  ; CLK          ; CLK         ; 1.000        ; -0.116     ; 2.264      ;
; -1.349 ; northwest:inst1|yellow:inst2|74161:inst|f74161:sub|110 ; northwest:inst1|control:inst|74161:inst|f74161:sub|9   ; CLK          ; CLK         ; 1.000        ; -0.049     ; 2.322      ;
; -1.344 ; northwest:inst1|green:inst1|74161:inst1|f74161:sub|99  ; northwest:inst1|control:inst|74161:inst|f74161:sub|87  ; CLK          ; CLK         ; 1.000        ; -0.116     ; 2.250      ;
; -1.298 ; southeast:inst|yellow:inst2|74161:inst|f74161:sub|87   ; southeast:inst|control:inst|74161:inst|f74161:sub|9    ; CLK          ; CLK         ; 1.000        ; -0.051     ; 2.269      ;
; -1.276 ; northwest:inst1|green:inst1|74161:inst|f74161:sub|9    ; northwest:inst1|green:inst1|74161:inst|f74161:sub|99   ; CLK          ; CLK         ; 1.000        ; -0.049     ; 2.249      ;
; -1.275 ; northwest:inst1|yellow:inst2|74161:inst|f74161:sub|9   ; northwest:inst1|control:inst|74161:inst|f74161:sub|87  ; CLK          ; CLK         ; 1.000        ; -0.116     ; 2.181      ;
; -1.272 ; northwest:inst1|green:inst1|74161:inst|f74161:sub|99   ; northwest:inst1|control:inst|74161:inst|f74161:sub|9   ; CLK          ; CLK         ; 1.000        ; -0.049     ; 2.245      ;
; -1.270 ; northwest:inst1|green:inst1|74161:inst|f74161:sub|99   ; northwest:inst1|control:inst|74161:inst|f74161:sub|87  ; CLK          ; CLK         ; 1.000        ; -0.116     ; 2.176      ;
; -1.267 ; southeast:inst|yellow:inst2|74161:inst|f74161:sub|9    ; southeast:inst|control:inst|74161:inst|f74161:sub|9    ; CLK          ; CLK         ; 1.000        ; -0.051     ; 2.238      ;
; -1.257 ; northwest:inst1|green:inst1|74161:inst1|f74161:sub|87  ; northwest:inst1|control:inst|74161:inst|f74161:sub|9   ; CLK          ; CLK         ; 1.000        ; -0.049     ; 2.230      ;
; -1.250 ; northwest:inst1|yellow:inst2|74161:inst|f74161:sub|87  ; northwest:inst1|control:inst|74161:inst|f74161:sub|9   ; CLK          ; CLK         ; 1.000        ; -0.049     ; 2.223      ;
; -1.240 ; northwest:inst1|control:inst|74161:inst|f74161:sub|87  ; northwest:inst1|yellow:inst2|74161:inst|f74161:sub|110 ; CLK          ; CLK         ; 1.000        ; -0.027     ; 2.235      ;
; -1.239 ; northwest:inst1|control:inst|74161:inst|f74161:sub|87  ; northwest:inst1|yellow:inst2|74161:inst|f74161:sub|99  ; CLK          ; CLK         ; 1.000        ; -0.027     ; 2.234      ;
; -1.229 ; northwest:inst1|green:inst1|74161:inst|f74161:sub|110  ; northwest:inst1|control:inst|74161:inst|f74161:sub|9   ; CLK          ; CLK         ; 1.000        ; -0.049     ; 2.202      ;
; -1.227 ; northwest:inst1|green:inst1|74161:inst|f74161:sub|110  ; northwest:inst1|control:inst|74161:inst|f74161:sub|87  ; CLK          ; CLK         ; 1.000        ; -0.116     ; 2.133      ;
; -1.137 ; northwest:inst1|control:inst|74161:inst|f74161:sub|87  ; northwest:inst1|yellow:inst2|74161:inst|f74161:sub|87  ; CLK          ; CLK         ; 1.000        ; -0.027     ; 2.132      ;
; -1.128 ; southeast:inst|yellow:inst2|74161:inst|f74161:sub|110  ; southeast:inst|control:inst|74161:inst|f74161:sub|9    ; CLK          ; CLK         ; 1.000        ; -0.051     ; 2.099      ;
; -1.126 ; northwest:inst1|control:inst|74161:inst|f74161:sub|9   ; northwest:inst1|yellow:inst2|74161:inst|f74161:sub|87  ; CLK          ; CLK         ; 1.000        ; -0.049     ; 2.099      ;
; -1.116 ; northwest:inst1|green:inst1|74161:inst|f74161:sub|87   ; northwest:inst1|green:inst1|74161:inst|f74161:sub|110  ; CLK          ; CLK         ; 1.000        ; -0.049     ; 2.089      ;
; -1.114 ; northwest:inst1|green:inst1|74161:inst|f74161:sub|87   ; northwest:inst1|control:inst|74161:inst|f74161:sub|9   ; CLK          ; CLK         ; 1.000        ; -0.049     ; 2.087      ;
; -1.112 ; northwest:inst1|green:inst1|74161:inst|f74161:sub|87   ; northwest:inst1|control:inst|74161:inst|f74161:sub|87  ; CLK          ; CLK         ; 1.000        ; -0.116     ; 2.018      ;
; -1.103 ; northwest:inst1|yellow:inst2|74161:inst|f74161:sub|9   ; northwest:inst1|control:inst|74161:inst|f74161:sub|9   ; CLK          ; CLK         ; 1.000        ; -0.049     ; 2.076      ;
; -1.103 ; northwest:inst1|green:inst1|74161:inst1|f74161:sub|87  ; northwest:inst1|control:inst|74161:inst|f74161:sub|87  ; CLK          ; CLK         ; 1.000        ; -0.116     ; 2.009      ;
; -1.100 ; southeast:inst|green:inst1|74161:inst1|f74161:sub|87   ; southeast:inst|control:inst|74161:inst|f74161:sub|9    ; CLK          ; CLK         ; 1.000        ; -0.051     ; 2.071      ;
; -1.087 ; northwest:inst1|control:inst|74161:inst|f74161:sub|87  ; northwest:inst1|green:inst1|74161:inst|f74161:sub|99   ; CLK          ; CLK         ; 1.000        ; -0.027     ; 2.082      ;
; -1.076 ; northwest:inst1|green:inst1|74161:inst|f74161:sub|110  ; northwest:inst1|green:inst1|74161:inst1|f74161:sub|99  ; CLK          ; CLK         ; 1.000        ; -0.049     ; 2.049      ;
; -1.075 ; northwest:inst1|control:inst|74161:inst|f74161:sub|87  ; northwest:inst1|green:inst1|74161:inst|f74161:sub|87   ; CLK          ; CLK         ; 1.000        ; -0.027     ; 2.070      ;
; -1.075 ; northwest:inst1|green:inst1|74161:inst|f74161:sub|110  ; northwest:inst1|green:inst1|74161:inst1|f74161:sub|87  ; CLK          ; CLK         ; 1.000        ; -0.049     ; 2.048      ;
; -1.056 ; northwest:inst1|control:inst|74161:inst|f74161:sub|87  ; northwest:inst1|red:inst3|74161:inst|f74161:sub|87     ; CLK          ; CLK         ; 1.000        ; 0.229      ; 2.307      ;
; -1.054 ; northwest:inst1|control:inst|74161:inst|f74161:sub|87  ; northwest:inst1|red:inst3|74161:inst|f74161:sub|9      ; CLK          ; CLK         ; 1.000        ; 0.229      ; 2.305      ;
; -1.052 ; southeast:inst|control:inst|74161:inst|f74161:sub|87   ; southeast:inst|green:inst1|74161:inst|f74161:sub|9     ; CLK          ; CLK         ; 1.000        ; 0.030      ; 2.104      ;
; -1.050 ; southeast:inst|control:inst|74161:inst|f74161:sub|87   ; southeast:inst|control:inst|74161:inst|f74161:sub|9    ; CLK          ; CLK         ; 1.000        ; 0.030      ; 2.102      ;
; -1.035 ; northwest:inst1|control:inst|74161:inst|f74161:sub|9   ; northwest:inst1|green:inst1|74161:inst|f74161:sub|99   ; CLK          ; CLK         ; 1.000        ; -0.049     ; 2.008      ;
; -1.023 ; southeast:inst|green:inst1|74161:inst1|f74161:sub|9    ; southeast:inst|green:inst1|74161:inst1|f74161:sub|87   ; CLK          ; CLK         ; 1.000        ; -0.051     ; 1.994      ;
; -1.023 ; southeast:inst|green:inst1|74161:inst1|f74161:sub|9    ; southeast:inst|green:inst1|74161:inst1|f74161:sub|99   ; CLK          ; CLK         ; 1.000        ; -0.051     ; 1.994      ;
; -0.999 ; southeast:inst|yellow:inst2|74161:inst|f74161:sub|99   ; southeast:inst|control:inst|74161:inst|f74161:sub|9    ; CLK          ; CLK         ; 1.000        ; -0.051     ; 1.970      ;
; -0.994 ; northwest:inst1|yellow:inst2|74161:inst|f74161:sub|87  ; northwest:inst1|yellow:inst2|74161:inst|f74161:sub|110 ; CLK          ; CLK         ; 1.000        ; -0.049     ; 1.967      ;
; -0.993 ; northwest:inst1|yellow:inst2|74161:inst|f74161:sub|87  ; northwest:inst1|yellow:inst2|74161:inst|f74161:sub|99  ; CLK          ; CLK         ; 1.000        ; -0.049     ; 1.966      ;
; -0.987 ; southeast:inst|green:inst1|74161:inst|f74161:sub|87    ; southeast:inst|control:inst|74161:inst|f74161:sub|9    ; CLK          ; CLK         ; 1.000        ; -0.051     ; 1.958      ;
; -0.987 ; northwest:inst1|control:inst|74161:inst|f74161:sub|9   ; northwest:inst1|green:inst1|74161:inst|f74161:sub|87   ; CLK          ; CLK         ; 1.000        ; -0.049     ; 1.960      ;
; -0.986 ; southeast:inst|control:inst|74161:inst|f74161:sub|87   ; southeast:inst|yellow:inst2|74161:inst|f74161:sub|9    ; CLK          ; CLK         ; 1.000        ; 0.030      ; 2.038      ;
; -0.986 ; northwest:inst1|green:inst1|74161:inst|f74161:sub|9    ; northwest:inst1|control:inst|74161:inst|f74161:sub|9   ; CLK          ; CLK         ; 1.000        ; -0.049     ; 1.959      ;
; -0.984 ; northwest:inst1|green:inst1|74161:inst|f74161:sub|9    ; northwest:inst1|control:inst|74161:inst|f74161:sub|87  ; CLK          ; CLK         ; 1.000        ; -0.116     ; 1.890      ;
; -0.976 ; southeast:inst|green:inst1|74161:inst|f74161:sub|9     ; southeast:inst|control:inst|74161:inst|f74161:sub|9    ; CLK          ; CLK         ; 1.000        ; -0.051     ; 1.947      ;
; -0.950 ; southeast:inst|green:inst1|74161:inst1|f74161:sub|99   ; southeast:inst|control:inst|74161:inst|f74161:sub|9    ; CLK          ; CLK         ; 1.000        ; -0.051     ; 1.921      ;
; -0.945 ; northwest:inst1|green:inst1|74161:inst|f74161:sub|9    ; northwest:inst1|green:inst1|74161:inst|f74161:sub|110  ; CLK          ; CLK         ; 1.000        ; -0.049     ; 1.918      ;
; -0.915 ; southeast:inst|green:inst1|74161:inst|f74161:sub|9     ; southeast:inst|green:inst1|74161:inst1|f74161:sub|9    ; CLK          ; CLK         ; 1.000        ; -0.051     ; 1.886      ;
; -0.901 ; southeast:inst|red:inst3|74161:inst|f74161:sub|9       ; southeast:inst|red:inst3|74161:inst|f74161:sub|110     ; CLK          ; CLK         ; 1.000        ; -0.054     ; 1.869      ;
; -0.900 ; southeast:inst|red:inst3|74161:inst|f74161:sub|9       ; southeast:inst|red:inst3|74161:inst|f74161:sub|99      ; CLK          ; CLK         ; 1.000        ; -0.054     ; 1.868      ;
; -0.875 ; northwest:inst1|yellow:inst2|74161:inst|f74161:sub|9   ; northwest:inst1|yellow:inst2|74161:inst|f74161:sub|110 ; CLK          ; CLK         ; 1.000        ; -0.049     ; 1.848      ;
; -0.874 ; northwest:inst1|yellow:inst2|74161:inst|f74161:sub|9   ; northwest:inst1|yellow:inst2|74161:inst|f74161:sub|99  ; CLK          ; CLK         ; 1.000        ; -0.049     ; 1.847      ;
+--------+--------------------------------------------------------+--------------------------------------------------------+--------------+-------------+--------------+------------+------------+


+-----------------------------------------------------------------------------------------------------------------------------------------------------------------------------------------------+
; Slow 1200mV 0C Model Hold: 'CLK'                                                                                                                                                              ;
+-------+--------------------------------------------------------+--------------------------------------------------------+--------------+-------------+--------------+------------+------------+
; Slack ; From Node                                              ; To Node                                                ; Launch Clock ; Latch Clock ; Relationship ; Clock Skew ; Data Delay ;
+-------+--------------------------------------------------------+--------------------------------------------------------+--------------+-------------+--------------+------------+------------+
; 0.420 ; southeast:inst|red:inst3|74161:inst|f74161:sub|9       ; southeast:inst|red:inst3|74161:inst|f74161:sub|9       ; CLK          ; CLK         ; 0.000        ; 0.054      ; 0.669      ;
; 0.420 ; southeast:inst|red:inst3|74161:inst|f74161:sub|110     ; southeast:inst|red:inst3|74161:inst|f74161:sub|110     ; CLK          ; CLK         ; 0.000        ; 0.054      ; 0.669      ;
; 0.420 ; southeast:inst|red:inst3|74161:inst|f74161:sub|99      ; southeast:inst|red:inst3|74161:inst|f74161:sub|99      ; CLK          ; CLK         ; 0.000        ; 0.054      ; 0.669      ;
; 0.420 ; southeast:inst|red:inst3|74161:inst|f74161:sub|87      ; southeast:inst|red:inst3|74161:inst|f74161:sub|87      ; CLK          ; CLK         ; 0.000        ; 0.054      ; 0.669      ;
; 0.420 ; southeast:inst|red:inst3|74161:inst1|f74161:sub|9      ; southeast:inst|red:inst3|74161:inst1|f74161:sub|9      ; CLK          ; CLK         ; 0.000        ; 0.054      ; 0.669      ;
; 0.420 ; southeast:inst|red:inst3|74161:inst1|f74161:sub|87     ; southeast:inst|red:inst3|74161:inst1|f74161:sub|87     ; CLK          ; CLK         ; 0.000        ; 0.054      ; 0.669      ;
; 0.423 ; southeast:inst|control:inst|74161:inst|f74161:sub|9    ; southeast:inst|control:inst|74161:inst|f74161:sub|9    ; CLK          ; CLK         ; 0.000        ; 0.051      ; 0.669      ;
; 0.423 ; southeast:inst|green:inst1|74161:inst|f74161:sub|9     ; southeast:inst|green:inst1|74161:inst|f74161:sub|9     ; CLK          ; CLK         ; 0.000        ; 0.051      ; 0.669      ;
; 0.423 ; southeast:inst|green:inst1|74161:inst|f74161:sub|87    ; southeast:inst|green:inst1|74161:inst|f74161:sub|87    ; CLK          ; CLK         ; 0.000        ; 0.051      ; 0.669      ;
; 0.423 ; southeast:inst|green:inst1|74161:inst|f74161:sub|110   ; southeast:inst|green:inst1|74161:inst|f74161:sub|110   ; CLK          ; CLK         ; 0.000        ; 0.051      ; 0.669      ;
; 0.423 ; southeast:inst|green:inst1|74161:inst|f74161:sub|99    ; southeast:inst|green:inst1|74161:inst|f74161:sub|99    ; CLK          ; CLK         ; 0.000        ; 0.051      ; 0.669      ;
; 0.423 ; southeast:inst|yellow:inst2|74161:inst|f74161:sub|87   ; southeast:inst|yellow:inst2|74161:inst|f74161:sub|87   ; CLK          ; CLK         ; 0.000        ; 0.051      ; 0.669      ;
; 0.423 ; southeast:inst|yellow:inst2|74161:inst|f74161:sub|9    ; southeast:inst|yellow:inst2|74161:inst|f74161:sub|9    ; CLK          ; CLK         ; 0.000        ; 0.051      ; 0.669      ;
; 0.423 ; southeast:inst|yellow:inst2|74161:inst|f74161:sub|110  ; southeast:inst|yellow:inst2|74161:inst|f74161:sub|110  ; CLK          ; CLK         ; 0.000        ; 0.051      ; 0.669      ;
; 0.423 ; southeast:inst|yellow:inst2|74161:inst|f74161:sub|99   ; southeast:inst|yellow:inst2|74161:inst|f74161:sub|99   ; CLK          ; CLK         ; 0.000        ; 0.051      ; 0.669      ;
; 0.423 ; southeast:inst|green:inst1|74161:inst1|f74161:sub|87   ; southeast:inst|green:inst1|74161:inst1|f74161:sub|87   ; CLK          ; CLK         ; 0.000        ; 0.051      ; 0.669      ;
; 0.423 ; southeast:inst|green:inst1|74161:inst1|f74161:sub|99   ; southeast:inst|green:inst1|74161:inst1|f74161:sub|99   ; CLK          ; CLK         ; 0.000        ; 0.051      ; 0.669      ;
; 0.423 ; southeast:inst|green:inst1|74161:inst1|f74161:sub|9    ; southeast:inst|green:inst1|74161:inst1|f74161:sub|9    ; CLK          ; CLK         ; 0.000        ; 0.051      ; 0.669      ;
; 0.423 ; northwest:inst1|red:inst3|74161:inst|f74161:sub|9      ; northwest:inst1|red:inst3|74161:inst|f74161:sub|9      ; CLK          ; CLK         ; 0.000        ; 0.051      ; 0.669      ;
; 0.423 ; northwest:inst1|red:inst3|74161:inst|f74161:sub|110    ; northwest:inst1|red:inst3|74161:inst|f74161:sub|110    ; CLK          ; CLK         ; 0.000        ; 0.051      ; 0.669      ;
; 0.423 ; northwest:inst1|red:inst3|74161:inst|f74161:sub|99     ; northwest:inst1|red:inst3|74161:inst|f74161:sub|99     ; CLK          ; CLK         ; 0.000        ; 0.051      ; 0.669      ;
; 0.423 ; northwest:inst1|red:inst3|74161:inst|f74161:sub|87     ; northwest:inst1|red:inst3|74161:inst|f74161:sub|87     ; CLK          ; CLK         ; 0.000        ; 0.051      ; 0.669      ;
; 0.423 ; northwest:inst1|red:inst3|74161:inst1|f74161:sub|9     ; northwest:inst1|red:inst3|74161:inst1|f74161:sub|9     ; CLK          ; CLK         ; 0.000        ; 0.051      ; 0.669      ;
; 0.423 ; northwest:inst1|red:inst3|74161:inst1|f74161:sub|87    ; northwest:inst1|red:inst3|74161:inst1|f74161:sub|87    ; CLK          ; CLK         ; 0.000        ; 0.051      ; 0.669      ;
; 0.425 ; northwest:inst1|control:inst|74161:inst|f74161:sub|9   ; northwest:inst1|control:inst|74161:inst|f74161:sub|9   ; CLK          ; CLK         ; 0.000        ; 0.049      ; 0.669      ;
; 0.425 ; northwest:inst1|yellow:inst2|74161:inst|f74161:sub|110 ; northwest:inst1|yellow:inst2|74161:inst|f74161:sub|110 ; CLK          ; CLK         ; 0.000        ; 0.049      ; 0.669      ;
; 0.425 ; northwest:inst1|yellow:inst2|74161:inst|f74161:sub|99  ; northwest:inst1|yellow:inst2|74161:inst|f74161:sub|99  ; CLK          ; CLK         ; 0.000        ; 0.049      ; 0.669      ;
; 0.425 ; northwest:inst1|yellow:inst2|74161:inst|f74161:sub|87  ; northwest:inst1|yellow:inst2|74161:inst|f74161:sub|87  ; CLK          ; CLK         ; 0.000        ; 0.049      ; 0.669      ;
; 0.425 ; northwest:inst1|yellow:inst2|74161:inst|f74161:sub|9   ; northwest:inst1|yellow:inst2|74161:inst|f74161:sub|9   ; CLK          ; CLK         ; 0.000        ; 0.049      ; 0.669      ;
; 0.425 ; northwest:inst1|green:inst1|74161:inst1|f74161:sub|99  ; northwest:inst1|green:inst1|74161:inst1|f74161:sub|99  ; CLK          ; CLK         ; 0.000        ; 0.049      ; 0.669      ;
; 0.425 ; northwest:inst1|green:inst1|74161:inst1|f74161:sub|9   ; northwest:inst1|green:inst1|74161:inst1|f74161:sub|9   ; CLK          ; CLK         ; 0.000        ; 0.049      ; 0.669      ;
; 0.425 ; northwest:inst1|green:inst1|74161:inst1|f74161:sub|87  ; northwest:inst1|green:inst1|74161:inst1|f74161:sub|87  ; CLK          ; CLK         ; 0.000        ; 0.049      ; 0.669      ;
; 0.425 ; northwest:inst1|green:inst1|74161:inst|f74161:sub|99   ; northwest:inst1|green:inst1|74161:inst|f74161:sub|99   ; CLK          ; CLK         ; 0.000        ; 0.049      ; 0.669      ;
; 0.425 ; northwest:inst1|green:inst1|74161:inst|f74161:sub|110  ; northwest:inst1|green:inst1|74161:inst|f74161:sub|110  ; CLK          ; CLK         ; 0.000        ; 0.049      ; 0.669      ;
; 0.425 ; northwest:inst1|green:inst1|74161:inst|f74161:sub|87   ; northwest:inst1|green:inst1|74161:inst|f74161:sub|87   ; CLK          ; CLK         ; 0.000        ; 0.049      ; 0.669      ;
; 0.425 ; northwest:inst1|green:inst1|74161:inst|f74161:sub|9    ; northwest:inst1|green:inst1|74161:inst|f74161:sub|9    ; CLK          ; CLK         ; 0.000        ; 0.049      ; 0.669      ;
; 0.489 ; southeast:inst|red:inst3|74161:inst1|f74161:sub|9      ; southeast:inst|red:inst3|74161:inst1|f74161:sub|87     ; CLK          ; CLK         ; 0.000        ; 0.054      ; 0.738      ;
; 0.492 ; northwest:inst1|red:inst3|74161:inst1|f74161:sub|9     ; northwest:inst1|red:inst3|74161:inst1|f74161:sub|87    ; CLK          ; CLK         ; 0.000        ; 0.051      ; 0.738      ;
; 0.503 ; northwest:inst1|control:inst|74161:inst|f74161:sub|9   ; northwest:inst1|yellow:inst2|74161:inst|f74161:sub|9   ; CLK          ; CLK         ; 0.000        ; 0.049      ; 0.747      ;
; 0.503 ; northwest:inst1|control:inst|74161:inst|f74161:sub|9   ; northwest:inst1|green:inst1|74161:inst|f74161:sub|9    ; CLK          ; CLK         ; 0.000        ; 0.049      ; 0.747      ;
; 0.509 ; northwest:inst1|red:inst3|74161:inst|f74161:sub|110    ; northwest:inst1|red:inst3|74161:inst1|f74161:sub|9     ; CLK          ; CLK         ; 0.000        ; 0.051      ; 0.755      ;
; 0.513 ; southeast:inst|control:inst|74161:inst|f74161:sub|9    ; southeast:inst|yellow:inst2|74161:inst|f74161:sub|9    ; CLK          ; CLK         ; 0.000        ; 0.051      ; 0.759      ;
; 0.517 ; southeast:inst|red:inst3|74161:inst|f74161:sub|9       ; southeast:inst|red:inst3|74161:inst|f74161:sub|87      ; CLK          ; CLK         ; 0.000        ; 0.054      ; 0.766      ;
; 0.520 ; southeast:inst|red:inst3|74161:inst|f74161:sub|9       ; southeast:inst|red:inst3|74161:inst|f74161:sub|110     ; CLK          ; CLK         ; 0.000        ; 0.054      ; 0.769      ;
; 0.522 ; northwest:inst1|green:inst1|74161:inst|f74161:sub|9    ; northwest:inst1|green:inst1|74161:inst|f74161:sub|87   ; CLK          ; CLK         ; 0.000        ; 0.049      ; 0.766      ;
; 0.522 ; southeast:inst|red:inst3|74161:inst|f74161:sub|9       ; southeast:inst|red:inst3|74161:inst|f74161:sub|99      ; CLK          ; CLK         ; 0.000        ; 0.054      ; 0.771      ;
; 0.527 ; northwest:inst1|green:inst1|74161:inst|f74161:sub|9    ; northwest:inst1|green:inst1|74161:inst1|f74161:sub|9   ; CLK          ; CLK         ; 0.000        ; 0.049      ; 0.771      ;
; 0.527 ; northwest:inst1|green:inst1|74161:inst|f74161:sub|9    ; northwest:inst1|green:inst1|74161:inst|f74161:sub|99   ; CLK          ; CLK         ; 0.000        ; 0.049      ; 0.771      ;
; 0.707 ; southeast:inst|green:inst1|74161:inst|f74161:sub|110   ; southeast:inst|green:inst1|74161:inst|f74161:sub|9     ; CLK          ; CLK         ; 0.000        ; 0.051      ; 0.953      ;
; 0.714 ; northwest:inst1|yellow:inst2|74161:inst|f74161:sub|110 ; northwest:inst1|yellow:inst2|74161:inst|f74161:sub|87  ; CLK          ; CLK         ; 0.000        ; 0.049      ; 0.958      ;
; 0.726 ; southeast:inst|red:inst3|74161:inst|f74161:sub|99      ; southeast:inst|red:inst3|74161:inst|f74161:sub|110     ; CLK          ; CLK         ; 0.000        ; 0.054      ; 0.975      ;
; 0.730 ; northwest:inst1|red:inst3|74161:inst|f74161:sub|99     ; northwest:inst1|red:inst3|74161:inst|f74161:sub|110    ; CLK          ; CLK         ; 0.000        ; 0.051      ; 0.976      ;
; 0.739 ; northwest:inst1|green:inst1|74161:inst1|f74161:sub|87  ; northwest:inst1|green:inst1|74161:inst1|f74161:sub|99  ; CLK          ; CLK         ; 0.000        ; 0.049      ; 0.983      ;
; 0.740 ; southeast:inst|yellow:inst2|74161:inst|f74161:sub|99   ; southeast:inst|yellow:inst2|74161:inst|f74161:sub|110  ; CLK          ; CLK         ; 0.000        ; 0.051      ; 0.986      ;
; 0.742 ; northwest:inst1|green:inst1|74161:inst|f74161:sub|99   ; northwest:inst1|green:inst1|74161:inst|f74161:sub|110  ; CLK          ; CLK         ; 0.000        ; 0.049      ; 0.986      ;
; 0.750 ; northwest:inst1|red:inst3|74161:inst|f74161:sub|9      ; northwest:inst1|red:inst3|74161:inst1|f74161:sub|9     ; CLK          ; CLK         ; 0.000        ; 0.051      ; 0.996      ;
; 0.752 ; southeast:inst|red:inst3|74161:inst|f74161:sub|110     ; southeast:inst|red:inst3|74161:inst1|f74161:sub|87     ; CLK          ; CLK         ; 0.000        ; 0.054      ; 1.001      ;
; 0.753 ; northwest:inst1|green:inst1|74161:inst1|f74161:sub|9   ; northwest:inst1|green:inst1|74161:inst1|f74161:sub|99  ; CLK          ; CLK         ; 0.000        ; 0.049      ; 0.997      ;
; 0.753 ; southeast:inst|red:inst3|74161:inst|f74161:sub|110     ; southeast:inst|red:inst3|74161:inst1|f74161:sub|9      ; CLK          ; CLK         ; 0.000        ; 0.054      ; 1.002      ;
; 0.754 ; northwest:inst1|red:inst3|74161:inst|f74161:sub|110    ; northwest:inst1|red:inst3|74161:inst1|f74161:sub|87    ; CLK          ; CLK         ; 0.000        ; 0.051      ; 1.000      ;
; 0.756 ; southeast:inst|red:inst3|74161:inst|f74161:sub|9       ; southeast:inst|red:inst3|74161:inst1|f74161:sub|87     ; CLK          ; CLK         ; 0.000        ; 0.054      ; 1.005      ;
; 0.758 ; southeast:inst|red:inst3|74161:inst|f74161:sub|9       ; southeast:inst|red:inst3|74161:inst1|f74161:sub|9      ; CLK          ; CLK         ; 0.000        ; 0.054      ; 1.007      ;
; 0.763 ; northwest:inst1|green:inst1|74161:inst|f74161:sub|110  ; northwest:inst1|green:inst1|74161:inst1|f74161:sub|9   ; CLK          ; CLK         ; 0.000        ; 0.049      ; 1.007      ;
; 0.772 ; northwest:inst1|yellow:inst2|74161:inst|f74161:sub|9   ; northwest:inst1|yellow:inst2|74161:inst|f74161:sub|110 ; CLK          ; CLK         ; 0.000        ; 0.049      ; 1.016      ;
; 0.774 ; northwest:inst1|green:inst1|74161:inst1|f74161:sub|99  ; northwest:inst1|green:inst1|74161:inst1|f74161:sub|87  ; CLK          ; CLK         ; 0.000        ; 0.049      ; 1.018      ;
; 0.775 ; southeast:inst|green:inst1|74161:inst1|f74161:sub|99   ; southeast:inst|green:inst1|74161:inst1|f74161:sub|87   ; CLK          ; CLK         ; 0.000        ; 0.051      ; 1.021      ;
; 0.776 ; northwest:inst1|green:inst1|74161:inst1|f74161:sub|9   ; northwest:inst1|green:inst1|74161:inst1|f74161:sub|87  ; CLK          ; CLK         ; 0.000        ; 0.049      ; 1.020      ;
; 0.779 ; southeast:inst|red:inst3|74161:inst|f74161:sub|110     ; southeast:inst|red:inst3|74161:inst|f74161:sub|87      ; CLK          ; CLK         ; 0.000        ; 0.054      ; 1.028      ;
; 0.780 ; northwest:inst1|red:inst3|74161:inst|f74161:sub|110    ; northwest:inst1|red:inst3|74161:inst|f74161:sub|9      ; CLK          ; CLK         ; 0.000        ; 0.051      ; 1.026      ;
; 0.780 ; southeast:inst|red:inst3|74161:inst|f74161:sub|110     ; southeast:inst|red:inst3|74161:inst|f74161:sub|99      ; CLK          ; CLK         ; 0.000        ; 0.054      ; 1.029      ;
; 0.781 ; southeast:inst|red:inst3|74161:inst|f74161:sub|110     ; southeast:inst|red:inst3|74161:inst|f74161:sub|9       ; CLK          ; CLK         ; 0.000        ; 0.054      ; 1.030      ;
; 0.782 ; southeast:inst|yellow:inst2|74161:inst|f74161:sub|110  ; southeast:inst|yellow:inst2|74161:inst|f74161:sub|9    ; CLK          ; CLK         ; 0.000        ; 0.051      ; 1.028      ;
; 0.783 ; southeast:inst|green:inst1|74161:inst|f74161:sub|110   ; southeast:inst|green:inst1|74161:inst|f74161:sub|87    ; CLK          ; CLK         ; 0.000        ; 0.051      ; 1.029      ;
; 0.783 ; southeast:inst|green:inst1|74161:inst|f74161:sub|110   ; southeast:inst|green:inst1|74161:inst|f74161:sub|99    ; CLK          ; CLK         ; 0.000        ; 0.051      ; 1.029      ;
; 0.787 ; northwest:inst1|red:inst3|74161:inst|f74161:sub|110    ; northwest:inst1|red:inst3|74161:inst|f74161:sub|99     ; CLK          ; CLK         ; 0.000        ; 0.051      ; 1.033      ;
; 0.790 ; northwest:inst1|green:inst1|74161:inst|f74161:sub|110  ; northwest:inst1|green:inst1|74161:inst|f74161:sub|99   ; CLK          ; CLK         ; 0.000        ; 0.049      ; 1.034      ;
; 0.790 ; northwest:inst1|green:inst1|74161:inst|f74161:sub|110  ; northwest:inst1|green:inst1|74161:inst|f74161:sub|9    ; CLK          ; CLK         ; 0.000        ; 0.049      ; 1.034      ;
; 0.792 ; southeast:inst|green:inst1|74161:inst|f74161:sub|9     ; southeast:inst|green:inst1|74161:inst|f74161:sub|87    ; CLK          ; CLK         ; 0.000        ; 0.051      ; 1.038      ;
; 0.795 ; northwest:inst1|green:inst1|74161:inst|f74161:sub|9    ; northwest:inst1|green:inst1|74161:inst|f74161:sub|110  ; CLK          ; CLK         ; 0.000        ; 0.049      ; 1.039      ;
; 0.801 ; northwest:inst1|red:inst3|74161:inst|f74161:sub|110    ; northwest:inst1|red:inst3|74161:inst|f74161:sub|87     ; CLK          ; CLK         ; 0.000        ; 0.051      ; 1.047      ;
; 0.805 ; southeast:inst|green:inst1|74161:inst|f74161:sub|9     ; southeast:inst|green:inst1|74161:inst|f74161:sub|99    ; CLK          ; CLK         ; 0.000        ; 0.051      ; 1.051      ;
; 0.895 ; northwest:inst1|control:inst|74161:inst|f74161:sub|87  ; northwest:inst1|yellow:inst2|74161:inst|f74161:sub|9   ; CLK          ; CLK         ; 0.000        ; 0.116      ; 1.206      ;
; 0.910 ; northwest:inst1|control:inst|74161:inst|f74161:sub|87  ; northwest:inst1|control:inst|74161:inst|f74161:sub|9   ; CLK          ; CLK         ; 0.000        ; 0.116      ; 1.221      ;
; 0.911 ; northwest:inst1|yellow:inst2|74161:inst|f74161:sub|99  ; northwest:inst1|yellow:inst2|74161:inst|f74161:sub|110 ; CLK          ; CLK         ; 0.000        ; 0.049      ; 1.155      ;
; 0.919 ; southeast:inst|green:inst1|74161:inst|f74161:sub|99    ; southeast:inst|green:inst1|74161:inst|f74161:sub|110   ; CLK          ; CLK         ; 0.000        ; 0.051      ; 1.165      ;
; 0.922 ; southeast:inst|green:inst1|74161:inst|f74161:sub|110   ; southeast:inst|green:inst1|74161:inst1|f74161:sub|9    ; CLK          ; CLK         ; 0.000        ; 0.051      ; 1.168      ;
; 0.948 ; northwest:inst1|yellow:inst2|74161:inst|f74161:sub|110 ; northwest:inst1|yellow:inst2|74161:inst|f74161:sub|9   ; CLK          ; CLK         ; 0.000        ; 0.049      ; 1.192      ;
; 0.951 ; southeast:inst|green:inst1|74161:inst1|f74161:sub|87   ; southeast:inst|green:inst1|74161:inst1|f74161:sub|99   ; CLK          ; CLK         ; 0.000        ; 0.051      ; 1.197      ;
; 0.953 ; northwest:inst1|control:inst|74161:inst|f74161:sub|87  ; northwest:inst1|green:inst1|74161:inst|f74161:sub|9    ; CLK          ; CLK         ; 0.000        ; 0.116      ; 1.264      ;
; 0.954 ; southeast:inst|yellow:inst2|74161:inst|f74161:sub|9    ; southeast:inst|yellow:inst2|74161:inst|f74161:sub|87   ; CLK          ; CLK         ; 0.000        ; 0.051      ; 1.200      ;
; 0.963 ; southeast:inst|control:inst|74161:inst|f74161:sub|87   ; southeast:inst|control:inst|74161:inst|f74161:sub|87   ; CLK          ; CLK         ; 0.000        ; 0.092      ; 1.250      ;
; 0.963 ; northwest:inst1|red:inst3|74161:inst|f74161:sub|9      ; northwest:inst1|red:inst3|74161:inst|f74161:sub|110    ; CLK          ; CLK         ; 0.000        ; 0.051      ; 1.209      ;
; 0.964 ; northwest:inst1|red:inst3|74161:inst|f74161:sub|9      ; northwest:inst1|red:inst3|74161:inst1|f74161:sub|87    ; CLK          ; CLK         ; 0.000        ; 0.051      ; 1.210      ;
; 0.974 ; southeast:inst|yellow:inst2|74161:inst|f74161:sub|9    ; southeast:inst|yellow:inst2|74161:inst|f74161:sub|110  ; CLK          ; CLK         ; 0.000        ; 0.051      ; 1.220      ;
; 0.974 ; northwest:inst1|yellow:inst2|74161:inst|f74161:sub|110 ; northwest:inst1|yellow:inst2|74161:inst|f74161:sub|99  ; CLK          ; CLK         ; 0.000        ; 0.049      ; 1.218      ;
; 0.975 ; northwest:inst1|yellow:inst2|74161:inst|f74161:sub|9   ; northwest:inst1|yellow:inst2|74161:inst|f74161:sub|87  ; CLK          ; CLK         ; 0.000        ; 0.049      ; 1.219      ;
; 0.982 ; northwest:inst1|red:inst3|74161:inst|f74161:sub|9      ; northwest:inst1|red:inst3|74161:inst|f74161:sub|99     ; CLK          ; CLK         ; 0.000        ; 0.051      ; 1.228      ;
; 0.983 ; northwest:inst1|red:inst3|74161:inst|f74161:sub|9      ; northwest:inst1|red:inst3|74161:inst|f74161:sub|87     ; CLK          ; CLK         ; 0.000        ; 0.051      ; 1.229      ;
; 0.997 ; northwest:inst1|control:inst|74161:inst|f74161:sub|87  ; northwest:inst1|control:inst|74161:inst|f74161:sub|87  ; CLK          ; CLK         ; 0.000        ; 0.071      ; 1.263      ;
; 0.997 ; northwest:inst1|yellow:inst2|74161:inst|f74161:sub|9   ; northwest:inst1|yellow:inst2|74161:inst|f74161:sub|99  ; CLK          ; CLK         ; 0.000        ; 0.049      ; 1.241      ;
+-------+--------------------------------------------------------+--------------------------------------------------------+--------------+-------------+--------------+------------+------------+


+-----------------------------------------------------------------------------------------------------------------------------------------+
; Slow 1200mV 0C Model Minimum Pulse Width: 'CLK'                                                                                         ;
+--------+--------------+----------------+------------------+-------+------------+--------------------------------------------------------+
; Slack  ; Actual Width ; Required Width ; Type             ; Clock ; Clock Edge ; Target                                                 ;
+--------+--------------+----------------+------------------+-------+------------+--------------------------------------------------------+
; -3.000 ; 1.000        ; 4.000          ; Port Rate        ; CLK   ; Rise       ; CLK                                                    ;
; -1.487 ; 1.000        ; 2.487          ; Min Period       ; CLK   ; Rise       ; northwest:inst1|control:inst|74161:inst|f74161:sub|87  ;
; -1.487 ; 1.000        ; 2.487          ; Min Period       ; CLK   ; Rise       ; northwest:inst1|control:inst|74161:inst|f74161:sub|9   ;
; -1.487 ; 1.000        ; 2.487          ; Min Period       ; CLK   ; Rise       ; northwest:inst1|green:inst1|74161:inst1|f74161:sub|87  ;
; -1.487 ; 1.000        ; 2.487          ; Min Period       ; CLK   ; Rise       ; northwest:inst1|green:inst1|74161:inst1|f74161:sub|9   ;
; -1.487 ; 1.000        ; 2.487          ; Min Period       ; CLK   ; Rise       ; northwest:inst1|green:inst1|74161:inst1|f74161:sub|99  ;
; -1.487 ; 1.000        ; 2.487          ; Min Period       ; CLK   ; Rise       ; northwest:inst1|green:inst1|74161:inst|f74161:sub|110  ;
; -1.487 ; 1.000        ; 2.487          ; Min Period       ; CLK   ; Rise       ; northwest:inst1|green:inst1|74161:inst|f74161:sub|87   ;
; -1.487 ; 1.000        ; 2.487          ; Min Period       ; CLK   ; Rise       ; northwest:inst1|green:inst1|74161:inst|f74161:sub|9    ;
; -1.487 ; 1.000        ; 2.487          ; Min Period       ; CLK   ; Rise       ; northwest:inst1|green:inst1|74161:inst|f74161:sub|99   ;
; -1.487 ; 1.000        ; 2.487          ; Min Period       ; CLK   ; Rise       ; northwest:inst1|red:inst3|74161:inst1|f74161:sub|87    ;
; -1.487 ; 1.000        ; 2.487          ; Min Period       ; CLK   ; Rise       ; northwest:inst1|red:inst3|74161:inst1|f74161:sub|9     ;
; -1.487 ; 1.000        ; 2.487          ; Min Period       ; CLK   ; Rise       ; northwest:inst1|red:inst3|74161:inst|f74161:sub|110    ;
; -1.487 ; 1.000        ; 2.487          ; Min Period       ; CLK   ; Rise       ; northwest:inst1|red:inst3|74161:inst|f74161:sub|87     ;
; -1.487 ; 1.000        ; 2.487          ; Min Period       ; CLK   ; Rise       ; northwest:inst1|red:inst3|74161:inst|f74161:sub|9      ;
; -1.487 ; 1.000        ; 2.487          ; Min Period       ; CLK   ; Rise       ; northwest:inst1|red:inst3|74161:inst|f74161:sub|99     ;
; -1.487 ; 1.000        ; 2.487          ; Min Period       ; CLK   ; Rise       ; northwest:inst1|yellow:inst2|74161:inst|f74161:sub|110 ;
; -1.487 ; 1.000        ; 2.487          ; Min Period       ; CLK   ; Rise       ; northwest:inst1|yellow:inst2|74161:inst|f74161:sub|87  ;
; -1.487 ; 1.000        ; 2.487          ; Min Period       ; CLK   ; Rise       ; northwest:inst1|yellow:inst2|74161:inst|f74161:sub|9   ;
; -1.487 ; 1.000        ; 2.487          ; Min Period       ; CLK   ; Rise       ; northwest:inst1|yellow:inst2|74161:inst|f74161:sub|99  ;
; -1.487 ; 1.000        ; 2.487          ; Min Period       ; CLK   ; Rise       ; southeast:inst|control:inst|74161:inst|f74161:sub|87   ;
; -1.487 ; 1.000        ; 2.487          ; Min Period       ; CLK   ; Rise       ; southeast:inst|control:inst|74161:inst|f74161:sub|9    ;
; -1.487 ; 1.000        ; 2.487          ; Min Period       ; CLK   ; Rise       ; southeast:inst|green:inst1|74161:inst1|f74161:sub|87   ;
; -1.487 ; 1.000        ; 2.487          ; Min Period       ; CLK   ; Rise       ; southeast:inst|green:inst1|74161:inst1|f74161:sub|9    ;
; -1.487 ; 1.000        ; 2.487          ; Min Period       ; CLK   ; Rise       ; southeast:inst|green:inst1|74161:inst1|f74161:sub|99   ;
; -1.487 ; 1.000        ; 2.487          ; Min Period       ; CLK   ; Rise       ; southeast:inst|green:inst1|74161:inst|f74161:sub|110   ;
; -1.487 ; 1.000        ; 2.487          ; Min Period       ; CLK   ; Rise       ; southeast:inst|green:inst1|74161:inst|f74161:sub|87    ;
; -1.487 ; 1.000        ; 2.487          ; Min Period       ; CLK   ; Rise       ; southeast:inst|green:inst1|74161:inst|f74161:sub|9     ;
; -1.487 ; 1.000        ; 2.487          ; Min Period       ; CLK   ; Rise       ; southeast:inst|green:inst1|74161:inst|f74161:sub|99    ;
; -1.487 ; 1.000        ; 2.487          ; Min Period       ; CLK   ; Rise       ; southeast:inst|red:inst3|74161:inst1|f74161:sub|87     ;
; -1.487 ; 1.000        ; 2.487          ; Min Period       ; CLK   ; Rise       ; southeast:inst|red:inst3|74161:inst1|f74161:sub|9      ;
; -1.487 ; 1.000        ; 2.487          ; Min Period       ; CLK   ; Rise       ; southeast:inst|red:inst3|74161:inst|f74161:sub|110     ;
; -1.487 ; 1.000        ; 2.487          ; Min Period       ; CLK   ; Rise       ; southeast:inst|red:inst3|74161:inst|f74161:sub|87      ;
; -1.487 ; 1.000        ; 2.487          ; Min Period       ; CLK   ; Rise       ; southeast:inst|red:inst3|74161:inst|f74161:sub|9       ;
; -1.487 ; 1.000        ; 2.487          ; Min Period       ; CLK   ; Rise       ; southeast:inst|red:inst3|74161:inst|f74161:sub|99      ;
; -1.487 ; 1.000        ; 2.487          ; Min Period       ; CLK   ; Rise       ; southeast:inst|yellow:inst2|74161:inst|f74161:sub|110  ;
; -1.487 ; 1.000        ; 2.487          ; Min Period       ; CLK   ; Rise       ; southeast:inst|yellow:inst2|74161:inst|f74161:sub|87   ;
; -1.487 ; 1.000        ; 2.487          ; Min Period       ; CLK   ; Rise       ; southeast:inst|yellow:inst2|74161:inst|f74161:sub|9    ;
; -1.487 ; 1.000        ; 2.487          ; Min Period       ; CLK   ; Rise       ; southeast:inst|yellow:inst2|74161:inst|f74161:sub|99   ;
; -0.143 ; 0.073        ; 0.216          ; High Pulse Width ; CLK   ; Rise       ; northwest:inst1|red:inst3|74161:inst1|f74161:sub|87    ;
; -0.143 ; 0.073        ; 0.216          ; High Pulse Width ; CLK   ; Rise       ; northwest:inst1|red:inst3|74161:inst1|f74161:sub|9     ;
; -0.143 ; 0.073        ; 0.216          ; High Pulse Width ; CLK   ; Rise       ; northwest:inst1|red:inst3|74161:inst|f74161:sub|110    ;
; -0.143 ; 0.073        ; 0.216          ; High Pulse Width ; CLK   ; Rise       ; northwest:inst1|red:inst3|74161:inst|f74161:sub|87     ;
; -0.143 ; 0.073        ; 0.216          ; High Pulse Width ; CLK   ; Rise       ; northwest:inst1|red:inst3|74161:inst|f74161:sub|9      ;
; -0.143 ; 0.073        ; 0.216          ; High Pulse Width ; CLK   ; Rise       ; northwest:inst1|red:inst3|74161:inst|f74161:sub|99     ;
; 0.048  ; 0.264        ; 0.216          ; High Pulse Width ; CLK   ; Rise       ; southeast:inst|control:inst|74161:inst|f74161:sub|9    ;
; 0.048  ; 0.264        ; 0.216          ; High Pulse Width ; CLK   ; Rise       ; southeast:inst|green:inst1|74161:inst1|f74161:sub|87   ;
; 0.048  ; 0.264        ; 0.216          ; High Pulse Width ; CLK   ; Rise       ; southeast:inst|green:inst1|74161:inst1|f74161:sub|9    ;
; 0.048  ; 0.264        ; 0.216          ; High Pulse Width ; CLK   ; Rise       ; southeast:inst|green:inst1|74161:inst1|f74161:sub|99   ;
; 0.048  ; 0.264        ; 0.216          ; High Pulse Width ; CLK   ; Rise       ; southeast:inst|green:inst1|74161:inst|f74161:sub|110   ;
; 0.048  ; 0.264        ; 0.216          ; High Pulse Width ; CLK   ; Rise       ; southeast:inst|green:inst1|74161:inst|f74161:sub|87    ;
; 0.048  ; 0.264        ; 0.216          ; High Pulse Width ; CLK   ; Rise       ; southeast:inst|green:inst1|74161:inst|f74161:sub|9     ;
; 0.048  ; 0.264        ; 0.216          ; High Pulse Width ; CLK   ; Rise       ; southeast:inst|green:inst1|74161:inst|f74161:sub|99    ;
; 0.048  ; 0.264        ; 0.216          ; High Pulse Width ; CLK   ; Rise       ; southeast:inst|yellow:inst2|74161:inst|f74161:sub|110  ;
; 0.048  ; 0.264        ; 0.216          ; High Pulse Width ; CLK   ; Rise       ; southeast:inst|yellow:inst2|74161:inst|f74161:sub|87   ;
; 0.048  ; 0.264        ; 0.216          ; High Pulse Width ; CLK   ; Rise       ; southeast:inst|yellow:inst2|74161:inst|f74161:sub|9    ;
; 0.048  ; 0.264        ; 0.216          ; High Pulse Width ; CLK   ; Rise       ; southeast:inst|yellow:inst2|74161:inst|f74161:sub|99   ;
; 0.050  ; 0.266        ; 0.216          ; High Pulse Width ; CLK   ; Rise       ; southeast:inst|control:inst|74161:inst|f74161:sub|87   ;
; 0.072  ; 0.288        ; 0.216          ; High Pulse Width ; CLK   ; Rise       ; southeast:inst|red:inst3|74161:inst1|f74161:sub|87     ;
; 0.072  ; 0.288        ; 0.216          ; High Pulse Width ; CLK   ; Rise       ; southeast:inst|red:inst3|74161:inst1|f74161:sub|9      ;
; 0.072  ; 0.288        ; 0.216          ; High Pulse Width ; CLK   ; Rise       ; southeast:inst|red:inst3|74161:inst|f74161:sub|110     ;
; 0.072  ; 0.288        ; 0.216          ; High Pulse Width ; CLK   ; Rise       ; southeast:inst|red:inst3|74161:inst|f74161:sub|87      ;
; 0.072  ; 0.288        ; 0.216          ; High Pulse Width ; CLK   ; Rise       ; southeast:inst|red:inst3|74161:inst|f74161:sub|9       ;
; 0.072  ; 0.288        ; 0.216          ; High Pulse Width ; CLK   ; Rise       ; southeast:inst|red:inst3|74161:inst|f74161:sub|99      ;
; 0.076  ; 0.292        ; 0.216          ; High Pulse Width ; CLK   ; Rise       ; northwest:inst1|control:inst|74161:inst|f74161:sub|87  ;
; 0.081  ; 0.297        ; 0.216          ; High Pulse Width ; CLK   ; Rise       ; northwest:inst1|control:inst|74161:inst|f74161:sub|9   ;
; 0.081  ; 0.297        ; 0.216          ; High Pulse Width ; CLK   ; Rise       ; northwest:inst1|green:inst1|74161:inst1|f74161:sub|87  ;
; 0.081  ; 0.297        ; 0.216          ; High Pulse Width ; CLK   ; Rise       ; northwest:inst1|green:inst1|74161:inst1|f74161:sub|9   ;
; 0.081  ; 0.297        ; 0.216          ; High Pulse Width ; CLK   ; Rise       ; northwest:inst1|green:inst1|74161:inst1|f74161:sub|99  ;
; 0.081  ; 0.297        ; 0.216          ; High Pulse Width ; CLK   ; Rise       ; northwest:inst1|green:inst1|74161:inst|f74161:sub|110  ;
; 0.081  ; 0.297        ; 0.216          ; High Pulse Width ; CLK   ; Rise       ; northwest:inst1|green:inst1|74161:inst|f74161:sub|87   ;
; 0.081  ; 0.297        ; 0.216          ; High Pulse Width ; CLK   ; Rise       ; northwest:inst1|green:inst1|74161:inst|f74161:sub|9    ;
; 0.081  ; 0.297        ; 0.216          ; High Pulse Width ; CLK   ; Rise       ; northwest:inst1|green:inst1|74161:inst|f74161:sub|99   ;
; 0.081  ; 0.297        ; 0.216          ; High Pulse Width ; CLK   ; Rise       ; northwest:inst1|yellow:inst2|74161:inst|f74161:sub|110 ;
; 0.081  ; 0.297        ; 0.216          ; High Pulse Width ; CLK   ; Rise       ; northwest:inst1|yellow:inst2|74161:inst|f74161:sub|87  ;
; 0.081  ; 0.297        ; 0.216          ; High Pulse Width ; CLK   ; Rise       ; northwest:inst1|yellow:inst2|74161:inst|f74161:sub|9   ;
; 0.081  ; 0.297        ; 0.216          ; High Pulse Width ; CLK   ; Rise       ; northwest:inst1|yellow:inst2|74161:inst|f74161:sub|99  ;
; 0.127  ; 0.127        ; 0.000          ; High Pulse Width ; CLK   ; Rise       ; inst1|inst3|inst1|sub|87|clk                           ;
; 0.127  ; 0.127        ; 0.000          ; High Pulse Width ; CLK   ; Rise       ; inst1|inst3|inst1|sub|9|clk                            ;
; 0.127  ; 0.127        ; 0.000          ; High Pulse Width ; CLK   ; Rise       ; inst1|inst3|inst|sub|110|clk                           ;
; 0.127  ; 0.127        ; 0.000          ; High Pulse Width ; CLK   ; Rise       ; inst1|inst3|inst|sub|87|clk                            ;
; 0.127  ; 0.127        ; 0.000          ; High Pulse Width ; CLK   ; Rise       ; inst1|inst3|inst|sub|99|clk                            ;
; 0.127  ; 0.127        ; 0.000          ; High Pulse Width ; CLK   ; Rise       ; inst1|inst3|inst|sub|9|clk                             ;
; 0.318  ; 0.318        ; 0.000          ; High Pulse Width ; CLK   ; Rise       ; inst|inst1|inst1|sub|87|clk                            ;
; 0.318  ; 0.318        ; 0.000          ; High Pulse Width ; CLK   ; Rise       ; inst|inst1|inst1|sub|99|clk                            ;
; 0.318  ; 0.318        ; 0.000          ; High Pulse Width ; CLK   ; Rise       ; inst|inst1|inst1|sub|9|clk                             ;
; 0.318  ; 0.318        ; 0.000          ; High Pulse Width ; CLK   ; Rise       ; inst|inst1|inst|sub|110|clk                            ;
; 0.318  ; 0.318        ; 0.000          ; High Pulse Width ; CLK   ; Rise       ; inst|inst1|inst|sub|87|clk                             ;
; 0.318  ; 0.318        ; 0.000          ; High Pulse Width ; CLK   ; Rise       ; inst|inst1|inst|sub|99|clk                             ;
; 0.318  ; 0.318        ; 0.000          ; High Pulse Width ; CLK   ; Rise       ; inst|inst1|inst|sub|9|clk                              ;
; 0.318  ; 0.318        ; 0.000          ; High Pulse Width ; CLK   ; Rise       ; inst|inst2|inst|sub|110|clk                            ;
; 0.318  ; 0.318        ; 0.000          ; High Pulse Width ; CLK   ; Rise       ; inst|inst2|inst|sub|87|clk                             ;
; 0.318  ; 0.318        ; 0.000          ; High Pulse Width ; CLK   ; Rise       ; inst|inst2|inst|sub|99|clk                             ;
; 0.318  ; 0.318        ; 0.000          ; High Pulse Width ; CLK   ; Rise       ; inst|inst2|inst|sub|9|clk                              ;
; 0.318  ; 0.318        ; 0.000          ; High Pulse Width ; CLK   ; Rise       ; inst|inst|inst|sub|9|clk                               ;
; 0.320  ; 0.320        ; 0.000          ; High Pulse Width ; CLK   ; Rise       ; inst|inst|inst|sub|87|clk                              ;
; 0.342  ; 0.342        ; 0.000          ; High Pulse Width ; CLK   ; Rise       ; inst|inst3|inst1|sub|87|clk                            ;
; 0.342  ; 0.342        ; 0.000          ; High Pulse Width ; CLK   ; Rise       ; inst|inst3|inst1|sub|9|clk                             ;
; 0.342  ; 0.342        ; 0.000          ; High Pulse Width ; CLK   ; Rise       ; inst|inst3|inst|sub|110|clk                            ;
; 0.342  ; 0.342        ; 0.000          ; High Pulse Width ; CLK   ; Rise       ; inst|inst3|inst|sub|87|clk                             ;
+--------+--------------+----------------+------------------+-------+------------+--------------------------------------------------------+


+-------------------------------------------------------------------------+
; Clock to Output Times                                                   ;
+-----------+------------+--------+--------+------------+-----------------+
; Data Port ; Clock Port ; Rise   ; Fall   ; Clock Edge ; Clock Reference ;
+-----------+------------+--------+--------+------------+-----------------+
; A1        ; CLK        ; 10.845 ; 10.927 ; Rise       ; CLK             ;
; A2        ; CLK        ; 13.165 ; 12.368 ; Rise       ; CLK             ;
; A3        ; CLK        ; 15.176 ; 14.490 ; Rise       ; CLK             ;
; A4        ; CLK        ; 14.484 ; 13.336 ; Rise       ; CLK             ;
; A5        ; CLK        ; 11.890 ; 11.386 ; Rise       ; CLK             ;
; A6        ; CLK        ; 15.713 ; 14.370 ; Rise       ; CLK             ;
; A7        ; CLK        ; 12.594 ; 12.345 ; Rise       ; CLK             ;
; B1        ; CLK        ; 10.701 ; 11.321 ; Rise       ; CLK             ;
; B2        ; CLK        ; 11.331 ; 10.759 ; Rise       ; CLK             ;
; B3        ; CLK        ; 14.973 ; 14.298 ; Rise       ; CLK             ;
; B4        ; CLK        ; 13.491 ; 12.954 ; Rise       ; CLK             ;
; B5        ; CLK        ; 10.860 ; 10.882 ; Rise       ; CLK             ;
; B6        ; CLK        ; 11.953 ; 12.026 ; Rise       ; CLK             ;
; B7        ; CLK        ; 11.799 ; 11.836 ; Rise       ; CLK             ;
+-----------+------------+--------+--------+------------+-----------------+


+-------------------------------------------------------------------------+
; Minimum Clock to Output Times                                           ;
+-----------+------------+--------+--------+------------+-----------------+
; Data Port ; Clock Port ; Rise   ; Fall   ; Clock Edge ; Clock Reference ;
+-----------+------------+--------+--------+------------+-----------------+
; A1        ; CLK        ; 8.787  ; 8.921  ; Rise       ; CLK             ;
; A2        ; CLK        ; 10.187 ; 9.881  ; Rise       ; CLK             ;
; A3        ; CLK        ; 10.691 ; 10.114 ; Rise       ; CLK             ;
; A4        ; CLK        ; 10.078 ; 9.623  ; Rise       ; CLK             ;
; A5        ; CLK        ; 9.751  ; 9.304  ; Rise       ; CLK             ;
; A6        ; CLK        ; 10.533 ; 10.010 ; Rise       ; CLK             ;
; A7        ; CLK        ; 10.305 ; 9.704  ; Rise       ; CLK             ;
; B1        ; CLK        ; 8.549  ; 8.873  ; Rise       ; CLK             ;
; B2        ; CLK        ; 8.879  ; 8.640  ; Rise       ; CLK             ;
; B3        ; CLK        ; 9.892  ; 9.267  ; Rise       ; CLK             ;
; B4        ; CLK        ; 9.476  ; 9.136  ; Rise       ; CLK             ;
; B5        ; CLK        ; 9.060  ; 8.703  ; Rise       ; CLK             ;
; B6        ; CLK        ; 9.211  ; 8.858  ; Rise       ; CLK             ;
; B7        ; CLK        ; 9.117  ; 8.679  ; Rise       ; CLK             ;
+-----------+------------+--------+--------+------------+-----------------+


---------------------------------------------
; Slow 1200mV 0C Model Metastability Report ;
---------------------------------------------
No synchronizer chains to report.


+------------------------------------+
; Fast 1200mV 0C Model Setup Summary ;
+-------+--------+-------------------+
; Clock ; Slack  ; End Point TNS     ;
+-------+--------+-------------------+
; CLK   ; -0.684 ; -8.769            ;
+-------+--------+-------------------+


+-----------------------------------+
; Fast 1200mV 0C Model Hold Summary ;
+-------+-------+-------------------+
; Clock ; Slack ; End Point TNS     ;
+-------+-------+-------------------+
; CLK   ; 0.198 ; 0.000             ;
+-------+-------+-------------------+


-----------------------------------------
; Fast 1200mV 0C Model Recovery Summary ;
-----------------------------------------
No paths to report.


----------------------------------------
; Fast 1200mV 0C Model Removal Summary ;
----------------------------------------
No paths to report.


+--------------------------------------------------+
; Fast 1200mV 0C Model Minimum Pulse Width Summary ;
+-------+--------+---------------------------------+
; Clock ; Slack  ; End Point TNS                   ;
+-------+--------+---------------------------------+
; CLK   ; -3.000 ; -47.591                         ;
+-------+--------+---------------------------------+


+------------------------------------------------------------------------------------------------------------------------------------------------------------------------------------------------+
; Fast 1200mV 0C Model Setup: 'CLK'                                                                                                                                                              ;
+--------+--------------------------------------------------------+--------------------------------------------------------+--------------+-------------+--------------+------------+------------+
; Slack  ; From Node                                              ; To Node                                                ; Launch Clock ; Latch Clock ; Relationship ; Clock Skew ; Data Delay ;
+--------+--------------------------------------------------------+--------------------------------------------------------+--------------+-------------+--------------+------------+------------+
; -0.684 ; southeast:inst|control:inst|74161:inst|f74161:sub|9    ; southeast:inst|yellow:inst2|74161:inst|f74161:sub|99   ; CLK          ; CLK         ; 1.000        ; -0.024     ; 1.667      ;
; -0.683 ; southeast:inst|control:inst|74161:inst|f74161:sub|9    ; southeast:inst|yellow:inst2|74161:inst|f74161:sub|110  ; CLK          ; CLK         ; 1.000        ; -0.024     ; 1.666      ;
; -0.645 ; southeast:inst|control:inst|74161:inst|f74161:sub|9    ; southeast:inst|yellow:inst2|74161:inst|f74161:sub|87   ; CLK          ; CLK         ; 1.000        ; -0.024     ; 1.628      ;
; -0.639 ; southeast:inst|green:inst1|74161:inst|f74161:sub|9     ; southeast:inst|control:inst|74161:inst|f74161:sub|87   ; CLK          ; CLK         ; 1.000        ; -0.147     ; 1.499      ;
; -0.632 ; southeast:inst|green:inst1|74161:inst|f74161:sub|9     ; southeast:inst|green:inst1|74161:inst|f74161:sub|99    ; CLK          ; CLK         ; 1.000        ; -0.024     ; 1.615      ;
; -0.630 ; southeast:inst|green:inst1|74161:inst|f74161:sub|9     ; southeast:inst|green:inst1|74161:inst|f74161:sub|110   ; CLK          ; CLK         ; 1.000        ; -0.024     ; 1.613      ;
; -0.588 ; southeast:inst|control:inst|74161:inst|f74161:sub|87   ; southeast:inst|red:inst3|74161:inst|f74161:sub|110     ; CLK          ; CLK         ; 1.000        ; 0.219      ; 1.814      ;
; -0.588 ; southeast:inst|control:inst|74161:inst|f74161:sub|87   ; southeast:inst|red:inst3|74161:inst|f74161:sub|99      ; CLK          ; CLK         ; 1.000        ; 0.219      ; 1.814      ;
; -0.585 ; southeast:inst|green:inst1|74161:inst|f74161:sub|87    ; southeast:inst|control:inst|74161:inst|f74161:sub|87   ; CLK          ; CLK         ; 1.000        ; -0.147     ; 1.445      ;
; -0.574 ; southeast:inst|control:inst|74161:inst|f74161:sub|9    ; southeast:inst|green:inst1|74161:inst|f74161:sub|87    ; CLK          ; CLK         ; 1.000        ; -0.024     ; 1.557      ;
; -0.571 ; southeast:inst|yellow:inst2|74161:inst|f74161:sub|9    ; southeast:inst|yellow:inst2|74161:inst|f74161:sub|99   ; CLK          ; CLK         ; 1.000        ; -0.024     ; 1.554      ;
; -0.570 ; southeast:inst|yellow:inst2|74161:inst|f74161:sub|9    ; southeast:inst|yellow:inst2|74161:inst|f74161:sub|110  ; CLK          ; CLK         ; 1.000        ; -0.024     ; 1.553      ;
; -0.559 ; southeast:inst|green:inst1|74161:inst|f74161:sub|110   ; southeast:inst|green:inst1|74161:inst1|f74161:sub|87   ; CLK          ; CLK         ; 1.000        ; -0.024     ; 1.542      ;
; -0.558 ; southeast:inst|control:inst|74161:inst|f74161:sub|9    ; southeast:inst|green:inst1|74161:inst|f74161:sub|99    ; CLK          ; CLK         ; 1.000        ; -0.024     ; 1.541      ;
; -0.557 ; southeast:inst|green:inst1|74161:inst|f74161:sub|110   ; southeast:inst|green:inst1|74161:inst1|f74161:sub|99   ; CLK          ; CLK         ; 1.000        ; -0.024     ; 1.540      ;
; -0.557 ; southeast:inst|control:inst|74161:inst|f74161:sub|9    ; southeast:inst|green:inst1|74161:inst|f74161:sub|110   ; CLK          ; CLK         ; 1.000        ; -0.024     ; 1.540      ;
; -0.556 ; southeast:inst|green:inst1|74161:inst|f74161:sub|110   ; southeast:inst|control:inst|74161:inst|f74161:sub|87   ; CLK          ; CLK         ; 1.000        ; -0.147     ; 1.416      ;
; -0.537 ; southeast:inst|green:inst1|74161:inst|f74161:sub|87    ; southeast:inst|green:inst1|74161:inst|f74161:sub|99    ; CLK          ; CLK         ; 1.000        ; -0.024     ; 1.520      ;
; -0.535 ; southeast:inst|green:inst1|74161:inst|f74161:sub|87    ; southeast:inst|green:inst1|74161:inst|f74161:sub|110   ; CLK          ; CLK         ; 1.000        ; -0.024     ; 1.518      ;
; -0.524 ; southeast:inst|yellow:inst2|74161:inst|f74161:sub|9    ; southeast:inst|control:inst|74161:inst|f74161:sub|87   ; CLK          ; CLK         ; 1.000        ; -0.147     ; 1.384      ;
; -0.501 ; southeast:inst|yellow:inst2|74161:inst|f74161:sub|87   ; southeast:inst|yellow:inst2|74161:inst|f74161:sub|99   ; CLK          ; CLK         ; 1.000        ; -0.024     ; 1.484      ;
; -0.500 ; southeast:inst|yellow:inst2|74161:inst|f74161:sub|87   ; southeast:inst|yellow:inst2|74161:inst|f74161:sub|110  ; CLK          ; CLK         ; 1.000        ; -0.024     ; 1.483      ;
; -0.493 ; southeast:inst|green:inst1|74161:inst|f74161:sub|9     ; southeast:inst|green:inst1|74161:inst1|f74161:sub|87   ; CLK          ; CLK         ; 1.000        ; -0.024     ; 1.476      ;
; -0.491 ; southeast:inst|yellow:inst2|74161:inst|f74161:sub|87   ; southeast:inst|control:inst|74161:inst|f74161:sub|87   ; CLK          ; CLK         ; 1.000        ; -0.147     ; 1.351      ;
; -0.491 ; southeast:inst|green:inst1|74161:inst|f74161:sub|9     ; southeast:inst|green:inst1|74161:inst1|f74161:sub|99   ; CLK          ; CLK         ; 1.000        ; -0.024     ; 1.474      ;
; -0.457 ; southeast:inst|yellow:inst2|74161:inst|f74161:sub|110  ; southeast:inst|control:inst|74161:inst|f74161:sub|87   ; CLK          ; CLK         ; 1.000        ; -0.147     ; 1.317      ;
; -0.435 ; southeast:inst|green:inst1|74161:inst|f74161:sub|99    ; southeast:inst|control:inst|74161:inst|f74161:sub|87   ; CLK          ; CLK         ; 1.000        ; -0.147     ; 1.295      ;
; -0.416 ; southeast:inst|green:inst1|74161:inst1|f74161:sub|87   ; southeast:inst|control:inst|74161:inst|f74161:sub|87   ; CLK          ; CLK         ; 1.000        ; -0.147     ; 1.276      ;
; -0.390 ; southeast:inst|green:inst1|74161:inst1|f74161:sub|99   ; southeast:inst|control:inst|74161:inst|f74161:sub|87   ; CLK          ; CLK         ; 1.000        ; -0.147     ; 1.250      ;
; -0.381 ; southeast:inst|control:inst|74161:inst|f74161:sub|9    ; southeast:inst|control:inst|74161:inst|f74161:sub|87   ; CLK          ; CLK         ; 1.000        ; -0.147     ; 1.241      ;
; -0.352 ; southeast:inst|control:inst|74161:inst|f74161:sub|87   ; southeast:inst|red:inst3|74161:inst|f74161:sub|9       ; CLK          ; CLK         ; 1.000        ; 0.219      ; 1.578      ;
; -0.345 ; southeast:inst|yellow:inst2|74161:inst|f74161:sub|99   ; southeast:inst|control:inst|74161:inst|f74161:sub|87   ; CLK          ; CLK         ; 1.000        ; -0.147     ; 1.205      ;
; -0.310 ; southeast:inst|green:inst1|74161:inst1|f74161:sub|9    ; southeast:inst|control:inst|74161:inst|f74161:sub|87   ; CLK          ; CLK         ; 1.000        ; -0.147     ; 1.170      ;
; -0.309 ; southeast:inst|control:inst|74161:inst|f74161:sub|87   ; southeast:inst|red:inst3|74161:inst|f74161:sub|87      ; CLK          ; CLK         ; 1.000        ; 0.219      ; 1.535      ;
; -0.253 ; northwest:inst1|control:inst|74161:inst|f74161:sub|87  ; northwest:inst1|red:inst3|74161:inst|f74161:sub|110    ; CLK          ; CLK         ; 1.000        ; 0.049      ; 1.309      ;
; -0.251 ; northwest:inst1|control:inst|74161:inst|f74161:sub|87  ; northwest:inst1|red:inst3|74161:inst|f74161:sub|99     ; CLK          ; CLK         ; 1.000        ; 0.049      ; 1.307      ;
; -0.246 ; northwest:inst1|green:inst1|74161:inst1|f74161:sub|9   ; northwest:inst1|control:inst|74161:inst|f74161:sub|9   ; CLK          ; CLK         ; 1.000        ; -0.023     ; 1.230      ;
; -0.238 ; northwest:inst1|green:inst1|74161:inst1|f74161:sub|99  ; northwest:inst1|control:inst|74161:inst|f74161:sub|9   ; CLK          ; CLK         ; 1.000        ; -0.023     ; 1.222      ;
; -0.176 ; northwest:inst1|yellow:inst2|74161:inst|f74161:sub|110 ; northwest:inst1|control:inst|74161:inst|f74161:sub|87  ; CLK          ; CLK         ; 1.000        ; -0.049     ; 1.134      ;
; -0.150 ; southeast:inst|control:inst|74161:inst|f74161:sub|87   ; southeast:inst|green:inst1|74161:inst|f74161:sub|87    ; CLK          ; CLK         ; 1.000        ; 0.031      ; 1.188      ;
; -0.143 ; southeast:inst|control:inst|74161:inst|f74161:sub|87   ; southeast:inst|yellow:inst2|74161:inst|f74161:sub|87   ; CLK          ; CLK         ; 1.000        ; 0.031      ; 1.181      ;
; -0.142 ; northwest:inst1|yellow:inst2|74161:inst|f74161:sub|99  ; northwest:inst1|control:inst|74161:inst|f74161:sub|87  ; CLK          ; CLK         ; 1.000        ; -0.049     ; 1.100      ;
; -0.124 ; northwest:inst1|yellow:inst2|74161:inst|f74161:sub|110 ; northwest:inst1|control:inst|74161:inst|f74161:sub|9   ; CLK          ; CLK         ; 1.000        ; -0.023     ; 1.108      ;
; -0.121 ; northwest:inst1|green:inst1|74161:inst1|f74161:sub|9   ; northwest:inst1|control:inst|74161:inst|f74161:sub|87  ; CLK          ; CLK         ; 1.000        ; -0.049     ; 1.079      ;
; -0.119 ; southeast:inst|control:inst|74161:inst|f74161:sub|87   ; southeast:inst|green:inst1|74161:inst|f74161:sub|99    ; CLK          ; CLK         ; 1.000        ; 0.031      ; 1.157      ;
; -0.118 ; southeast:inst|control:inst|74161:inst|f74161:sub|87   ; southeast:inst|green:inst1|74161:inst|f74161:sub|110   ; CLK          ; CLK         ; 1.000        ; 0.031      ; 1.156      ;
; -0.113 ; northwest:inst1|green:inst1|74161:inst1|f74161:sub|99  ; northwest:inst1|control:inst|74161:inst|f74161:sub|87  ; CLK          ; CLK         ; 1.000        ; -0.049     ; 1.071      ;
; -0.109 ; southeast:inst|control:inst|74161:inst|f74161:sub|87   ; southeast:inst|yellow:inst2|74161:inst|f74161:sub|99   ; CLK          ; CLK         ; 1.000        ; 0.031      ; 1.147      ;
; -0.108 ; southeast:inst|control:inst|74161:inst|f74161:sub|87   ; southeast:inst|yellow:inst2|74161:inst|f74161:sub|110  ; CLK          ; CLK         ; 1.000        ; 0.031      ; 1.146      ;
; -0.106 ; northwest:inst1|green:inst1|74161:inst|f74161:sub|87   ; northwest:inst1|green:inst1|74161:inst|f74161:sub|99   ; CLK          ; CLK         ; 1.000        ; -0.023     ; 1.090      ;
; -0.090 ; northwest:inst1|yellow:inst2|74161:inst|f74161:sub|99  ; northwest:inst1|control:inst|74161:inst|f74161:sub|9   ; CLK          ; CLK         ; 1.000        ; -0.023     ; 1.074      ;
; -0.083 ; northwest:inst1|control:inst|74161:inst|f74161:sub|87  ; northwest:inst1|red:inst3|74161:inst|f74161:sub|9      ; CLK          ; CLK         ; 1.000        ; 0.049      ; 1.139      ;
; -0.081 ; northwest:inst1|control:inst|74161:inst|f74161:sub|87  ; northwest:inst1|red:inst3|74161:inst|f74161:sub|87     ; CLK          ; CLK         ; 1.000        ; 0.049      ; 1.137      ;
; -0.079 ; southeast:inst|yellow:inst2|74161:inst|f74161:sub|9    ; southeast:inst|control:inst|74161:inst|f74161:sub|9    ; CLK          ; CLK         ; 1.000        ; -0.024     ; 1.062      ;
; -0.077 ; northwest:inst1|green:inst1|74161:inst|f74161:sub|9    ; northwest:inst1|green:inst1|74161:inst|f74161:sub|99   ; CLK          ; CLK         ; 1.000        ; -0.023     ; 1.061      ;
; -0.077 ; northwest:inst1|yellow:inst2|74161:inst|f74161:sub|87  ; northwest:inst1|control:inst|74161:inst|f74161:sub|87  ; CLK          ; CLK         ; 1.000        ; -0.049     ; 1.035      ;
; -0.063 ; northwest:inst1|green:inst1|74161:inst|f74161:sub|110  ; northwest:inst1|control:inst|74161:inst|f74161:sub|9   ; CLK          ; CLK         ; 1.000        ; -0.023     ; 1.047      ;
; -0.056 ; northwest:inst1|yellow:inst2|74161:inst|f74161:sub|9   ; northwest:inst1|control:inst|74161:inst|f74161:sub|87  ; CLK          ; CLK         ; 1.000        ; -0.049     ; 1.014      ;
; -0.046 ; southeast:inst|yellow:inst2|74161:inst|f74161:sub|87   ; southeast:inst|control:inst|74161:inst|f74161:sub|9    ; CLK          ; CLK         ; 1.000        ; -0.024     ; 1.029      ;
; -0.034 ; northwest:inst1|green:inst1|74161:inst1|f74161:sub|87  ; northwest:inst1|control:inst|74161:inst|f74161:sub|9   ; CLK          ; CLK         ; 1.000        ; -0.023     ; 1.018      ;
; -0.025 ; northwest:inst1|yellow:inst2|74161:inst|f74161:sub|87  ; northwest:inst1|control:inst|74161:inst|f74161:sub|9   ; CLK          ; CLK         ; 1.000        ; -0.023     ; 1.009      ;
; -0.021 ; northwest:inst1|green:inst1|74161:inst|f74161:sub|99   ; northwest:inst1|control:inst|74161:inst|f74161:sub|9   ; CLK          ; CLK         ; 1.000        ; -0.023     ; 1.005      ;
; -0.020 ; northwest:inst1|control:inst|74161:inst|f74161:sub|87  ; northwest:inst1|yellow:inst2|74161:inst|f74161:sub|110 ; CLK          ; CLK         ; 1.000        ; -0.015     ; 1.012      ;
; -0.019 ; northwest:inst1|control:inst|74161:inst|f74161:sub|87  ; northwest:inst1|yellow:inst2|74161:inst|f74161:sub|99  ; CLK          ; CLK         ; 1.000        ; -0.015     ; 1.011      ;
; -0.017 ; northwest:inst1|control:inst|74161:inst|f74161:sub|87  ; northwest:inst1|green:inst1|74161:inst|f74161:sub|99   ; CLK          ; CLK         ; 1.000        ; -0.015     ; 1.009      ;
; -0.015 ; northwest:inst1|control:inst|74161:inst|f74161:sub|87  ; northwest:inst1|yellow:inst2|74161:inst|f74161:sub|87  ; CLK          ; CLK         ; 1.000        ; -0.015     ; 1.007      ;
; -0.012 ; southeast:inst|yellow:inst2|74161:inst|f74161:sub|110  ; southeast:inst|control:inst|74161:inst|f74161:sub|9    ; CLK          ; CLK         ; 1.000        ; -0.024     ; 0.995      ;
; -0.010 ; northwest:inst1|green:inst1|74161:inst|f74161:sub|110  ; northwest:inst1|control:inst|74161:inst|f74161:sub|87  ; CLK          ; CLK         ; 1.000        ; -0.049     ; 0.968      ;
; -0.004 ; northwest:inst1|yellow:inst2|74161:inst|f74161:sub|9   ; northwest:inst1|control:inst|74161:inst|f74161:sub|9   ; CLK          ; CLK         ; 1.000        ; -0.023     ; 0.988      ;
; 0.016  ; northwest:inst1|control:inst|74161:inst|f74161:sub|87  ; northwest:inst1|green:inst1|74161:inst|f74161:sub|87   ; CLK          ; CLK         ; 1.000        ; -0.015     ; 0.976      ;
; 0.020  ; northwest:inst1|green:inst1|74161:inst|f74161:sub|99   ; northwest:inst1|control:inst|74161:inst|f74161:sub|87  ; CLK          ; CLK         ; 1.000        ; -0.049     ; 0.938      ;
; 0.028  ; southeast:inst|control:inst|74161:inst|f74161:sub|87   ; southeast:inst|control:inst|74161:inst|f74161:sub|9    ; CLK          ; CLK         ; 1.000        ; 0.031      ; 1.010      ;
; 0.031  ; northwest:inst1|control:inst|74161:inst|f74161:sub|9   ; northwest:inst1|yellow:inst2|74161:inst|f74161:sub|87  ; CLK          ; CLK         ; 1.000        ; -0.023     ; 0.953      ;
; 0.043  ; southeast:inst|control:inst|74161:inst|f74161:sub|87   ; southeast:inst|green:inst1|74161:inst|f74161:sub|9     ; CLK          ; CLK         ; 1.000        ; 0.031      ; 0.995      ;
; 0.045  ; northwest:inst1|green:inst1|74161:inst|f74161:sub|9    ; northwest:inst1|control:inst|74161:inst|f74161:sub|9   ; CLK          ; CLK         ; 1.000        ; -0.023     ; 0.939      ;
; 0.046  ; southeast:inst|green:inst1|74161:inst1|f74161:sub|87   ; southeast:inst|control:inst|74161:inst|f74161:sub|9    ; CLK          ; CLK         ; 1.000        ; -0.024     ; 0.937      ;
; 0.049  ; northwest:inst1|green:inst1|74161:inst|f74161:sub|87   ; northwest:inst1|control:inst|74161:inst|f74161:sub|9   ; CLK          ; CLK         ; 1.000        ; -0.023     ; 0.935      ;
; 0.053  ; southeast:inst|control:inst|74161:inst|f74161:sub|87   ; southeast:inst|yellow:inst2|74161:inst|f74161:sub|9    ; CLK          ; CLK         ; 1.000        ; 0.031      ; 0.985      ;
; 0.065  ; northwest:inst1|green:inst1|74161:inst|f74161:sub|87   ; northwest:inst1|green:inst1|74161:inst|f74161:sub|110  ; CLK          ; CLK         ; 1.000        ; -0.023     ; 0.919      ;
; 0.069  ; southeast:inst|green:inst1|74161:inst|f74161:sub|9     ; southeast:inst|control:inst|74161:inst|f74161:sub|9    ; CLK          ; CLK         ; 1.000        ; -0.024     ; 0.914      ;
; 0.074  ; northwest:inst1|green:inst1|74161:inst|f74161:sub|110  ; northwest:inst1|green:inst1|74161:inst1|f74161:sub|87  ; CLK          ; CLK         ; 1.000        ; -0.023     ; 0.910      ;
; 0.076  ; northwest:inst1|yellow:inst2|74161:inst|f74161:sub|87  ; northwest:inst1|yellow:inst2|74161:inst|f74161:sub|110 ; CLK          ; CLK         ; 1.000        ; -0.023     ; 0.908      ;
; 0.076  ; northwest:inst1|green:inst1|74161:inst|f74161:sub|110  ; northwest:inst1|green:inst1|74161:inst1|f74161:sub|99  ; CLK          ; CLK         ; 1.000        ; -0.023     ; 0.908      ;
; 0.077  ; northwest:inst1|yellow:inst2|74161:inst|f74161:sub|87  ; northwest:inst1|yellow:inst2|74161:inst|f74161:sub|99  ; CLK          ; CLK         ; 1.000        ; -0.023     ; 0.907      ;
; 0.078  ; northwest:inst1|control:inst|74161:inst|f74161:sub|9   ; northwest:inst1|green:inst1|74161:inst|f74161:sub|99   ; CLK          ; CLK         ; 1.000        ; -0.023     ; 0.906      ;
; 0.078  ; southeast:inst|red:inst3|74161:inst|f74161:sub|9       ; southeast:inst|red:inst3|74161:inst|f74161:sub|110     ; CLK          ; CLK         ; 1.000        ; -0.025     ; 0.904      ;
; 0.078  ; southeast:inst|red:inst3|74161:inst|f74161:sub|9       ; southeast:inst|red:inst3|74161:inst|f74161:sub|99      ; CLK          ; CLK         ; 1.000        ; -0.025     ; 0.904      ;
; 0.082  ; southeast:inst|green:inst1|74161:inst1|f74161:sub|9    ; southeast:inst|green:inst1|74161:inst1|f74161:sub|99   ; CLK          ; CLK         ; 1.000        ; -0.024     ; 0.901      ;
; 0.082  ; southeast:inst|green:inst1|74161:inst1|f74161:sub|9    ; southeast:inst|green:inst1|74161:inst1|f74161:sub|87   ; CLK          ; CLK         ; 1.000        ; -0.024     ; 0.901      ;
; 0.090  ; southeast:inst|green:inst1|74161:inst1|f74161:sub|99   ; southeast:inst|control:inst|74161:inst|f74161:sub|9    ; CLK          ; CLK         ; 1.000        ; -0.024     ; 0.893      ;
; 0.091  ; northwest:inst1|green:inst1|74161:inst1|f74161:sub|87  ; northwest:inst1|control:inst|74161:inst|f74161:sub|87  ; CLK          ; CLK         ; 1.000        ; -0.049     ; 0.867      ;
; 0.094  ; northwest:inst1|green:inst1|74161:inst|f74161:sub|9    ; northwest:inst1|green:inst1|74161:inst|f74161:sub|110  ; CLK          ; CLK         ; 1.000        ; -0.023     ; 0.890      ;
; 0.095  ; southeast:inst|green:inst1|74161:inst|f74161:sub|87    ; southeast:inst|control:inst|74161:inst|f74161:sub|9    ; CLK          ; CLK         ; 1.000        ; -0.024     ; 0.888      ;
; 0.098  ; northwest:inst1|green:inst1|74161:inst|f74161:sub|9    ; northwest:inst1|control:inst|74161:inst|f74161:sub|87  ; CLK          ; CLK         ; 1.000        ; -0.049     ; 0.860      ;
; 0.100  ; southeast:inst|yellow:inst2|74161:inst|f74161:sub|99   ; southeast:inst|control:inst|74161:inst|f74161:sub|9    ; CLK          ; CLK         ; 1.000        ; -0.024     ; 0.883      ;
; 0.102  ; northwest:inst1|green:inst1|74161:inst|f74161:sub|87   ; northwest:inst1|control:inst|74161:inst|f74161:sub|87  ; CLK          ; CLK         ; 1.000        ; -0.049     ; 0.856      ;
; 0.107  ; northwest:inst1|control:inst|74161:inst|f74161:sub|9   ; northwest:inst1|green:inst1|74161:inst|f74161:sub|87   ; CLK          ; CLK         ; 1.000        ; -0.023     ; 0.877      ;
; 0.108  ; northwest:inst1|control:inst|74161:inst|f74161:sub|9   ; northwest:inst1|control:inst|74161:inst|f74161:sub|87  ; CLK          ; CLK         ; 1.000        ; -0.049     ; 0.850      ;
; 0.151  ; northwest:inst1|yellow:inst2|74161:inst|f74161:sub|9   ; northwest:inst1|yellow:inst2|74161:inst|f74161:sub|110 ; CLK          ; CLK         ; 1.000        ; -0.023     ; 0.833      ;
; 0.152  ; southeast:inst|green:inst1|74161:inst|f74161:sub|9     ; southeast:inst|green:inst1|74161:inst1|f74161:sub|9    ; CLK          ; CLK         ; 1.000        ; -0.024     ; 0.831      ;
+--------+--------------------------------------------------------+--------------------------------------------------------+--------------+-------------+--------------+------------+------------+


+-----------------------------------------------------------------------------------------------------------------------------------------------------------------------------------------------+
; Fast 1200mV 0C Model Hold: 'CLK'                                                                                                                                                              ;
+-------+--------------------------------------------------------+--------------------------------------------------------+--------------+-------------+--------------+------------+------------+
; Slack ; From Node                                              ; To Node                                                ; Launch Clock ; Latch Clock ; Relationship ; Clock Skew ; Data Delay ;
+-------+--------------------------------------------------------+--------------------------------------------------------+--------------+-------------+--------------+------------+------------+
; 0.198 ; southeast:inst|red:inst3|74161:inst|f74161:sub|9       ; southeast:inst|red:inst3|74161:inst|f74161:sub|9       ; CLK          ; CLK         ; 0.000        ; 0.025      ; 0.307      ;
; 0.198 ; southeast:inst|red:inst3|74161:inst|f74161:sub|110     ; southeast:inst|red:inst3|74161:inst|f74161:sub|110     ; CLK          ; CLK         ; 0.000        ; 0.025      ; 0.307      ;
; 0.198 ; southeast:inst|red:inst3|74161:inst|f74161:sub|99      ; southeast:inst|red:inst3|74161:inst|f74161:sub|99      ; CLK          ; CLK         ; 0.000        ; 0.025      ; 0.307      ;
; 0.198 ; southeast:inst|red:inst3|74161:inst|f74161:sub|87      ; southeast:inst|red:inst3|74161:inst|f74161:sub|87      ; CLK          ; CLK         ; 0.000        ; 0.025      ; 0.307      ;
; 0.198 ; southeast:inst|red:inst3|74161:inst1|f74161:sub|9      ; southeast:inst|red:inst3|74161:inst1|f74161:sub|9      ; CLK          ; CLK         ; 0.000        ; 0.025      ; 0.307      ;
; 0.198 ; southeast:inst|red:inst3|74161:inst1|f74161:sub|87     ; southeast:inst|red:inst3|74161:inst1|f74161:sub|87     ; CLK          ; CLK         ; 0.000        ; 0.025      ; 0.307      ;
; 0.199 ; southeast:inst|control:inst|74161:inst|f74161:sub|9    ; southeast:inst|control:inst|74161:inst|f74161:sub|9    ; CLK          ; CLK         ; 0.000        ; 0.024      ; 0.307      ;
; 0.199 ; southeast:inst|green:inst1|74161:inst|f74161:sub|9     ; southeast:inst|green:inst1|74161:inst|f74161:sub|9     ; CLK          ; CLK         ; 0.000        ; 0.024      ; 0.307      ;
; 0.199 ; southeast:inst|green:inst1|74161:inst|f74161:sub|87    ; southeast:inst|green:inst1|74161:inst|f74161:sub|87    ; CLK          ; CLK         ; 0.000        ; 0.024      ; 0.307      ;
; 0.199 ; southeast:inst|green:inst1|74161:inst|f74161:sub|110   ; southeast:inst|green:inst1|74161:inst|f74161:sub|110   ; CLK          ; CLK         ; 0.000        ; 0.024      ; 0.307      ;
; 0.199 ; southeast:inst|green:inst1|74161:inst|f74161:sub|99    ; southeast:inst|green:inst1|74161:inst|f74161:sub|99    ; CLK          ; CLK         ; 0.000        ; 0.024      ; 0.307      ;
; 0.199 ; southeast:inst|yellow:inst2|74161:inst|f74161:sub|87   ; southeast:inst|yellow:inst2|74161:inst|f74161:sub|87   ; CLK          ; CLK         ; 0.000        ; 0.024      ; 0.307      ;
; 0.199 ; southeast:inst|yellow:inst2|74161:inst|f74161:sub|9    ; southeast:inst|yellow:inst2|74161:inst|f74161:sub|9    ; CLK          ; CLK         ; 0.000        ; 0.024      ; 0.307      ;
; 0.199 ; southeast:inst|yellow:inst2|74161:inst|f74161:sub|110  ; southeast:inst|yellow:inst2|74161:inst|f74161:sub|110  ; CLK          ; CLK         ; 0.000        ; 0.024      ; 0.307      ;
; 0.199 ; southeast:inst|yellow:inst2|74161:inst|f74161:sub|99   ; southeast:inst|yellow:inst2|74161:inst|f74161:sub|99   ; CLK          ; CLK         ; 0.000        ; 0.024      ; 0.307      ;
; 0.199 ; southeast:inst|green:inst1|74161:inst1|f74161:sub|87   ; southeast:inst|green:inst1|74161:inst1|f74161:sub|87   ; CLK          ; CLK         ; 0.000        ; 0.024      ; 0.307      ;
; 0.199 ; southeast:inst|green:inst1|74161:inst1|f74161:sub|99   ; southeast:inst|green:inst1|74161:inst1|f74161:sub|99   ; CLK          ; CLK         ; 0.000        ; 0.024      ; 0.307      ;
; 0.199 ; southeast:inst|green:inst1|74161:inst1|f74161:sub|9    ; southeast:inst|green:inst1|74161:inst1|f74161:sub|9    ; CLK          ; CLK         ; 0.000        ; 0.024      ; 0.307      ;
; 0.200 ; northwest:inst1|red:inst3|74161:inst|f74161:sub|9      ; northwest:inst1|red:inst3|74161:inst|f74161:sub|9      ; CLK          ; CLK         ; 0.000        ; 0.023      ; 0.307      ;
; 0.200 ; northwest:inst1|red:inst3|74161:inst|f74161:sub|110    ; northwest:inst1|red:inst3|74161:inst|f74161:sub|110    ; CLK          ; CLK         ; 0.000        ; 0.023      ; 0.307      ;
; 0.200 ; northwest:inst1|red:inst3|74161:inst|f74161:sub|99     ; northwest:inst1|red:inst3|74161:inst|f74161:sub|99     ; CLK          ; CLK         ; 0.000        ; 0.023      ; 0.307      ;
; 0.200 ; northwest:inst1|red:inst3|74161:inst|f74161:sub|87     ; northwest:inst1|red:inst3|74161:inst|f74161:sub|87     ; CLK          ; CLK         ; 0.000        ; 0.023      ; 0.307      ;
; 0.200 ; northwest:inst1|red:inst3|74161:inst1|f74161:sub|9     ; northwest:inst1|red:inst3|74161:inst1|f74161:sub|9     ; CLK          ; CLK         ; 0.000        ; 0.023      ; 0.307      ;
; 0.200 ; northwest:inst1|red:inst3|74161:inst1|f74161:sub|87    ; northwest:inst1|red:inst3|74161:inst1|f74161:sub|87    ; CLK          ; CLK         ; 0.000        ; 0.023      ; 0.307      ;
; 0.200 ; northwest:inst1|control:inst|74161:inst|f74161:sub|9   ; northwest:inst1|control:inst|74161:inst|f74161:sub|9   ; CLK          ; CLK         ; 0.000        ; 0.023      ; 0.307      ;
; 0.200 ; northwest:inst1|yellow:inst2|74161:inst|f74161:sub|110 ; northwest:inst1|yellow:inst2|74161:inst|f74161:sub|110 ; CLK          ; CLK         ; 0.000        ; 0.023      ; 0.307      ;
; 0.200 ; northwest:inst1|yellow:inst2|74161:inst|f74161:sub|99  ; northwest:inst1|yellow:inst2|74161:inst|f74161:sub|99  ; CLK          ; CLK         ; 0.000        ; 0.023      ; 0.307      ;
; 0.200 ; northwest:inst1|yellow:inst2|74161:inst|f74161:sub|87  ; northwest:inst1|yellow:inst2|74161:inst|f74161:sub|87  ; CLK          ; CLK         ; 0.000        ; 0.023      ; 0.307      ;
; 0.200 ; northwest:inst1|yellow:inst2|74161:inst|f74161:sub|9   ; northwest:inst1|yellow:inst2|74161:inst|f74161:sub|9   ; CLK          ; CLK         ; 0.000        ; 0.023      ; 0.307      ;
; 0.200 ; northwest:inst1|green:inst1|74161:inst1|f74161:sub|99  ; northwest:inst1|green:inst1|74161:inst1|f74161:sub|99  ; CLK          ; CLK         ; 0.000        ; 0.023      ; 0.307      ;
; 0.200 ; northwest:inst1|green:inst1|74161:inst1|f74161:sub|9   ; northwest:inst1|green:inst1|74161:inst1|f74161:sub|9   ; CLK          ; CLK         ; 0.000        ; 0.023      ; 0.307      ;
; 0.200 ; northwest:inst1|green:inst1|74161:inst1|f74161:sub|87  ; northwest:inst1|green:inst1|74161:inst1|f74161:sub|87  ; CLK          ; CLK         ; 0.000        ; 0.023      ; 0.307      ;
; 0.200 ; northwest:inst1|green:inst1|74161:inst|f74161:sub|99   ; northwest:inst1|green:inst1|74161:inst|f74161:sub|99   ; CLK          ; CLK         ; 0.000        ; 0.023      ; 0.307      ;
; 0.200 ; northwest:inst1|green:inst1|74161:inst|f74161:sub|110  ; northwest:inst1|green:inst1|74161:inst|f74161:sub|110  ; CLK          ; CLK         ; 0.000        ; 0.023      ; 0.307      ;
; 0.200 ; northwest:inst1|green:inst1|74161:inst|f74161:sub|87   ; northwest:inst1|green:inst1|74161:inst|f74161:sub|87   ; CLK          ; CLK         ; 0.000        ; 0.023      ; 0.307      ;
; 0.200 ; northwest:inst1|green:inst1|74161:inst|f74161:sub|9    ; northwest:inst1|green:inst1|74161:inst|f74161:sub|9    ; CLK          ; CLK         ; 0.000        ; 0.023      ; 0.307      ;
; 0.219 ; northwest:inst1|red:inst3|74161:inst1|f74161:sub|9     ; northwest:inst1|red:inst3|74161:inst1|f74161:sub|87    ; CLK          ; CLK         ; 0.000        ; 0.023      ; 0.326      ;
; 0.219 ; southeast:inst|red:inst3|74161:inst1|f74161:sub|9      ; southeast:inst|red:inst3|74161:inst1|f74161:sub|87     ; CLK          ; CLK         ; 0.000        ; 0.025      ; 0.328      ;
; 0.226 ; northwest:inst1|control:inst|74161:inst|f74161:sub|9   ; northwest:inst1|yellow:inst2|74161:inst|f74161:sub|9   ; CLK          ; CLK         ; 0.000        ; 0.023      ; 0.333      ;
; 0.226 ; northwest:inst1|control:inst|74161:inst|f74161:sub|9   ; northwest:inst1|green:inst1|74161:inst|f74161:sub|9    ; CLK          ; CLK         ; 0.000        ; 0.023      ; 0.333      ;
; 0.227 ; northwest:inst1|red:inst3|74161:inst|f74161:sub|110    ; northwest:inst1|red:inst3|74161:inst1|f74161:sub|9     ; CLK          ; CLK         ; 0.000        ; 0.023      ; 0.334      ;
; 0.230 ; southeast:inst|control:inst|74161:inst|f74161:sub|9    ; southeast:inst|yellow:inst2|74161:inst|f74161:sub|9    ; CLK          ; CLK         ; 0.000        ; 0.024      ; 0.338      ;
; 0.230 ; southeast:inst|red:inst3|74161:inst|f74161:sub|9       ; southeast:inst|red:inst3|74161:inst|f74161:sub|87      ; CLK          ; CLK         ; 0.000        ; 0.025      ; 0.339      ;
; 0.233 ; northwest:inst1|green:inst1|74161:inst|f74161:sub|9    ; northwest:inst1|green:inst1|74161:inst|f74161:sub|87   ; CLK          ; CLK         ; 0.000        ; 0.023      ; 0.340      ;
; 0.234 ; southeast:inst|red:inst3|74161:inst|f74161:sub|9       ; southeast:inst|red:inst3|74161:inst|f74161:sub|99      ; CLK          ; CLK         ; 0.000        ; 0.025      ; 0.343      ;
; 0.236 ; southeast:inst|red:inst3|74161:inst|f74161:sub|9       ; southeast:inst|red:inst3|74161:inst|f74161:sub|110     ; CLK          ; CLK         ; 0.000        ; 0.025      ; 0.345      ;
; 0.238 ; northwest:inst1|green:inst1|74161:inst|f74161:sub|9    ; northwest:inst1|green:inst1|74161:inst1|f74161:sub|9   ; CLK          ; CLK         ; 0.000        ; 0.023      ; 0.345      ;
; 0.243 ; northwest:inst1|green:inst1|74161:inst|f74161:sub|9    ; northwest:inst1|green:inst1|74161:inst|f74161:sub|99   ; CLK          ; CLK         ; 0.000        ; 0.023      ; 0.350      ;
; 0.299 ; southeast:inst|green:inst1|74161:inst|f74161:sub|110   ; southeast:inst|green:inst1|74161:inst|f74161:sub|9     ; CLK          ; CLK         ; 0.000        ; 0.024      ; 0.407      ;
; 0.302 ; northwest:inst1|yellow:inst2|74161:inst|f74161:sub|110 ; northwest:inst1|yellow:inst2|74161:inst|f74161:sub|87  ; CLK          ; CLK         ; 0.000        ; 0.023      ; 0.409      ;
; 0.315 ; southeast:inst|red:inst3|74161:inst|f74161:sub|99      ; southeast:inst|red:inst3|74161:inst|f74161:sub|110     ; CLK          ; CLK         ; 0.000        ; 0.025      ; 0.424      ;
; 0.318 ; northwest:inst1|red:inst3|74161:inst|f74161:sub|99     ; northwest:inst1|red:inst3|74161:inst|f74161:sub|110    ; CLK          ; CLK         ; 0.000        ; 0.023      ; 0.425      ;
; 0.322 ; northwest:inst1|green:inst1|74161:inst1|f74161:sub|87  ; northwest:inst1|green:inst1|74161:inst1|f74161:sub|99  ; CLK          ; CLK         ; 0.000        ; 0.023      ; 0.429      ;
; 0.323 ; southeast:inst|yellow:inst2|74161:inst|f74161:sub|99   ; southeast:inst|yellow:inst2|74161:inst|f74161:sub|110  ; CLK          ; CLK         ; 0.000        ; 0.024      ; 0.431      ;
; 0.324 ; northwest:inst1|green:inst1|74161:inst|f74161:sub|99   ; northwest:inst1|green:inst1|74161:inst|f74161:sub|110  ; CLK          ; CLK         ; 0.000        ; 0.023      ; 0.431      ;
; 0.329 ; northwest:inst1|green:inst1|74161:inst1|f74161:sub|9   ; northwest:inst1|green:inst1|74161:inst1|f74161:sub|99  ; CLK          ; CLK         ; 0.000        ; 0.023      ; 0.436      ;
; 0.330 ; northwest:inst1|red:inst3|74161:inst|f74161:sub|110    ; northwest:inst1|red:inst3|74161:inst1|f74161:sub|87    ; CLK          ; CLK         ; 0.000        ; 0.023      ; 0.437      ;
; 0.330 ; southeast:inst|red:inst3|74161:inst|f74161:sub|110     ; southeast:inst|red:inst3|74161:inst1|f74161:sub|9      ; CLK          ; CLK         ; 0.000        ; 0.025      ; 0.439      ;
; 0.330 ; southeast:inst|red:inst3|74161:inst|f74161:sub|110     ; southeast:inst|red:inst3|74161:inst1|f74161:sub|87     ; CLK          ; CLK         ; 0.000        ; 0.025      ; 0.439      ;
; 0.332 ; northwest:inst1|red:inst3|74161:inst|f74161:sub|9      ; northwest:inst1|red:inst3|74161:inst1|f74161:sub|9     ; CLK          ; CLK         ; 0.000        ; 0.023      ; 0.439      ;
; 0.332 ; southeast:inst|red:inst3|74161:inst|f74161:sub|9       ; southeast:inst|red:inst3|74161:inst1|f74161:sub|9      ; CLK          ; CLK         ; 0.000        ; 0.025      ; 0.441      ;
; 0.334 ; northwest:inst1|green:inst1|74161:inst|f74161:sub|110  ; northwest:inst1|green:inst1|74161:inst1|f74161:sub|9   ; CLK          ; CLK         ; 0.000        ; 0.023      ; 0.441      ;
; 0.335 ; northwest:inst1|green:inst1|74161:inst1|f74161:sub|9   ; northwest:inst1|green:inst1|74161:inst1|f74161:sub|87  ; CLK          ; CLK         ; 0.000        ; 0.023      ; 0.442      ;
; 0.336 ; southeast:inst|red:inst3|74161:inst|f74161:sub|9       ; southeast:inst|red:inst3|74161:inst1|f74161:sub|87     ; CLK          ; CLK         ; 0.000        ; 0.025      ; 0.445      ;
; 0.339 ; northwest:inst1|yellow:inst2|74161:inst|f74161:sub|9   ; northwest:inst1|yellow:inst2|74161:inst|f74161:sub|110 ; CLK          ; CLK         ; 0.000        ; 0.023      ; 0.446      ;
; 0.340 ; southeast:inst|red:inst3|74161:inst|f74161:sub|110     ; southeast:inst|red:inst3|74161:inst|f74161:sub|99      ; CLK          ; CLK         ; 0.000        ; 0.025      ; 0.449      ;
; 0.341 ; southeast:inst|red:inst3|74161:inst|f74161:sub|110     ; southeast:inst|red:inst3|74161:inst|f74161:sub|9       ; CLK          ; CLK         ; 0.000        ; 0.025      ; 0.450      ;
; 0.341 ; southeast:inst|red:inst3|74161:inst|f74161:sub|110     ; southeast:inst|red:inst3|74161:inst|f74161:sub|87      ; CLK          ; CLK         ; 0.000        ; 0.025      ; 0.450      ;
; 0.344 ; northwest:inst1|green:inst1|74161:inst1|f74161:sub|99  ; northwest:inst1|green:inst1|74161:inst1|f74161:sub|87  ; CLK          ; CLK         ; 0.000        ; 0.023      ; 0.451      ;
; 0.345 ; southeast:inst|green:inst1|74161:inst|f74161:sub|9     ; southeast:inst|green:inst1|74161:inst|f74161:sub|87    ; CLK          ; CLK         ; 0.000        ; 0.024      ; 0.453      ;
; 0.345 ; southeast:inst|green:inst1|74161:inst1|f74161:sub|99   ; southeast:inst|green:inst1|74161:inst1|f74161:sub|87   ; CLK          ; CLK         ; 0.000        ; 0.024      ; 0.453      ;
; 0.346 ; northwest:inst1|red:inst3|74161:inst|f74161:sub|110    ; northwest:inst1|red:inst3|74161:inst|f74161:sub|9      ; CLK          ; CLK         ; 0.000        ; 0.023      ; 0.453      ;
; 0.346 ; northwest:inst1|green:inst1|74161:inst|f74161:sub|110  ; northwest:inst1|green:inst1|74161:inst|f74161:sub|99   ; CLK          ; CLK         ; 0.000        ; 0.023      ; 0.453      ;
; 0.348 ; northwest:inst1|green:inst1|74161:inst|f74161:sub|110  ; northwest:inst1|green:inst1|74161:inst|f74161:sub|9    ; CLK          ; CLK         ; 0.000        ; 0.023      ; 0.455      ;
; 0.349 ; southeast:inst|green:inst1|74161:inst|f74161:sub|110   ; southeast:inst|green:inst1|74161:inst|f74161:sub|99    ; CLK          ; CLK         ; 0.000        ; 0.024      ; 0.457      ;
; 0.349 ; southeast:inst|yellow:inst2|74161:inst|f74161:sub|110  ; southeast:inst|yellow:inst2|74161:inst|f74161:sub|9    ; CLK          ; CLK         ; 0.000        ; 0.024      ; 0.457      ;
; 0.352 ; southeast:inst|green:inst1|74161:inst|f74161:sub|110   ; southeast:inst|green:inst1|74161:inst|f74161:sub|87    ; CLK          ; CLK         ; 0.000        ; 0.024      ; 0.460      ;
; 0.352 ; northwest:inst1|green:inst1|74161:inst|f74161:sub|9    ; northwest:inst1|green:inst1|74161:inst|f74161:sub|110  ; CLK          ; CLK         ; 0.000        ; 0.023      ; 0.459      ;
; 0.353 ; northwest:inst1|red:inst3|74161:inst|f74161:sub|110    ; northwest:inst1|red:inst3|74161:inst|f74161:sub|99     ; CLK          ; CLK         ; 0.000        ; 0.023      ; 0.460      ;
; 0.356 ; northwest:inst1|red:inst3|74161:inst|f74161:sub|110    ; northwest:inst1|red:inst3|74161:inst|f74161:sub|87     ; CLK          ; CLK         ; 0.000        ; 0.023      ; 0.463      ;
; 0.363 ; southeast:inst|green:inst1|74161:inst|f74161:sub|9     ; southeast:inst|green:inst1|74161:inst|f74161:sub|99    ; CLK          ; CLK         ; 0.000        ; 0.024      ; 0.471      ;
; 0.390 ; northwest:inst1|control:inst|74161:inst|f74161:sub|87  ; northwest:inst1|yellow:inst2|74161:inst|f74161:sub|9   ; CLK          ; CLK         ; 0.000        ; 0.049      ; 0.523      ;
; 0.390 ; northwest:inst1|yellow:inst2|74161:inst|f74161:sub|99  ; northwest:inst1|yellow:inst2|74161:inst|f74161:sub|110 ; CLK          ; CLK         ; 0.000        ; 0.023      ; 0.497      ;
; 0.392 ; southeast:inst|green:inst1|74161:inst|f74161:sub|110   ; southeast:inst|green:inst1|74161:inst1|f74161:sub|9    ; CLK          ; CLK         ; 0.000        ; 0.024      ; 0.500      ;
; 0.397 ; northwest:inst1|control:inst|74161:inst|f74161:sub|87  ; northwest:inst1|control:inst|74161:inst|f74161:sub|9   ; CLK          ; CLK         ; 0.000        ; 0.049      ; 0.530      ;
; 0.397 ; southeast:inst|green:inst1|74161:inst|f74161:sub|99    ; southeast:inst|green:inst1|74161:inst|f74161:sub|110   ; CLK          ; CLK         ; 0.000        ; 0.024      ; 0.505      ;
; 0.399 ; southeast:inst|green:inst1|74161:inst1|f74161:sub|87   ; southeast:inst|green:inst1|74161:inst1|f74161:sub|99   ; CLK          ; CLK         ; 0.000        ; 0.024      ; 0.507      ;
; 0.404 ; northwest:inst1|red:inst3|74161:inst|f74161:sub|9      ; northwest:inst1|red:inst3|74161:inst1|f74161:sub|87    ; CLK          ; CLK         ; 0.000        ; 0.023      ; 0.511      ;
; 0.416 ; northwest:inst1|yellow:inst2|74161:inst|f74161:sub|110 ; northwest:inst1|yellow:inst2|74161:inst|f74161:sub|9   ; CLK          ; CLK         ; 0.000        ; 0.023      ; 0.523      ;
; 0.417 ; northwest:inst1|red:inst3|74161:inst|f74161:sub|9      ; northwest:inst1|red:inst3|74161:inst|f74161:sub|110    ; CLK          ; CLK         ; 0.000        ; 0.023      ; 0.524      ;
; 0.418 ; northwest:inst1|control:inst|74161:inst|f74161:sub|87  ; northwest:inst1|green:inst1|74161:inst|f74161:sub|9    ; CLK          ; CLK         ; 0.000        ; 0.049      ; 0.551      ;
; 0.418 ; southeast:inst|yellow:inst2|74161:inst|f74161:sub|9    ; southeast:inst|yellow:inst2|74161:inst|f74161:sub|87   ; CLK          ; CLK         ; 0.000        ; 0.024      ; 0.526      ;
; 0.421 ; northwest:inst1|yellow:inst2|74161:inst|f74161:sub|110 ; northwest:inst1|yellow:inst2|74161:inst|f74161:sub|99  ; CLK          ; CLK         ; 0.000        ; 0.023      ; 0.528      ;
; 0.422 ; southeast:inst|yellow:inst2|74161:inst|f74161:sub|9    ; southeast:inst|yellow:inst2|74161:inst|f74161:sub|110  ; CLK          ; CLK         ; 0.000        ; 0.024      ; 0.530      ;
; 0.424 ; northwest:inst1|red:inst3|74161:inst|f74161:sub|9      ; northwest:inst1|red:inst3|74161:inst|f74161:sub|99     ; CLK          ; CLK         ; 0.000        ; 0.023      ; 0.531      ;
; 0.424 ; northwest:inst1|yellow:inst2|74161:inst|f74161:sub|9   ; northwest:inst1|yellow:inst2|74161:inst|f74161:sub|87  ; CLK          ; CLK         ; 0.000        ; 0.023      ; 0.531      ;
; 0.429 ; northwest:inst1|red:inst3|74161:inst|f74161:sub|9      ; northwest:inst1|red:inst3|74161:inst|f74161:sub|87     ; CLK          ; CLK         ; 0.000        ; 0.023      ; 0.536      ;
; 0.432 ; southeast:inst|yellow:inst2|74161:inst|f74161:sub|9    ; southeast:inst|yellow:inst2|74161:inst|f74161:sub|99   ; CLK          ; CLK         ; 0.000        ; 0.024      ; 0.540      ;
; 0.433 ; southeast:inst|control:inst|74161:inst|f74161:sub|87   ; southeast:inst|control:inst|74161:inst|f74161:sub|87   ; CLK          ; CLK         ; 0.000        ; 0.040      ; 0.557      ;
; 0.435 ; northwest:inst1|yellow:inst2|74161:inst|f74161:sub|9   ; northwest:inst1|yellow:inst2|74161:inst|f74161:sub|99  ; CLK          ; CLK         ; 0.000        ; 0.023      ; 0.542      ;
+-------+--------------------------------------------------------+--------------------------------------------------------+--------------+-------------+--------------+------------+------------+


+----------------------------------------------------------------------------------------------------------------------------------------+
; Fast 1200mV 0C Model Minimum Pulse Width: 'CLK'                                                                                        ;
+--------+--------------+----------------+-----------------+-------+------------+--------------------------------------------------------+
; Slack  ; Actual Width ; Required Width ; Type            ; Clock ; Clock Edge ; Target                                                 ;
+--------+--------------+----------------+-----------------+-------+------------+--------------------------------------------------------+
; -3.000 ; 1.000        ; 4.000          ; Port Rate       ; CLK   ; Rise       ; CLK                                                    ;
; -1.000 ; 1.000        ; 2.000          ; Min Period      ; CLK   ; Rise       ; northwest:inst1|control:inst|74161:inst|f74161:sub|87  ;
; -1.000 ; 1.000        ; 2.000          ; Min Period      ; CLK   ; Rise       ; northwest:inst1|control:inst|74161:inst|f74161:sub|9   ;
; -1.000 ; 1.000        ; 2.000          ; Min Period      ; CLK   ; Rise       ; northwest:inst1|green:inst1|74161:inst1|f74161:sub|87  ;
; -1.000 ; 1.000        ; 2.000          ; Min Period      ; CLK   ; Rise       ; northwest:inst1|green:inst1|74161:inst1|f74161:sub|9   ;
; -1.000 ; 1.000        ; 2.000          ; Min Period      ; CLK   ; Rise       ; northwest:inst1|green:inst1|74161:inst1|f74161:sub|99  ;
; -1.000 ; 1.000        ; 2.000          ; Min Period      ; CLK   ; Rise       ; northwest:inst1|green:inst1|74161:inst|f74161:sub|110  ;
; -1.000 ; 1.000        ; 2.000          ; Min Period      ; CLK   ; Rise       ; northwest:inst1|green:inst1|74161:inst|f74161:sub|87   ;
; -1.000 ; 1.000        ; 2.000          ; Min Period      ; CLK   ; Rise       ; northwest:inst1|green:inst1|74161:inst|f74161:sub|9    ;
; -1.000 ; 1.000        ; 2.000          ; Min Period      ; CLK   ; Rise       ; northwest:inst1|green:inst1|74161:inst|f74161:sub|99   ;
; -1.000 ; 1.000        ; 2.000          ; Min Period      ; CLK   ; Rise       ; northwest:inst1|red:inst3|74161:inst1|f74161:sub|87    ;
; -1.000 ; 1.000        ; 2.000          ; Min Period      ; CLK   ; Rise       ; northwest:inst1|red:inst3|74161:inst1|f74161:sub|9     ;
; -1.000 ; 1.000        ; 2.000          ; Min Period      ; CLK   ; Rise       ; northwest:inst1|red:inst3|74161:inst|f74161:sub|110    ;
; -1.000 ; 1.000        ; 2.000          ; Min Period      ; CLK   ; Rise       ; northwest:inst1|red:inst3|74161:inst|f74161:sub|87     ;
; -1.000 ; 1.000        ; 2.000          ; Min Period      ; CLK   ; Rise       ; northwest:inst1|red:inst3|74161:inst|f74161:sub|9      ;
; -1.000 ; 1.000        ; 2.000          ; Min Period      ; CLK   ; Rise       ; northwest:inst1|red:inst3|74161:inst|f74161:sub|99     ;
; -1.000 ; 1.000        ; 2.000          ; Min Period      ; CLK   ; Rise       ; northwest:inst1|yellow:inst2|74161:inst|f74161:sub|110 ;
; -1.000 ; 1.000        ; 2.000          ; Min Period      ; CLK   ; Rise       ; northwest:inst1|yellow:inst2|74161:inst|f74161:sub|87  ;
; -1.000 ; 1.000        ; 2.000          ; Min Period      ; CLK   ; Rise       ; northwest:inst1|yellow:inst2|74161:inst|f74161:sub|9   ;
; -1.000 ; 1.000        ; 2.000          ; Min Period      ; CLK   ; Rise       ; northwest:inst1|yellow:inst2|74161:inst|f74161:sub|99  ;
; -1.000 ; 1.000        ; 2.000          ; Min Period      ; CLK   ; Rise       ; southeast:inst|control:inst|74161:inst|f74161:sub|87   ;
; -1.000 ; 1.000        ; 2.000          ; Min Period      ; CLK   ; Rise       ; southeast:inst|control:inst|74161:inst|f74161:sub|9    ;
; -1.000 ; 1.000        ; 2.000          ; Min Period      ; CLK   ; Rise       ; southeast:inst|green:inst1|74161:inst1|f74161:sub|87   ;
; -1.000 ; 1.000        ; 2.000          ; Min Period      ; CLK   ; Rise       ; southeast:inst|green:inst1|74161:inst1|f74161:sub|9    ;
; -1.000 ; 1.000        ; 2.000          ; Min Period      ; CLK   ; Rise       ; southeast:inst|green:inst1|74161:inst1|f74161:sub|99   ;
; -1.000 ; 1.000        ; 2.000          ; Min Period      ; CLK   ; Rise       ; southeast:inst|green:inst1|74161:inst|f74161:sub|110   ;
; -1.000 ; 1.000        ; 2.000          ; Min Period      ; CLK   ; Rise       ; southeast:inst|green:inst1|74161:inst|f74161:sub|87    ;
; -1.000 ; 1.000        ; 2.000          ; Min Period      ; CLK   ; Rise       ; southeast:inst|green:inst1|74161:inst|f74161:sub|9     ;
; -1.000 ; 1.000        ; 2.000          ; Min Period      ; CLK   ; Rise       ; southeast:inst|green:inst1|74161:inst|f74161:sub|99    ;
; -1.000 ; 1.000        ; 2.000          ; Min Period      ; CLK   ; Rise       ; southeast:inst|red:inst3|74161:inst1|f74161:sub|87     ;
; -1.000 ; 1.000        ; 2.000          ; Min Period      ; CLK   ; Rise       ; southeast:inst|red:inst3|74161:inst1|f74161:sub|9      ;
; -1.000 ; 1.000        ; 2.000          ; Min Period      ; CLK   ; Rise       ; southeast:inst|red:inst3|74161:inst|f74161:sub|110     ;
; -1.000 ; 1.000        ; 2.000          ; Min Period      ; CLK   ; Rise       ; southeast:inst|red:inst3|74161:inst|f74161:sub|87      ;
; -1.000 ; 1.000        ; 2.000          ; Min Period      ; CLK   ; Rise       ; southeast:inst|red:inst3|74161:inst|f74161:sub|9       ;
; -1.000 ; 1.000        ; 2.000          ; Min Period      ; CLK   ; Rise       ; southeast:inst|red:inst3|74161:inst|f74161:sub|99      ;
; -1.000 ; 1.000        ; 2.000          ; Min Period      ; CLK   ; Rise       ; southeast:inst|yellow:inst2|74161:inst|f74161:sub|110  ;
; -1.000 ; 1.000        ; 2.000          ; Min Period      ; CLK   ; Rise       ; southeast:inst|yellow:inst2|74161:inst|f74161:sub|87   ;
; -1.000 ; 1.000        ; 2.000          ; Min Period      ; CLK   ; Rise       ; southeast:inst|yellow:inst2|74161:inst|f74161:sub|9    ;
; -1.000 ; 1.000        ; 2.000          ; Min Period      ; CLK   ; Rise       ; southeast:inst|yellow:inst2|74161:inst|f74161:sub|99   ;
; -0.194 ; -0.010       ; 0.184          ; Low Pulse Width ; CLK   ; Rise       ; southeast:inst|red:inst3|74161:inst1|f74161:sub|87     ;
; -0.194 ; -0.010       ; 0.184          ; Low Pulse Width ; CLK   ; Rise       ; southeast:inst|red:inst3|74161:inst1|f74161:sub|9      ;
; -0.194 ; -0.010       ; 0.184          ; Low Pulse Width ; CLK   ; Rise       ; southeast:inst|red:inst3|74161:inst|f74161:sub|110     ;
; -0.194 ; -0.010       ; 0.184          ; Low Pulse Width ; CLK   ; Rise       ; southeast:inst|red:inst3|74161:inst|f74161:sub|87      ;
; -0.194 ; -0.010       ; 0.184          ; Low Pulse Width ; CLK   ; Rise       ; southeast:inst|red:inst3|74161:inst|f74161:sub|9       ;
; -0.194 ; -0.010       ; 0.184          ; Low Pulse Width ; CLK   ; Rise       ; southeast:inst|red:inst3|74161:inst|f74161:sub|99      ;
; -0.173 ; 0.011        ; 0.184          ; Low Pulse Width ; CLK   ; Rise       ; northwest:inst1|control:inst|74161:inst|f74161:sub|9   ;
; -0.173 ; 0.011        ; 0.184          ; Low Pulse Width ; CLK   ; Rise       ; northwest:inst1|green:inst1|74161:inst1|f74161:sub|87  ;
; -0.173 ; 0.011        ; 0.184          ; Low Pulse Width ; CLK   ; Rise       ; northwest:inst1|green:inst1|74161:inst1|f74161:sub|9   ;
; -0.173 ; 0.011        ; 0.184          ; Low Pulse Width ; CLK   ; Rise       ; northwest:inst1|green:inst1|74161:inst1|f74161:sub|99  ;
; -0.173 ; 0.011        ; 0.184          ; Low Pulse Width ; CLK   ; Rise       ; northwest:inst1|green:inst1|74161:inst|f74161:sub|110  ;
; -0.173 ; 0.011        ; 0.184          ; Low Pulse Width ; CLK   ; Rise       ; northwest:inst1|green:inst1|74161:inst|f74161:sub|87   ;
; -0.173 ; 0.011        ; 0.184          ; Low Pulse Width ; CLK   ; Rise       ; northwest:inst1|green:inst1|74161:inst|f74161:sub|9    ;
; -0.173 ; 0.011        ; 0.184          ; Low Pulse Width ; CLK   ; Rise       ; northwest:inst1|green:inst1|74161:inst|f74161:sub|99   ;
; -0.173 ; 0.011        ; 0.184          ; Low Pulse Width ; CLK   ; Rise       ; northwest:inst1|yellow:inst2|74161:inst|f74161:sub|110 ;
; -0.173 ; 0.011        ; 0.184          ; Low Pulse Width ; CLK   ; Rise       ; northwest:inst1|yellow:inst2|74161:inst|f74161:sub|87  ;
; -0.173 ; 0.011        ; 0.184          ; Low Pulse Width ; CLK   ; Rise       ; northwest:inst1|yellow:inst2|74161:inst|f74161:sub|9   ;
; -0.173 ; 0.011        ; 0.184          ; Low Pulse Width ; CLK   ; Rise       ; northwest:inst1|yellow:inst2|74161:inst|f74161:sub|99  ;
; -0.168 ; 0.016        ; 0.184          ; Low Pulse Width ; CLK   ; Rise       ; southeast:inst|control:inst|74161:inst|f74161:sub|9    ;
; -0.168 ; 0.016        ; 0.184          ; Low Pulse Width ; CLK   ; Rise       ; southeast:inst|green:inst1|74161:inst1|f74161:sub|87   ;
; -0.168 ; 0.016        ; 0.184          ; Low Pulse Width ; CLK   ; Rise       ; southeast:inst|green:inst1|74161:inst1|f74161:sub|9    ;
; -0.168 ; 0.016        ; 0.184          ; Low Pulse Width ; CLK   ; Rise       ; southeast:inst|green:inst1|74161:inst1|f74161:sub|99   ;
; -0.168 ; 0.016        ; 0.184          ; Low Pulse Width ; CLK   ; Rise       ; southeast:inst|green:inst1|74161:inst|f74161:sub|110   ;
; -0.168 ; 0.016        ; 0.184          ; Low Pulse Width ; CLK   ; Rise       ; southeast:inst|green:inst1|74161:inst|f74161:sub|87    ;
; -0.168 ; 0.016        ; 0.184          ; Low Pulse Width ; CLK   ; Rise       ; southeast:inst|green:inst1|74161:inst|f74161:sub|9     ;
; -0.168 ; 0.016        ; 0.184          ; Low Pulse Width ; CLK   ; Rise       ; southeast:inst|green:inst1|74161:inst|f74161:sub|99    ;
; -0.168 ; 0.016        ; 0.184          ; Low Pulse Width ; CLK   ; Rise       ; southeast:inst|yellow:inst2|74161:inst|f74161:sub|110  ;
; -0.168 ; 0.016        ; 0.184          ; Low Pulse Width ; CLK   ; Rise       ; southeast:inst|yellow:inst2|74161:inst|f74161:sub|87   ;
; -0.168 ; 0.016        ; 0.184          ; Low Pulse Width ; CLK   ; Rise       ; southeast:inst|yellow:inst2|74161:inst|f74161:sub|9    ;
; -0.168 ; 0.016        ; 0.184          ; Low Pulse Width ; CLK   ; Rise       ; southeast:inst|yellow:inst2|74161:inst|f74161:sub|99   ;
; -0.166 ; 0.018        ; 0.184          ; Low Pulse Width ; CLK   ; Rise       ; southeast:inst|control:inst|74161:inst|f74161:sub|87   ;
; -0.161 ; 0.023        ; 0.184          ; Low Pulse Width ; CLK   ; Rise       ; northwest:inst1|control:inst|74161:inst|f74161:sub|87  ;
; -0.154 ; 0.030        ; 0.184          ; Low Pulse Width ; CLK   ; Rise       ; northwest:inst1|red:inst3|74161:inst1|f74161:sub|87    ;
; -0.154 ; 0.030        ; 0.184          ; Low Pulse Width ; CLK   ; Rise       ; northwest:inst1|red:inst3|74161:inst1|f74161:sub|9     ;
; -0.154 ; 0.030        ; 0.184          ; Low Pulse Width ; CLK   ; Rise       ; northwest:inst1|red:inst3|74161:inst|f74161:sub|110    ;
; -0.154 ; 0.030        ; 0.184          ; Low Pulse Width ; CLK   ; Rise       ; northwest:inst1|red:inst3|74161:inst|f74161:sub|87     ;
; -0.154 ; 0.030        ; 0.184          ; Low Pulse Width ; CLK   ; Rise       ; northwest:inst1|red:inst3|74161:inst|f74161:sub|9      ;
; -0.154 ; 0.030        ; 0.184          ; Low Pulse Width ; CLK   ; Rise       ; northwest:inst1|red:inst3|74161:inst|f74161:sub|99     ;
; -0.014 ; -0.014       ; 0.000          ; Low Pulse Width ; CLK   ; Rise       ; inst|inst3|inst1|sub|87|clk                            ;
; -0.014 ; -0.014       ; 0.000          ; Low Pulse Width ; CLK   ; Rise       ; inst|inst3|inst1|sub|9|clk                             ;
; -0.014 ; -0.014       ; 0.000          ; Low Pulse Width ; CLK   ; Rise       ; inst|inst3|inst|sub|110|clk                            ;
; -0.014 ; -0.014       ; 0.000          ; Low Pulse Width ; CLK   ; Rise       ; inst|inst3|inst|sub|87|clk                             ;
; -0.014 ; -0.014       ; 0.000          ; Low Pulse Width ; CLK   ; Rise       ; inst|inst3|inst|sub|99|clk                             ;
; -0.014 ; -0.014       ; 0.000          ; Low Pulse Width ; CLK   ; Rise       ; inst|inst3|inst|sub|9|clk                              ;
; 0.007  ; 0.007        ; 0.000          ; Low Pulse Width ; CLK   ; Rise       ; inst1|inst1|inst1|sub|87|clk                           ;
; 0.007  ; 0.007        ; 0.000          ; Low Pulse Width ; CLK   ; Rise       ; inst1|inst1|inst1|sub|99|clk                           ;
; 0.007  ; 0.007        ; 0.000          ; Low Pulse Width ; CLK   ; Rise       ; inst1|inst1|inst1|sub|9|clk                            ;
; 0.007  ; 0.007        ; 0.000          ; Low Pulse Width ; CLK   ; Rise       ; inst1|inst1|inst|sub|110|clk                           ;
; 0.007  ; 0.007        ; 0.000          ; Low Pulse Width ; CLK   ; Rise       ; inst1|inst1|inst|sub|87|clk                            ;
; 0.007  ; 0.007        ; 0.000          ; Low Pulse Width ; CLK   ; Rise       ; inst1|inst1|inst|sub|99|clk                            ;
; 0.007  ; 0.007        ; 0.000          ; Low Pulse Width ; CLK   ; Rise       ; inst1|inst1|inst|sub|9|clk                             ;
; 0.007  ; 0.007        ; 0.000          ; Low Pulse Width ; CLK   ; Rise       ; inst1|inst2|inst|sub|110|clk                           ;
; 0.007  ; 0.007        ; 0.000          ; Low Pulse Width ; CLK   ; Rise       ; inst1|inst2|inst|sub|87|clk                            ;
; 0.007  ; 0.007        ; 0.000          ; Low Pulse Width ; CLK   ; Rise       ; inst1|inst2|inst|sub|99|clk                            ;
; 0.007  ; 0.007        ; 0.000          ; Low Pulse Width ; CLK   ; Rise       ; inst1|inst2|inst|sub|9|clk                             ;
; 0.007  ; 0.007        ; 0.000          ; Low Pulse Width ; CLK   ; Rise       ; inst1|inst|inst|sub|9|clk                              ;
; 0.012  ; 0.012        ; 0.000          ; Low Pulse Width ; CLK   ; Rise       ; inst|inst1|inst1|sub|87|clk                            ;
; 0.012  ; 0.012        ; 0.000          ; Low Pulse Width ; CLK   ; Rise       ; inst|inst1|inst1|sub|99|clk                            ;
; 0.012  ; 0.012        ; 0.000          ; Low Pulse Width ; CLK   ; Rise       ; inst|inst1|inst1|sub|9|clk                             ;
; 0.012  ; 0.012        ; 0.000          ; Low Pulse Width ; CLK   ; Rise       ; inst|inst1|inst|sub|110|clk                            ;
; 0.012  ; 0.012        ; 0.000          ; Low Pulse Width ; CLK   ; Rise       ; inst|inst1|inst|sub|87|clk                             ;
+--------+--------------+----------------+-----------------+-------+------------+--------------------------------------------------------+


+-----------------------------------------------------------------------+
; Clock to Output Times                                                 ;
+-----------+------------+-------+-------+------------+-----------------+
; Data Port ; Clock Port ; Rise  ; Fall  ; Clock Edge ; Clock Reference ;
+-----------+------------+-------+-------+------------+-----------------+
; A1        ; CLK        ; 5.191 ; 5.199 ; Rise       ; CLK             ;
; A2        ; CLK        ; 6.032 ; 6.425 ; Rise       ; CLK             ;
; A3        ; CLK        ; 7.030 ; 7.169 ; Rise       ; CLK             ;
; A4        ; CLK        ; 6.462 ; 6.930 ; Rise       ; CLK             ;
; A5        ; CLK        ; 5.526 ; 5.672 ; Rise       ; CLK             ;
; A6        ; CLK        ; 6.990 ; 7.517 ; Rise       ; CLK             ;
; A7        ; CLK        ; 5.940 ; 6.012 ; Rise       ; CLK             ;
; B1        ; CLK        ; 5.385 ; 5.115 ; Rise       ; CLK             ;
; B2        ; CLK        ; 5.121 ; 5.395 ; Rise       ; CLK             ;
; B3        ; CLK        ; 6.880 ; 7.193 ; Rise       ; CLK             ;
; B4        ; CLK        ; 6.308 ; 6.444 ; Rise       ; CLK             ;
; B5        ; CLK        ; 5.233 ; 5.170 ; Rise       ; CLK             ;
; B6        ; CLK        ; 5.754 ; 5.786 ; Rise       ; CLK             ;
; B7        ; CLK        ; 5.638 ; 5.653 ; Rise       ; CLK             ;
+-----------+------------+-------+-------+------------+-----------------+


+-----------------------------------------------------------------------+
; Minimum Clock to Output Times                                         ;
+-----------+------------+-------+-------+------------+-----------------+
; Data Port ; Clock Port ; Rise  ; Fall  ; Clock Edge ; Clock Reference ;
+-----------+------------+-------+-------+------------+-----------------+
; A1        ; CLK        ; 4.349 ; 4.193 ; Rise       ; CLK             ;
; A2        ; CLK        ; 4.719 ; 5.016 ; Rise       ; CLK             ;
; A3        ; CLK        ; 4.905 ; 5.026 ; Rise       ; CLK             ;
; A4        ; CLK        ; 4.656 ; 4.781 ; Rise       ; CLK             ;
; A5        ; CLK        ; 4.512 ; 4.676 ; Rise       ; CLK             ;
; A6        ; CLK        ; 4.869 ; 5.005 ; Rise       ; CLK             ;
; A7        ; CLK        ; 4.768 ; 4.925 ; Rise       ; CLK             ;
; B1        ; CLK        ; 4.173 ; 4.051 ; Rise       ; CLK             ;
; B2        ; CLK        ; 4.187 ; 4.255 ; Rise       ; CLK             ;
; B3        ; CLK        ; 4.501 ; 4.679 ; Rise       ; CLK             ;
; B4        ; CLK        ; 4.396 ; 4.510 ; Rise       ; CLK             ;
; B5        ; CLK        ; 4.123 ; 4.258 ; Rise       ; CLK             ;
; B6        ; CLK        ; 4.238 ; 4.377 ; Rise       ; CLK             ;
; B7        ; CLK        ; 4.172 ; 4.251 ; Rise       ; CLK             ;
+-----------+------------+-------+-------+------------+-----------------+


---------------------------------------------
; Fast 1200mV 0C Model Metastability Report ;
---------------------------------------------
No synchronizer chains to report.


+-------------------------------------------------------------------------------+
; Multicorner Timing Analysis Summary                                           ;
+------------------+---------+-------+----------+---------+---------------------+
; Clock            ; Setup   ; Hold  ; Recovery ; Removal ; Minimum Pulse Width ;
+------------------+---------+-------+----------+---------+---------------------+
; Worst-case Slack ; -2.713  ; 0.198 ; N/A      ; N/A     ; -3.000              ;
;  CLK             ; -2.713  ; 0.198 ; N/A      ; N/A     ; -3.000              ;
; Design-wide TNS  ; -59.36  ; 0.0   ; 0.0      ; 0.0     ; -60.364             ;
;  CLK             ; -59.360 ; 0.000 ; N/A      ; N/A     ; -60.364             ;
+------------------+---------+-------+----------+---------+---------------------+


+-------------------------------------------------------------------------+
; Clock to Output Times                                                   ;
+-----------+------------+--------+--------+------------+-----------------+
; Data Port ; Clock Port ; Rise   ; Fall   ; Clock Edge ; Clock Reference ;
+-----------+------------+--------+--------+------------+-----------------+
; A1        ; CLK        ; 11.342 ; 11.330 ; Rise       ; CLK             ;
; A2        ; CLK        ; 13.632 ; 13.151 ; Rise       ; CLK             ;
; A3        ; CLK        ; 15.886 ; 15.362 ; Rise       ; CLK             ;
; A4        ; CLK        ; 14.952 ; 14.342 ; Rise       ; CLK             ;
; A5        ; CLK        ; 12.277 ; 11.924 ; Rise       ; CLK             ;
; A6        ; CLK        ; 16.259 ; 15.439 ; Rise       ; CLK             ;
; A7        ; CLK        ; 13.204 ; 12.998 ; Rise       ; CLK             ;
; B1        ; CLK        ; 11.389 ; 11.695 ; Rise       ; CLK             ;
; B2        ; CLK        ; 11.707 ; 11.410 ; Rise       ; CLK             ;
; B3        ; CLK        ; 15.502 ; 15.173 ; Rise       ; CLK             ;
; B4        ; CLK        ; 14.083 ; 13.735 ; Rise       ; CLK             ;
; B5        ; CLK        ; 11.353 ; 11.363 ; Rise       ; CLK             ;
; B6        ; CLK        ; 12.553 ; 12.596 ; Rise       ; CLK             ;
; B7        ; CLK        ; 12.345 ; 12.437 ; Rise       ; CLK             ;
+-----------+------------+--------+--------+------------+-----------------+


+-----------------------------------------------------------------------+
; Minimum Clock to Output Times                                         ;
+-----------+------------+-------+-------+------------+-----------------+
; Data Port ; Clock Port ; Rise  ; Fall  ; Clock Edge ; Clock Reference ;
+-----------+------------+-------+-------+------------+-----------------+
; A1        ; CLK        ; 4.349 ; 4.193 ; Rise       ; CLK             ;
; A2        ; CLK        ; 4.719 ; 5.016 ; Rise       ; CLK             ;
; A3        ; CLK        ; 4.905 ; 5.026 ; Rise       ; CLK             ;
; A4        ; CLK        ; 4.656 ; 4.781 ; Rise       ; CLK             ;
; A5        ; CLK        ; 4.512 ; 4.676 ; Rise       ; CLK             ;
; A6        ; CLK        ; 4.869 ; 5.005 ; Rise       ; CLK             ;
; A7        ; CLK        ; 4.768 ; 4.925 ; Rise       ; CLK             ;
; B1        ; CLK        ; 4.173 ; 4.051 ; Rise       ; CLK             ;
; B2        ; CLK        ; 4.187 ; 4.255 ; Rise       ; CLK             ;
; B3        ; CLK        ; 4.501 ; 4.679 ; Rise       ; CLK             ;
; B4        ; CLK        ; 4.396 ; 4.510 ; Rise       ; CLK             ;
; B5        ; CLK        ; 4.123 ; 4.258 ; Rise       ; CLK             ;
; B6        ; CLK        ; 4.238 ; 4.377 ; Rise       ; CLK             ;
; B7        ; CLK        ; 4.172 ; 4.251 ; Rise       ; CLK             ;
+-----------+------------+-------+-------+------------+-----------------+


+------------------------------------------------------------------------------------------------------------------------------------------------------------------------------------------------------------------------------------------------------------------------------------------------------------------------------------------------------------------+
; Board Trace Model Assignments                                                                                                                                                                                                                                                                                                                                    ;
+---------------+--------------+-------------------+-------------------------+-------------------------+---------------+---------------------+----------------+------------------+--------+------------------+------------------------+------------------------+--------------+---------------+-----------------+-------+---------------------+--------------------+
; Pin           ; I/O Standard ; Near Tline Length ; Near Tline L per Length ; Near Tline C per Length ; Near Series R ; Near Differential R ; Near Pull-up R ; Near Pull-down R ; Near C ; Far Tline Length ; Far Tline L per Length ; Far Tline C per Length ; Far Series R ; Far Pull-up R ; Far Pull-down R ; Far C ; Termination Voltage ; Far Differential R ;
+---------------+--------------+-------------------+-------------------------+-------------------------+---------------+---------------------+----------------+------------------+--------+------------------+------------------------+------------------------+--------------+---------------+-----------------+-------+---------------------+--------------------+
; A1            ; 2.5 V        ; 0 in              ; 0 H/in                  ; 0 F/in                  ; short         ; -                   ; open           ; open             ; open   ; 0 in             ; 0 H/in                 ; 0 F/in                 ; short        ; open          ; open            ; open  ; 0 V                 ; -                  ;
; A2            ; 2.5 V        ; 0 in              ; 0 H/in                  ; 0 F/in                  ; short         ; -                   ; open           ; open             ; open   ; 0 in             ; 0 H/in                 ; 0 F/in                 ; short        ; open          ; open            ; open  ; 0 V                 ; -                  ;
; A3            ; 2.5 V        ; 0 in              ; 0 H/in                  ; 0 F/in                  ; short         ; -                   ; open           ; open             ; open   ; 0 in             ; 0 H/in                 ; 0 F/in                 ; short        ; open          ; open            ; open  ; 0 V                 ; -                  ;
; A4            ; 2.5 V        ; 0 in              ; 0 H/in                  ; 0 F/in                  ; short         ; -                   ; open           ; open             ; open   ; 0 in             ; 0 H/in                 ; 0 F/in                 ; short        ; open          ; open            ; open  ; 0 V                 ; -                  ;
; A5            ; 2.5 V        ; 0 in              ; 0 H/in                  ; 0 F/in                  ; short         ; -                   ; open           ; open             ; open   ; 0 in             ; 0 H/in                 ; 0 F/in                 ; short        ; open          ; open            ; open  ; 0 V                 ; -                  ;
; A6            ; 2.5 V        ; 0 in              ; 0 H/in                  ; 0 F/in                  ; short         ; -                   ; open           ; open             ; open   ; 0 in             ; 0 H/in                 ; 0 F/in                 ; short        ; open          ; open            ; open  ; 0 V                 ; -                  ;
; A7            ; 2.5 V        ; 0 in              ; 0 H/in                  ; 0 F/in                  ; short         ; -                   ; open           ; open             ; open   ; 0 in             ; 0 H/in                 ; 0 F/in                 ; short        ; open          ; open            ; open  ; 0 V                 ; -                  ;
; B1            ; 2.5 V        ; 0 in              ; 0 H/in                  ; 0 F/in                  ; short         ; -                   ; open           ; open             ; open   ; 0 in             ; 0 H/in                 ; 0 F/in                 ; short        ; open          ; open            ; open  ; 0 V                 ; -                  ;
; B2            ; 2.5 V        ; 0 in              ; 0 H/in                  ; 0 F/in                  ; short         ; -                   ; open           ; open             ; open   ; 0 in             ; 0 H/in                 ; 0 F/in                 ; short        ; open          ; open            ; open  ; 0 V                 ; -                  ;
; B3            ; 2.5 V        ; 0 in              ; 0 H/in                  ; 0 F/in                  ; short         ; -                   ; open           ; open             ; open   ; 0 in             ; 0 H/in                 ; 0 F/in                 ; short        ; open          ; open            ; open  ; 0 V                 ; -                  ;
; B4            ; 2.5 V        ; 0 in              ; 0 H/in                  ; 0 F/in                  ; short         ; -                   ; open           ; open             ; open   ; 0 in             ; 0 H/in                 ; 0 F/in                 ; short        ; open          ; open            ; open  ; 0 V                 ; -                  ;
; B5            ; 2.5 V        ; 0 in              ; 0 H/in                  ; 0 F/in                  ; short         ; -                   ; open           ; open             ; open   ; 0 in             ; 0 H/in                 ; 0 F/in                 ; short        ; open          ; open            ; open  ; 0 V                 ; -                  ;
; B6            ; 2.5 V        ; 0 in              ; 0 H/in                  ; 0 F/in                  ; short         ; -                   ; open           ; open             ; open   ; 0 in             ; 0 H/in                 ; 0 F/in                 ; short        ; open          ; open            ; open  ; 0 V                 ; -                  ;
; B7            ; 2.5 V        ; 0 in              ; 0 H/in                  ; 0 F/in                  ; short         ; -                   ; open           ; open             ; open   ; 0 in             ; 0 H/in                 ; 0 F/in                 ; short        ; open          ; open            ; open  ; 0 V                 ; -                  ;
; ~ALTERA_DCLK~ ; 2.5 V        ; 0 in              ; 0 H/in                  ; 0 F/in                  ; short         ; -                   ; open           ; open             ; open   ; 0 in             ; 0 H/in                 ; 0 F/in                 ; short        ; open          ; open            ; open  ; 0 V                 ; -                  ;
; ~ALTERA_nCEO~ ; 2.5 V        ; 0 in              ; 0 H/in                  ; 0 F/in                  ; short         ; -                   ; open           ; open             ; open   ; 0 in             ; 0 H/in                 ; 0 F/in                 ; short        ; open          ; open            ; open  ; 0 V                 ; -                  ;
+---------------+--------------+-------------------+-------------------------+-------------------------+---------------+---------------------+----------------+------------------+--------+------------------+------------------------+------------------------+--------------+---------------+-----------------+-------+---------------------+--------------------+


+----------------------------------------------------------------------------+
; Input Transition Times                                                     ;
+-------------------------+--------------+-----------------+-----------------+
; Pin                     ; I/O Standard ; 10-90 Rise Time ; 90-10 Fall Time ;
+-------------------------+--------------+-----------------+-----------------+
; CLK                     ; 2.5 V        ; 2000 ps         ; 2000 ps         ;
; ~ALTERA_ASDO_DATA1~     ; 2.5 V        ; 2000 ps         ; 2000 ps         ;
; ~ALTERA_FLASH_nCE_nCSO~ ; 2.5 V        ; 2000 ps         ; 2000 ps         ;
; ~ALTERA_DATA0~          ; 2.5 V        ; 2000 ps         ; 2000 ps         ;
+-------------------------+--------------+-----------------+-----------------+


+--------------------------------------------------------------------------------------------------------------------------------------------------------------------------------------------------------------------------------------------------------------------------------------------------------------------------------------------------------------------------------------------------------------------------------------------------------------------------------------------------------------------------------------------------------------------------------------------------------------------------------------------------------------------------------------------+
; Slow Corner Signal Integrity Metrics                                                                                                                                                                                                                                                                                                                                                                                                                                                                                                                                                                                                                                                       ;
+---------------+--------------+---------------------+---------------------+------------------------------+------------------------------+---------------------+---------------------+--------------------------------------+--------------------------------------+-----------------------------+-----------------------------+----------------------------+----------------------------+-----------------------------+-----------------------------+--------------------+--------------------+-------------------------------------+-------------------------------------+----------------------------+----------------------------+---------------------------+---------------------------+
; Pin           ; I/O Standard ; Board Delay on Rise ; Board Delay on Fall ; Steady State Voh at FPGA Pin ; Steady State Vol at FPGA Pin ; Voh Max at FPGA Pin ; Vol Min at FPGA Pin ; Ringback Voltage on Rise at FPGA Pin ; Ringback Voltage on Fall at FPGA Pin ; 10-90 Rise Time at FPGA Pin ; 90-10 Fall Time at FPGA Pin ; Monotonic Rise at FPGA Pin ; Monotonic Fall at FPGA Pin ; Steady State Voh at Far-end ; Steady State Vol at Far-end ; Voh Max at Far-end ; Vol Min at Far-end ; Ringback Voltage on Rise at Far-end ; Ringback Voltage on Fall at Far-end ; 10-90 Rise Time at Far-end ; 90-10 Fall Time at Far-end ; Monotonic Rise at Far-end ; Monotonic Fall at Far-end ;
+---------------+--------------+---------------------+---------------------+------------------------------+------------------------------+---------------------+---------------------+--------------------------------------+--------------------------------------+-----------------------------+-----------------------------+----------------------------+----------------------------+-----------------------------+-----------------------------+--------------------+--------------------+-------------------------------------+-------------------------------------+----------------------------+----------------------------+---------------------------+---------------------------+
; A1            ; 2.5 V        ; 0 s                 ; 0 s                 ; 2.32 V                       ; 1.91e-007 V                  ; 2.35 V              ; -0.00735 V          ; 0.126 V                              ; 0.011 V                              ; 4.7e-010 s                  ; 4.63e-010 s                 ; Yes                        ; Yes                        ; 2.32 V                      ; 1.91e-007 V                 ; 2.35 V             ; -0.00735 V         ; 0.126 V                             ; 0.011 V                             ; 4.7e-010 s                 ; 4.63e-010 s                ; Yes                       ; Yes                       ;
; A2            ; 2.5 V        ; 0 s                 ; 0 s                 ; 2.32 V                       ; 2.84e-007 V                  ; 2.35 V              ; -0.0105 V           ; 0.143 V                              ; 0.041 V                              ; 4.81e-010 s                 ; 4.81e-010 s                 ; Yes                        ; Yes                        ; 2.32 V                      ; 2.84e-007 V                 ; 2.35 V             ; -0.0105 V          ; 0.143 V                             ; 0.041 V                             ; 4.81e-010 s                ; 4.81e-010 s                ; Yes                       ; Yes                       ;
; A3            ; 2.5 V        ; 0 s                 ; 0 s                 ; 2.32 V                       ; 2.84e-007 V                  ; 2.35 V              ; -0.0105 V           ; 0.143 V                              ; 0.041 V                              ; 4.81e-010 s                 ; 4.81e-010 s                 ; Yes                        ; Yes                        ; 2.32 V                      ; 2.84e-007 V                 ; 2.35 V             ; -0.0105 V          ; 0.143 V                             ; 0.041 V                             ; 4.81e-010 s                ; 4.81e-010 s                ; Yes                       ; Yes                       ;
; A4            ; 2.5 V        ; 0 s                 ; 0 s                 ; 2.32 V                       ; 2.84e-007 V                  ; 2.35 V              ; -0.0105 V           ; 0.143 V                              ; 0.041 V                              ; 4.81e-010 s                 ; 4.81e-010 s                 ; Yes                        ; Yes                        ; 2.32 V                      ; 2.84e-007 V                 ; 2.35 V             ; -0.0105 V          ; 0.143 V                             ; 0.041 V                             ; 4.81e-010 s                ; 4.81e-010 s                ; Yes                       ; Yes                       ;
; A5            ; 2.5 V        ; 0 s                 ; 0 s                 ; 2.32 V                       ; 2.84e-007 V                  ; 2.35 V              ; -0.0105 V           ; 0.143 V                              ; 0.041 V                              ; 4.81e-010 s                 ; 4.81e-010 s                 ; Yes                        ; Yes                        ; 2.32 V                      ; 2.84e-007 V                 ; 2.35 V             ; -0.0105 V          ; 0.143 V                             ; 0.041 V                             ; 4.81e-010 s                ; 4.81e-010 s                ; Yes                       ; Yes                       ;
; A6            ; 2.5 V        ; 0 s                 ; 0 s                 ; 2.32 V                       ; 2.84e-007 V                  ; 2.35 V              ; -0.0105 V           ; 0.143 V                              ; 0.041 V                              ; 4.81e-010 s                 ; 4.81e-010 s                 ; Yes                        ; Yes                        ; 2.32 V                      ; 2.84e-007 V                 ; 2.35 V             ; -0.0105 V          ; 0.143 V                             ; 0.041 V                             ; 4.81e-010 s                ; 4.81e-010 s                ; Yes                       ; Yes                       ;
; A7            ; 2.5 V        ; 0 s                 ; 0 s                 ; 2.32 V                       ; 2.84e-007 V                  ; 2.35 V              ; -0.0105 V           ; 0.143 V                              ; 0.041 V                              ; 4.81e-010 s                 ; 4.81e-010 s                 ; Yes                        ; Yes                        ; 2.32 V                      ; 2.84e-007 V                 ; 2.35 V             ; -0.0105 V          ; 0.143 V                             ; 0.041 V                             ; 4.81e-010 s                ; 4.81e-010 s                ; Yes                       ; Yes                       ;
; B1            ; 2.5 V        ; 0 s                 ; 0 s                 ; 2.32 V                       ; 2.84e-007 V                  ; 2.35 V              ; -0.0105 V           ; 0.143 V                              ; 0.041 V                              ; 4.81e-010 s                 ; 4.81e-010 s                 ; Yes                        ; Yes                        ; 2.32 V                      ; 2.84e-007 V                 ; 2.35 V             ; -0.0105 V          ; 0.143 V                             ; 0.041 V                             ; 4.81e-010 s                ; 4.81e-010 s                ; Yes                       ; Yes                       ;
; B2            ; 2.5 V        ; 0 s                 ; 0 s                 ; 2.32 V                       ; 1.91e-007 V                  ; 2.35 V              ; -0.00735 V          ; 0.126 V                              ; 0.011 V                              ; 4.7e-010 s                  ; 4.63e-010 s                 ; Yes                        ; Yes                        ; 2.32 V                      ; 1.91e-007 V                 ; 2.35 V             ; -0.00735 V         ; 0.126 V                             ; 0.011 V                             ; 4.7e-010 s                 ; 4.63e-010 s                ; Yes                       ; Yes                       ;
; B3            ; 2.5 V        ; 0 s                 ; 0 s                 ; 2.32 V                       ; 1.91e-007 V                  ; 2.35 V              ; -0.00735 V          ; 0.126 V                              ; 0.011 V                              ; 4.7e-010 s                  ; 4.63e-010 s                 ; Yes                        ; Yes                        ; 2.32 V                      ; 1.91e-007 V                 ; 2.35 V             ; -0.00735 V         ; 0.126 V                             ; 0.011 V                             ; 4.7e-010 s                 ; 4.63e-010 s                ; Yes                       ; Yes                       ;
; B4            ; 2.5 V        ; 0 s                 ; 0 s                 ; 2.32 V                       ; 1.91e-007 V                  ; 2.34 V              ; -0.00803 V          ; 0.14 V                               ; 0.045 V                              ; 6.89e-010 s                 ; 6.56e-010 s                 ; Yes                        ; Yes                        ; 2.32 V                      ; 1.91e-007 V                 ; 2.34 V             ; -0.00803 V         ; 0.14 V                              ; 0.045 V                             ; 6.89e-010 s                ; 6.56e-010 s                ; Yes                       ; Yes                       ;
; B5            ; 2.5 V        ; 0 s                 ; 0 s                 ; 2.32 V                       ; 1.91e-007 V                  ; 2.34 V              ; -0.00803 V          ; 0.14 V                               ; 0.045 V                              ; 6.89e-010 s                 ; 6.56e-010 s                 ; Yes                        ; Yes                        ; 2.32 V                      ; 1.91e-007 V                 ; 2.34 V             ; -0.00803 V         ; 0.14 V                              ; 0.045 V                             ; 6.89e-010 s                ; 6.56e-010 s                ; Yes                       ; Yes                       ;
; B6            ; 2.5 V        ; 0 s                 ; 0 s                 ; 2.32 V                       ; 1.91e-007 V                  ; 2.34 V              ; -0.00803 V          ; 0.14 V                               ; 0.045 V                              ; 6.89e-010 s                 ; 6.56e-010 s                 ; Yes                        ; Yes                        ; 2.32 V                      ; 1.91e-007 V                 ; 2.34 V             ; -0.00803 V         ; 0.14 V                              ; 0.045 V                             ; 6.89e-010 s                ; 6.56e-010 s                ; Yes                       ; Yes                       ;
; B7            ; 2.5 V        ; 0 s                 ; 0 s                 ; 2.32 V                       ; 1.91e-007 V                  ; 2.34 V              ; -0.00803 V          ; 0.14 V                               ; 0.045 V                              ; 6.89e-010 s                 ; 6.56e-010 s                 ; Yes                        ; Yes                        ; 2.32 V                      ; 1.91e-007 V                 ; 2.34 V             ; -0.00803 V         ; 0.14 V                              ; 0.045 V                             ; 6.89e-010 s                ; 6.56e-010 s                ; Yes                       ; Yes                       ;
; ~ALTERA_DCLK~ ; 2.5 V        ; 0 s                 ; 0 s                 ; 2.32 V                       ; 1.53e-007 V                  ; 2.35 V              ; -0.00333 V          ; 0.096 V                              ; 0.006 V                              ; 4.5e-010 s                  ; 3.85e-010 s                 ; Yes                        ; Yes                        ; 2.32 V                      ; 1.53e-007 V                 ; 2.35 V             ; -0.00333 V         ; 0.096 V                             ; 0.006 V                             ; 4.5e-010 s                 ; 3.85e-010 s                ; Yes                       ; Yes                       ;
; ~ALTERA_nCEO~ ; 2.5 V        ; 0 s                 ; 0 s                 ; 2.32 V                       ; 2.51e-007 V                  ; 2.34 V              ; -0.00726 V          ; 0.108 V                              ; 0.026 V                              ; 6.58e-010 s                 ; 8.2e-010 s                  ; Yes                        ; Yes                        ; 2.32 V                      ; 2.51e-007 V                 ; 2.34 V             ; -0.00726 V         ; 0.108 V                             ; 0.026 V                             ; 6.58e-010 s                ; 8.2e-010 s                 ; Yes                       ; Yes                       ;
+---------------+--------------+---------------------+---------------------+------------------------------+------------------------------+---------------------+---------------------+--------------------------------------+--------------------------------------+-----------------------------+-----------------------------+----------------------------+----------------------------+-----------------------------+-----------------------------+--------------------+--------------------+-------------------------------------+-------------------------------------+----------------------------+----------------------------+---------------------------+---------------------------+


+--------------------------------------------------------------------------------------------------------------------------------------------------------------------------------------------------------------------------------------------------------------------------------------------------------------------------------------------------------------------------------------------------------------------------------------------------------------------------------------------------------------------------------------------------------------------------------------------------------------------------------------------------------------------------------------------+
; Fast Corner Signal Integrity Metrics                                                                                                                                                                                                                                                                                                                                                                                                                                                                                                                                                                                                                                                       ;
+---------------+--------------+---------------------+---------------------+------------------------------+------------------------------+---------------------+---------------------+--------------------------------------+--------------------------------------+-----------------------------+-----------------------------+----------------------------+----------------------------+-----------------------------+-----------------------------+--------------------+--------------------+-------------------------------------+-------------------------------------+----------------------------+----------------------------+---------------------------+---------------------------+
; Pin           ; I/O Standard ; Board Delay on Rise ; Board Delay on Fall ; Steady State Voh at FPGA Pin ; Steady State Vol at FPGA Pin ; Voh Max at FPGA Pin ; Vol Min at FPGA Pin ; Ringback Voltage on Rise at FPGA Pin ; Ringback Voltage on Fall at FPGA Pin ; 10-90 Rise Time at FPGA Pin ; 90-10 Fall Time at FPGA Pin ; Monotonic Rise at FPGA Pin ; Monotonic Fall at FPGA Pin ; Steady State Voh at Far-end ; Steady State Vol at Far-end ; Voh Max at Far-end ; Vol Min at Far-end ; Ringback Voltage on Rise at Far-end ; Ringback Voltage on Fall at Far-end ; 10-90 Rise Time at Far-end ; 90-10 Fall Time at Far-end ; Monotonic Rise at Far-end ; Monotonic Fall at Far-end ;
+---------------+--------------+---------------------+---------------------+------------------------------+------------------------------+---------------------+---------------------+--------------------------------------+--------------------------------------+-----------------------------+-----------------------------+----------------------------+----------------------------+-----------------------------+-----------------------------+--------------------+--------------------+-------------------------------------+-------------------------------------+----------------------------+----------------------------+---------------------------+---------------------------+
; A1            ; 2.5 V        ; 0 s                 ; 0 s                 ; 2.62 V                       ; 2.7e-008 V                   ; 2.72 V              ; -0.0401 V           ; 0.163 V                              ; 0.091 V                              ; 2.71e-010 s                 ; 2.61e-010 s                 ; Yes                        ; Yes                        ; 2.62 V                      ; 2.7e-008 V                  ; 2.72 V             ; -0.0401 V          ; 0.163 V                             ; 0.091 V                             ; 2.71e-010 s                ; 2.61e-010 s                ; Yes                       ; Yes                       ;
; A2            ; 2.5 V        ; 0 s                 ; 0 s                 ; 2.62 V                       ; 4.02e-008 V                  ; 2.71 V              ; -0.0351 V           ; 0.173 V                              ; 0.098 V                              ; 2.73e-010 s                 ; 2.69e-010 s                 ; Yes                        ; Yes                        ; 2.62 V                      ; 4.02e-008 V                 ; 2.71 V             ; -0.0351 V          ; 0.173 V                             ; 0.098 V                             ; 2.73e-010 s                ; 2.69e-010 s                ; Yes                       ; Yes                       ;
; A3            ; 2.5 V        ; 0 s                 ; 0 s                 ; 2.62 V                       ; 4.02e-008 V                  ; 2.71 V              ; -0.0351 V           ; 0.173 V                              ; 0.098 V                              ; 2.73e-010 s                 ; 2.69e-010 s                 ; Yes                        ; Yes                        ; 2.62 V                      ; 4.02e-008 V                 ; 2.71 V             ; -0.0351 V          ; 0.173 V                             ; 0.098 V                             ; 2.73e-010 s                ; 2.69e-010 s                ; Yes                       ; Yes                       ;
; A4            ; 2.5 V        ; 0 s                 ; 0 s                 ; 2.62 V                       ; 4.02e-008 V                  ; 2.71 V              ; -0.0351 V           ; 0.173 V                              ; 0.098 V                              ; 2.73e-010 s                 ; 2.69e-010 s                 ; Yes                        ; Yes                        ; 2.62 V                      ; 4.02e-008 V                 ; 2.71 V             ; -0.0351 V          ; 0.173 V                             ; 0.098 V                             ; 2.73e-010 s                ; 2.69e-010 s                ; Yes                       ; Yes                       ;
; A5            ; 2.5 V        ; 0 s                 ; 0 s                 ; 2.62 V                       ; 4.02e-008 V                  ; 2.71 V              ; -0.0351 V           ; 0.173 V                              ; 0.098 V                              ; 2.73e-010 s                 ; 2.69e-010 s                 ; Yes                        ; Yes                        ; 2.62 V                      ; 4.02e-008 V                 ; 2.71 V             ; -0.0351 V          ; 0.173 V                             ; 0.098 V                             ; 2.73e-010 s                ; 2.69e-010 s                ; Yes                       ; Yes                       ;
; A6            ; 2.5 V        ; 0 s                 ; 0 s                 ; 2.62 V                       ; 4.02e-008 V                  ; 2.71 V              ; -0.0351 V           ; 0.173 V                              ; 0.098 V                              ; 2.73e-010 s                 ; 2.69e-010 s                 ; Yes                        ; Yes                        ; 2.62 V                      ; 4.02e-008 V                 ; 2.71 V             ; -0.0351 V          ; 0.173 V                             ; 0.098 V                             ; 2.73e-010 s                ; 2.69e-010 s                ; Yes                       ; Yes                       ;
; A7            ; 2.5 V        ; 0 s                 ; 0 s                 ; 2.62 V                       ; 4.02e-008 V                  ; 2.71 V              ; -0.0351 V           ; 0.173 V                              ; 0.098 V                              ; 2.73e-010 s                 ; 2.69e-010 s                 ; Yes                        ; Yes                        ; 2.62 V                      ; 4.02e-008 V                 ; 2.71 V             ; -0.0351 V          ; 0.173 V                             ; 0.098 V                             ; 2.73e-010 s                ; 2.69e-010 s                ; Yes                       ; Yes                       ;
; B1            ; 2.5 V        ; 0 s                 ; 0 s                 ; 2.62 V                       ; 4.02e-008 V                  ; 2.71 V              ; -0.0351 V           ; 0.173 V                              ; 0.098 V                              ; 2.73e-010 s                 ; 2.69e-010 s                 ; Yes                        ; Yes                        ; 2.62 V                      ; 4.02e-008 V                 ; 2.71 V             ; -0.0351 V          ; 0.173 V                             ; 0.098 V                             ; 2.73e-010 s                ; 2.69e-010 s                ; Yes                       ; Yes                       ;
; B2            ; 2.5 V        ; 0 s                 ; 0 s                 ; 2.62 V                       ; 2.7e-008 V                   ; 2.72 V              ; -0.0401 V           ; 0.163 V                              ; 0.091 V                              ; 2.71e-010 s                 ; 2.61e-010 s                 ; Yes                        ; Yes                        ; 2.62 V                      ; 2.7e-008 V                  ; 2.72 V             ; -0.0401 V          ; 0.163 V                             ; 0.091 V                             ; 2.71e-010 s                ; 2.61e-010 s                ; Yes                       ; Yes                       ;
; B3            ; 2.5 V        ; 0 s                 ; 0 s                 ; 2.62 V                       ; 2.7e-008 V                   ; 2.72 V              ; -0.0401 V           ; 0.163 V                              ; 0.091 V                              ; 2.71e-010 s                 ; 2.61e-010 s                 ; Yes                        ; Yes                        ; 2.62 V                      ; 2.7e-008 V                  ; 2.72 V             ; -0.0401 V          ; 0.163 V                             ; 0.091 V                             ; 2.71e-010 s                ; 2.61e-010 s                ; Yes                       ; Yes                       ;
; B4            ; 2.5 V        ; 0 s                 ; 0 s                 ; 2.62 V                       ; 2.7e-008 V                   ; 2.71 V              ; -0.0352 V           ; 0.147 V                              ; 0.066 V                              ; 4.51e-010 s                 ; 4.15e-010 s                 ; No                         ; Yes                        ; 2.62 V                      ; 2.7e-008 V                  ; 2.71 V             ; -0.0352 V          ; 0.147 V                             ; 0.066 V                             ; 4.51e-010 s                ; 4.15e-010 s                ; No                        ; Yes                       ;
; B5            ; 2.5 V        ; 0 s                 ; 0 s                 ; 2.62 V                       ; 2.7e-008 V                   ; 2.71 V              ; -0.0352 V           ; 0.147 V                              ; 0.066 V                              ; 4.51e-010 s                 ; 4.15e-010 s                 ; No                         ; Yes                        ; 2.62 V                      ; 2.7e-008 V                  ; 2.71 V             ; -0.0352 V          ; 0.147 V                             ; 0.066 V                             ; 4.51e-010 s                ; 4.15e-010 s                ; No                        ; Yes                       ;
; B6            ; 2.5 V        ; 0 s                 ; 0 s                 ; 2.62 V                       ; 2.7e-008 V                   ; 2.71 V              ; -0.0352 V           ; 0.147 V                              ; 0.066 V                              ; 4.51e-010 s                 ; 4.15e-010 s                 ; No                         ; Yes                        ; 2.62 V                      ; 2.7e-008 V                  ; 2.71 V             ; -0.0352 V          ; 0.147 V                             ; 0.066 V                             ; 4.51e-010 s                ; 4.15e-010 s                ; No                        ; Yes                       ;
; B7            ; 2.5 V        ; 0 s                 ; 0 s                 ; 2.62 V                       ; 2.7e-008 V                   ; 2.71 V              ; -0.0352 V           ; 0.147 V                              ; 0.066 V                              ; 4.51e-010 s                 ; 4.15e-010 s                 ; No                         ; Yes                        ; 2.62 V                      ; 2.7e-008 V                  ; 2.71 V             ; -0.0352 V          ; 0.147 V                             ; 0.066 V                             ; 4.51e-010 s                ; 4.15e-010 s                ; No                        ; Yes                       ;
; ~ALTERA_DCLK~ ; 2.5 V        ; 0 s                 ; 0 s                 ; 2.62 V                       ; 2.2e-008 V                   ; 2.74 V              ; -0.061 V            ; 0.159 V                              ; 0.078 V                              ; 2.7e-010 s                  ; 2.2e-010 s                  ; No                         ; Yes                        ; 2.62 V                      ; 2.2e-008 V                  ; 2.74 V             ; -0.061 V           ; 0.159 V                             ; 0.078 V                             ; 2.7e-010 s                 ; 2.2e-010 s                 ; No                        ; Yes                       ;
; ~ALTERA_nCEO~ ; 2.5 V        ; 0 s                 ; 0 s                 ; 2.62 V                       ; 3.52e-008 V                  ; 2.7 V               ; -0.012 V            ; 0.274 V                              ; 0.034 V                              ; 3.18e-010 s                 ; 4.96e-010 s                 ; No                         ; Yes                        ; 2.62 V                      ; 3.52e-008 V                 ; 2.7 V              ; -0.012 V           ; 0.274 V                             ; 0.034 V                             ; 3.18e-010 s                ; 4.96e-010 s                ; No                        ; Yes                       ;
+---------------+--------------+---------------------+---------------------+------------------------------+------------------------------+---------------------+---------------------+--------------------------------------+--------------------------------------+-----------------------------+-----------------------------+----------------------------+----------------------------+-----------------------------+-----------------------------+--------------------+--------------------+-------------------------------------+-------------------------------------+----------------------------+----------------------------+---------------------------+---------------------------+


+-------------------------------------------------------------------+
; Setup Transfers                                                   ;
+------------+----------+----------+----------+----------+----------+
; From Clock ; To Clock ; RR Paths ; FR Paths ; RF Paths ; FF Paths ;
+------------+----------+----------+----------+----------+----------+
; CLK        ; CLK      ; 224      ; 0        ; 0        ; 0        ;
+------------+----------+----------+----------+----------+----------+
Entries labeled "false path" only account for clock-to-clock false paths and not path-based false paths. As a result, actual path counts may be lower than reported.


+-------------------------------------------------------------------+
; Hold Transfers                                                    ;
+------------+----------+----------+----------+----------+----------+
; From Clock ; To Clock ; RR Paths ; FR Paths ; RF Paths ; FF Paths ;
+------------+----------+----------+----------+----------+----------+
; CLK        ; CLK      ; 224      ; 0        ; 0        ; 0        ;
+------------+----------+----------+----------+----------+----------+
Entries labeled "false path" only account for clock-to-clock false paths and not path-based false paths. As a result, actual path counts may be lower than reported.


---------------
; Report TCCS ;
---------------
No dedicated SERDES Transmitter circuitry present in device or used in design


---------------
; Report RSKM ;
---------------
No dedicated SERDES Receiver circuitry present in device or used in design


+------------------------------------------------+
; Unconstrained Paths                            ;
+---------------------------------+-------+------+
; Property                        ; Setup ; Hold ;
+---------------------------------+-------+------+
; Illegal Clocks                  ; 0     ; 0    ;
; Unconstrained Clocks            ; 0     ; 0    ;
; Unconstrained Input Ports       ; 0     ; 0    ;
; Unconstrained Input Port Paths  ; 0     ; 0    ;
; Unconstrained Output Ports      ; 14    ; 14   ;
; Unconstrained Output Port Paths ; 88    ; 88   ;
+---------------------------------+-------+------+


+------------------------------------+
; TimeQuest Timing Analyzer Messages ;
+------------------------------------+
Info: *******************************************************************
Info: Running Quartus II TimeQuest Timing Analyzer
    Info: Version 9.1 Build 350 03/24/2010 Service Pack 2 SJ Web Edition
    Info: Processing started: Tue May 28 12:55:24 2024
Info: Command: quartus_sta lamp -c lamp
Info: qsta_default_script.tcl version: #1
Info: Core supply voltage is 1.2V
Info: Low junction temperature is 0 degrees C
Info: High junction temperature is 85 degrees C
Critical Warning: Synopsys Design Constraints File file not found: 'lamp.sdc'. A Synopsys Design Constraints File is required by the TimeQuest Timing Analyzer to get proper timing constraints. Without it, the Compiler will not properly optimize the design.
Info: No user constrained base clocks found in the design. Calling "derive_clocks -period 1.0"
Info: Deriving Clocks
    Info: create_clock -period 1.000 -name CLK CLK
Info: No user constrained clock uncertainty found in the design. Calling "derive_clock_uncertainty"
Info: The derive_clock_uncertainty command did not apply clock uncertainty to any clock-to-clock transfers.
Info: Analyzing Slow 1200mV 85C Model
Critical Warning: Timing requirements not met
Info: Worst-case setup slack is -2.713
    Info:     Slack End Point TNS Clock 
    Info: ========= ============= =====================
    Info:    -2.713       -59.360 CLK 
Info: Worst-case hold slack is 0.477
    Info:     Slack End Point TNS Clock 
    Info: ========= ============= =====================
    Info:     0.477         0.000 CLK 
Info: No Recovery paths to report
Info: No Removal paths to report
Info: Worst-case minimum pulse width slack is -3.000
    Info:     Slack End Point TNS Clock 
    Info: ========= ============= =====================
    Info:    -3.000       -59.518 CLK 
Info: Analyzing Slow 1200mV 0C Model
Info: Started post-fitting delay annotation
Warning: Timing characteristics of device EP4CE6F17C8 are preliminary
Info: Delay annotation completed successfully
Info: The derive_clock_uncertainty command did not apply clock uncertainty to any clock-to-clock transfers.
Critical Warning: Timing requirements not met
Info: Worst-case setup slack is -2.542
    Info:     Slack End Point TNS Clock 
    Info: ========= ============= =====================
    Info:    -2.542       -53.646 CLK 
Info: Worst-case hold slack is 0.420
    Info:     Slack End Point TNS Clock 
    Info: ========= ============= =====================
    Info:     0.420         0.000 CLK 
Info: No Recovery paths to report
Info: No Removal paths to report
Info: Worst-case minimum pulse width slack is -3.000
    Info:     Slack End Point TNS Clock 
    Info: ========= ============= =====================
    Info:    -3.000       -60.364 CLK 
Info: Analyzing Fast 1200mV 0C Model
Info: Started post-fitting delay annotation
Warning: Timing characteristics of device EP4CE6F17C8 are preliminary
Info: Delay annotation completed successfully
Info: The derive_clock_uncertainty command did not apply clock uncertainty to any clock-to-clock transfers.
Critical Warning: Timing requirements not met
Info: Worst-case setup slack is -0.684
    Info:     Slack End Point TNS Clock 
    Info: ========= ============= =====================
    Info:    -0.684        -8.769 CLK 
Info: Worst-case hold slack is 0.198
    Info:     Slack End Point TNS Clock 
    Info: ========= ============= =====================
    Info:     0.198         0.000 CLK 
Info: No Recovery paths to report
Info: No Removal paths to report
Info: Worst-case minimum pulse width slack is -3.000
    Info:     Slack End Point TNS Clock 
    Info: ========= ============= =====================
    Info:    -3.000       -47.591 CLK 
Info: Design is not fully constrained for setup requirements
Info: Design is not fully constrained for hold requirements
Info: Quartus II TimeQuest Timing Analyzer was successful. 0 errors, 6 warnings
    Info: Peak virtual memory: 282 megabytes
    Info: Processing ended: Tue May 28 12:55:26 2024
    Info: Elapsed time: 00:00:02
    Info: Total CPU time (on all processors): 00:00:02


